        5931
 1.00000004469E+01 2.34677006448E+14 1.00000007080E+00 5.97040375333E+24 4.13668842940E-08
 1.00577997964E+01 2.36829536653E+14 1.00000007104E+00 6.00491229616E+24 4.15064098305E-08
 1.01159332223E+01 2.39001810532E+14 1.00000007128E+00 6.03962029611E+24 4.16464059699E-08
 1.01744026556E+01 2.41194009179E+14 1.00000007152E+00 6.07452890603E+24 4.17868742994E-08
 1.02332100384E+01 2.43406315352E+14 1.00000007176E+00 6.10963928543E+24 4.19278164117E-08
 1.02923573241E+01 2.45638913483E+14 1.00000007201E+00 6.14495260052E+24 4.20692339047E-08
 1.03518464772E+01 2.47891989695E+14 1.00000007225E+00 6.18047002426E+24 4.22111283820E-08
 1.04116794737E+01 2.50165731820E+14 1.00000007249E+00 6.21619273639E+24 4.23535014523E-08
 1.04718583011E+01 2.52460329412E+14 1.00000007274E+00 6.25212192345E+24 4.24963547298E-08
 1.05323849581E+01 2.54775973765E+14 1.00000007298E+00 6.28825877886E+24 4.26396898343E-08
 1.05932614553E+01 2.57112857924E+14 1.00000007323E+00 6.32460450293E+24 4.27835083908E-08
 1.06544898147E+01 2.59471176710E+14 1.00000007348E+00 6.36116030291E+24 4.29278120300E-08
 1.07160720700E+01 2.61851126725E+14 1.00000007372E+00 6.39792739302E+24 4.30726023881E-08
 1.07780102667E+01 2.64252906380E+14 1.00000007397E+00 6.43490699450E+24 4.32178811066E-08
 1.08403064621E+01 2.66676715901E+14 1.00000007422E+00 6.47210033565E+24 4.33636498327E-08
 1.09029627255E+01 2.69122757355E+14 1.00000007447E+00 6.50950865189E+24 4.35099102193E-08
 1.09659811380E+01 2.71591234658E+14 1.00000007472E+00 6.54713318574E+24 4.36566639245E-08
 1.10293637929E+01 2.74082353600E+14 1.00000007497E+00 6.58497518693E+24 4.38039126123E-08
 1.10931127953E+01 2.76596321857E+14 1.00000007523E+00 6.62303591242E+24 4.39516579523E-08
 1.11572302628E+01 2.79133349009E+14 1.00000007548E+00 6.66131662640E+24 4.40999016195E-08
 1.12217183251E+01 2.81693646560E+14 1.00000007574E+00 6.69981860041E+24 4.42486452947E-08
 1.12865791242E+01 2.84277427954E+14 1.00000007599E+00 6.73854311331E+24 4.43978906645E-08
 1.13518148145E+01 2.86884908590E+14 1.00000007625E+00 6.77749145135E+24 4.45476394210E-08
 1.14174275628E+01 2.89516305848E+14 1.00000007650E+00 6.81666490824E+24 4.46978932620E-08
 1.14834195485E+01 2.92171839096E+14 1.00000007676E+00 6.85606478515E+24 4.48486538911E-08
 1.15497929636E+01 2.94851729717E+14 1.00000007702E+00 6.89569239076E+24 4.49999230177E-08
 1.16165500127E+01 2.97556201126E+14 1.00000007728E+00 6.93554904134E+24 4.51517023569E-08
 1.16836929132E+01 3.00285478784E+14 1.00000007754E+00 6.97563606075E+24 4.53039936296E-08
 1.17512238953E+01 3.03039790222E+14 1.00000007780E+00 7.01595478051E+24 4.54567985623E-08
 1.18191452021E+01 3.05819365058E+14 1.00000007807E+00 7.05650653983E+24 4.56101188878E-08
 1.18874590895E+01 3.08624435016E+14 1.00000007833E+00 7.09729268567E+24 4.57639563442E-08
 1.19561678268E+01 3.11455233944E+14 1.00000007859E+00 7.13831457276E+24 4.59183126759E-08
 1.20252736962E+01 3.14311997837E+14 1.00000007886E+00 7.17957356366E+24 4.60731896329E-08
 1.20947789929E+01 3.17194964854E+14 1.00000007912E+00 7.22107102884E+24 4.62285889713E-08
 1.21646860257E+01 3.20104375337E+14 1.00000007939E+00 7.26280834665E+24 4.63845124529E-08
 1.22349971166E+01 3.23040471834E+14 1.00000007966E+00 7.30478690342E+24 4.65409618457E-08
 1.23057146011E+01 3.26003499118E+14 1.00000007993E+00 7.34700809350E+24 4.66979389235E-08
 1.23768408280E+01 3.28993704206E+14 1.00000008020E+00 7.38947331930E+24 4.68554454661E-08
 1.24483781598E+01 3.32011336382E+14 1.00000008047E+00 7.43218399132E+24 4.70134832592E-08
 1.25203289728E+01 3.35056647215E+14 1.00000008074E+00 7.47514152823E+24 4.71720540949E-08
 1.25926956567E+01 3.38129890582E+14 1.00000008101E+00 7.51834735689E+24 4.73311597709E-08
 1.26654806154E+01 3.41231322689E+14 1.00000008129E+00 7.56180291241E+24 4.74908020912E-08
 1.27386862664E+01 3.44361202093E+14 1.00000008156E+00 7.60550963820E+24 4.76509828658E-08
 1.28123150413E+01 3.47519789719E+14 1.00000008183E+00 7.64946898600E+24 4.78117039109E-08
 1.28863693857E+01 3.50707348891E+14 1.00000008211E+00 7.69368241595E+24 4.79729670488E-08
 1.29608517594E+01 3.53924145342E+14 1.00000008239E+00 7.73815139664E+24 4.81347741078E-08
 1.30357646363E+01 3.57170447247E+14 1.00000008267E+00 7.78287740512E+24 4.82971269226E-08
 1.31111105048E+01 3.60446525239E+14 1.00000008294E+00 7.82786192700E+24 4.84600273339E-08
 1.31868918675E+01 3.63752652433E+14 1.00000008322E+00 7.87310645648E+24 4.86234771887E-08
 1.32631112416E+01 3.67089104450E+14 1.00000008350E+00 7.91861249637E+24 4.87874783401E-08
 1.33397711586E+01 3.70456159438E+14 1.00000008379E+00 7.96438155819E+24 4.89520326477E-08
 1.34168741650E+01 3.73854098098E+14 1.00000008407E+00 8.01041516220E+24 4.91171419772E-08
 1.34944228217E+01 3.77283203704E+14 1.00000008435E+00 8.05671483742E+24 4.92828082006E-08
 1.35724197047E+01 3.80743762129E+14 1.00000008464E+00 8.10328212174E+24 4.94490331962E-08
 1.36508674045E+01 3.84236061868E+14 1.00000008492E+00 8.15011856191E+24 4.96158188487E-08
 1.37297685269E+01 3.87760394061E+14 1.00000008521E+00 8.19722571363E+24 4.97831670492E-08
 1.38091256926E+01 3.91317052522E+14 1.00000008550E+00 8.24460514161E+24 4.99510796950E-08
 1.38889415376E+01 3.94906333756E+14 1.00000008578E+00 8.29225841958E+24 5.01195586900E-08
 1.39692187130E+01 3.98528536989E+14 1.00000008607E+00 8.34018713038E+24 5.02886059443E-08
 1.40499598852E+01 4.02183964192E+14 1.00000008636E+00 8.38839286599E+24 5.04582233747E-08
 1.41311677361E+01 4.05872920107E+14 1.00000008666E+00 8.43687722760E+24 5.06284129042E-08
 1.42128449632E+01 4.09595712267E+14 1.00000008695E+00 8.48564182564E+24 5.07991764626E-08
 1.42949942792E+01 4.13352651031E+14 1.00000008724E+00 8.53468827986E+24 5.09705159859E-08
 1.43776184130E+01 4.17144049601E+14 1.00000008754E+00 8.58401821938E+24 5.11424334167E-08
 1.44607201088E+01 4.20970224053E+14 1.00000008783E+00 8.63363328273E+24 5.13149307044E-08
 1.45443021271E+01 4.24831493362E+14 1.00000008813E+00 8.68353511789E+24 5.14880098047E-08
 1.46283672440E+01 4.28728179430E+14 1.00000008842E+00 8.73372538238E+24 5.16616726799E-08
 1.47129182517E+01 4.32660607110E+14 1.00000008872E+00 8.78420574333E+24 5.18359212991E-08
 1.47979579588E+01 4.36629104234E+14 1.00000008902E+00 8.83497787745E+24 5.20107576380E-08
 1.48834891899E+01 4.40634001644E+14 1.00000008932E+00 8.88604347119E+24 5.21861836787E-08
 1.49695147859E+01 4.44675633213E+14 1.00000008962E+00 8.93740422071E+24 5.23622014104E-08
 1.50560376042E+01 4.48754335879E+14 1.00000008993E+00 8.98906183200E+24 5.25388128287E-08
 1.51430605188E+01 4.52870449670E+14 1.00000009023E+00 9.04101802091E+24 5.27160199361E-08
 1.52305864201E+01 4.57024317731E+14 1.00000009053E+00 9.09327451319E+24 5.28938247417E-08
 1.53186182155E+01 4.61216286357E+14 1.00000009084E+00 9.14583304457E+24 5.30722292615E-08
 1.54071588289E+01 4.65446705018E+14 1.00000009114E+00 9.19869536082E+24 5.32512355182E-08
 1.54962112013E+01 4.69715926390E+14 1.00000009145E+00 9.25186321779E+24 5.34308455416E-08
 1.55857782906E+01 4.74024306382E+14 1.00000009176E+00 9.30533838150E+24 5.36110613679E-08
 1.56758630718E+01 4.78372204171E+14 1.00000009207E+00 9.35912262816E+24 5.37918850405E-08
 1.57664685372E+01 4.82759982225E+14 1.00000009238E+00 9.41321774424E+24 5.39733186096E-08
 1.58575976963E+01 4.87188006338E+14 1.00000009269E+00 9.46762552655E+24 5.41553641322E-08
 1.59492535760E+01 4.91656645661E+14 1.00000009300E+00 9.52234778228E+24 5.43380236725E-08
 1.60414392207E+01 4.96166272727E+14 1.00000009332E+00 9.57738632907E+24 5.45212993015E-08
 1.61341576924E+01 5.00717263491E+14 1.00000009363E+00 9.63274299505E+24 5.47051930970E-08
 1.62274120709E+01 5.05309997351E+14 1.00000009395E+00 9.68841961894E+24 5.48897071442E-08
 1.63212054536E+01 5.09944857189E+14 1.00000009427E+00 9.74441805007E+24 5.50748435351E-08
 1.64155409559E+01 5.14622229398E+14 1.00000009458E+00 9.80074014846E+24 5.52606043687E-08
 1.65104217113E+01 5.19342503913E+14 1.00000009490E+00 9.85738778490E+24 5.54469917512E-08
 1.66058508712E+01 5.24106074249E+14 1.00000009522E+00 9.91436284096E+24 5.56340077960E-08
 1.67018316055E+01 5.28913337527E+14 1.00000009554E+00 9.97166720912E+24 5.58216546233E-08
 1.67983671022E+01 5.33764694514E+14 1.00000009587E+00 1.00293027928E+25 5.60099343608E-08
 1.68954605678E+01 5.38660549650E+14 1.00000009619E+00 1.00872715063E+25 5.61988491432E-08
 1.69931152272E+01 5.43601311085E+14 1.00000009651E+00 1.01455752753E+25 5.63884011124E-08
 1.70913343243E+01 5.48587390716E+14 1.00000009684E+00 1.02042160362E+25 5.65785924176E-08
 1.71901211213E+01 5.53619204213E+14 1.00000009717E+00 1.02631957368E+25 5.67694252151E-08
 1.72894788996E+01 5.58697171063E+14 1.00000009749E+00 1.03225163363E+25 5.69609016687E-08
 1.73894109593E+01 5.63821714597E+14 1.00000009782E+00 1.03821798049E+25 5.71530239493E-08
 1.74899206199E+01 5.68993262033E+14 1.00000009815E+00 1.04421881245E+25 5.73457942352E-08
 1.75910112198E+01 5.74212244503E+14 1.00000009848E+00 1.05025432882E+25 5.75392147121E-08
 1.76926861167E+01 5.79479097098E+14 1.00000009882E+00 1.05632473009E+25 5.77332875729E-08
 1.77949486879E+01 5.84794258896E+14 1.00000009915E+00 1.06243021787E+25 5.79280150181E-08
 1.78978023301E+01 5.90158173005E+14 1.00000009948E+00 1.06857099498E+25 5.81233992556E-08
 1.80012504597E+01 5.95571286596E+14 1.00000009982E+00 1.07474726538E+25 5.83194425005E-08
 1.81052965127E+01 6.01034050942E+14 1.00000010016E+00 1.08095923421E+25 5.85161469758E-08
 1.82099439452E+01 6.06546921454E+14 1.00000010049E+00 1.08720710782E+25 5.87135149115E-08
 1.83151962329E+01 6.12110357723E+14 1.00000010083E+00 1.09349109372E+25 5.89115485455E-08
 1.84210568721E+01 6.17724823553E+14 1.00000010117E+00 1.09981140066E+25 5.91102501230E-08
 1.85275293788E+01 6.23390787003E+14 1.00000010151E+00 1.10616823855E+25 5.93096218971E-08
 1.86346172897E+01 6.29108720424E+14 1.00000010186E+00 1.11256181855E+25 5.95096661282E-08
 1.87423241618E+01 6.34879100503E+14 1.00000010220E+00 1.11899235303E+25 5.97103850843E-08
 1.88506535725E+01 6.40702408295E+14 1.00000010254E+00 1.12546005557E+25 5.99117810413E-08
 1.89596091202E+01 6.46579129270E+14 1.00000010289E+00 1.13196514102E+25 6.01138562826E-08
 1.90691944239E+01 6.52509753351E+14 1.00000010324E+00 1.13850782542E+25 6.03166130994E-08
 1.91794131235E+01 6.58494774953E+14 1.00000010359E+00 1.14508832612E+25 6.05200537904E-08
 1.92902688800E+01 6.64534693027E+14 1.00000010394E+00 1.15170686168E+25 6.07241806625E-08
 1.94017653756E+01 6.70630011101E+14 1.00000010429E+00 1.15836365194E+25 6.09289960298E-08
 1.95139063136E+01 6.76781237321E+14 1.00000010464E+00 1.16505891802E+25 6.11345022148E-08
 1.96266954189E+01 6.82988884493E+14 1.00000010499E+00 1.17179288229E+25 6.13407015473E-08
 1.97401364380E+01 6.89253470128E+14 1.00000010534E+00 1.17856576844E+25 6.15475963653E-08
 1.98542331387E+01 6.95575516483E+14 1.00000010570E+00 1.18537780142E+25 6.17551890147E-08
 1.99689893110E+01 7.01955550606E+14 1.00000010606E+00 1.19222920751E+25 6.19634818490E-08
 2.00844087664E+01 7.08394104379E+14 1.00000010641E+00 1.19912021428E+25 6.21724772299E-08
 2.02004953388E+01 7.14891714561E+14 1.00000010677E+00 1.20605105062E+25 6.23821775271E-08
 2.03172528840E+01 7.21448922837E+14 1.00000010713E+00 1.21302194673E+25 6.25925851182E-08
 2.04346852803E+01 7.28066275859E+14 1.00000010749E+00 1.22003313417E+25 6.28037023887E-08
 2.05527964281E+01 7.34744325292E+14 1.00000010786E+00 1.22708484582E+25 6.30155317323E-08
 2.06715902507E+01 7.41483627864E+14 1.00000010822E+00 1.23417731589E+25 6.32280755507E-08
 2.07910706938E+01 7.48284745407E+14 1.00000010859E+00 1.24131077998E+25 6.34413362539E-08
 2.09112417261E+01 7.55148244906E+14 1.00000010895E+00 1.24848547502E+25 6.36553162597E-08
 2.10321073392E+01 7.62074698550E+14 1.00000010932E+00 1.25570163934E+25 6.38700179943E-08
 2.11536715476E+01 7.69064683772E+14 1.00000010969E+00 1.26295951260E+25 6.40854438919E-08
 2.12759383893E+01 7.76118783304E+14 1.00000011006E+00 1.27025933591E+25 6.43015963952E-08
 2.13989119253E+01 7.83237585222E+14 1.00000011043E+00 1.27760135171E+25 6.45184779548E-08
 2.15225962404E+01 7.90421682997E+14 1.00000011080E+00 1.28498580388E+25 6.47360910297E-08
 2.16469954428E+01 7.97671675542E+14 1.00000011118E+00 1.29241293770E+25 6.49544380873E-08
 2.17721136644E+01 8.04988167265E+14 1.00000011155E+00 1.29988299987E+25 6.51735216033E-08
 2.18979550613E+01 8.12371768116E+14 1.00000011193E+00 1.30739623851E+25 6.53933440615E-08
 2.20245238132E+01 8.19823093642E+14 1.00000011230E+00 1.31495290318E+25 6.56139079544E-08
 2.21518241242E+01 8.27342765034E+14 1.00000011268E+00 1.32255324488E+25 6.58352157827E-08
 2.22798602228E+01 8.34931409181E+14 1.00000011306E+00 1.33019751605E+25 6.60572700557E-08
 2.24086363617E+01 8.42589658724E+14 1.00000011344E+00 1.33788597061E+25 6.62800732910E-08
 2.25381568183E+01 8.50318152104E+14 1.00000011383E+00 1.34561886393E+25 6.65036280147E-08
 2.26684258947E+01 8.58117533619E+14 1.00000011421E+00 1.35339645287E+25 6.67279367615E-08
 2.27994479179E+01 8.65988453478E+14 1.00000011460E+00 1.36121899577E+25 6.69530020747E-08
 2.29312272399E+01 8.73931567853E+14 1.00000011498E+00 1.36908675245E+25 6.71788265061E-08
 2.30637682377E+01 8.81947538933E+14 1.00000011537E+00 1.37699998425E+25 6.74054126161E-08
 2.31970753139E+01 8.90037034983E+14 1.00000011576E+00 1.38495895401E+25 6.76327629737E-08
 2.33311528964E+01 8.98200730396E+14 1.00000011615E+00 1.39296392609E+25 6.78608801567E-08
 2.34660054385E+01 9.06439305754E+14 1.00000011654E+00 1.40101516639E+25 6.80897667514E-08
 2.36016374195E+01 9.14753447877E+14 1.00000011694E+00 1.40911294234E+25 6.83194253530E-08
 2.37380533446E+01 9.23143849886E+14 1.00000011733E+00 1.41725752289E+25 6.85498585654E-08
 2.38752577449E+01 9.31611211263E+14 1.00000011773E+00 1.42544917859E+25 6.87810690012E-08
 2.40132551776E+01 9.40156237901E+14 1.00000011812E+00 1.43368818152E+25 6.90130592819E-08
 2.41520502265E+01 9.48779642171E+14 1.00000011852E+00 1.44197480535E+25 6.92458320379E-08
 2.42916475018E+01 9.57482142976E+14 1.00000011892E+00 1.45030932533E+25 6.94793899084E-08
 2.44320516403E+01 9.66264465815E+14 1.00000011932E+00 1.45869201828E+25 6.97137355414E-08
 2.45732673055E+01 9.75127342839E+14 1.00000011972E+00 1.46712316265E+25 6.99488715939E-08
 2.47152991881E+01 9.84071512917E+14 1.00000012013E+00 1.47560303848E+25 7.01848007320E-08
 2.48581520058E+01 9.93097721694E+14 1.00000012053E+00 1.48413192744E+25 7.04215256306E-08
 2.50018305034E+01 1.00220672165E+15 1.00000012094E+00 1.49271011282E+25 7.06590489738E-08
 2.51463394534E+01 1.01139927218E+15 1.00000012135E+00 1.50133787955E+25 7.08973734546E-08
 2.52916836557E+01 1.02067613963E+15 1.00000012176E+00 1.51001551421E+25 7.11365017751E-08
 2.54378679381E+01 1.03003809739E+15 1.00000012217E+00 1.51874330503E+25 7.13764366466E-08
 2.55848971561E+01 1.03948592592E+15 1.00000012258E+00 1.52752154190E+25 7.16171807895E-08
 2.57327761934E+01 1.04902041286E+15 1.00000012299E+00 1.53635051641E+25 7.18587369333E-08
 2.58815099619E+01 1.05864235307E+15 1.00000012341E+00 1.54523052182E+25 7.21011078169E-08
 2.60311034020E+01 1.06835254869E+15 1.00000012382E+00 1.55416185307E+25 7.23442961882E-08
 2.61815614824E+01 1.07815180924E+15 1.00000012424E+00 1.56314480684E+25 7.25883048046E-08
 2.63328892007E+01 1.08804095164E+15 1.00000012466E+00 1.57217968149E+25 7.28331364326E-08
 2.64850915834E+01 1.09802080032E+15 1.00000012508E+00 1.58126677712E+25 7.30787938482E-08
 2.66381736859E+01 1.10809218726E+15 1.00000012550E+00 1.59040639557E+25 7.33252798366E-08
 2.67921405931E+01 1.11825595208E+15 1.00000012593E+00 1.59959884042E+25 7.35725971926E-08
 2.69469974189E+01 1.12851294210E+15 1.00000012635E+00 1.60884441700E+25 7.38207487201E-08
 2.71027493072E+01 1.13886401242E+15 1.00000012678E+00 1.61814343240E+25 7.40697372328E-08
 2.72594014312E+01 1.14931002595E+15 1.00000012721E+00 1.62749619551E+25 7.43195655537E-08
 2.74169589943E+01 1.15985185356E+15 1.00000012763E+00 1.63690301697E+25 7.45702365154E-08
 2.75754272299E+01 1.17049037408E+15 1.00000012806E+00 1.64636420925E+25 7.48217529601E-08
 2.77348114016E+01 1.18122647440E+15 1.00000012850E+00 1.65588008659E+25 7.50741177393E-08
 2.78951168034E+01 1.19206104956E+15 1.00000012893E+00 1.66545096509E+25 7.53273337145E-08
 2.80563487600E+01 1.20299500280E+15 1.00000012936E+00 1.67507716264E+25 7.55814037567E-08
 2.82185126269E+01 1.21402924565E+15 1.00000012980E+00 1.68475899897E+25 7.58363307464E-08
 2.83816137903E+01 1.22516469799E+15 1.00000013024E+00 1.69449679569E+25 7.60921175742E-08
 2.85456576679E+01 1.23640228815E+15 1.00000013068E+00 1.70429087624E+25 7.63487671400E-08
 2.87106497084E+01 1.24774295297E+15 1.00000013112E+00 1.71414156593E+25 7.66062823539E-08
 2.88765953922E+01 1.25918763788E+15 1.00000013156E+00 1.72404919196E+25 7.68646661355E-08
 2.90435002313E+01 1.27073729698E+15 1.00000013201E+00 1.73401408342E+25 7.71239214144E-08
 2.92113697694E+01 1.28239289314E+15 1.00000013245E+00 1.74403657130E+25 7.73840511301E-08
 2.93802095826E+01 1.29415539804E+15 1.00000013290E+00 1.75411698851E+25 7.76450582320E-08
 2.95500252789E+01 1.30602579227E+15 1.00000013335E+00 1.76425566987E+25 7.79069456793E-08
 2.97208224990E+01 1.31800506544E+15 1.00000013380E+00 1.77445295214E+25 7.81697164414E-08
 2.98926069158E+01 1.33009421621E+15 1.00000013425E+00 1.78470917404E+25 7.84333734975E-08
 3.00653842354E+01 1.34229425242E+15 1.00000013470E+00 1.79502467622E+25 7.86979198371E-08
 3.02391601967E+01 1.35460619113E+15 1.00000013515E+00 1.80539980134E+25 7.89633584596E-08
 3.04139405717E+01 1.36703105877E+15 1.00000013561E+00 1.81583489400E+25 7.92296923745E-08
 3.05897311659E+01 1.37956989114E+15 1.00000013607E+00 1.82633030081E+25 7.94969246015E-08
 3.07665378184E+01 1.39222373357E+15 1.00000013653E+00 1.83688637038E+25 7.97650581706E-08
 3.09443664018E+01 1.40499364095E+15 1.00000013699E+00 1.84750345335E+25 8.00340961219E-08
 3.11232228228E+01 1.41788067789E+15 1.00000013745E+00 1.85818190236E+25 8.03040415057E-08
 3.13031130224E+01 1.43088591872E+15 1.00000013791E+00 1.86892207210E+25 8.05748973827E-08
 3.14840429756E+01 1.44401044765E+15 1.00000013838E+00 1.87972431933E+25 8.08466668239E-08
 3.16660186922E+01 1.45725535882E+15 1.00000013884E+00 1.89058900284E+25 8.11193529106E-08
 3.18490462165E+01 1.47062175642E+15 1.00000013931E+00 1.90151648350E+25 8.13929587346E-08
 3.20331316281E+01 1.48411075476E+15 1.00000013978E+00 1.91250712429E+25 8.16674873980E-08
 3.22182810414E+01 1.49772347837E+15 1.00000014025E+00 1.92356129026E+25 8.19429420134E-08
 3.24045006063E+01 1.51146106211E+15 1.00000014073E+00 1.93467934859E+25 8.22193257040E-08
 3.25917965081E+01 1.52532465121E+15 1.00000014120E+00 1.94586166857E+25 8.24966416034E-08
 3.27801749681E+01 1.53931540145E+15 1.00000014168E+00 1.95710862162E+25 8.27748928559E-08
 3.29696422434E+01 1.55343447918E+15 1.00000014216E+00 1.96842058133E+25 8.30540826162E-08
 3.31602046272E+01 1.56768306147E+15 1.00000014263E+00 1.97979792343E+25 8.33342140499E-08
 3.33518684492E+01 1.58206233617E+15 1.00000014312E+00 1.99124102581E+25 8.36152903332E-08
 3.35446400756E+01 1.59657350204E+15 1.00000014360E+00 2.00275026858E+25 8.38973146527E-08
 3.37385259095E+01 1.61121776881E+15 1.00000014408E+00 2.01432603402E+25 8.41802902063E-08
 3.39335323909E+01 1.62599635733E+15 1.00000014457E+00 2.02596870663E+25 8.44642202023E-08
 3.41296659971E+01 1.64091049964E+15 1.00000014506E+00 2.03767867312E+25 8.47491078598E-08
 3.43269332428E+01 1.65596143909E+15 1.00000014555E+00 2.04945632245E+25 8.50349564090E-08
 3.45253406804E+01 1.67115043042E+15 1.00000014604E+00 2.06130204582E+25 8.53217690908E-08
 3.47248949001E+01 1.68647873988E+15 1.00000014653E+00 2.07321623670E+25 8.56095491572E-08
 3.49256025302E+01 1.70194764535E+15 1.00000014702E+00 2.08519929082E+25 8.58982998710E-08
 3.51274702373E+01 1.71755843641E+15 1.00000014752E+00 2.09725160621E+25 8.61880245061E-08
 3.53305047267E+01 1.73331241448E+15 1.00000014802E+00 2.10937358320E+25 8.64787263474E-08
 3.55347127423E+01 1.74921089291E+15 1.00000014852E+00 2.12156562441E+25 8.67704086909E-08
 3.57401010669E+01 1.76525519712E+15 1.00000014902E+00 2.13382813483E+25 8.70630748437E-08
 3.59466765227E+01 1.78144666465E+15 1.00000014952E+00 2.14616152175E+25 8.73567281242E-08
 3.61544459712E+01 1.79778664535E+15 1.00000015002E+00 2.15856619485E+25 8.76513718616E-08
 3.63634163136E+01 1.81427650140E+15 1.00000015053E+00 2.17104256614E+25 8.79470093968E-08
 3.65735944910E+01 1.83091760753E+15 1.00000015104E+00 2.18359105004E+25 8.82436440817E-08
 3.67849874846E+01 1.84771135103E+15 1.00000015155E+00 2.19621206336E+25 8.85412792796E-08
 3.69976023161E+01 1.86465913196E+15 1.00000015206E+00 2.20890602531E+25 8.88399183650E-08
 3.72114460474E+01 1.88176236318E+15 1.00000015257E+00 2.22167335752E+25 8.91395647240E-08
 3.74265257816E+01 1.89902247053E+15 1.00000015309E+00 2.23451448408E+25 8.94402217539E-08
 3.76428486627E+01 1.91644089294E+15 1.00000015360E+00 2.24742983152E+25 8.97418928637E-08
 3.78604218760E+01 1.93401908251E+15 1.00000015412E+00 2.26041982881E+25 9.00445814738E-08
 3.80792526483E+01 1.95175850469E+15 1.00000015464E+00 2.27348490744E+25 9.03482910159E-08
 3.82993482483E+01 1.96966063834E+15 1.00000015516E+00 2.28662550137E+25 9.06530249336E-08
 3.85207159866E+01 1.98772697590E+15 1.00000015568E+00 2.29984204707E+25 9.09587866820E-08
 3.87433632160E+01 2.00595902351E+15 1.00000015621E+00 2.31313498354E+25 9.12655797279E-08
 3.89672973320E+01 2.02435830111E+15 1.00000015674E+00 2.32650475231E+25 9.15734075496E-08
 3.91925257726E+01 2.04292634259E+15 1.00000015727E+00 2.33995179747E+25 9.18822736374E-08
 3.94190560189E+01 2.06166469589E+15 1.00000015780E+00 2.35347656567E+25 9.21921814931E-08
 3.96468955954E+01 2.08057492318E+15 1.00000015833E+00 2.36707950614E+25 9.25031346307E-08
 3.98760520698E+01 2.09965860092E+15 1.00000015886E+00 2.38076107072E+25 9.28151365755E-08
 4.01065330538E+01 2.11891732007E+15 1.00000015940E+00 2.39452171385E+25 9.31281908653E-08
 4.03383462029E+01 2.13835268616E+15 1.00000015994E+00 2.40836189260E+25 9.34423010493E-08
 4.05714992170E+01 2.15796631945E+15 1.00000016047E+00 2.42228206667E+25 9.37574706890E-08
 4.08059998403E+01 2.17775985506E+15 1.00000016102E+00 2.43628269844E+25 9.40737033579E-08
 4.10418558620E+01 2.19773494311E+15 1.00000016156E+00 2.45036425294E+25 9.43910026413E-08
 4.12790751162E+01 2.21789324886E+15 1.00000016210E+00 2.46452719790E+25 9.47093721368E-08
 4.15176654823E+01 2.23823645283E+15 1.00000016265E+00 2.47877200376E+25 9.50288154542E-08
 4.17576348852E+01 2.25876625097E+15 1.00000016320E+00 2.49309914367E+25 9.53493362152E-08
 4.19989912957E+01 2.27948435478E+15 1.00000016375E+00 2.50750909350E+25 9.56709380541E-08
 4.22417427306E+01 2.30039249145E+15 1.00000016430E+00 2.52200233190E+25 9.59936246171E-08
 4.24858972530E+01 2.32149240403E+15 1.00000016486E+00 2.53657934028E+25 9.63173995628E-08
 4.27314629727E+01 2.34278585155E+15 1.00000016541E+00 2.55124060280E+25 9.66422665623E-08
 4.29784480464E+01 2.36427460916E+15 1.00000016597E+00 2.56598660646E+25 9.69682292989E-08
 4.32268606777E+01 2.38596046832E+15 1.00000016653E+00 2.58081784106E+25 9.72952914685E-08
 4.34767091179E+01 2.40784523689E+15 1.00000016709E+00 2.59573479923E+25 9.76234567792E-08
 4.37280016659E+01 2.42993073934E+15 1.00000016766E+00 2.61073797643E+25 9.79527289518E-08
 4.39807466685E+01 2.45221881687E+15 1.00000016822E+00 2.62582787102E+25 9.82831117196E-08
 4.42349525208E+01 2.47471132754E+15 1.00000016879E+00 2.64100498421E+25 9.86146088286E-08
 4.44906276665E+01 2.49741014649E+15 1.00000016936E+00 2.65626982012E+25 9.89472240372E-08
 4.47477805979E+01 2.52031716604E+15 1.00000016993E+00 2.67162288578E+25 9.92809611168E-08
 4.50064198565E+01 2.54343429587E+15 1.00000017050E+00 2.68706469116E+25 9.96158238511E-08
 4.52665540333E+01 2.56676346317E+15 1.00000017108E+00 2.70259574916E+25 9.99518160369E-08
 4.55281917687E+01 2.59030661283E+15 1.00000017165E+00 2.71821657566E+25 1.00288941484E-07
 4.57913417533E+01 2.61406570754E+15 1.00000017223E+00 2.73392768952E+25 1.00627204014E-07
 4.60560127277E+01 2.63804272804E+15 1.00000017281E+00 2.74972961258E+25 1.00966607463E-07
 4.63222134832E+01 2.66223967319E+15 1.00000017340E+00 2.76562286973E+25 1.01307155679E-07
 4.65899528618E+01 2.68665856022E+15 1.00000017398E+00 2.78160798886E+25 1.01648852522E-07
 4.68592397566E+01 2.71130142485E+15 1.00000017457E+00 2.79768550093E+25 1.01991701868E-07
 4.71300831122E+01 2.73617032147E+15 1.00000017516E+00 2.81385593997E+25 1.02335707603E-07
 4.74024919248E+01 2.76126732331E+15 1.00000017575E+00 2.83011984309E+25 1.02680873628E-07
 4.76764752427E+01 2.78659452262E+15 1.00000017634E+00 2.84647775051E+25 1.03027203856E-07
 4.79520421664E+01 2.81215403086E+15 1.00000017694E+00 2.86293020556E+25 1.03374702214E-07
 4.82292018490E+01 2.83794797882E+15 1.00000017753E+00 2.87947775472E+25 1.03723372642E-07
 4.85079634966E+01 2.86397851686E+15 1.00000017813E+00 2.89612094763E+25 1.04073219093E-07
 4.87883363685E+01 2.89024781507E+15 1.00000017873E+00 2.91286033711E+25 1.04424245534E-07
 4.90703297773E+01 2.91675806341E+15 1.00000017934E+00 2.92969647916E+25 1.04776455944E-07
 4.93539530898E+01 2.94351147197E+15 1.00000017994E+00 2.94662993301E+25 1.05129854318E-07
 4.96392157267E+01 2.97051027107E+15 1.00000018055E+00 2.96366126112E+25 1.05484444662E-07
 4.99261271631E+01 2.99775671153E+15 1.00000018116E+00 2.98079102919E+25 1.05840230996E-07
 5.02146969289E+01 3.02525306477E+15 1.00000018177E+00 2.99801980619E+25 1.06197217354E-07
 5.05049346093E+01 3.05300162309E+15 1.00000018238E+00 3.01534816440E+25 1.06555407784E-07
 5.07968498447E+01 3.08100469978E+15 1.00000018300E+00 3.03277667939E+25 1.06914806347E-07
 5.10904523312E+01 3.10926462937E+15 1.00000018361E+00 3.05030593005E+25 1.07275417118E-07
 5.13857518211E+01 3.13778376779E+15 1.00000018423E+00 3.06793649863E+25 1.07637244186E-07
 5.16827581228E+01 3.16656449257E+15 1.00000018485E+00 3.08566897075E+25 1.08000291652E-07
 5.19814811017E+01 3.19560920309E+15 1.00000018548E+00 3.10350393539E+25 1.08364563633E-07
 5.22819306801E+01 3.22492032068E+15 1.00000018610E+00 3.12144198496E+25 1.08730064260E-07
 5.25841168375E+01 3.25450028893E+15 1.00000018673E+00 3.13948371528E+25 1.09096797676E-07
 5.28880496114E+01 3.28435157380E+15 1.00000018736E+00 3.15762972563E+25 1.09464768040E-07
 5.31937390969E+01 3.31447666392E+15 1.00000018799E+00 3.17588061872E+25 1.09833979523E-07
 5.35011954479E+01 3.34487807068E+15 1.00000018863E+00 3.19423700078E+25 1.10204436312E-07
 5.38104288767E+01 3.37555832858E+15 1.00000018926E+00 3.21269948153E+25 1.10576142607E-07
 5.41214496546E+01 3.40651999530E+15 1.00000018990E+00 3.23126867421E+25 1.10949102622E-07
 5.44342681124E+01 3.43776565202E+15 1.00000019054E+00 3.24994519561E+25 1.11323320586E-07
 5.47488946407E+01 3.46929790358E+15 1.00000019118E+00 3.26872966607E+25 1.11698800741E-07
 5.50653396899E+01 3.50111937872E+15 1.00000019183E+00 3.28762270955E+25 1.12075547346E-07
 5.53836137710E+01 3.53323273029E+15 1.00000019248E+00 3.30662495358E+25 1.12453564672E-07
 5.57037274557E+01 3.56564063547E+15 1.00000019312E+00 3.32573702934E+25 1.12832857004E-07
 5.60256913766E+01 3.59834579600E+15 1.00000019378E+00 3.34495957165E+25 1.13213428644E-07
 5.63495162282E+01 3.63135093839E+15 1.00000019443E+00 3.36429321899E+25 1.13595283905E-07
 5.66752127665E+01 3.66465881417E+15 1.00000019509E+00 3.38373861354E+25 1.13978427119E-07
 5.70027918096E+01 3.69827220011E+15 1.00000019574E+00 3.40329640121E+25 1.14362862627E-07
 5.73322642384E+01 3.73219389843E+15 1.00000019640E+00 3.42296723160E+25 1.14748594790E-07
 5.76636409964E+01 3.76642673709E+15 1.00000019707E+00 3.44275175811E+25 1.15135627982E-07
 5.79969330907E+01 3.80097356994E+15 1.00000019773E+00 3.46265063789E+25 1.15523966589E-07
 5.83321515916E+01 3.83583727704E+15 1.00000019840E+00 3.48266453189E+25 1.15913615015E-07
 5.86693076338E+01 3.87102076487E+15 1.00000019907E+00 3.50279410488E+25 1.16304577678E-07
 5.90084124161E+01 3.90652696655E+15 1.00000019974E+00 3.52304002549E+25 1.16696859011E-07
 5.93494772020E+01 3.94235884211E+15 1.00000020041E+00 3.54340296620E+25 1.17090463461E-07
 5.96925133203E+01 3.97851937873E+15 1.00000020109E+00 3.56388360337E+25 1.17485395492E-07
 6.00375321651E+01 4.01501159100E+15 1.00000020177E+00 3.58448261728E+25 1.17881659580E-07
 6.03845451965E+01 4.05183852114E+15 1.00000020245E+00 3.60520069215E+25 1.18279260219E-07
 6.07335639407E+01 4.08900323930E+15 1.00000020313E+00 3.62603851613E+25 1.18678201917E-07
 6.10845999907E+01 4.12650884376E+15 1.00000020381E+00 3.64699678136E+25 1.19078489197E-07
 6.14376650063E+01 4.16435846125E+15 1.00000020450E+00 3.66807618400E+25 1.19480126598E-07
 6.17927707148E+01 4.20255524715E+15 1.00000020519E+00 3.68927742421E+25 1.19883118672E-07
 6.21499289113E+01 4.24110238581E+15 1.00000020588E+00 3.71060120620E+25 1.20287469991E-07
 6.25091514591E+01 4.28000309077E+15 1.00000020658E+00 3.73204823825E+25 1.20693185137E-07
 6.28704502899E+01 4.31926060504E+15 1.00000020727E+00 3.75361923274E+25 1.21100268711E-07
 6.32338374046E+01 4.35887820139E+15 1.00000020797E+00 3.77531490617E+25 1.21508725329E-07
 6.35993248732E+01 4.39885918262E+15 1.00000020868E+00 3.79713597917E+25 1.21918559621E-07
 6.39669248358E+01 4.43920688178E+15 1.00000020938E+00 3.81908317654E+25 1.22329776235E-07
 6.43366495023E+01 4.47992466255E+15 1.00000021009E+00 3.84115722728E+25 1.22742379833E-07
 6.47085111535E+01 4.52101591941E+15 1.00000021079E+00 3.86335886459E+25 1.23156375093E-07
 6.50825221409E+01 4.56248407801E+15 1.00000021151E+00 3.88568882590E+25 1.23571766708E-07
 6.54586948876E+01 4.60433259541E+15 1.00000021222E+00 3.90814785294E+25 1.23988559389E-07
 6.58370418885E+01 4.64656496037E+15 1.00000021293E+00 3.93073669167E+25 1.24406757861E-07
 6.62175757105E+01 4.68918469367E+15 1.00000021365E+00 3.95345609242E+25 1.24826366866E-07
 6.66003089933E+01 4.73219534837E+15 1.00000021437E+00 3.97630680981E+25 1.25247391162E-07
 6.69852544498E+01 4.77560051012E+15 1.00000021510E+00 3.99928960286E+25 1.25669835521E-07
 6.73724248660E+01 4.81940379745E+15 1.00000021582E+00 4.02240523494E+25 1.26093704734E-07
 6.77618331023E+01 4.86360886211E+15 1.00000021655E+00 4.04565447387E+25 1.26519003606E-07
 6.81534920929E+01 4.90821938931E+15 1.00000021728E+00 4.06903809187E+25 1.26945736960E-07
 6.85474148471E+01 4.95323909809E+15 1.00000021801E+00 4.09255686565E+25 1.27373909634E-07
 6.89436144493E+01 4.99867174159E+15 1.00000021875E+00 4.11621157641E+25 1.27803526482E-07
 6.93421040597E+01 5.04452110737E+15 1.00000021949E+00 4.14000300985E+25 1.28234592376E-07
 6.97428969141E+01 5.09079101773E+15 1.00000022023E+00 4.16393195621E+25 1.28667112202E-07
 7.01460063253E+01 5.13748533005E+15 1.00000022097E+00 4.18799921032E+25 1.29101090866E-07
 7.05514456829E+01 5.18460793706E+15 1.00000022171E+00 4.21220557158E+25 1.29536533287E-07
 7.09592284536E+01 5.23216276723E+15 1.00000022246E+00 4.23655184403E+25 1.29973444403E-07
 7.13693681824E+01 5.28015378503E+15 1.00000022321E+00 4.26103883633E+25 1.30411829167E-07
 7.17818784923E+01 5.32858499131E+15 1.00000022397E+00 4.28566736185E+25 1.30851692549E-07
 7.21967730851E+01 5.37746042362E+15 1.00000022472E+00 4.31043823864E+25 1.31293039537E-07
 7.26140657418E+01 5.42678415653E+15 1.00000022548E+00 4.33535228947E+25 1.31735875136E-07
 7.30337703231E+01 5.47656030201E+15 1.00000022624E+00 4.36041034188E+25 1.32180204365E-07
 7.34559007696E+01 5.52679300971E+15 1.00000022700E+00 4.38561322819E+25 1.32626032262E-07
 7.38804711029E+01 5.57748646737E+15 1.00000022777E+00 4.41096178554E+25 1.33073363883E-07
 7.43074954252E+01 5.62864490112E+15 1.00000022854E+00 4.43645685589E+25 1.33522204299E-07
 7.47369879204E+01 5.68027257588E+15 1.00000022931E+00 4.46209928608E+25 1.33972558600E-07
 7.51689628545E+01 5.73237379567E+15 1.00000023008E+00 4.48788992783E+25 1.34424431891E-07
 7.56034345758E+01 5.78495290398E+15 1.00000023086E+00 4.51382963781E+25 1.34877829295E-07
 7.60404175155E+01 5.83801428417E+15 1.00000023164E+00 4.53991927761E+25 1.35332755955E-07
 7.64799261884E+01 5.89156235977E+15 1.00000023242E+00 4.56615971382E+25 1.35789217026E-07
 7.69219751929E+01 5.94560159491E+15 1.00000023320E+00 4.59255181803E+25 1.36247217685E-07
 7.73665792121E+01 6.00013649466E+15 1.00000023399E+00 4.61909646688E+25 1.36706763126E-07
 7.78137530138E+01 6.05517160540E+15 1.00000023478E+00 4.64579454207E+25 1.37167858557E-07
 7.82635114511E+01 6.11071151523E+15 1.00000023557E+00 4.67264693037E+25 1.37630509207E-07
 7.87158694632E+01 6.16676085431E+15 1.00000023636E+00 4.69965452373E+25 1.38094720321E-07
 7.91708420752E+01 6.22332429530E+15 1.00000023716E+00 4.72681821921E+25 1.38560497163E-07
 7.96284443996E+01 6.28040655369E+15 1.00000023796E+00 4.75413891906E+25 1.39027845014E-07
 8.00886916358E+01 6.33801238824E+15 1.00000023876E+00 4.78161753078E+25 1.39496769173E-07
 8.05515990712E+01 6.39614660135E+15 1.00000023957E+00 4.80925496707E+25 1.39967274956E-07
 8.10171820817E+01 6.45481403947E+15 1.00000024038E+00 4.83705214593E+25 1.40439367697E-07
 8.14854561320E+01 6.51401959351E+15 1.00000024119E+00 4.86500999067E+25 1.40913052751E-07
 8.19564367759E+01 6.57376819923E+15 1.00000024200E+00 4.89312942992E+25 1.41388335486E-07
 8.24301396575E+01 6.63406483768E+15 1.00000024282E+00 4.92141139769E+25 1.41865221292E-07
 8.29065805112E+01 6.69491453557E+15 1.00000024364E+00 4.94985683338E+25 1.42343715577E-07
 8.33857751622E+01 6.75632236574E+15 1.00000024446E+00 4.97846668183E+25 1.42823823764E-07
 8.38677395273E+01 6.81829344755E+15 1.00000024528E+00 5.00724189332E+25 1.43305551298E-07
 8.43524896152E+01 6.88083294733E+15 1.00000024611E+00 5.03618342366E+25 1.43788903641E-07
 8.48400415274E+01 6.94394607877E+15 1.00000024694E+00 5.06529223415E+25 1.44273886272E-07
 8.53304114581E+01 7.00763810340E+15 1.00000024777E+00 5.09456929165E+25 1.44760504691E-07
 8.58236156953E+01 7.07191433102E+15 1.00000024861E+00 5.12401556863E+25 1.45248764415E-07
 8.63196706211E+01 7.13678012011E+15 1.00000024945E+00 5.15363204317E+25 1.45738670979E-07
 8.68185927124E+01 7.20224087831E+15 1.00000025029E+00 5.18341969899E+25 1.46230229939E-07
 8.73203985410E+01 7.26830206286E+15 1.00000025113E+00 5.21337952551E+25 1.46723446867E-07
 8.78251047750E+01 7.33496918107E+15 1.00000025198E+00 5.24351251786E+25 1.47218327356E-07
 8.83327281784E+01 7.40224779073E+15 1.00000025283E+00 5.27381967694E+25 1.47714877017E-07
 8.88432856122E+01 7.47014350065E+15 1.00000025368E+00 5.30430200941E+25 1.48213101480E-07
 8.93567940350E+01 7.53866197105E+15 1.00000025454E+00 5.33496052777E+25 1.48713006393E-07
 8.98732705034E+01 7.60780891409E+15 1.00000025540E+00 5.36579625036E+25 1.49214597425E-07
 9.03927321723E+01 7.67759009431E+15 1.00000025626E+00 5.39681020141E+25 1.49717880262E-07
 9.09151962962E+01 7.74801132913E+15 1.00000025712E+00 5.42800341106E+25 1.50222860612E-07
 9.14406802289E+01 7.81907848934E+15 1.00000025799E+00 5.45937691542E+25 1.50729544198E-07
 9.19692014248E+01 7.89079749955E+15 1.00000025886E+00 5.49093175659E+25 1.51237936767E-07
 9.25007774391E+01 7.96317433875E+15 1.00000025973E+00 5.52266898267E+25 1.51748044082E-07
 9.30354259285E+01 8.03621504074E+15 1.00000026061E+00 5.55458964784E+25 1.52259871928E-07
 9.35731646515E+01 8.10992569467E+15 1.00000026149E+00 5.58669481236E+25 1.52773426106E-07
 9.41140114697E+01 8.18431244556E+15 1.00000026237E+00 5.61898554263E+25 1.53288712440E-07
 9.46579843475E+01 8.25938149476E+15 1.00000026325E+00 5.65146291121E+25 1.53805736772E-07
 9.52051013535E+01 8.33513910055E+15 1.00000026414E+00 5.68412799686E+25 1.54324504965E-07
 9.57553806604E+01 8.41159157856E+15 1.00000026503E+00 5.71698188456E+25 1.54845022899E-07
 9.63088405462E+01 8.48874530239E+15 1.00000026593E+00 5.75002566558E+25 1.55367296478E-07
 9.68654993944E+01 8.56660670408E+15 1.00000026682E+00 5.78326043749E+25 1.55891331621E-07
 9.74253756947E+01 8.64518227466E+15 1.00000026772E+00 5.81668730421E+25 1.56417134272E-07
 9.79884880440E+01 8.72447856472E+15 1.00000026863E+00 5.85030737603E+25 1.56944710390E-07
 9.85548551463E+01 8.80450218491E+15 1.00000026953E+00 5.88412176966E+25 1.57474065959E-07
 9.91244958138E+01 8.88525980654E+15 1.00000027044E+00 5.91813160828E+25 1.58005206980E-07
 9.96974289677E+01 8.96675816210E+15 1.00000027135E+00 5.95233802153E+25 1.58538139475E-07
 1.00273673638E+02 9.04900404582E+15 1.00000027227E+00 5.98674214562E+25 1.59072869487E-07
 1.00853248966E+02 9.13200431426E+15 1.00000027319E+00 6.02134512329E+25 1.59609403078E-07
 1.01436174201E+02 9.21576588688E+15 1.00000027411E+00 6.05614810390E+25 1.60147746331E-07
 1.02022468707E+02 9.30029574660E+15 1.00000027503E+00 6.09115224347E+25 1.60687905351E-07
 1.02612151957E+02 9.38560094037E+15 1.00000027596E+00 6.12635870467E+25 1.61229886261E-07
 1.03205243538E+02 9.47168857981E+15 1.00000027689E+00 6.16176865691E+25 1.61773695207E-07
 1.03801763151E+02 9.55856584174E+15 1.00000027783E+00 6.19738327636E+25 1.62319338354E-07
 1.04401730608E+02 9.64623996884E+15 1.00000027876E+00 6.23320374597E+25 1.62866821890E-07
 1.05005165838E+02 9.73471827019E+15 1.00000027970E+00 6.26923125556E+25 1.63416152021E-07
 1.05612088885E+02 9.82400812193E+15 1.00000028065E+00 6.30546700179E+25 1.63967334975E-07
 1.06222519909E+02 9.91411696785E+15 1.00000028159E+00 6.34191218826E+25 1.64520377003E-07
 1.06836479184E+02 1.00050523200E+16 1.00000028254E+00 6.37856802553E+25 1.65075284374E-07
 1.07453987104E+02 1.00968217594E+16 1.00000028350E+00 6.41543573113E+25 1.65632063380E-07
 1.08075064180E+02 1.01894329365E+16 1.00000028445E+00 6.45251652966E+25 1.66190720334E-07
 1.08699731041E+02 1.02828935721E+16 1.00000028541E+00 6.48981165277E+25 1.66751261569E-07
 1.09328008437E+02 1.03772114575E+16 1.00000028637E+00 6.52732233926E+25 1.67313693443E-07
 1.09959917235E+02 1.04723944558E+16 1.00000028734E+00 6.56504983506E+25 1.67878022330E-07
 1.10595478426E+02 1.05684505020E+16 1.00000028831E+00 6.60299539332E+25 1.68444254630E-07
 1.11234713119E+02 1.06653876041E+16 1.00000028928E+00 6.64116027441E+25 1.69012396763E-07
 1.11877642548E+02 1.07632138433E+16 1.00000029026E+00 6.67954574602E+25 1.69582455170E-07
 1.12524288067E+02 1.08619373751E+16 1.00000029124E+00 6.71815308315E+25 1.70154436315E-07
 1.13174671156E+02 1.09615664296E+16 1.00000029222E+00 6.75698356815E+25 1.70728346682E-07
 1.13828813417E+02 1.10621093128E+16 1.00000029320E+00 6.79603849082E+25 1.71304192779E-07
 1.14486736578E+02 1.11635744064E+16 1.00000029419E+00 6.83531914838E+25 1.71881981135E-07
 1.15148462492E+02 1.12659701692E+16 1.00000029518E+00 6.87482684558E+25 1.72461718301E-07
 1.15814013140E+02 1.13693051378E+16 1.00000029618E+00 6.91456289467E+25 1.73043410850E-07
 1.16483410627E+02 1.14735879267E+16 1.00000029718E+00 6.95452861553E+25 1.73627065376E-07
 1.17156677189E+02 1.15788272296E+16 1.00000029818E+00 6.99472533564E+25 1.74212688499E-07
 1.17833835188E+02 1.16850318200E+16 1.00000029919E+00 7.03515439016E+25 1.74800286857E-07
 1.18514907117E+02 1.17922105518E+16 1.00000030020E+00 7.07581712196E+25 1.75389867112E-07
 1.19199915597E+02 1.19003723602E+16 1.00000030121E+00 7.11671488170E+25 1.75981435950E-07
 1.19888883383E+02 1.20095262621E+16 1.00000030223E+00 7.15784902781E+25 1.76575000078E-07
 1.20581833357E+02 1.21196813575E+16 1.00000030324E+00 7.19922092659E+25 1.77170566225E-07
 1.21278788538E+02 1.22308468295E+16 1.00000030427E+00 7.24083195224E+25 1.77768141144E-07
 1.21979772076E+02 1.23430319457E+16 1.00000030529E+00 7.28268348689E+25 1.78367731611E-07
 1.22684807252E+02 1.24562460585E+16 1.00000030632E+00 7.32477692067E+25 1.78969344423E-07
 1.23393917487E+02 1.25704986062E+16 1.00000030736E+00 7.36711365174E+25 1.79572986402E-07
 1.24107126333E+02 1.26857991137E+16 1.00000030839E+00 7.40969508635E+25 1.80178664391E-07
 1.24824457480E+02 1.28021571932E+16 1.00000030943E+00 7.45252263886E+25 1.80786385259E-07
 1.25545934755E+02 1.29195825450E+16 1.00000031048E+00 7.49559773182E+25 1.81396155895E-07
 1.26271582123E+02 1.30380849585E+16 1.00000031152E+00 7.53892179600E+25 1.82007983214E-07
 1.27001423685E+02 1.31576743129E+16 1.00000031257E+00 7.58249627043E+25 1.82621874151E-07
 1.27735483685E+02 1.32783605779E+16 1.00000031363E+00 7.62632260247E+25 1.83237835667E-07
 1.28473786504E+02 1.34001538147E+16 1.00000031469E+00 7.67040224785E+25 1.83855874747E-07
 1.29216356665E+02 1.35230641768E+16 1.00000031575E+00 7.71473667068E+25 1.84475998397E-07
 1.29963218835E+02 1.36471019108E+16 1.00000031681E+00 7.75932734358E+25 1.85098213649E-07
 1.30714397820E+02 1.37722773573E+16 1.00000031788E+00 7.80417574765E+25 1.85722527557E-07
 1.31469918571E+02 1.38986009518E+16 1.00000031895E+00 7.84928337256E+25 1.86348947199E-07
 1.32229806183E+02 1.40260832255E+16 1.00000032003E+00 7.89465171659E+25 1.86977479679E-07
 1.32994085897E+02 1.41547348060E+16 1.00000032111E+00 7.94028228667E+25 1.87608132122E-07
 1.33762783098E+02 1.42845664187E+16 1.00000032219E+00 7.98617659846E+25 1.88240911679E-07
 1.34535923319E+02 1.44155888872E+16 1.00000032328E+00 8.03233617638E+25 1.88875825524E-07
 1.35313532242E+02 1.45478131344E+16 1.00000032437E+00 8.07876255363E+25 1.89512880856E-07
 1.36095635694E+02 1.46812501833E+16 1.00000032546E+00 8.12545727230E+25 1.90152084898E-07
 1.36882259653E+02 1.48159111581E+16 1.00000032656E+00 8.17242188338E+25 1.90793444897E-07
 1.37673430248E+02 1.49518072852E+16 1.00000032766E+00 8.21965794685E+25 1.91436968126E-07
 1.38469173759E+02 1.50889498936E+16 1.00000032877E+00 8.26716703167E+25 1.92082661879E-07
 1.39269516615E+02 1.52273504165E+16 1.00000032988E+00 8.31495071589E+25 1.92730533479E-07
 1.40074485402E+02 1.53670203919E+16 1.00000033099E+00 8.36301058667E+25 1.93380590271E-07
 1.40884106857E+02 1.55079714635E+16 1.00000033211E+00 8.41134824037E+25 1.94032839625E-07
 1.41698407872E+02 1.56502153821E+16 1.00000033323E+00 8.45996528253E+25 1.94687288937E-07
 1.42517415494E+02 1.57937640059E+16 1.00000033435E+00 8.50886332802E+25 1.95343945626E-07
 1.43341156927E+02 1.59386293022E+16 1.00000033548E+00 8.55804400101E+25 1.96002817138E-07
 1.44169659533E+02 1.60848233479E+16 1.00000033661E+00 8.60750893507E+25 1.96663910944E-07
 1.45002950831E+02 1.62323583306E+16 1.00000033774E+00 8.65725977321E+25 1.97327234538E-07
 1.45841058499E+02 1.63812465499E+16 1.00000033888E+00 8.70729816794E+25 1.97992795441E-07
 1.46684010375E+02 1.65315004181E+16 1.00000034003E+00 8.75762578131E+25 1.98660601201E-07
 1.47531834459E+02 1.66831324613E+16 1.00000034117E+00 8.80824428499E+25 1.99330659387E-07
 1.48384558911E+02 1.68361553206E+16 1.00000034232E+00 8.85915536031E+25 2.00002977598E-07
 1.49242212056E+02 1.69905817530E+16 1.00000034348E+00 8.91036069832E+25 2.00677563457E-07
 1.50104822381E+02 1.71464246324E+16 1.00000034464E+00 8.96186199982E+25 2.01354424611E-07
 1.50972418539E+02 1.73036969510E+16 1.00000034580E+00 9.01366097548E+25 2.02033568735E-07
 1.51845029346E+02 1.74624118201E+16 1.00000034697E+00 9.06575934582E+25 2.02715003529E-07
 1.52722683788E+02 1.76225824710E+16 1.00000034814E+00 9.11815884134E+25 2.03398736720E-07
 1.53605411015E+02 1.77842222569E+16 1.00000034931E+00 9.17086120250E+25 2.04084776059E-07
 1.54493240350E+02 1.79473446529E+16 1.00000035049E+00 9.22386817987E+25 2.04773129325E-07
 1.55386201281E+02 1.81119632580E+16 1.00000035167E+00 9.27718153409E+25 2.05463804323E-07
 1.56284323469E+02 1.82780917960E+16 1.00000035286E+00 9.33080303601E+25 2.06156808883E-07
 1.57187636745E+02 1.84457441164E+16 1.00000035405E+00 9.38473446670E+25 2.06852150862E-07
 1.58096171114E+02 1.86149341959E+16 1.00000035524E+00 9.43897761754E+25 2.07549838146E-07
 1.59009956753E+02 1.87856761391E+16 1.00000035644E+00 9.49353429023E+25 2.08249878643E-07
 1.59929024015E+02 1.89579841804E+16 1.00000035764E+00 9.54840629691E+25 2.08952280291E-07
 1.60853403426E+02 1.91318726844E+16 1.00000035885E+00 9.60359546021E+25 2.09657051055E-07
 1.61783125691E+02 1.93073561476E+16 1.00000036006E+00 9.65910361325E+25 2.10364198923E-07
 1.62718221691E+02 1.94844491995E+16 1.00000036127E+00 9.71493259979E+25 2.11073731916E-07
 1.63658722486E+02 1.96631666037E+16 1.00000036249E+00 9.77108427421E+25 2.11785658076E-07
 1.64604659314E+02 1.98435232594E+16 1.00000036371E+00 9.82756050164E+25 2.12499985476E-07
 1.65556063597E+02 2.00255342021E+16 1.00000036494E+00 9.88436315796E+25 2.13216722216E-07
 1.66512966936E+02 2.02092146056E+16 1.00000036617E+00 9.94149412991E+25 2.13935876421E-07
 1.67475401114E+02 2.03945797827E+16 1.00000036741E+00 9.99895531515E+25 2.14657456245E-07
 1.68443398100E+02 2.05816451866E+16 1.00000036865E+00 1.00567486223E+26 2.15381469869E-07
 1.69416990047E+02 2.07704264124E+16 1.00000036989E+00 1.01148759709E+26 2.16107925503E-07
 1.70396209292E+02 2.09609391980E+16 1.00000037114E+00 1.01733392919E+26 2.16836831383E-07
 1.71381088362E+02 2.11531994259E+16 1.00000037239E+00 1.02321405269E+26 2.17568195773E-07
 1.72371659970E+02 2.13472231242E+16 1.00000037365E+00 1.02912816293E+26 2.18302026966E-07
 1.73367957018E+02 2.15430264680E+16 1.00000037491E+00 1.03507645634E+26 2.19038333282E-07
 1.74370012599E+02 2.17406257807E+16 1.00000037617E+00 1.04105913050E+26 2.19777123069E-07
 1.75377859997E+02 2.19400375355E+16 1.00000037744E+00 1.04707638412E+26 2.20518404704E-07
 1.76391532688E+02 2.21412783566E+16 1.00000037871E+00 1.05312841707E+26 2.21262186591E-07
 1.77411064342E+02 2.23443650210E+16 1.00000037999E+00 1.05921543037E+26 2.22008477163E-07
 1.78436488824E+02 2.25493144591E+16 1.00000038127E+00 1.06533762622E+26 2.22757284882E-07
 1.79467840193E+02 2.27561437570E+16 1.00000038256E+00 1.07149520795E+26 2.23508618238E-07
 1.80505152707E+02 2.29648701573E+16 1.00000038385E+00 1.07768838011E+26 2.24262485749E-07
 1.81548460821E+02 2.31755110608E+16 1.00000038514E+00 1.08391734839E+26 2.25018895964E-07
 1.82597799189E+02 2.33880840279E+16 1.00000038644E+00 1.09018231970E+26 2.25777857457E-07
 1.83653202666E+02 2.36026067801E+16 1.00000038774E+00 1.09648350214E+26 2.26539378835E-07
 1.84714706306E+02 2.38190972015E+16 1.00000038905E+00 1.10282110500E+26 2.27303468731E-07
 1.85782345370E+02 2.40375733400E+16 1.00000039036E+00 1.10919533879E+26 2.28070135808E-07
 1.86856155319E+02 2.42580534094E+16 1.00000039168E+00 1.11560641523E+26 2.28839388760E-07
 1.87936171821E+02 2.44805557903E+16 1.00000039300E+00 1.12205454728E+26 2.29611236308E-07
 1.89022430748E+02 2.47050990320E+16 1.00000039433E+00 1.12853994910E+26 2.30385687203E-07
 1.90114968183E+02 2.49317018538E+16 1.00000039566E+00 1.13506283613E+26 2.31162750227E-07
 1.91213820414E+02 2.51603831469E+16 1.00000039699E+00 1.14162342501E+26 2.31942434188E-07
 1.92319023940E+02 2.53911619757E+16 1.00000039833E+00 1.14822193367E+26 2.32724747929E-07
 1.93430615472E+02 2.56240575794E+16 1.00000039967E+00 1.15485858128E+26 2.33509700317E-07
 1.94548631932E+02 2.58590893737E+16 1.00000040102E+00 1.16153358827E+26 2.34297300254E-07
 1.95673110455E+02 2.60962769525E+16 1.00000040238E+00 1.16824717637E+26 2.35087556669E-07
 1.96804088392E+02 2.63356400892E+16 1.00000040373E+00 1.17499956857E+26 2.35880478523E-07
 1.97941603309E+02 2.65771987388E+16 1.00000040509E+00 1.18179098915E+26 2.36676074804E-07
 1.99085692989E+02 2.68209730391E+16 1.00000040646E+00 1.18862166370E+26 2.37474354534E-07
 2.00236395435E+02 2.70669833128E+16 1.00000040783E+00 1.19549181910E+26 2.38275326764E-07
 2.01393748866E+02 2.73152500690E+16 1.00000040921E+00 1.20240168355E+26 2.39079000575E-07
 2.02557791727E+02 2.75657940047E+16 1.00000041059E+00 1.20935148657E+26 2.39885385080E-07
 2.03728562680E+02 2.78186360071E+16 1.00000041197E+00 1.21634145899E+26 2.40694489421E-07
 2.04906100615E+02 2.80737971546E+16 1.00000041336E+00 1.22337183299E+26 2.41506322771E-07
 2.06090444643E+02 2.83312987192E+16 1.00000041476E+00 1.23044284209E+26 2.42320894336E-07
 2.07281634104E+02 2.85911621680E+16 1.00000041615E+00 1.23755472117E+26 2.43138213351E-07
 2.08479708564E+02 2.88534091648E+16 1.00000041756E+00 1.24470770644E+26 2.43958289082E-07
 2.09684707817E+02 2.91180615723E+16 1.00000041897E+00 1.25190203549E+26 2.44781130829E-07
 2.10896671889E+02 2.93851414537E+16 1.00000042038E+00 1.25913794730E+26 2.45606747920E-07
 2.12115641036E+02 2.96546710744E+16 1.00000042180E+00 1.26641568221E+26 2.46435149716E-07
 2.13341655746E+02 2.99266729044E+16 1.00000042322E+00 1.27373548194E+26 2.47266345610E-07
 2.14574756743E+02 3.02011696194E+16 1.00000042465E+00 1.28109758964E+26 2.48100345025E-07
 2.15814984985E+02 3.04781841033E+16 1.00000042608E+00 1.28850224984E+26 2.48937157419E-07
 2.17062381666E+02 3.07577394499E+16 1.00000042752E+00 1.29594970849E+26 2.49776792278E-07
 2.18316988221E+02 3.10398589647E+16 1.00000042896E+00 1.30344021296E+26 2.50619259122E-07
 2.19578846320E+02 3.13245661672E+16 1.00000043041E+00 1.31097401206E+26 2.51464567504E-07
 2.20847997880E+02 3.16118847922E+16 1.00000043186E+00 1.31855135603E+26 2.52312727007E-07
 2.22124485053E+02 3.19018387928E+16 1.00000043331E+00 1.32617249654E+26 2.53163747248E-07
 2.23408350241E+02 3.21944523412E+16 1.00000043478E+00 1.33383768675E+26 2.54017637876E-07
 2.24699636088E+02 3.24897498318E+16 1.00000043624E+00 1.34154718126E+26 2.54874408573E-07
 2.25998385484E+02 3.27877558824E+16 1.00000043771E+00 1.34930123614E+26 2.55734069051E-07
 2.27304641569E+02 3.30884953368E+16 1.00000043919E+00 1.35710010895E+26 2.56596629059E-07
 2.28618447730E+02 3.33919932667E+16 1.00000044067E+00 1.36494405874E+26 2.57462098376E-07
 2.29939847606E+02 3.36982749736E+16 1.00000044216E+00 1.37283334604E+26 2.58330486815E-07
 2.31268885090E+02 3.40073659912E+16 1.00000044365E+00 1.38076823290E+26 2.59201804222E-07
 2.32605604325E+02 3.43192920874E+16 1.00000044515E+00 1.38874898289E+26 2.60076060475E-07
 2.33950049712E+02 3.46340792664E+16 1.00000044665E+00 1.39677586110E+26 2.60953265487E-07
 2.35302265907E+02 3.49517537709E+16 1.00000044815E+00 1.40484913413E+26 2.61833429204E-07
 2.36662297825E+02 3.52723420843E+16 1.00000044966E+00 1.41296907016E+26 2.62716561605E-07
 2.38030190641E+02 3.55958709331E+16 1.00000045118E+00 1.42113593888E+26 2.63602672703E-07
 2.39405989790E+02 3.59223672888E+16 1.00000045270E+00 1.42935001157E+26 2.64491772545E-07
 2.40789740970E+02 3.62518583701E+16 1.00000045423E+00 1.43761156106E+26 2.65383871212E-07
 2.42181490143E+02 3.65843716457E+16 1.00000045576E+00 1.44592086177E+26 2.66278978818E-07
 2.43581283538E+02 3.69199348361E+16 1.00000045730E+00 1.45427818969E+26 2.67177105511E-07
 2.44989167649E+02 3.72585759160E+16 1.00000045884E+00 1.46268382242E+26 2.68078261476E-07
 2.46405189240E+02 3.76003231169E+16 1.00000046039E+00 1.47113803916E+26 2.68982456929E-07
 2.47829395345E+02 3.79452049289E+16 1.00000046194E+00 1.47964112071E+26 2.69889702123E-07
 2.49261833271E+02 3.82932501037E+16 1.00000046350E+00 1.48819334953E+26 2.70800007343E-07
 2.50702550596E+02 3.86444876567E+16 1.00000046506E+00 1.49679500966E+26 2.71713382910E-07
 2.52151595176E+02 3.89989468694E+16 1.00000046663E+00 1.50544638682E+26 2.72629839181E-07
 2.53609015140E+02 3.93566572918E+16 1.00000046821E+00 1.51414776838E+26 2.73549386547E-07
 2.55074858899E+02 3.97176487449E+16 1.00000046979E+00 1.52289944336E+26 2.74472035432E-07
 2.56549175141E+02 4.00819513235E+16 1.00000047137E+00 1.53170170244E+26 2.75397796299E-07
 2.58032012837E+02 4.04495953983E+16 1.00000047296E+00 1.54055483801E+26 2.76326679644E-07
 2.59523421240E+02 4.08206116184E+16 1.00000047456E+00 1.54945914412E+26 2.77258695998E-07
 2.61023449889E+02 4.11950309141E+16 1.00000047616E+00 1.55841491653E+26 2.78193855928E-07
 2.62532148607E+02 4.15728844997E+16 1.00000047776E+00 1.56742245272E+26 2.79132170038E-07
 2.64049567507E+02 4.19542038754E+16 1.00000047937E+00 1.57648205189E+26 2.80073648966E-07
 2.65575756992E+02 4.23390208305E+16 1.00000048099E+00 1.58559401494E+26 2.81018303386E-07
 2.67110767754E+02 4.27273674460E+16 1.00000048261E+00 1.59475864454E+26 2.81966144010E-07
 2.68654650781E+02 4.31192760970E+16 1.00000048424E+00 1.60397624510E+26 2.82917181583E-07
 2.70207457353E+02 4.35147794555E+16 1.00000048587E+00 1.61324712279E+26 2.83871426889E-07
 2.71769239049E+02 4.39139104933E+16 1.00000048751E+00 1.62257158555E+26 2.84828890748E-07
 2.73340047742E+02 4.43167024846E+16 1.00000048916E+00 1.63194994309E+26 2.85789584014E-07
 2.74919935610E+02 4.47231890089E+16 1.00000049081E+00 1.64138250692E+26 2.86753517580E-07
 2.76508955128E+02 4.51334039535E+16 1.00000049246E+00 1.65086959036E+26 2.87720702375E-07
 2.78107159078E+02 4.55473815167E+16 1.00000049412E+00 1.66041150851E+26 2.88691149366E-07
 2.79714600545E+02 4.59651562103E+16 1.00000049579E+00 1.67000857833E+26 2.89664869555E-07
 2.81331332922E+02 4.63867628629E+16 1.00000049746E+00 1.67966111858E+26 2.90641873982E-07
 2.82957409908E+02 4.68122366222E+16 1.00000049914E+00 1.68936944989E+26 2.91622173725E-07
 2.84592885515E+02 4.72416129587E+16 1.00000050082E+00 1.69913389471E+26 2.92605779898E-07
 2.86237814067E+02 4.76749276680E+16 1.00000050251E+00 1.70895477738E+26 2.93592703653E-07
 2.87892250202E+02 4.81122168740E+16 1.00000050421E+00 1.71883242412E+26 2.94582956181E-07
 2.89556248871E+02 4.85535170321E+16 1.00000050591E+00 1.72876716300E+26 2.95576548709E-07
 2.91229865347E+02 4.89988649320E+16 1.00000050761E+00 1.73875932403E+26 2.96573492502E-07
 2.92913155220E+02 4.94482977007E+16 1.00000050933E+00 1.74880923909E+26 2.97573798863E-07
 2.94606174400E+02 4.99018528061E+16 1.00000051104E+00 1.75891724200E+26 2.98577479135E-07
 2.96308979124E+02 5.03595680594E+16 1.00000051277E+00 1.76908366851E+26 2.99584544697E-07
 2.98021625950E+02 5.08214816188E+16 1.00000051450E+00 1.77930885630E+26 3.00595006966E-07
 2.99744171766E+02 5.12876319924E+16 1.00000051623E+00 1.78959314501E+26 3.01608877400E-07
 3.01476673787E+02 5.17580580417E+16 1.00000051797E+00 1.79993687622E+26 3.02626167495E-07
 3.03219189559E+02 5.22327989844E+16 1.00000051972E+00 1.81034039353E+26 3.03646888783E-07
 3.04971776961E+02 5.27118943982E+16 1.00000052147E+00 1.82080404249E+26 3.04671052838E-07
 3.06734494207E+02 5.31953842235E+16 1.00000052323E+00 1.83132817065E+26 3.05698671273E-07
 3.08507399847E+02 5.36833087672E+16 1.00000052500E+00 1.84191312759E+26 3.06729755738E-07
 3.10290552768E+02 5.41757087061E+16 1.00000052677E+00 1.85255926488E+26 3.07764317923E-07
 3.12084012199E+02 5.46726250897E+16 1.00000052855E+00 1.86326693615E+26 3.08802369560E-07
 3.13887837711E+02 5.51740993443E+16 1.00000053033E+00 1.87403649706E+26 3.09843922416E-07
 3.15702089221E+02 5.56801732762E+16 1.00000053212E+00 1.88486830533E+26 3.10888988302E-07
 3.17526826988E+02 5.61908890749E+16 1.00000053391E+00 1.89576272074E+26 3.11937579066E-07
 3.19362111624E+02 5.67062893172E+16 1.00000053571E+00 1.90672010515E+26 3.12989706597E-07
 3.21208004088E+02 5.72264169701E+16 1.00000053752E+00 1.91774082254E+26 3.14045382824E-07
 3.23064565693E+02 5.77513153950E+16 1.00000053933E+00 1.92882523894E+26 3.15104619718E-07
 3.24931858106E+02 5.82810283509E+16 1.00000054115E+00 1.93997372255E+26 3.16167429286E-07
 3.26809943350E+02 5.88155999981E+16 1.00000054298E+00 1.95118664366E+26 3.17233823580E-07
 3.28698883807E+02 5.93550749020E+16 1.00000054481E+00 1.96246437473E+26 3.18303814691E-07
 3.30598742220E+02 5.98994980370E+16 1.00000054665E+00 1.97380729034E+26 3.19377414749E-07
 3.32509581694E+02 6.04489147895E+16 1.00000054849E+00 1.98521576725E+26 3.20454635928E-07
 3.34431465698E+02 6.10033709627E+16 1.00000055034E+00 1.99669018442E+26 3.21535490441E-07
 3.36364458070E+02 6.15629127797E+16 1.00000055220E+00 2.00823092297E+26 3.22619990542E-07
 3.38308623015E+02 6.21275868876E+16 1.00000055406E+00 2.01983836624E+26 3.23708148529E-07
 3.40264025109E+02 6.26974403614E+16 1.00000055593E+00 2.03151289976E+26 3.24799976738E-07
 3.42230729304E+02 6.32725207077E+16 1.00000055780E+00 2.04325491133E+26 3.25895487549E-07
 3.44208800923E+02 6.38528758692E+16 1.00000055968E+00 2.05506479095E+26 3.26994693382E-07
 3.46198305671E+02 6.44385542280E+16 1.00000056157E+00 2.06694293090E+26 3.28097606701E-07
 3.48199309629E+02 6.50296046101E+16 1.00000056347E+00 2.07888972573E+26 3.29204240010E-07
 3.50211879264E+02 6.56260762894E+16 1.00000056537E+00 2.09090557224E+26 3.30314605856E-07
 3.52236081423E+02 6.62280189918E+16 1.00000056727E+00 2.10299086957E+26 3.31428716830E-07
 3.54271983341E+02 6.68354828991E+16 1.00000056919E+00 2.11514601912E+26 3.32546585562E-07
 3.56319652644E+02 6.74485186535E+16 1.00000057111E+00 2.12737142463E+26 3.33668224727E-07
 3.58379157345E+02 6.80671773618E+16 1.00000057303E+00 2.13966749220E+26 3.34793647042E-07
 3.60450565852E+02 6.86915105995E+16 1.00000057496E+00 2.15203463023E+26 3.35922865267E-07
 3.62533946969E+02 6.93215704150E+16 1.00000057690E+00 2.16447324950E+26 3.37055892206E-07
 3.64629369896E+02 6.99574093343E+16 1.00000057885E+00 2.17698376318E+26 3.38192740705E-07
 3.66736904235E+02 7.05990803652E+16 1.00000058080E+00 2.18956658681E+26 3.39333423653E-07
 3.68856619989E+02 7.12466370015E+16 1.00000058276E+00 2.20222213834E+26 3.40477953984E-07
 3.70988587565E+02 7.19001332280E+16 1.00000058473E+00 2.21495083813E+26 3.41626344674E-07
 3.73132877778E+02 7.25596235242E+16 1.00000058670E+00 2.22775310897E+26 3.42778608743E-07
 3.75289561853E+02 7.32251628698E+16 1.00000058868E+00 2.24062937610E+26 3.43934759257E-07
 3.77458711424E+02 7.38968067484E+16 1.00000059066E+00 2.25358006720E+26 3.45094809323E-07
 3.79640398543E+02 7.45746111528E+16 1.00000059266E+00 2.26660561246E+26 3.46258772095E-07
 3.81834695674E+02 7.52586325891E+16 1.00000059465E+00 2.27970644451E+26 3.47426660769E-07
 3.84041675704E+02 7.59489280820E+16 1.00000059666E+00 2.29288299851E+26 3.48598488587E-07
 3.86261411939E+02 7.66455551790E+16 1.00000059867E+00 2.30613571214E+26 3.49774268835E-07
 3.88493978107E+02 7.73485719555E+16 1.00000060069E+00 2.31946502558E+26 3.50954014844E-07
 3.90739448367E+02 7.80580370196E+16 1.00000060272E+00 2.33287138158E+26 3.52137739991E-07
 3.92997897303E+02 7.87740095172E+16 1.00000060475E+00 2.34635522544E+26 3.53325457696E-07
 3.95269399930E+02 7.94965491363E+16 1.00000060679E+00 2.35991700504E+26 3.54517181425E-07
 3.97554031698E+02 8.02257161126E+16 1.00000060884E+00 2.37355717083E+26 3.55712924691E-07
 3.99851868493E+02 8.09615712343E+16 1.00000061089E+00 2.38727617589E+26 3.56912701051E-07
 4.02162986639E+02 8.17041758471E+16 1.00000061295E+00 2.40107447590E+26 3.58116524108E-07
 4.04487462901E+02 8.24535918596E+16 1.00000061502E+00 2.41495252918E+26 3.59324407511E-07
 4.06825374489E+02 8.32098817478E+16 1.00000061709E+00 2.42891079670E+26 3.60536364955E-07
 4.09176799058E+02 8.39731085612E+16 1.00000061917E+00 2.44294974209E+26 3.61752410182E-07
 4.11541814711E+02 8.47433359274E+16 1.00000062126E+00 2.45706983167E+26 3.62972556978E-07
 4.13920500006E+02 8.55206280576E+16 1.00000062336E+00 2.47127153444E+26 3.64196819178E-07
 4.16312933950E+02 8.63050497520E+16 1.00000062546E+00 2.48555532212E+26 3.65425210663E-07
 4.18719196011E+02 8.70966664052E+16 1.00000062757E+00 2.49992166916E+26 3.66657745359E-07
 4.21139366115E+02 8.78955440116E+16 1.00000062969E+00 2.51437105275E+26 3.67894437243E-07
 4.23573524648E+02 8.87017491708E+16 1.00000063181E+00 2.52890395283E+26 3.69135300335E-07
 4.26021752464E+02 8.95153490936E+16 1.00000063394E+00 2.54352085211E+26 3.70380348704E-07
 4.28484130881E+02 9.03364116069E+16 1.00000063608E+00 2.55822223612E+26 3.71629596467E-07
 4.30960741690E+02 9.11650051599E+16 1.00000063823E+00 2.57300859317E+26 3.72883057787E-07
 4.33451667152E+02 9.20011988297E+16 1.00000064038E+00 2.58788041439E+26 3.74140746877E-07
 4.35956990006E+02 9.28450623269E+16 1.00000064254E+00 2.60283819377E+26 3.75402677997E-07
 4.38476793468E+02 9.36966660015E+16 1.00000064471E+00 2.61788242813E+26 3.76668865453E-07
 4.41011161234E+02 9.45560808488E+16 1.00000064688E+00 2.63301361718E+26 3.77939323602E-07
 4.43560177485E+02 9.54233785154E+16 1.00000064906E+00 2.64823226351E+26 3.79214066850E-07
 4.46123926889E+02 9.62986313048E+16 1.00000065125E+00 2.66353887262E+26 3.80493109647E-07
 4.48702494602E+02 9.71819121839E+16 1.00000065345E+00 2.67893395293E+26 3.81776466498E-07
 4.51295966274E+02 9.80732947890E+16 1.00000065565E+00 2.69441801580E+26 3.83064151951E-07
 4.53904428048E+02 9.89728534314E+16 1.00000065786E+00 2.70999157554E+26 3.84356180608E-07
 4.56527966565E+02 9.98806631044E+16 1.00000066008E+00 2.72565514943E+26 3.85652567117E-07
 4.59166668970E+02 1.00796799489E+17 1.00000066231E+00 2.74140925776E+26 3.86953326177E-07
 4.61820622908E+02 1.01721338960E+17 1.00000066454E+00 2.75725442379E+26 3.88258472535E-07
 4.64489916532E+02 1.02654358594E+17 1.00000066678E+00 2.77319117386E+26 3.89568020990E-07
 4.67174638504E+02 1.03595936173E+17 1.00000066903E+00 2.78922003729E+26 3.90881986389E-07
 4.69874877999E+02 1.04546150193E+17 1.00000067129E+00 2.80534154650E+26 3.92200383630E-07
 4.72590724708E+02 1.05505079870E+17 1.00000067355E+00 2.82155623699E+26 3.93523227661E-07
 4.75322268840E+02 1.06472805148E+17 1.00000067583E+00 2.83786464732E+26 3.94850533480E-07
 4.78069601124E+02 1.07449406701E+17 1.00000067810E+00 2.85426731919E+26 3.96182316137E-07
 4.80832812815E+02 1.08434965947E+17 1.00000068039E+00 2.87076479744E+26 3.97518590731E-07
 4.83611995695E+02 1.09429565047E+17 1.00000068269E+00 2.88735763003E+26 3.98859372414E-07
 4.86407242077E+02 1.10433286918E+17 1.00000068499E+00 2.90404636811E+26 4.00204676386E-07
 4.89218644806E+02 1.11446215238E+17 1.00000068730E+00 2.92083156600E+26 4.01554517901E-07
 4.92046297265E+02 1.12468434449E+17 1.00000068962E+00 2.93771378123E+26 4.02908912263E-07
 4.94890293377E+02 1.13500029772E+17 1.00000069194E+00 2.95469357456E+26 4.04267874830E-07
 4.97750727608E+02 1.14541087207E+17 1.00000069428E+00 2.97177150999E+26 4.05631421008E-07
 5.00627694967E+02 1.15591693543E+17 1.00000069662E+00 2.98894815477E+26 4.06999566257E-07
 5.03521291016E+02 1.16651936366E+17 1.00000069897E+00 3.00622407942E+26 4.08372326090E-07
 5.06431611868E+02 1.17721904065E+17 1.00000070133E+00 3.02359985780E+26 4.09749716071E-07
 5.09358754191E+02 1.18801685838E+17 1.00000070369E+00 3.04107606703E+26 4.11131751817E-07
 5.12302815212E+02 1.19891371705E+17 1.00000070607E+00 3.05865328761E+26 4.12518448998E-07
 5.15263892719E+02 1.20991052508E+17 1.00000070845E+00 3.07633210337E+26 4.13909823335E-07
 5.18242085068E+02 1.22100819924E+17 1.00000071084E+00 3.09411310153E+26 4.15305890605E-07
 5.21237491181E+02 1.23220766471E+17 1.00000071323E+00 3.11199687270E+26 4.16706666635E-07
 5.24250210553E+02 1.24350985514E+17 1.00000071564E+00 3.12998401089E+26 4.18112167309E-07
 5.27280343252E+02 1.25491571276E+17 1.00000071805E+00 3.14807511356E+26 4.19522408561E-07
 5.30327989928E+02 1.26642618845E+17 1.00000072048E+00 3.16627078162E+26 4.20937406382E-07
 5.33393251809E+02 1.27804224178E+17 1.00000072291E+00 3.18457161946E+26 4.22357176814E-07
 5.36476230711E+02 1.28976484115E+17 1.00000072534E+00 3.20297823493E+26 4.23781735954E-07
 5.39577029036E+02 1.30159496384E+17 1.00000072779E+00 3.22149123944E+26 4.25211099955E-07
 5.42695749780E+02 1.31353359608E+17 1.00000073024E+00 3.24011124791E+26 4.26645285022E-07
 5.45832496534E+02 1.32558173315E+17 1.00000073271E+00 3.25883887880E+26 4.28084307417E-07
 5.48987373487E+02 1.33774037946E+17 1.00000073518E+00 3.27767475417E+26 4.29528183454E-07
 5.52160485429E+02 1.35001054865E+17 1.00000073766E+00 3.29661949968E+26 4.30976929506E-07
 5.55351937759E+02 1.36239326363E+17 1.00000074015E+00 3.31567374457E+26 4.32430561997E-07
 5.58561836483E+02 1.37488955670E+17 1.00000074264E+00 3.33483812174E+26 4.33889097410E-07
 5.61790288219E+02 1.38750046965E+17 1.00000074515E+00 3.35411326777E+26 4.35352552280E-07
 5.65037400202E+02 1.40022705380E+17 1.00000074766E+00 3.37349982287E+26 4.36820943201E-07
 5.68303280289E+02 1.41307037012E+17 1.00000075018E+00 3.39299843100E+26 4.38294286821E-07
 5.71588036957E+02 1.42603148932E+17 1.00000075271E+00 3.41260973980E+26 4.39772599845E-07
 5.74891779312E+02 1.43911149191E+17 1.00000075525E+00 3.43233440068E+26 4.41255899035E-07
 5.78214617090E+02 1.45231146835E+17 1.00000075780E+00 3.45217306881E+26 4.42744201207E-07
 5.81556660661E+02 1.46563251905E+17 1.00000076036E+00 3.47212640315E+26 4.44237523237E-07
 5.84918021034E+02 1.47907575456E+17 1.00000076292E+00 3.49219506645E+26 4.45735882055E-07
 5.88298809859E+02 1.49264229559E+17 1.00000076549E+00 3.51237972531E+26 4.47239294651E-07
 5.91699139430E+02 1.50633327314E+17 1.00000076808E+00 3.53268105018E+26 4.48747778069E-07
 5.95119122693E+02 1.52014982858E+17 1.00000077067E+00 3.55309971538E+26 4.50261349414E-07
 5.98558873243E+02 1.53409311374E+17 1.00000077327E+00 3.57363639912E+26 4.51780025846E-07
 6.02018505336E+02 1.54816429104E+17 1.00000077587E+00 3.59429178356E+26 4.53303824583E-07
 6.05498133885E+02 1.56236453353E+17 1.00000077849E+00 3.61506655476E+26 4.54832762903E-07
 6.08997874468E+02 1.57669502504E+17 1.00000078112E+00 3.63596140278E+26 4.56366858141E-07
 6.12517843332E+02 1.59115696026E+17 1.00000078375E+00 3.65697702165E+26 4.57906127690E-07
 6.16058157395E+02 1.60575154483E+17 1.00000078639E+00 3.67811410943E+26 4.59450589003E-07
 6.19618934251E+02 1.62047999546E+17 1.00000078905E+00 3.69937336819E+26 4.61000259591E-07
 6.23200292174E+02 1.63534353999E+17 1.00000079171E+00 3.72075550407E+26 4.62555157023E-07
 6.26802350120E+02 1.65034341756E+17 1.00000079438E+00 3.74226122730E+26 4.64115298931E-07
 6.30425227735E+02 1.66548087866E+17 1.00000079706E+00 3.76389125220E+26 4.65680703001E-07
 6.34069045356E+02 1.68075718523E+17 1.00000079975E+00 3.78564629723E+26 4.67251386984E-07
 6.37733924013E+02 1.69617361083E+17 1.00000080244E+00 3.80752708499E+26 4.68827368687E-07
 6.41419985440E+02 1.71173144065E+17 1.00000080515E+00 3.82953434228E+26 4.70408665979E-07
 6.45127352070E+02 1.72743197171E+17 1.00000080787E+00 3.85166880007E+26 4.71995296789E-07
 6.48856147046E+02 1.74327651290E+17 1.00000081059E+00 3.87393119358E+26 4.73587279106E-07
 6.52606494224E+02 1.75926638514E+17 1.00000081332E+00 3.89632226226E+26 4.75184630980E-07
 6.56378518173E+02 1.77540292144E+17 1.00000081607E+00 3.91884274986E+26 4.76787370522E-07
 6.60172344185E+02 1.79168746704E+17 1.00000081882E+00 3.94149340440E+26 4.78395515903E-07
 6.63988098272E+02 1.80812137955E+17 1.00000082158E+00 3.96427497824E+26 4.80009085357E-07
 6.67825907179E+02 1.82470602899E+17 1.00000082435E+00 3.98718822809E+26 4.81628097179E-07
 6.71685898381E+02 1.84144279797E+17 1.00000082713E+00 4.01023391502E+26 4.83252569725E-07
 6.75568200091E+02 1.85833308178E+17 1.00000082992E+00 4.03341280451E+26 4.84882521413E-07
 6.79472941260E+02 1.87537828851E+17 1.00000083272E+00 4.05672566647E+26 4.86517970724E-07
 6.83400251590E+02 1.89257983916E+17 1.00000083553E+00 4.08017327524E+26 4.88158936200E-07
 6.87350261527E+02 1.90993916775E+17 1.00000083835E+00 4.10375640966E+26 4.89805436447E-07
 6.91323102274E+02 1.92745772149E+17 1.00000084118E+00 4.12747585304E+26 4.91457490133E-07
 6.95318905791E+02 1.94513696083E+17 1.00000084401E+00 4.15133239326E+26 4.93115115989E-07
 6.99337804803E+02 1.96297835962E+17 1.00000084686E+00 4.17532682272E+26 4.94778332808E-07
 7.03379932800E+02 1.98098340526E+17 1.00000084972E+00 4.19945993841E+26 4.96447159449E-07
 7.07445424044E+02 1.99915359875E+17 1.00000085258E+00 4.22373254193E+26 4.98121614834E-07
 7.11534413572E+02 2.01749045489E+17 1.00000085546E+00 4.24814543951E+26 4.99801717945E-07
 7.15647037204E+02 2.03599550235E+17 1.00000085834E+00 4.27269944204E+26 5.01487487834E-07
 7.19783431543E+02 2.05467028384E+17 1.00000086124E+00 4.29739536509E+26 5.03178943613E-07
 7.23943733983E+02 2.07351635621E+17 1.00000086414E+00 4.32223402897E+26 5.04876104460E-07
 7.28128082711E+02 2.09253529059E+17 1.00000086706E+00 4.34721625869E+26 5.06578989617E-07
 7.32336616713E+02 2.11172867253E+17 1.00000086998E+00 4.37234288407E+26 5.08287618392E-07
 7.36569475778E+02 2.13109810212E+17 1.00000087292E+00 4.39761473970E+26 5.10002010157E-07
 7.40826800504E+02 2.15064519412E+17 1.00000087586E+00 4.42303266500E+26 5.11722184350E-07
 7.45108732301E+02 2.17037157810E+17 1.00000087882E+00 4.44859750424E+26 5.13448160475E-07
 7.49415413396E+02 2.19027889858E+17 1.00000088178E+00 4.47431010658E+26 5.15179958100E-07
 7.53746986839E+02 2.21036881518E+17 1.00000088475E+00 4.50017132608E+26 5.16917596860E-07
 7.58103596506E+02 2.23064300271E+17 1.00000088774E+00 4.52618202173E+26 5.18661096458E-07
 7.62485387104E+02 2.25110315137E+17 1.00000089073E+00 4.55234305750E+26 5.20410476660E-07
 7.66892504179E+02 2.27175096686E+17 1.00000089374E+00 4.57865530235E+26 5.22165757302E-07
 7.71325094114E+02 2.29258817050E+17 1.00000089675E+00 4.60511963025E+26 5.23926958285E-07
 7.75783304143E+02 2.31361649944E+17 1.00000089978E+00 4.63173692023E+26 5.25694099577E-07
 7.80267282348E+02 2.33483770672E+17 1.00000090281E+00 4.65850805640E+26 5.27467201214E-07
 7.84777177667E+02 2.35625356148E+17 1.00000090586E+00 4.68543392799E+26 5.29246283300E-07
 7.89313139900E+02 2.37786584910E+17 1.00000090891E+00 4.71251542936E+26 5.31031366006E-07
 7.93875319711E+02 2.39967637132E+17 1.00000091198E+00 4.73975346003E+26 5.32822469571E-07
 7.98463868637E+02 2.42168694641E+17 1.00000091505E+00 4.76714892473E+26 5.34619614303E-07
 8.03078939089E+02 2.44389940931E+17 1.00000091814E+00 4.79470273342E+26 5.36422820577E-07
 8.07720684361E+02 2.46631561180E+17 1.00000092124E+00 4.82241580133E+26 5.38232108839E-07
 8.12389258631E+02 2.48893742264E+17 1.00000092434E+00 4.85028904895E+26 5.40047499603E-07
 8.17084816970E+02 2.51176672774E+17 1.00000092746E+00 4.87832340213E+26 5.41869013451E-07
 8.21807515343E+02 2.53480543030E+17 1.00000093059E+00 4.90651979202E+26 5.43696671035E-07
 8.26557510618E+02 2.55805545098E+17 1.00000093373E+00 4.93487915521E+26 5.45530493078E-07
 8.31334960570E+02 2.58151872805E+17 1.00000093688E+00 4.96340243365E+26 5.47370500372E-07
 8.36140023885E+02 2.60519721756E+17 1.00000094004E+00 4.99209057478E+26 5.49216713778E-07
 8.40972860167E+02 2.62909289352E+17 1.00000094321E+00 5.02094453149E+26 5.51069154229E-07
 8.45833629942E+02 2.65320774802E+17 1.00000094639E+00 5.04996526218E+26 5.52927842729E-07
 8.50722494663E+02 2.67754379143E+17 1.00000094958E+00 5.07915373079E+26 5.54792800350E-07
 8.55639616718E+02 2.70210305258E+17 1.00000095278E+00 5.10851090684E+26 5.56664048238E-07
 8.60585159432E+02 2.72688757888E+17 1.00000095600E+00 5.13803776544E+26 5.58541607608E-07
 8.65559287076E+02 2.75189943653E+17 1.00000095922E+00 5.16773528736E+26 5.60425499750E-07
 8.70562164868E+02 2.77714071068E+17 1.00000096246E+00 5.19760445900E+26 5.62315746022E-07
 8.75593958982E+02 2.80261350562E+17 1.00000096570E+00 5.22764627251E+26 5.64212367855E-07
 8.80654836554E+02 2.82831994493E+17 1.00000096896E+00 5.25786172572E+26 5.66115386755E-07
 8.85744965683E+02 2.85426217167E+17 1.00000097223E+00 5.28825182228E+26 5.68024824297E-07
 8.90864515441E+02 2.88044234854E+17 1.00000097551E+00 5.31881757161E+26 5.69940702131E-07
 8.96013655880E+02 2.90686265811E+17 1.00000097880E+00 5.34955998897E+26 5.71863041979E-07
 9.01192558030E+02 2.93352530294E+17 1.00000098210E+00 5.38048009549E+26 5.73791865636E-07
 9.06401393912E+02 2.96043250581E+17 1.00000098541E+00 5.41157891820E+26 5.75727194971E-07
 9.11640336542E+02 2.98758650988E+17 1.00000098874E+00 5.44285749007E+26 5.77669051928E-07
 9.16909559936E+02 3.01498957889E+17 1.00000099207E+00 5.47431685004E+26 5.79617458522E-07
 9.22209239113E+02 3.04264399734E+17 1.00000099542E+00 5.50595804304E+26 5.81572436846E-07
 9.27539550107E+02 3.07055207068E+17 1.00000099878E+00 5.53778212008E+26 5.83534009064E-07
 9.32900669967E+02 3.09871612551E+17 1.00000100214E+00 5.56979013819E+26 5.85502197417E-07
 9.38292776768E+02 3.12713850978E+17 1.00000100552E+00 5.60198316055E+26 5.87477024220E-07
 9.43716049611E+02 3.15582159296E+17 1.00000100892E+00 5.63436225648E+26 5.89458511864E-07
 9.49170668634E+02 3.18476776627E+17 1.00000101232E+00 5.66692850146E+26 5.91446682815E-07
 9.54656815018E+02 3.21397944285E+17 1.00000101573E+00 5.69968297720E+26 5.93441559615E-07
 9.60174670987E+02 3.24345905798E+17 1.00000101916E+00 5.73262677167E+26 5.95443164882E-07
 9.65724419821E+02 3.27320906926E+17 1.00000102260E+00 5.76576097912E+26 5.97451521310E-07
 9.71306245859E+02 3.30323195687E+17 1.00000102605E+00 5.79908670011E+26 5.99466651670E-07
 9.76920334506E+02 3.33353022370E+17 1.00000102951E+00 5.83260504159E+26 6.01488578809E-07
 9.82566872238E+02 3.36410639563E+17 1.00000103298E+00 5.86631711689E+26 6.03517325653E-07
 9.88246046607E+02 3.39496302167E+17 1.00000103646E+00 5.90022404578E+26 6.05552915202E-07
 9.93958046253E+02 3.42610267425E+17 1.00000103996E+00 5.93432695449E+26 6.07595370537E-07
 9.99703060903E+02 3.45752794936E+17 1.00000104347E+00 5.96862697579E+26 6.09644714814E-07
 1.00548128138E+03 3.48924146684E+17 1.00000104699E+00 6.00312524896E+26 6.11700971270E-07
 1.01129289962E+03 3.52124587052E+17 1.00000105052E+00 6.03782291990E+26 6.13764163218E-07
 1.01713810864E+03 3.55354382851E+17 1.00000105406E+00 6.07272114110E+26 6.15834314051E-07
 1.02301710262E+03 3.58613803338E+17 1.00000105762E+00 6.10782107173E+26 6.17911447240E-07
 1.02893007682E+03 3.61903120239E+17 1.00000106118E+00 6.14312387767E+26 6.19995586335E-07
 1.03487722764E+03 3.65222607773E+17 1.00000106476E+00 6.17863073151E+26 6.22086754968E-07
 1.04085875262E+03 3.68572542676E+17 1.00000106835E+00 6.21434281265E+26 6.24184976846E-07
 1.04687485045E+03 3.71953204219E+17 1.00000107196E+00 6.25026130727E+26 6.26290275760E-07
 1.05292572096E+03 3.75364874238E+17 1.00000107557E+00 6.28638740845E+26 6.28402675581E-07
 1.05901156512E+03 3.78807837151E+17 1.00000107920E+00 6.32272231612E+26 6.30522200257E-07
 1.06513258508E+03 3.82282379986E+17 1.00000108284E+00 6.35926723718E+26 6.32648873821E-07
 1.07128898416E+03 3.85788792404E+17 1.00000108649E+00 6.39602338549E+26 6.34782720385E-07
 1.07748096685E+03 3.89327366723E+17 1.00000109016E+00 6.43299198193E+26 6.36923764142E-07
 1.08370873881E+03 3.92898397943E+17 1.00000109383E+00 6.47017425444E+26 6.39072029367E-07
 1.08997250691E+03 3.96502183767E+17 1.00000109752E+00 6.50757143805E+26 6.41227540418E-07
 1.09627247921E+03 4.00139024630E+17 1.00000110123E+00 6.54518477493E+26 6.43390321733E-07
 1.10260886496E+03 4.03809223725E+17 1.00000110494E+00 6.58301551444E+26 6.45560397835E-07
 1.10898187462E+03 4.07513087024E+17 1.00000110867E+00 6.62106491315E+26 6.47737793327E-07
 1.11539171989E+03 4.11250923303E+17 1.00000111241E+00 6.65933423489E+26 6.49922532897E-07
 1.12183861366E+03 4.15023044175E+17 1.00000111616E+00 6.69782475080E+26 6.52114641315E-07
 1.12832277009E+03 4.18829764109E+17 1.00000111992E+00 6.73653773937E+26 6.54314143437E-07
 1.13484440454E+03 4.22671400456E+17 1.00000112370E+00 6.77547448649E+26 6.56521064198E-07
 1.14140373363E+03 4.26548273483E+17 1.00000112749E+00 6.81463628545E+26 6.58735428623E-07
 1.14800097524E+03 4.30460706390E+17 1.00000113129E+00 6.85402443705E+26 6.60957261816E-07
 1.15463634851E+03 4.34409025343E+17 1.00000113511E+00 6.89364024959E+26 6.63186588970E-07
 1.16131007382E+03 4.38393559501E+17 1.00000113894E+00 6.93348503893E+26 6.65423435360E-07
 1.16802237285E+03 4.42414641041E+17 1.00000114278E+00 6.97356012854E+26 6.67667826348E-07
 1.17477346856E+03 4.46472605187E+17 1.00000114663E+00 7.01386684955E+26 6.69919787381E-07
 1.18156358518E+03 4.50567790237E+17 1.00000115050E+00 7.05440654076E+26 6.72179343991E-07
 1.18839294826E+03 4.54700537592E+17 1.00000115438E+00 7.09518054874E+26 6.74446521797E-07
 1.19526178464E+03 4.58871191787E+17 1.00000115827E+00 7.13619022781E+26 6.76721346505E-07
 1.20217032247E+03 4.63080100514E+17 1.00000116218E+00 7.17743694015E+26 6.79003843907E-07
 1.20911879122E+03 4.67327614656E+17 1.00000116610E+00 7.21892205578E+26 6.81294039881E-07
 1.21610742170E+03 4.71614088313E+17 1.00000117003E+00 7.26064695266E+26 6.83591960393E-07
 1.22313644603E+03 4.75939878835E+17 1.00000117398E+00 7.30261301672E+26 6.85897631498E-07
 1.23020609769E+03 4.80305346848E+17 1.00000117794E+00 7.34482164188E+26 6.88211079337E-07
 1.23731661150E+03 4.84710856285E+17 1.00000118191E+00 7.38727423013E+26 6.90532330141E-07
 1.24446822364E+03 4.89156774420E+17 1.00000118590E+00 7.42997219156E+26 6.92861410226E-07
 1.25166117166E+03 4.93643471893E+17 1.00000118990E+00 7.47291694441E+26 6.95198346001E-07
 1.25889569448E+03 4.98171322746E+17 1.00000119391E+00 7.51610991512E+26 6.97543163962E-07
 1.26617203240E+03 5.02740704449E+17 1.00000119794E+00 7.55955253838E+26 6.99895890695E-07
 1.27349042710E+03 5.07351997937E+17 1.00000120198E+00 7.60324625715E+26 7.02256552873E-07
 1.28085112167E+03 5.12005587637E+17 1.00000120604E+00 7.64719252276E+26 7.04625177263E-07
 1.28825436061E+03 5.16701861503E+17 1.00000121010E+00 7.69139279490E+26 7.07001790721E-07
 1.29570038982E+03 5.21441211049E+17 1.00000121418E+00 7.73584854173E+26 7.09386420191E-07
 1.30318945661E+03 5.26224031376E+17 1.00000121828E+00 7.78056123986E+26 7.11779092712E-07
 1.31072180976E+03 5.31050721214E+17 1.00000122239E+00 7.82553237446E+26 7.14179835410E-07
 1.31829769944E+03 5.35921682946E+17 1.00000122651E+00 7.87076343927E+26 7.16588675507E-07
 1.32591737730E+03 5.40837322648E+17 1.00000123065E+00 7.91625593668E+26 7.19005640312E-07
 1.33358109643E+03 5.45798050120E+17 1.00000123480E+00 7.96201137774E+26 7.21430757231E-07
 1.34128911139E+03 5.50804278921E+17 1.00000123896E+00 8.00803128226E+26 7.23864053758E-07
 1.34904167820E+03 5.55856426403E+17 1.00000124314E+00 8.05431717881E+26 7.26305557482E-07
 1.35683905438E+03 5.60954913748E+17 1.00000124734E+00 8.10087060482E+26 7.28755296086E-07
 1.36468149891E+03 5.66100165998E+17 1.00000125154E+00 8.14769310657E+26 7.31213297343E-07
 1.37256927229E+03 5.71292612095E+17 1.00000125576E+00 8.19478623933E+26 7.33679589124E-07
 1.38050263651E+03 5.76532684917E+17 1.00000126000E+00 8.24215156731E+26 7.36154199391E-07
 1.38848185510E+03 5.81820821310E+17 1.00000126425E+00 8.28979066378E+26 7.38637156201E-07
 1.39650719308E+03 5.87157462128E+17 1.00000126851E+00 8.33770511111E+26 7.41128487705E-07
 1.40457891703E+03 5.92543052270E+17 1.00000127279E+00 8.38589650081E+26 7.43628222151E-07
 1.41269729504E+03 5.97978040712E+17 1.00000127709E+00 8.43436643359E+26 7.46136387881E-07
 1.42086259679E+03 6.03462880552E+17 1.00000128139E+00 8.48311651941E+26 7.48653013331E-07
 1.42907509348E+03 6.08998029042E+17 1.00000128572E+00 8.53214837753E+26 7.51178127036E-07
 1.43733505789E+03 6.14583947629E+17 1.00000129005E+00 8.58146363658E+26 7.53711757625E-07
 1.44564276440E+03 6.20221101992E+17 1.00000129440E+00 8.63106393460E+26 7.56253933824E-07
 1.45399848895E+03 6.25909962081E+17 1.00000129877E+00 8.68095091909E+26 7.58804684457E-07
 1.46240250907E+03 6.31651002157E+17 1.00000130315E+00 8.73112624709E+26 7.61364038444E-07
 1.47085510391E+03 6.37444700831E+17 1.00000130754E+00 8.78159158520E+26 7.63932024803E-07
 1.47935655424E+03 6.43291541104E+17 1.00000131196E+00 8.83234860967E+26 7.66508672650E-07
 1.48790714243E+03 6.49192010407E+17 1.00000131638E+00 8.88339900641E+26 7.69094011198E-07
 1.49650715250E+03 6.55146600643E+17 1.00000132082E+00 8.93474447110E+26 7.71688069761E-07
 1.50515687010E+03 6.61155808226E+17 1.00000132528E+00 8.98638670921E+26 7.74290877749E-07
 1.51385658254E+03 6.67220134121E+17 1.00000132975E+00 9.03832743608E+26 7.76902464674E-07
 1.52260657880E+03 6.73340083893E+17 1.00000133423E+00 9.09056837695E+26 7.79522860145E-07
 1.53140714949E+03 6.79516167740E+17 1.00000133873E+00 9.14311126704E+26 7.82152093873E-07
 1.54025858695E+03 6.85748900541E+17 1.00000134325E+00 9.19595785160E+26 7.84790195667E-07
 1.54916118518E+03 6.92038801899E+17 1.00000134778E+00 9.24910988595E+26 7.87437195439E-07
 1.55811523988E+03 6.98386396180E+17 1.00000135232E+00 9.30256913558E+26 7.90093123200E-07
 1.56712104847E+03 7.04792212562E+17 1.00000135688E+00 9.35633737618E+26 7.92758009063E-07
 1.57617891009E+03 7.11256785077E+17 1.00000136146E+00 9.41041639369E+26 7.95431883242E-07
 1.58528912560E+03 7.17780652653E+17 1.00000136605E+00 9.46480798437E+26 7.98114776054E-07
 1.59445199760E+03 7.24364359164E+17 1.00000137066E+00 9.51951395489E+26 8.00806717917E-07
 1.60366783044E+03 7.31008453471E+17 1.00000137528E+00 9.57453612234E+26 8.03507739353E-07
 1.61293693024E+03 7.37713489469E+17 1.00000137992E+00 9.62987631432E+26 8.06217870986E-07
 1.62225960487E+03 7.44480026134E+17 1.00000138458E+00 9.68553636898E+26 8.08937143543E-07
 1.63163616399E+03 7.51308627570E+17 1.00000138925E+00 9.74151813511E+26 8.11665587855E-07
 1.64106691905E+03 7.58199863054E+17 1.00000139393E+00 9.79782347219E+26 8.14403234858E-07
 1.65055218331E+03 7.65154307085E+17 1.00000139863E+00 9.85445425043E+26 8.17150115590E-07
 1.66009227182E+03 7.72172539430E+17 1.00000140335E+00 9.91141235086E+26 8.19906261195E-07
 1.66968750145E+03 7.79255145177E+17 1.00000140808E+00 9.96869966538E+26 8.22671702924E-07
 1.67933819094E+03 7.86402714778E+17 1.00000141283E+00 1.00263180968E+27 8.25446472130E-07
 1.68904466082E+03 7.93615844102E+17 1.00000141760E+00 1.00842695590E+27 8.28230600274E-07
 1.69880723351E+03 8.00895134482E+17 1.00000142238E+00 1.01425559769E+27 8.31024118922E-07
 1.70862623328E+03 8.08241192769E+17 1.00000142718E+00 1.02011792865E+27 8.33827059747E-07
 1.71850198627E+03 8.15654631378E+17 1.00000143199E+00 1.02601414349E+27 8.36639454529E-07
 1.72843482052E+03 8.23136068343E+17 1.00000143682E+00 1.03194443807E+27 8.39461335154E-07
 1.73842506594E+03 8.30686127365E+17 1.00000144167E+00 1.03790900936E+27 8.42292733617E-07
 1.74847305438E+03 8.38305437867E+17 1.00000144653E+00 1.04390805549E+27 8.45133682021E-07
 1.75857911959E+03 8.45994635046E+17 1.00000145141E+00 1.04994177571E+27 8.47984212575E-07
 1.76874359724E+03 8.53754359924E+17 1.00000145630E+00 1.05601037044E+27 8.50844357600E-07
 1.77896682495E+03 8.61585259402E+17 1.00000146122E+00 1.06211404124E+27 8.53714149523E-07
 1.78924914230E+03 8.69487986316E+17 1.00000146614E+00 1.06825299087E+27 8.56593620883E-07
 1.79959089082E+03 8.77463199490E+17 1.00000147109E+00 1.07442742322E+27 8.59482804325E-07
 1.80999241403E+03 8.85511563789E+17 1.00000147605E+00 1.08063754339E+27 8.62381732609E-07
 1.82045405741E+03 8.93633750179E+17 1.00000148103E+00 1.08688355764E+27 8.65290438602E-07
 1.83097616845E+03 9.01830435779E+17 1.00000148603E+00 1.09316567345E+27 8.68208955283E-07
 1.84155909667E+03 9.10102303919E+17 1.00000149104E+00 1.09948409948E+27 8.71137315741E-07
 1.85220319356E+03 9.18450044195E+17 1.00000149607E+00 1.10583904559E+27 8.74075553180E-07
 1.86290881270E+03 9.26874352532E+17 1.00000150111E+00 1.11223072288E+27 8.77023700911E-07
 1.87367630967E+03 9.35375931235E+17 1.00000150618E+00 1.11865934365E+27 8.79981792362E-07
 1.88450604212E+03 9.43955489051E+17 1.00000151126E+00 1.12512512142E+27 8.82949861071E-07
 1.89539836977E+03 9.52613741229E+17 1.00000151635E+00 1.13162827096E+27 8.85927940689E-07
 1.90635365441E+03 9.61351409578E+17 1.00000152147E+00 1.13816900828E+27 8.88916064984E-07
 1.91737225994E+03 9.70169222529E+17 1.00000152660E+00 1.14474755064E+27 8.91914267832E-07
 1.92845455235E+03 9.79067915192E+17 1.00000153175E+00 1.15136411654E+27 8.94922583230E-07
 1.93960089974E+03 9.88048229420E+17 1.00000153691E+00 1.15801892576E+27 8.97941045283E-07
 1.95081167234E+03 9.97110913873E+17 1.00000154210E+00 1.16471219934E+27 9.00969688216E-07
 1.96208724254E+03 1.00625672407E+18 1.00000154730E+00 1.17144415960E+27 9.04008546368E-07
 1.97342798485E+03 1.01548642248E+18 1.00000155252E+00 1.17821503015E+27 9.07057654192E-07
 1.98483427597E+03 1.02480077854E+18 1.00000155776E+00 1.18502503589E+27 9.10117046260E-07
 1.99630649476E+03 1.03420056876E+18 1.00000156301E+00 1.19187440302E+27 9.13186757258E-07
 2.00784502229E+03 1.04368657677E+18 1.00000156828E+00 1.19876335904E+27 9.16266821992E-07
 2.01945024182E+03 1.05325959338E+18 1.00000157357E+00 1.20569213278E+27 9.19357275383E-07
 2.03112253881E+03 1.06292041666E+18 1.00000157888E+00 1.21266095437E+27 9.22458152469E-07
 2.04286230098E+03 1.07266985201E+18 1.00000158420E+00 1.21967005530E+27 9.25569488410E-07
 2.05466991827E+03 1.08250871220E+18 1.00000158955E+00 1.22671966837E+27 9.28691318481E-07
 2.06654578288E+03 1.09243781747E+18 1.00000159491E+00 1.23381002774E+27 9.31823678078E-07
 2.07849028927E+03 1.10245799556E+18 1.00000160029E+00 1.24094136893E+27 9.34966602714E-07
 2.09050383420E+03 1.11257008183E+18 1.00000160569E+00 1.24811392880E+27 9.38120128025E-07
 2.10258681669E+03 1.12277491929E+18 1.00000161110E+00 1.25532794560E+27 9.41284289765E-07
 2.11473963809E+03 1.13307335868E+18 1.00000161654E+00 1.26258365895E+27 9.44459123809E-07
 2.12696270208E+03 1.14346625855E+18 1.00000162199E+00 1.26988130984E+27 9.47644666153E-07
 2.13925641464E+03 1.15395448531E+18 1.00000162746E+00 1.27722114067E+27 9.50840952915E-07
 2.15162118412E+03 1.16453891334E+18 1.00000163295E+00 1.28460339525E+27 9.54048020335E-07
 2.16405742123E+03 1.17522042502E+18 1.00000163846E+00 1.29202831878E+27 9.57265904773E-07
 2.17656553904E+03 1.18599991084E+18 1.00000164398E+00 1.29949615787E+27 9.60494642715E-07
 2.18914595303E+03 1.19687826944E+18 1.00000164953E+00 1.30700716059E+27 9.63734270767E-07
 2.20179908105E+03 1.20785640771E+18 1.00000165509E+00 1.31456157642E+27 9.66984825660E-07
 2.21452534340E+03 1.21893524087E+18 1.00000166067E+00 1.32215965627E+27 9.70246344250E-07
 2.22732516278E+03 1.23011569252E+18 1.00000166627E+00 1.32980165252E+27 9.73518863514E-07
 2.24019896435E+03 1.24139869473E+18 1.00000167189E+00 1.33748781902E+27 9.76802420557E-07
 2.25314717573E+03 1.25278518814E+18 1.00000167753E+00 1.34521841105E+27 9.80097052608E-07
 2.26617022699E+03 1.26427612199E+18 1.00000168319E+00 1.35299368540E+27 9.83402797020E-07
 2.27926855071E+03 1.27587245425E+18 1.00000168887E+00 1.36081390032E+27 9.86719691276E-07
 2.29244258196E+03 1.28757515166E+18 1.00000169456E+00 1.36867931558E+27 9.90047772980E-07
 2.30569275833E+03 1.29938518983E+18 1.00000170028E+00 1.37659019242E+27 9.93387079867E-07
 2.31901951992E+03 1.31130355334E+18 1.00000170602E+00 1.38454679361E+27 9.96737649798E-07
 2.33242330940E+03 1.32333123577E+18 1.00000171177E+00 1.39254938344E+27 1.00009952076E-06
 2.34590457198E+03 1.33546923982E+18 1.00000171754E+00 1.40059822771E+27 1.00347273087E-06
 2.35946375545E+03 1.34771857741E+18 1.00000172334E+00 1.40869359377E+27 1.00685731838E-06
 2.37310131020E+03 1.36008026972E+18 1.00000172915E+00 1.41683575052E+27 1.01025332166E-06
 2.38681768920E+03 1.37255534730E+18 1.00000173498E+00 1.42502496841E+27 1.01366077921E-06
 2.40061334806E+03 1.38514485016E+18 1.00000174083E+00 1.43326151943E+27 1.01707972966E-06
 2.41448874500E+03 1.39784982783E+18 1.00000174670E+00 1.44154567718E+27 1.02051021179E-06
 2.42844434090E+03 1.41067133950E+18 1.00000175260E+00 1.44987771682E+27 1.02395226448E-06
 2.44248059933E+03 1.42361045404E+18 1.00000175851E+00 1.45825791511E+27 1.02740592676E-06
 2.45659798649E+03 1.43666825016E+18 1.00000176444E+00 1.46668655039E+27 1.03087123779E-06
 2.47079697130E+03 1.44984581642E+18 1.00000177039E+00 1.47516390263E+27 1.03434823685E-06
 2.48507802541E+03 1.46314425140E+18 1.00000177636E+00 1.48369025342E+27 1.03783696338E-06
 2.49944162316E+03 1.47656466375E+18 1.00000178235E+00 1.49226588595E+27 1.04133745692E-06
 2.51388824165E+03 1.49010817228E+18 1.00000178836E+00 1.50089108508E+27 1.04484975717E-06
 2.52841836074E+03 1.50377590606E+18 1.00000179440E+00 1.50956613729E+27 1.04837390394E-06
 2.54303246305E+03 1.51756900454E+18 1.00000180045E+00 1.51829133074E+27 1.05190993719E-06
 2.55773103401E+03 1.53148861758E+18 1.00000180652E+00 1.52706695523E+27 1.05545789702E-06
 2.57251456183E+03 1.54553590563E+18 1.00000181261E+00 1.53589330226E+27 1.05901782364E-06
 2.58738353757E+03 1.55971203976E+18 1.00000181873E+00 1.54477066500E+27 1.06258975743E-06
 2.60233845511E+03 1.57401820178E+18 1.00000182486E+00 1.55369933831E+27 1.06617373888E-06
 2.61737981118E+03 1.58845558435E+18 1.00000183102E+00 1.56267961877E+27 1.06976980863E-06
 2.63250810540E+03 1.60302539106E+18 1.00000183719E+00 1.57171180466E+27 1.07337800744E-06
 2.64772384027E+03 1.61772883656E+18 1.00000184339E+00 1.58079619600E+27 1.07699837623E-06
 2.66302752118E+03 1.63256714661E+18 1.00000184961E+00 1.58993309452E+27 1.08063095605E-06
 2.67841965646E+03 1.64754155824E+18 1.00000185585E+00 1.59912280372E+27 1.08427578808E-06
 2.69390075737E+03 1.66265331981E+18 1.00000186211E+00 1.60836562884E+27 1.08793291364E-06
 2.70947133813E+03 1.67790369114E+18 1.00000186839E+00 1.61766187688E+27 1.09160237421E-06
 2.72513191592E+03 1.69329394360E+18 1.00000187469E+00 1.62701185662E+27 1.09528421138E-06
 2.74088301093E+03 1.70882536023E+18 1.00000188101E+00 1.63641587864E+27 1.09897846690E-06
 2.75672514633E+03 1.72449923582E+18 1.00000188736E+00 1.64587425529E+27 1.10268518265E-06
 2.77265884835E+03 1.74031687705E+18 1.00000189372E+00 1.65538730073E+27 1.10640440067E-06
 2.78868464622E+03 1.75627960259E+18 1.00000190011E+00 1.66495533096E+27 1.11013616311E-06
 2.80480307225E+03 1.77238874319E+18 1.00000190652E+00 1.67457866377E+27 1.11388051229E-06
 2.82101466184E+03 1.78864564182E+18 1.00000191295E+00 1.68425761882E+27 1.11763749067E-06
 2.83731995346E+03 1.80505165376E+18 1.00000191940E+00 1.69399251759E+27 1.12140714084E-06
 2.85371948870E+03 1.82160814672E+18 1.00000192587E+00 1.70378368345E+27 1.12518950553E-06
 2.87021381229E+03 1.83831650097E+18 1.00000193237E+00 1.71363144160E+27 1.12898462764E-06
 2.88680347210E+03 1.85517810942E+18 1.00000193889E+00 1.72353611914E+27 1.13279255020E-06
 2.90348901916E+03 1.87219437776E+18 1.00000194543E+00 1.73349804508E+27 1.13661331637E-06
 2.92027100771E+03 1.88936672459E+18 1.00000195199E+00 1.74351755029E+27 1.14044696947E-06
 2.93714999516E+03 1.90669658151E+18 1.00000195857E+00 1.75359496759E+27 1.14429355298E-06
 2.95412654216E+03 1.92418539324E+18 1.00000196518E+00 1.76373063170E+27 1.14815311050E-06
 2.97120121261E+03 1.94183461777E+18 1.00000197181E+00 1.77392487929E+27 1.15202568580E-06
 2.98837457365E+03 1.95964572645E+18 1.00000197846E+00 1.78417804896E+27 1.15591132278E-06
 3.00564719571E+03 1.97762020414E+18 1.00000198513E+00 1.79449048127E+27 1.15981006549E-06
 3.02301965251E+03 1.99575954931E+18 1.00000199183E+00 1.80486251878E+27 1.16372195815E-06
 3.04049252108E+03 2.01406527418E+18 1.00000199854E+00 1.81529450598E+27 1.16764704509E-06
 3.05806638182E+03 2.03253890482E+18 1.00000200529E+00 1.82578678938E+27 1.17158537084E-06
 3.07574181843E+03 2.05118198132E+18 1.00000201205E+00 1.83633971749E+27 1.17553698002E-06
 3.09351941804E+03 2.06999605790E+18 1.00000201884E+00 1.84695364084E+27 1.17950191747E-06
 3.11139977112E+03 2.08898270302E+18 1.00000202564E+00 1.85762891197E+27 1.18348022811E-06
 3.12938347160E+03 2.10814349953E+18 1.00000203248E+00 1.86836588547E+27 1.18747195707E-06
 3.14747111682E+03 2.12748004480E+18 1.00000203933E+00 1.87916491797E+27 1.19147714959E-06
 3.16566330757E+03 2.14699395085E+18 1.00000204621E+00 1.89002636818E+27 1.19549585110E-06
 3.18396064811E+03 2.16668684450E+18 1.00000205311E+00 1.90095059685E+27 1.19952810715E-06
 3.20236374621E+03 2.18656036746E+18 1.00000206004E+00 1.91193796685E+27 1.20357396345E-06
 3.22087321314E+03 2.20661617654E+18 1.00000206699E+00 1.92298884313E+27 1.20763346590E-06
 3.23948966371E+03 2.22685594371E+18 1.00000207396E+00 1.93410359275E+27 1.21170666050E-06
 3.25821371627E+03 2.24728135629E+18 1.00000208095E+00 1.94528258490E+27 1.21579359344E-06
 3.27704599277E+03 2.26789411709E+18 1.00000208797E+00 1.95652619089E+27 1.21989431106E-06
 3.29598711872E+03 2.28869594452E+18 1.00000209501E+00 1.96783478419E+27 1.22400885985E-06
 3.31503772327E+03 2.30968857275E+18 1.00000210208E+00 1.97920874041E+27 1.22813728646E-06
 3.33419843921E+03 2.33087375186E+18 1.00000210917E+00 1.99064843736E+27 1.23227963770E-06
 3.35346990297E+03 2.35225324801E+18 1.00000211628E+00 2.00215425501E+27 1.23643596054E-06
 3.37285275467E+03 2.37382884352E+18 1.00000212342E+00 2.01372657553E+27 1.24060630210E-06
 3.39234763811E+03 2.39560233707E+18 1.00000213058E+00 2.02536578330E+27 1.24479070966E-06
 3.41195520085E+03 2.41757554385E+18 1.00000213777E+00 2.03707226493E+27 1.24898923066E-06
 3.43167609416E+03 2.43975029569E+18 1.00000214498E+00 2.04884640926E+27 1.25320191271E-06
 3.45151097309E+03 2.46212844123E+18 1.00000215221E+00 2.06068860738E+27 1.25742880358E-06
 3.47146049646E+03 2.48471184604E+18 1.00000215947E+00 2.07259925262E+27 1.26166995118E-06
 3.49152532692E+03 2.50750239285E+18 1.00000216676E+00 2.08457874062E+27 1.26592540360E-06
 3.51170613093E+03 2.53050198161E+18 1.00000217407E+00 2.09662746927E+27 1.27019520909E-06
 3.53200357882E+03 2.55371252972E+18 1.00000218140E+00 2.10874583878E+27 1.27447941606E-06
 3.55241834477E+03 2.57713597217E+18 1.00000218876E+00 2.12093425168E+27 1.27877807308E-06
 3.57295110689E+03 2.60077426169E+18 1.00000219614E+00 2.13319311280E+27 1.28309122890E-06
 3.59360254718E+03 2.62462936893E+18 1.00000220355E+00 2.14552282934E+27 1.28741893241E-06
 3.61437335160E+03 2.64870328259E+18 1.00000221098E+00 2.15792381083E+27 1.29176123268E-06
 3.63526421006E+03 2.67299800966E+18 1.00000221844E+00 2.17039646919E+27 1.29611817894E-06
 3.65627581647E+03 2.69751557548E+18 1.00000222592E+00 2.18294121869E+27 1.30048982060E-06
 3.67740886876E+03 2.72225802402E+18 1.00000223343E+00 2.19555847603E+27 1.30487620721E-06
 3.69866406886E+03 2.74722741796E+18 1.00000224096E+00 2.20824866028E+27 1.30927738852E-06
 3.72004212278E+03 2.77242583891E+18 1.00000224852E+00 2.22101219297E+27 1.31369341441E-06
 3.74154374063E+03 2.79785538759E+18 1.00000225610E+00 2.23384949804E+27 1.31812433497E-06
 3.76316963658E+03 2.82351818397E+18 1.00000226371E+00 2.24676100190E+27 1.32257020042E-06
 3.78492052896E+03 2.84941636746E+18 1.00000227135E+00 2.25974713340E+27 1.32703106118E-06
 3.80679714024E+03 2.87555209712E+18 1.00000227901E+00 2.27280832390E+27 1.33150696781E-06
 3.82880019706E+03 2.90192755179E+18 1.00000228669E+00 2.28594500722E+27 1.33599797108E-06
 3.85093043029E+03 2.92854493029E+18 1.00000229441E+00 2.29915761970E+27 1.34050412189E-06
 3.87318857499E+03 2.95540645164E+18 1.00000230215E+00 2.31244660023E+27 1.34502547134E-06
 3.89557537048E+03 2.98251435519E+18 1.00000230991E+00 2.32581239019E+27 1.34956207068E-06
 3.91809156036E+03 3.00987090082E+18 1.00000231770E+00 2.33925543354E+27 1.35411397137E-06
 3.94073789252E+03 3.03747836917E+18 1.00000232552E+00 2.35277617680E+27 1.35868122500E-06
 3.96351511918E+03 3.06533906176E+18 1.00000233336E+00 2.36637506908E+27 1.36326388335E-06
 3.98642399689E+03 3.09345530126E+18 1.00000234123E+00 2.38005256206E+27 1.36786199839E-06
 4.00946528660E+03 3.12182943163E+18 1.00000234913E+00 2.39380911005E+27 1.37247562225E-06
 4.03263975364E+03 3.15046381830E+18 1.00000235705E+00 2.40764516999E+27 1.37710480724E-06
 4.05594816777E+03 3.17936084844E+18 1.00000236500E+00 2.42156120146E+27 1.38174960584E-06
 4.07939130319E+03 3.20852293109E+18 1.00000237298E+00 2.43555766667E+27 1.38641007072E-06
 4.10296993859E+03 3.23795249740E+18 1.00000238098E+00 2.44963503053E+27 1.39108625471E-06
 4.12668485714E+03 3.26765200081E+18 1.00000238901E+00 2.46379376064E+27 1.39577821083E-06
 4.15053684657E+03 3.29762391726E+18 1.00000239707E+00 2.47803432728E+27 1.40048599229E-06
 4.17452669912E+03 3.32787074542E+18 1.00000240516E+00 2.49235720346E+27 1.40520965245E-06
 4.19865521165E+03 3.35839500685E+18 1.00000241327E+00 2.50676286493E+27 1.40994924487E-06
 4.22292318560E+03 3.38919924627E+18 1.00000242141E+00 2.52125179018E+27 1.41470482330E-06
 4.24733142705E+03 3.42028603171E+18 1.00000242958E+00 2.53582446047E+27 1.41947644164E-06
 4.27188074673E+03 3.45165795478E+18 1.00000243777E+00 2.55048135984E+27 1.42426415400E-06
 4.29657196008E+03 3.48331763085E+18 1.00000244599E+00 2.56522297513E+27 1.42906801467E-06
 4.32140588723E+03 3.51526769928E+18 1.00000245424E+00 2.58004979599E+27 1.43388807810E-06
 4.34638335306E+03 3.54751082363E+18 1.00000246252E+00 2.59496231491E+27 1.43872439895E-06
 4.37150518722E+03 3.58004969190E+18 1.00000247083E+00 2.60996102720E+27 1.44357703205E-06
 4.39677222414E+03 3.61288701676E+18 1.00000247916E+00 2.62504643107E+27 1.44844603241E-06
 4.42218530310E+03 3.64602553573E+18 1.00000248752E+00 2.64021902759E+27 1.45333145525E-06
 4.44774526820E+03 3.67946801146E+18 1.00000249591E+00 2.65547932073E+27 1.45823335596E-06
 4.47345296844E+03 3.71321723194E+18 1.00000250433E+00 2.67082781735E+27 1.46315179011E-06
 4.49930925773E+03 3.74727601073E+18 1.00000251278E+00 2.68626502729E+27 1.46808681346E-06
 4.52531499489E+03 3.78164718719E+18 1.00000252125E+00 2.70179146329E+27 1.47303848197E-06
 4.55147104373E+03 3.81633362673E+18 1.00000252976E+00 2.71740764107E+27 1.47800685178E-06
 4.57777827305E+03 3.85133822103E+18 1.00000253829E+00 2.73311407933E+27 1.48299197923E-06
 4.60423755666E+03 3.88666388832E+18 1.00000254685E+00 2.74891129978E+27 1.48799392082E-06
 4.63084977342E+03 3.92231357357E+18 1.00000255544E+00 2.76479982713E+27 1.49301273328E-06
 4.65761580729E+03 3.95829024878E+18 1.00000256406E+00 2.78078018913E+27 1.49804847351E-06
 4.68453654731E+03 3.99459691320E+18 1.00000257271E+00 2.79685291658E+27 1.50310119859E-06
 4.71161288768E+03 4.03123659360E+18 1.00000258139E+00 2.81301854333E+27 1.50817096583E-06
 4.73884572776E+03 4.06821234449E+18 1.00000259009E+00 2.82927760636E+27 1.51325783270E-06
 4.76623597211E+03 4.10552724843E+18 1.00000259883E+00 2.84563064570E+27 1.51836185687E-06
 4.79378453052E+03 4.14318441622E+18 1.00000260759E+00 2.86207820454E+27 1.52348309621E-06
 4.82149231804E+03 4.18118698723E+18 1.00000261639E+00 2.87862082919E+27 1.52862160879E-06
 4.84936025501E+03 4.21953812958E+18 1.00000262521E+00 2.89525906913E+27 1.53377745286E-06
 4.87738926707E+03 4.25824104050E+18 1.00000263407E+00 2.91199347700E+27 1.53895068689E-06
 4.90558028524E+03 4.29729894650E+18 1.00000264295E+00 2.92882460866E+27 1.54414136953E-06
 4.93393424590E+03 4.33671510372E+18 1.00000265187E+00 2.94575302316E+27 1.54934955962E-06
 4.96245209085E+03 4.37649279815E+18 1.00000266081E+00 2.96277928278E+27 1.55457531622E-06
 4.99113476733E+03 4.41663534591E+18 1.00000266979E+00 2.97990395308E+27 1.55981869858E-06
 5.01998322807E+03 4.45714609355E+18 1.00000267879E+00 2.99712760284E+27 1.56507976615E-06
 5.04899843128E+03 4.49802841832E+18 1.00000268783E+00 3.01445080417E+27 1.57035857857E-06
 5.07818134073E+03 4.53928572844E+18 1.00000269689E+00 3.03187413247E+27 1.57565519569E-06
 5.10753292576E+03 4.58092146339E+18 1.00000270599E+00 3.04939816647E+27 1.58096967758E-06
 5.13705416129E+03 4.62293909420E+18 1.00000271512E+00 3.06702348824E+27 1.58630208448E-06
 5.16674602790E+03 4.66534212374E+18 1.00000272427E+00 3.08475068322E+27 1.59165247685E-06
 5.19660951183E+03 4.70813408700E+18 1.00000273346E+00 3.10258034022E+27 1.59702091535E-06
 5.22664560502E+03 4.75131855140E+18 1.00000274268E+00 3.12051305147E+27 1.60240746086E-06
 5.25685530515E+03 4.79489911709E+18 1.00000275193E+00 3.13854941262E+27 1.60781217444E-06
 5.28723961564E+03 4.83887941722E+18 1.00000276121E+00 3.15669002275E+27 1.61323511737E-06
 5.31779954574E+03 4.88326311830E+18 1.00000277053E+00 3.17493548442E+27 1.61867635114E-06
 5.34853611052E+03 4.92805392043E+18 1.00000277987E+00 3.19328640367E+27 1.62413593743E-06
 5.37945033093E+03 4.97325555768E+18 1.00000278925E+00 3.21174339003E+27 1.62961393815E-06
 5.41054323380E+03 5.01887179834E+18 1.00000279866E+00 3.23030705656E+27 1.63511041541E-06
 5.44181585190E+03 5.06490644530E+18 1.00000280810E+00 3.24897801987E+27 1.64062543153E-06
 5.47326922399E+03 5.11136333630E+18 1.00000281757E+00 3.26775690013E+27 1.64615904903E-06
 5.50490439481E+03 5.15824634429E+18 1.00000282707E+00 3.28664432108E+27 1.65171133065E-06
 5.53672241515E+03 5.20555937776E+18 1.00000283661E+00 3.30564091009E+27 1.65728233935E-06
 5.56872434187E+03 5.25330638103E+18 1.00000284617E+00 3.32474729814E+27 1.66287213828E-06
 5.60091123794E+03 5.30149133460E+18 1.00000285577E+00 3.34396411987E+27 1.66848079083E-06
 5.63328417247E+03 5.35011825550E+18 1.00000286541E+00 3.36329201356E+27 1.67410836059E-06
 5.66584422076E+03 5.39919119758E+18 1.00000287507E+00 3.38273162122E+27 1.67975491136E-06
 5.69859246431E+03 5.44871425189E+18 1.00000288477E+00 3.40228358853E+27 1.68542050715E-06
 5.73152999089E+03 5.49869154699E+18 1.00000289450E+00 3.42194856494E+27 1.69110521221E-06
 5.76465789454E+03 5.54912724933E+18 1.00000290426E+00 3.44172720362E+27 1.69680909099E-06
 5.79797727563E+03 5.60002556355E+18 1.00000291406E+00 3.46162016154E+27 1.70253220816E-06
 5.83148924088E+03 5.65139073288E+18 1.00000292388E+00 3.48162809945E+27 1.70827462860E-06
 5.86519490344E+03 5.70322703945E+18 1.00000293375E+00 3.50175168193E+27 1.71403641743E-06
 5.89909538285E+03 5.75553880469E+18 1.00000294364E+00 3.52199157741E+27 1.71981763997E-06
 5.93319180515E+03 5.80833038964E+18 1.00000295357E+00 3.54234845815E+27 1.72561836176E-06
 5.96748530289E+03 5.86160619537E+18 1.00000296353E+00 3.56282300033E+27 1.73143864858E-06
 6.00197701513E+03 5.91537066329E+18 1.00000297353E+00 3.58341588403E+27 1.73727856641E-06
 6.03666808757E+03 5.96962827557E+18 1.00000298356E+00 3.60412779325E+27 1.74313818146E-06
 6.07155967248E+03 6.02438355547E+18 1.00000299362E+00 3.62495941594E+27 1.74901756018E-06
 6.10665292882E+03 6.07964106777E+18 1.00000300372E+00 3.64591144405E+27 1.75491676922E-06
 6.14194902225E+03 6.13540541908E+18 1.00000301385E+00 3.66698457351E+27 1.76083587546E-06
 6.17744912514E+03 6.19168125830E+18 1.00000302401E+00 3.68817950428E+27 1.76677494603E-06
 6.21315441667E+03 6.24847327696E+18 1.00000303421E+00 3.70949694036E+27 1.77273404824E-06
 6.24906608281E+03 6.30578620960E+18 1.00000304445E+00 3.73093758983E+27 1.77871324967E-06
 6.28518531640E+03 6.36362483421E+18 1.00000305472E+00 3.75250216485E+27 1.78471261811E-06
 6.32151331717E+03 6.42199397261E+18 1.00000306502E+00 3.77419138170E+27 1.79073222157E-06
 6.35805129179E+03 6.48089849083E+18 1.00000307536E+00 3.79600596080E+27 1.79677212831E-06
 6.39480045388E+03 6.54034329954E+18 1.00000308573E+00 3.81794662674E+27 1.80283240681E-06
 6.43176202411E+03 6.60033335445E+18 1.00000309614E+00 3.84001410830E+27 1.80891312577E-06
 6.46893723019E+03 6.66087365673E+18 1.00000310658E+00 3.86220913845E+27 1.81501435415E-06
 6.50632730691E+03 6.72196925341E+18 1.00000311706E+00 3.88453245442E+27 1.82113616111E-06
 6.54393349622E+03 6.78362523784E+18 1.00000312757E+00 3.90698479770E+27 1.82727861606E-06
 6.58175704725E+03 6.84584675005E+18 1.00000313812E+00 3.92956691406E+27 1.83344178864E-06
 6.61979921632E+03 6.90863897725E+18 1.00000314871E+00 3.95227955356E+27 1.83962574874E-06
 6.65806126705E+03 6.97200715421E+18 1.00000315933E+00 3.97512347064E+27 1.84583056647E-06
 6.69654447034E+03 7.03595656372E+18 1.00000316998E+00 3.99809942406E+27 1.85205631217E-06
 6.73525010443E+03 7.10049253703E+18 1.00000318067E+00 4.02120817699E+27 1.85830305643E-06
 6.77417945497E+03 7.16562045428E+18 1.00000319140E+00 4.04445049700E+27 1.86457087007E-06
 6.81333381503E+03 7.23134574496E+18 1.00000320217E+00 4.06782715610E+27 1.87085982417E-06
 6.85271448515E+03 7.29767388837E+18 1.00000321297E+00 4.09133893075E+27 1.87716999002E-06
 6.89232277340E+03 7.36461041405E+18 1.00000322380E+00 4.11498660192E+27 1.88350143916E-06
 6.93215999539E+03 7.43216090229E+18 1.00000323468E+00 4.13877095509E+27 1.88985424339E-06
 6.97222747436E+03 7.50033098453E+18 1.00000324559E+00 4.16269278026E+27 1.89622847472E-06
 7.01252654116E+03 7.56912634389E+18 1.00000325653E+00 4.18675287201E+27 1.90262420544E-06
 7.05305853439E+03 7.63855271559E+18 1.00000326752E+00 4.21095202952E+27 1.90904150805E-06
 7.09382480032E+03 7.70861588748E+18 1.00000327854E+00 4.23529105657E+27 1.91548045531E-06
 7.13482669306E+03 7.77932170049E+18 1.00000328960E+00 4.25977076161E+27 1.92194112022E-06
 7.17606557451E+03 7.85067604913E+18 1.00000330069E+00 4.28439195774E+27 1.92842357604E-06
 7.21754281446E+03 7.92268488195E+18 1.00000331183E+00 4.30915546277E+27 1.93492789626E-06
 7.25925979060E+03 7.99535420210E+18 1.00000332300E+00 4.33406209924E+27 1.94145415463E-06
 7.30121788861E+03 8.06869006776E+18 1.00000333420E+00 4.35911269444E+27 1.94800242514E-06
 7.34341850214E+03 8.14269859270E+18 1.00000334545E+00 4.38430808043E+27 1.95457278204E-06
 7.38586303294E+03 8.21738594676E+18 1.00000335673E+00 4.40964909411E+27 1.96116529982E-06
 7.42855289083E+03 8.29275835637E+18 1.00000336806E+00 4.43513657719E+27 1.96778005321E-06
 7.47148949380E+03 8.36882210507E+18 1.00000337942E+00 4.46077137625E+27 1.97441711723E-06
 7.51467426800E+03 8.44558353403E+18 1.00000339081E+00 4.48655434278E+27 1.98107656712E-06
 7.55810864787E+03 8.52304904261E+18 1.00000340225E+00 4.51248633316E+27 1.98775847838E-06
 7.60179407612E+03 8.60122508883E+18 1.00000341373E+00 4.53856820875E+27 1.99446292678E-06
 7.64573200378E+03 8.68011818996E+18 1.00000342524E+00 4.56480083587E+27 2.00118998832E-06
 7.68992389030E+03 8.75973492305E+18 1.00000343679E+00 4.59118508586E+27 2.00793973928E-06
 7.73437120354E+03 8.84008192549E+18 1.00000344839E+00 4.61772183508E+27 2.01471225619E-06
 7.77907541987E+03 8.92116589552E+18 1.00000346002E+00 4.64441196498E+27 2.02150761582E-06
 7.82403802416E+03 9.00299359285E+18 1.00000347169E+00 4.67125636209E+27 2.02832589523E-06
 7.86926050989E+03 9.08557183917E+18 1.00000348340E+00 4.69825591805E+27 2.03516717172E-06
 7.91474437916E+03 9.16890751874E+18 1.00000349515E+00 4.72541152968E+27 2.04203152286E-06
 7.96049114276E+03 9.25300757898E+18 1.00000350693E+00 4.75272409896E+27 2.04891902647E-06
 8.00650232019E+03 9.33787903103E+18 1.00000351876E+00 4.78019453311E+27 2.05582976064E-06
 8.05277943977E+03 9.42352895033E+18 1.00000353063E+00 4.80782374457E+27 2.06276380372E-06
 8.09932403863E+03 9.50996447723E+18 1.00000354254E+00 4.83561265106E+27 2.06972123434E-06
 8.14613766277E+03 9.59719281755E+18 1.00000355449E+00 4.86356217561E+27 2.07670213137E-06
 8.19322186716E+03 9.68522124324E+18 1.00000356648E+00 4.89167324658E+27 2.08370657396E-06
 8.24057821575E+03 9.77405709291E+18 1.00000357851E+00 4.91994679771E+27 2.09073464153E-06
 8.28820828149E+03 9.86370777253E+18 1.00000359058E+00 4.94838376810E+27 2.09778641375E-06
 8.33611364648E+03 9.95418075594E+18 1.00000360269E+00 4.97698510233E+27 2.10486197060E-06
 8.38429590193E+03 1.00454835856E+19 1.00000361484E+00 5.00575175040E+27 2.11196139227E-06
 8.43275664825E+03 1.01376238731E+19 1.00000362703E+00 5.03468466780E+27 2.11908475927E-06
 8.48149749511E+03 1.02306092998E+19 1.00000363926E+00 5.06378481558E+27 2.12623215236E-06
 8.53052006147E+03 1.03244476177E+19 1.00000365154E+00 5.09305316030E+27 2.13340365257E-06
 8.57982597566E+03 1.04191466497E+19 1.00000366385E+00 5.12249067415E+27 2.14059934122E-06
 8.62941687542E+03 1.05147142906E+19 1.00000367621E+00 5.15209833489E+27 2.14781929989E-06
 8.67929440795E+03 1.06111585075E+19 1.00000368861E+00 5.18187712597E+27 2.15506361043E-06
 8.72946022998E+03 1.07084873406E+19 1.00000370105E+00 5.21182803652E+27 2.16233235498E-06
 8.77991600780E+03 1.08067089039E+19 1.00000371354E+00 5.24195206137E+27 2.16962561596E-06
 8.83066341735E+03 1.09058313859E+19 1.00000372606E+00 5.27225020111E+27 2.17694347605E-06
 8.88170414425E+03 1.10058630499E+19 1.00000373863E+00 5.30272346212E+27 2.18428601822E-06
 8.93303988385E+03 1.11068122353E+19 1.00000375124E+00 5.33337285658E+27 2.19165332572E-06
 8.98467234131E+03 1.12086873580E+19 1.00000376389E+00 5.36419940253E+27 2.19904548208E-06
 9.03660323166E+03 1.13114969109E+19 1.00000377659E+00 5.39520412390E+27 2.20646257112E-06
 9.08883427982E+03 1.14152494648E+19 1.00000378933E+00 5.42638805053E+27 2.21390467691E-06
 9.14136722069E+03 1.15199536692E+19 1.00000380211E+00 5.45775221822E+27 2.22137188384E-06
 9.19420379920E+03 1.16256182531E+19 1.00000381493E+00 5.48929766874E+27 2.22886427658E-06
 9.24734577035E+03 1.17322520253E+19 1.00000382780E+00 5.52102544990E+27 2.23638194007E-06
 9.30079489931E+03 1.18398638755E+19 1.00000384071E+00 5.55293661556E+27 2.24392495954E-06
 9.35455296143E+03 1.19484627749E+19 1.00000385366E+00 5.58503222566E+27 2.25149342052E-06
 9.40862174232E+03 1.20580577770E+19 1.00000386666E+00 5.61731334629E+27 2.25908740881E-06
 9.46300303794E+03 1.21686580185E+19 1.00000387970E+00 5.64978104969E+27 2.26670701052E-06
 9.51769865461E+03 1.22802727196E+19 1.00000389279E+00 5.68243641428E+27 2.27435231203E-06
 9.57271040908E+03 1.23929111853E+19 1.00000390592E+00 5.71528052475E+27 2.28202340003E-06
 9.62804012861E+03 1.25065828060E+19 1.00000391909E+00 5.74831447202E+27 2.28972036149E-06
 9.68368965104E+03 1.26212970580E+19 1.00000393231E+00 5.78153935335E+27 2.29744328367E-06
 9.73966082480E+03 1.27370635046E+19 1.00000394557E+00 5.81495627231E+27 2.30519225414E-06
 9.79595550903E+03 1.28538917970E+19 1.00000395888E+00 5.84856633888E+27 2.31296736075E-06
 9.85257557361E+03 1.29717916746E+19 1.00000397223E+00 5.88237066943E+27 2.32076869165E-06
 9.90952289921E+03 1.30907729664E+19 1.00000398563E+00 5.91637038680E+27 2.32859633530E-06
 9.96679937740E+03 1.32108455915E+19 1.00000399908E+00 5.95056662031E+27 2.33645038045E-06
 1.00244069107E+04 1.33320195599E+19 1.00000401256E+00 5.98496050581E+27 2.34433091614E-06
 1.00823474125E+04 1.34543049735E+19 1.00000402610E+00 6.01955318572E+27 2.35223803171E-06
 1.01406228074E+04 1.35777120268E+19 1.00000403968E+00 6.05434580906E+27 2.36017181683E-06
 1.01992350310E+04 1.37022510079E+19 1.00000405330E+00 6.08933953147E+27 2.36813236143E-06
 1.02581860303E+04 1.38279322990E+19 1.00000406697E+00 6.12453551532E+27 2.37611975578E-06
 1.03174777634E+04 1.39547663779E+19 1.00000408069E+00 6.15993492964E+27 2.38413409044E-06
 1.03771121995E+04 1.40827638182E+19 1.00000409446E+00 6.19553895027E+27 2.39217545626E-06
 1.04370913197E+04 1.42119352907E+19 1.00000410827E+00 6.23134875980E+27 2.40024394443E-06
 1.04974171160E+04 1.43422915640E+19 1.00000412212E+00 6.26736554768E+27 2.40833964642E-06
 1.05580915924E+04 1.44738435054E+19 1.00000413603E+00 6.30359051025E+27 2.41646265401E-06
 1.06191167641E+04 1.46066020819E+19 1.00000414998E+00 6.34002485072E+27 2.42461305931E-06
 1.06804946582E+04 1.47405783613E+19 1.00000416397E+00 6.37666977930E+27 2.43279095472E-06
 1.07422273133E+04 1.48757835126E+19 1.00000417802E+00 6.41352651316E+27 2.44099643297E-06
 1.08043167800E+04 1.50122288074E+19 1.00000419211E+00 6.45059627654E+27 2.44922958708E-06
 1.08667651207E+04 1.51499256207E+19 1.00000420625E+00 6.48788030072E+27 2.45749051039E-06
 1.09295744095E+04 1.52888854319E+19 1.00000422044E+00 6.52537982411E+27 2.46577929658E-06
 1.09927467329E+04 1.54291198255E+19 1.00000423467E+00 6.56309609230E+27 2.47409603961E-06
 1.10562841890E+04 1.55706404924E+19 1.00000424895E+00 6.60103035805E+27 2.48244083379E-06
 1.11201888884E+04 1.57134592307E+19 1.00000426329E+00 6.63918388137E+27 2.49081377371E-06
 1.11844629537E+04 1.58575879467E+19 1.00000427766E+00 6.67755792956E+27 2.49921495432E-06
 1.12491085198E+04 1.60030386560E+19 1.00000429209E+00 6.71615377724E+27 2.50764447086E-06
 1.13141277340E+04 1.61498234842E+19 1.00000430657E+00 6.75497270639E+27 2.51610241891E-06
 1.13795227559E+04 1.62979546683E+19 1.00000432110E+00 6.79401600641E+27 2.52458889436E-06
 1.14452957578E+04 1.64474445575E+19 1.00000433567E+00 6.83328497414E+27 2.53310399342E-06
 1.15114489242E+04 1.65983056144E+19 1.00000435029E+00 6.87278091394E+27 2.54164781264E-06
 1.15779844526E+04 1.67505504155E+19 1.00000436497E+00 6.91250513768E+27 2.55022044890E-06
 1.16449045530E+04 1.69041916532E+19 1.00000437969E+00 6.95245896484E+27 2.55882199937E-06
 1.17122114482E+04 1.70592421359E+19 1.00000439446E+00 6.99264372250E+27 2.56745256159E-06
 1.17799073738E+04 1.72157147896E+19 1.00000440928E+00 7.03306074543E+27 2.57611223340E-06
 1.18479945785E+04 1.73736226590E+19 1.00000442416E+00 7.07371137611E+27 2.58480111300E-06
 1.19164753237E+04 1.75329789083E+19 1.00000443908E+00 7.11459696477E+27 2.59351929888E-06
 1.19853518842E+04 1.76937968224E+19 1.00000445405E+00 7.15571886946E+27 2.60226688990E-06
 1.20546265478E+04 1.78560898084E+19 1.00000446907E+00 7.19707845607E+27 2.61104398523E-06
 1.21243016154E+04 1.80198713958E+19 1.00000448415E+00 7.23867709837E+27 2.61985068439E-06
 1.21943794014E+04 1.81851552387E+19 1.00000449927E+00 7.28051617811E+27 2.62868708723E-06
 1.22648622335E+04 1.83519551162E+19 1.00000451445E+00 7.32259708499E+27 2.63755329392E-06
 1.23357524529E+04 1.85202849339E+19 1.00000452967E+00 7.36492121675E+27 2.64644940500E-06
 1.24070524141E+04 1.86901587248E+19 1.00000454495E+00 7.40748997923E+27 2.65537552132E-06
 1.24787644856E+04 1.88615906508E+19 1.00000456028E+00 7.45030478637E+27 2.66433174409E-06
 1.25508910492E+04 1.90345950034E+19 1.00000457566E+00 7.49336706029E+27 2.67331817485E-06
 1.26234345008E+04 1.92091862056E+19 1.00000459110E+00 7.53667823133E+27 2.68233491548E-06
 1.26963972499E+04 1.93853788124E+19 1.00000460658E+00 7.58023973810E+27 2.69138206823E-06
 1.27697817200E+04 1.95631875124E+19 1.00000462212E+00 7.62405302754E+27 2.70045973565E-06
 1.28435903488E+04 1.97426271288E+19 1.00000463771E+00 7.66811955492E+27 2.70956802068E-06
 1.29178255877E+04 1.99237126210E+19 1.00000465335E+00 7.71244078394E+27 2.71870702657E-06
 1.29924899026E+04 2.01064590854E+19 1.00000466905E+00 7.75701818676E+27 2.72787685695E-06
 1.30675857736E+04 2.02908817570E+19 1.00000468479E+00 7.80185324405E+27 2.73707761578E-06
 1.31431156949E+04 2.04769960105E+19 1.00000470059E+00 7.84694744504E+27 2.74630940738E-06
 1.32190821755E+04 2.06648173616E+19 1.00000471645E+00 7.89230228756E+27 2.75557233641E-06
 1.32954877386E+04 2.08543614683E+19 1.00000473236E+00 7.93791927810E+27 2.76486650789E-06
 1.33723349220E+04 2.10456441323E+19 1.00000474832E+00 7.98379993186E+27 2.77419202721E-06
 1.34496262784E+04 2.12386813001E+19 1.00000476433E+00 8.02994577279E+27 2.78354900008E-06
 1.35273643750E+04 2.14334890646E+19 1.00000478040E+00 8.07635833367E+27 2.79293753261E-06
 1.36055517940E+04 2.16300836663E+19 1.00000479653E+00 8.12303915610E+27 2.80235773122E-06
 1.36841911324E+04 2.18284814946E+19 1.00000481271E+00 8.16998979064E+27 2.81180970274E-06
 1.37632850023E+04 2.20286990892E+19 1.00000482894E+00 8.21721179677E+27 2.82129355431E-06
 1.38428360309E+04 2.22307531416E+19 1.00000484523E+00 8.26470674300E+27 2.83080939347E-06
 1.39228468605E+04 2.24346604964E+19 1.00000486157E+00 8.31247620691E+27 2.84035732810E-06
 1.40033201488E+04 2.26404381526E+19 1.00000487797E+00 8.36052177520E+27 2.84993746646E-06
 1.40842585688E+04 2.28481032653E+19 1.00000489442E+00 8.40884504372E+27 2.85954991717E-06
 1.41656648089E+04 2.30576731467E+19 1.00000491093E+00 8.45744761758E+27 2.86919478920E-06
 1.42475415731E+04 2.32691652679E+19 1.00000492749E+00 8.50633111112E+27 2.87887219191E-06
 1.43298915809E+04 2.34825972604E+19 1.00000494411E+00 8.55549714807E+27 2.88858223501E-06
 1.44127175679E+04 2.36979869173E+19 1.00000496079E+00 8.60494736148E+27 2.89832502861E-06
 1.44960222850E+04 2.39153521948E+19 1.00000497752E+00 8.65468339389E+27 2.90810068315E-06
 1.45798084993E+04 2.41347112140E+19 1.00000499431E+00 8.70470689732E+27 2.91790930948E-06
 1.46640789938E+04 2.43560822621E+19 1.00000501115E+00 8.75501953332E+27 2.92775101880E-06
 1.47488365677E+04 2.45794837940E+19 1.00000502805E+00 8.80562297306E+27 2.93762592269E-06
 1.48340840363E+04 2.48049344339E+19 1.00000504501E+00 8.85651889737E+27 2.94753413311E-06
 1.49198242312E+04 2.50324529770E+19 1.00000506203E+00 8.90770899679E+27 2.95747576241E-06
 1.50060600002E+04 2.52620583906E+19 1.00000507910E+00 8.95919497163E+27 2.96745092329E-06
 1.50927942078E+04 2.54937698162E+19 1.00000509623E+00 9.01097853204E+27 2.97745972885E-06
 1.51800297350E+04 2.57276065708E+19 1.00000511342E+00 9.06306139803E+27 2.98750229256E-06
 1.52677694793E+04 2.59635881486E+19 1.00000513067E+00 9.11544529959E+27 2.99757872830E-06
 1.53560163551E+04 2.62017342225E+19 1.00000514798E+00 9.16813197666E+27 3.00768915029E-06
 1.54447732936E+04 2.64420646459E+19 1.00000516534E+00 9.22112317928E+27 3.01783367318E-06
 1.55340432429E+04 2.66845994545E+19 1.00000518276E+00 9.27442066758E+27 3.02801241198E-06
 1.56238291683E+04 2.69293588674E+19 1.00000520024E+00 9.32802621187E+27 3.03822548208E-06
 1.57141340520E+04 2.71763632896E+19 1.00000521778E+00 9.38194159270E+27 3.04847299929E-06
 1.58049608937E+04 2.74256333128E+19 1.00000523538E+00 9.43616860090E+27 3.05875507978E-06
 1.58963127101E+04 2.76771897178E+19 1.00000525304E+00 9.49070903766E+27 3.06907184014E-06
 1.59881925357E+04 2.79310534762E+19 1.00000527076E+00 9.54556471458E+27 3.07942339733E-06
 1.60806034223E+04 2.81872457516E+19 1.00000528853E+00 9.60073745371E+27 3.08980986871E-06
 1.61735484395E+04 2.84457879019E+19 1.00000530637E+00 9.65622908767E+27 3.10023137204E-06
 1.62670306744E+04 2.87067014809E+19 1.00000532427E+00 9.71204145963E+27 3.11068802549E-06
 1.63610532322E+04 2.89700082400E+19 1.00000534223E+00 9.76817642345E+27 3.12117994760E-06
 1.64556192359E+04 2.92357301304E+19 1.00000536025E+00 9.82463584369E+27 3.13170725732E-06
 1.65507318267E+04 2.95038893042E+19 1.00000537833E+00 9.88142159568E+27 3.14227007402E-06
 1.66463941637E+04 2.97745081171E+19 1.00000539647E+00 9.93853556560E+27 3.15286851745E-06
 1.67426094246E+04 3.00476091295E+19 1.00000541467E+00 9.99597965053E+27 3.16350270777E-06
 1.68393808051E+04 3.03232151090E+19 1.00000543293E+00 1.00537557585E+28 3.17417276556E-06
 1.69367115196E+04 3.06013490320E+19 1.00000545126E+00 1.01118658086E+28 3.18487881178E-06
 1.70346048011E+04 3.08820340855E+19 1.00000546964E+00 1.01703117310E+28 3.19562096782E-06
 1.71330639012E+04 3.11652936692E+19 1.00000548809E+00 1.02290954670E+28 3.20639935547E-06
 1.72320920902E+04 3.14511513976E+19 1.00000550660E+00 1.02882189691E+28 3.21721409693E-06
 1.73316926576E+04 3.17396311016E+19 1.00000552517E+00 1.03476842012E+28 3.22806531481E-06
 1.74318689115E+04 3.20307568309E+19 1.00000554381E+00 1.04074931385E+28 3.23895313215E-06
 1.75326241796E+04 3.23245528555E+19 1.00000556251E+00 1.04676477675E+28 3.24987767238E-06
 1.76339618084E+04 3.26210436683E+19 1.00000558127E+00 1.05281500863E+28 3.26083905937E-06
 1.77358851639E+04 3.29202539866E+19 1.00000560010E+00 1.05890021045E+28 3.27183741739E-06
 1.78383976317E+04 3.32222087547E+19 1.00000561898E+00 1.06502058435E+28 3.28287287113E-06
 1.79415026169E+04 3.35269331455E+19 1.00000563794E+00 1.07117633360E+28 3.29394554573E-06
 1.80452035440E+04 3.38344525628E+19 1.00000565695E+00 1.07736766268E+28 3.30505556670E-06
 1.81495038577E+04 3.41447926434E+19 1.00000567603E+00 1.08359477724E+28 3.31620306003E-06
 1.82544070224E+04 3.44579792594E+19 1.00000569518E+00 1.08985788412E+28 3.32738815208E-06
 1.83599165226E+04 3.47740385201E+19 1.00000571439E+00 1.09615719134E+28 3.33861096968E-06
 1.84660358628E+04 3.50929967742E+19 1.00000573366E+00 1.10249290814E+28 3.34987164007E-06
 1.85727685679E+04 3.54148806123E+19 1.00000575300E+00 1.10886524497E+28 3.36117029091E-06
 1.86801181831E+04 3.57397168686E+19 1.00000577240E+00 1.11527441350E+28 3.37250705031E-06
 1.87880882742E+04 3.60675326237E+19 1.00000579187E+00 1.12172062659E+28 3.38388204680E-06
 1.88966824274E+04 3.63983552065E+19 1.00000581141E+00 1.12820409838E+28 3.39529540934E-06
 1.90059042499E+04 3.67322121965E+19 1.00000583101E+00 1.13472504421E+28 3.40674726734E-06
 1.91157573695E+04 3.70691314262E+19 1.00000585068E+00 1.14128368068E+28 3.41823775064E-06
 1.92262454351E+04 3.74091409835E+19 1.00000587041E+00 1.14788022563E+28 3.42976698950E-06
 1.93373721168E+04 3.77522692137E+19 1.00000589021E+00 1.15451489819E+28 3.44133511465E-06
 1.94491411055E+04 3.80985447224E+19 1.00000591008E+00 1.16118791872E+28 3.45294225724E-06
 1.95615561140E+04 3.84479963774E+19 1.00000593001E+00 1.16789950887E+28 3.46458854887E-06
 1.96746208761E+04 3.88006533111E+19 1.00000595001E+00 1.17464989157E+28 3.47627412158E-06
 1.97883391474E+04 3.91565449236E+19 1.00000597008E+00 1.18143929105E+28 3.48799910786E-06
 1.99027147052E+04 3.95157008841E+19 1.00000599022E+00 1.18826793280E+28 3.49976364064E-06
 2.00177513485E+04 3.98781511344E+19 1.00000601042E+00 1.19513604366E+28 3.51156785330E-06
 2.01334528984E+04 4.02439258906E+19 1.00000603069E+00 1.20204385175E+28 3.52341187967E-06
 2.02498231981E+04 4.06130556463E+19 1.00000605104E+00 1.20899158652E+28 3.53529585405E-06
 2.03668661129E+04 4.09855711744E+19 1.00000607144E+00 1.21597947875E+28 3.54721991117E-06
 2.04845855304E+04 4.13615035303E+19 1.00000609192E+00 1.22300776053E+28 3.55918418621E-06
 2.06029853610E+04 4.17408840543E+19 1.00000611247E+00 1.23007666532E+28 3.57118881482E-06
 2.07220695372E+04 4.21237443739E+19 1.00000613309E+00 1.23718642791E+28 3.58323393312E-06
 2.08418420147E+04 4.25101164071E+19 1.00000615377E+00 1.24433728447E+28 3.59531967765E-06
 2.09623067717E+04 4.29000323642E+19 1.00000617453E+00 1.25152947251E+28 3.60744618546E-06
 2.10834678097E+04 4.32935247512E+19 1.00000619536E+00 1.25876323093E+28 3.61961359401E-06
 2.12053291530E+04 4.36906263724E+19 1.00000621625E+00 1.26603880000E+28 3.63182204127E-06
 2.13278948496E+04 4.40913703326E+19 1.00000623722E+00 1.27335642138E+28 3.64407166564E-06
 2.14511689704E+04 4.44957900406E+19 1.00000625826E+00 1.28071633813E+28 3.65636260602E-06
 2.15751556102E+04 4.49039192114E+19 1.00000627936E+00 1.28811879472E+28 3.66869500174E-06
 2.16998588872E+04 4.53157918694E+19 1.00000630054E+00 1.29556403703E+28 3.68106899264E-06
 2.18252829437E+04 4.57314423511E+19 1.00000632179E+00 1.30305231235E+28 3.69348471900E-06
 2.19514319458E+04 4.61509053077E+19 1.00000634312E+00 1.31058386940E+28 3.70594232158E-06
 2.20783100835E+04 4.65742157085E+19 1.00000636451E+00 1.31815895837E+28 3.71844194164E-06
 2.22059215713E+04 4.70014088434E+19 1.00000638598E+00 1.32577783085E+28 3.73098372087E-06
 2.23342706479E+04 4.74325203261E+19 1.00000640752E+00 1.33344073992E+28 3.74356780149E-06
 2.24633615765E+04 4.78675860969E+19 1.00000642913E+00 1.34114794010E+28 3.75619432616E-06
 2.25931986450E+04 4.83066424257E+19 1.00000645081E+00 1.34889968740E+28 3.76886343803E-06
 2.27237861662E+04 4.87497259152E+19 1.00000647257E+00 1.35669623928E+28 3.78157528075E-06
 2.28551284775E+04 4.91968735037E+19 1.00000649440E+00 1.36453785473E+28 3.79432999844E-06
 2.29872299417E+04 4.96481224685E+19 1.00000651631E+00 1.37242479419E+28 3.80712773570E-06
 2.31200949466E+04 5.01035104285E+19 1.00000653829E+00 1.38035731966E+28 3.81996863763E-06
 2.32537279055E+04 5.05630753480E+19 1.00000656034E+00 1.38833569460E+28 3.83285284982E-06
 2.33881332571E+04 5.10268555392E+19 1.00000658247E+00 1.39636018402E+28 3.84578051835E-06
 2.35233154659E+04 5.14948896661E+19 1.00000660467E+00 1.40443105447E+28 3.85875178977E-06
 2.36592790220E+04 5.19672167470E+19 1.00000662695E+00 1.41254857402E+28 3.87176681117E-06
 2.37960284415E+04 5.24438761582E+19 1.00000664930E+00 1.42071301231E+28 3.88482573008E-06
 2.39335682669E+04 5.29249076371E+19 1.00000667172E+00 1.42892464051E+28 3.89792869458E-06
 2.40719030666E+04 5.34103512859E+19 1.00000669423E+00 1.43718373138E+28 3.91107585322E-06
 2.42110374354E+04 5.39002475741E+19 1.00000671681E+00 1.44549055926E+28 3.92426735506E-06
 2.43509759950E+04 5.43946373429E+19 1.00000673946E+00 1.45384540006E+28 3.93750334966E-06
 2.44917233935E+04 5.48935618078E+19 1.00000676219E+00 1.46224853130E+28 3.95078398707E-06
 2.46332843060E+04 5.53970625624E+19 1.00000678500E+00 1.47070023208E+28 3.96410941788E-06
 2.47756634345E+04 5.59051815820E+19 1.00000680789E+00 1.47920078314E+28 3.97747979316E-06
 2.49188655083E+04 5.64179612266E+19 1.00000683085E+00 1.48775046683E+28 3.99089526450E-06
 2.50628952841E+04 5.69354442450E+19 1.00000685389E+00 1.49634956713E+28 4.00435598400E-06
 2.52077575459E+04 5.74576737779E+19 1.00000687700E+00 1.50499836967E+28 4.01786210427E-06
 2.53534571054E+04 5.79846933619E+19 1.00000690020E+00 1.51369716171E+28 4.03141377844E-06
 2.54999988023E+04 5.85165469328E+19 1.00000692347E+00 1.52244623221E+28 4.04501116015E-06
 2.56473875040E+04 5.90532788294E+19 1.00000694683E+00 1.53124587177E+28 4.05865440356E-06
 2.57956281063E+04 5.95949337972E+19 1.00000697026E+00 1.54009637266E+28 4.07234366336E-06
 2.59447255330E+04 6.01415569922E+19 1.00000699377E+00 1.54899802887E+28 4.08607909475E-06
 2.60946847366E+04 6.06931939845E+19 1.00000701736E+00 1.55795113607E+28 4.09986085345E-06
 2.62455106981E+04 6.12498907622E+19 1.00000704102E+00 1.56695599164E+28 4.11368909573E-06
 2.63972084275E+04 6.18116937352E+19 1.00000706477E+00 1.57601289469E+28 4.12756397835E-06
 2.65497829634E+04 6.23786497391E+19 1.00000708860E+00 1.58512214604E+28 4.14148565862E-06
 2.67032393738E+04 6.29508060391E+19 1.00000711251E+00 1.59428404827E+28 4.15545429439E-06
 2.68575827559E+04 6.35282103339E+19 1.00000713650E+00 1.60349890570E+28 4.16947004402E-06
 2.70128182363E+04 6.41109107598E+19 1.00000716057E+00 1.61276702440E+28 4.18353306642E-06
 2.71689509715E+04 6.46989558946E+19 1.00000718472E+00 1.62208871222E+28 4.19764352103E-06
 2.73259861474E+04 6.52923947614E+19 1.00000720896E+00 1.63146427878E+28 4.21180156783E-06
 2.74839289803E+04 6.58912768334E+19 1.00000723327E+00 1.64089403551E+28 4.22600736734E-06
 2.76427847162E+04 6.64956520373E+19 1.00000725767E+00 1.65037829561E+28 4.24026108061E-06
 2.78025586317E+04 6.71055707579E+19 1.00000728215E+00 1.65991737411E+28 4.25456286925E-06
 2.79632560340E+04 6.77210838418E+19 1.00000730671E+00 1.66951158787E+28 4.26891289541E-06
 2.81248822607E+04 6.83422426025E+19 1.00000733135E+00 1.67916125555E+28 4.28331132178E-06
 2.82874426805E+04 6.89690988237E+19 1.00000735608E+00 1.68886669767E+28 4.29775831160E-06
 2.84509426929E+04 6.96017047644E+19 1.00000738089E+00 1.69862823662E+28 4.31225402867E-06
 2.86153877287E+04 7.02401131628E+19 1.00000740579E+00 1.70844619663E+28 4.32679863734E-06
 2.87807832502E+04 7.08843772407E+19 1.00000743077E+00 1.71832090380E+28 4.34139230250E-06
 2.89471347512E+04 7.15345507084E+19 1.00000745583E+00 1.72825268613E+28 4.35603518961E-06
 2.91144477571E+04 7.21906877685E+19 1.00000748098E+00 1.73824187351E+28 4.37072746469E-06
 2.92827278255E+04 7.28528431211E+19 1.00000750621E+00 1.74828879774E+28 4.38546929432E-06
 2.94519805460E+04 7.35210719676E+19 1.00000753153E+00 1.75839379254E+28 4.40026084562E-06
 2.96222115404E+04 7.41954300162E+19 1.00000755693E+00 1.76855719354E+28 4.41510228629E-06
 2.97934264631E+04 7.48759734857E+19 1.00000758242E+00 1.77877933834E+28 4.42999378462E-06
 2.99656310014E+04 7.55627591107E+19 1.00000760799E+00 1.78906056647E+28 4.44493550942E-06
 3.01388308750E+04 7.62558441462E+19 1.00000763365E+00 1.79940121942E+28 4.45992763010E-06
 3.03130318370E+04 7.69552863724E+19 1.00000765940E+00 1.80980164066E+28 4.47497031663E-06
 3.04882396737E+04 7.76611440994E+19 1.00000768523E+00 1.82026217567E+28 4.49006373957E-06
 3.06644602048E+04 7.83734761721E+19 1.00000771116E+00 1.83078317187E+28 4.50520807002E-06
 3.08416992836E+04 7.90923419752E+19 1.00000773717E+00 1.84136497875E+28 4.52040347971E-06
 3.10199627973E+04 7.98178014383E+19 1.00000776326E+00 1.85200794778E+28 4.53565014089E-06
 3.11992566672E+04 8.05499150402E+19 1.00000778945E+00 1.86271243248E+28 4.55094822644E-06
 3.13795868486E+04 8.12887438149E+19 1.00000781572E+00 1.87347878839E+28 4.56629790980E-06
 3.15609593314E+04 8.20343493560E+19 1.00000784208E+00 1.88430737314E+28 4.58169936498E-06
 3.17433801401E+04 8.27867938222E+19 1.00000786853E+00 1.89519854639E+28 4.59715276662E-06
 3.19268553340E+04 8.35461399420E+19 1.00000789507E+00 1.90615266992E+28 4.61265828990E-06
 3.21113910075E+04 8.43124510198E+19 1.00000792170E+00 1.91717010756E+28 4.62821611063E-06
 3.22969932900E+04 8.50857909401E+19 1.00000794842E+00 1.92825122527E+28 4.64382640520E-06
 3.24836683465E+04 8.58662241737E+19 1.00000797523E+00 1.93939639112E+28 4.65948935058E-06
 3.26714223777E+04 8.66538157828E+19 1.00000800213E+00 1.95060597529E+28 4.67520512435E-06
 3.28602616200E+04 8.74486314261E+19 1.00000802912E+00 1.96188035013E+28 4.69097390470E-06
 3.30501923458E+04 8.82507373647E+19 1.00000805620E+00 1.97321989012E+28 4.70679587040E-06
 3.32412208641E+04 8.90602004674E+19 1.00000808337E+00 1.98462497190E+28 4.72267120083E-06
 3.34333535198E+04 8.98770882165E+19 1.00000811064E+00 1.99609597431E+28 4.73860007599E-06
 3.36265966950E+04 9.07014687131E+19 1.00000813799E+00 2.00763327837E+28 4.75458267646E-06
 3.38209568085E+04 9.15334106830E+19 1.00000816544E+00 2.01923726728E+28 4.77061918345E-06
 3.40164403161E+04 9.23729834824E+19 1.00000819298E+00 2.03090832650E+28 4.78670977877E-06
 3.42130537109E+04 9.32202571036E+19 1.00000822062E+00 2.04264684367E+28 4.80285464485E-06
 3.44108035238E+04 9.40753021809E+19 1.00000824834E+00 2.05445320870E+28 4.81905396473E-06
 3.46096963232E+04 9.49381899966E+19 1.00000827616E+00 2.06632781374E+28 4.83530792208E-06
 3.48097387155E+04 9.58089924866E+19 1.00000830408E+00 2.07827105323E+28 4.85161670117E-06
 3.50109373454E+04 9.66877822468E+19 1.00000833209E+00 2.09028332386E+28 4.86798048690E-06
 3.52132988958E+04 9.75746325390E+19 1.00000836019E+00 2.10236502463E+28 4.88439946481E-06
 3.54168300885E+04 9.84696172968E+19 1.00000838839E+00 2.11451655684E+28 4.90087382103E-06
 3.56215376840E+04 9.93728111320E+19 1.00000841668E+00 2.12673832411E+28 4.91740374234E-06
 3.58274284817E+04 1.00284289341E+20 1.00000844507E+00 2.13903073239E+28 4.93398941616E-06
 3.60345093207E+04 1.01204127910E+20 1.00000847355E+00 2.15139418999E+28 4.95063103053E-06
 3.62427870794E+04 1.02132403524E+20 1.00000850213E+00 2.16382910756E+28 4.96732877412E-06
 3.64522686758E+04 1.03069193569E+20 1.00000853081E+00 2.17633589814E+28 4.98408283623E-06
 3.66629610682E+04 1.04014576143E+20 1.00000855958E+00 2.18891497716E+28 5.00089340683E-06
 3.68748712550E+04 1.04968630059E+20 1.00000858845E+00 2.20156676243E+28 5.01776067649E-06
 3.70880062749E+04 1.05931434852E+20 1.00000861742E+00 2.21429167418E+28 5.03468483646E-06
 3.73023732075E+04 1.06903070790E+20 1.00000864649E+00 2.22709013510E+28 5.05166607860E-06
 3.75179791733E+04 1.07883618873E+20 1.00000867565E+00 2.23996257028E+28 5.06870459545E-06
 3.77348313337E+04 1.08873160847E+20 1.00000870491E+00 2.25290940729E+28 5.08580058018E-06
 3.79529368918E+04 1.09871779207E+20 1.00000873427E+00 2.26593107618E+28 5.10295422661E-06
 3.81723030922E+04 1.10879557203E+20 1.00000876373E+00 2.27902800945E+28 5.12016572922E-06
 3.83929372214E+04 1.11896578852E+20 1.00000879329E+00 2.29220064215E+28 5.13743528315E-06
 3.86148466080E+04 1.12922928938E+20 1.00000882295E+00 2.30544941180E+28 5.15476308419E-06
 3.88380386229E+04 1.13958693025E+20 1.00000885271E+00 2.31877475847E+28 5.17214932880E-06
 3.90625206798E+04 1.15003957462E+20 1.00000888257E+00 2.33217712477E+28 5.18959421408E-06
 3.92883002350E+04 1.16058809387E+20 1.00000891253E+00 2.34565695587E+28 5.20709793783E-06
 3.95153847881E+04 1.17123336741E+20 1.00000894259E+00 2.35921469951E+28 5.22466069849E-06
 3.97437818819E+04 1.18197628270E+20 1.00000897275E+00 2.37285080602E+28 5.24228269518E-06
 3.99734991029E+04 1.19281773534E+20 1.00000900302E+00 2.38656572834E+28 5.25996412768E-06
 4.02045440814E+04 1.20375862913E+20 1.00000903338E+00 2.40035992201E+28 5.27770519646E-06
 4.04369244918E+04 1.21479987620E+20 1.00000906385E+00 2.41423384522E+28 5.29550610265E-06
 4.06706480529E+04 1.22594239700E+20 1.00000909442E+00 2.42818795879E+28 5.31336704808E-06
 4.09057225281E+04 1.23718712046E+20 1.00000912510E+00 2.44222272623E+28 5.33128823525E-06
 4.11421557256E+04 1.24853498400E+20 1.00000915587E+00 2.45633861370E+28 5.34926986733E-06
 4.13799554989E+04 1.25998693367E+20 1.00000918676E+00 2.47053609008E+28 5.36731214818E-06
 4.16191297467E+04 1.27154392416E+20 1.00000921774E+00 2.48481562694E+28 5.38541528237E-06
 4.18596864134E+04 1.28320691895E+20 1.00000924883E+00 2.49917769859E+28 5.40357947513E-06
 4.21016334895E+04 1.29497689034E+20 1.00000928003E+00 2.51362278208E+28 5.42180493241E-06
 4.23449790114E+04 1.30685481956E+20 1.00000931133E+00 2.52815135720E+28 5.44009186083E-06
 4.25897310622E+04 1.31884169682E+20 1.00000934273E+00 2.54276390653E+28 5.45844046771E-06
 4.28358977716E+04 1.33093852143E+20 1.00000937424E+00 2.55746091545E+28 5.47685096109E-06
 4.30834873162E+04 1.34314630187E+20 1.00000940586E+00 2.57224287211E+28 5.49532354970E-06
 4.33325079201E+04 1.35546605585E+20 1.00000943759E+00 2.58711026752E+28 5.51385844296E-06
 4.35829678548E+04 1.36789881043E+20 1.00000946942E+00 2.60206359549E+28 5.53245585101E-06
 4.38348754395E+04 1.38044560209E+20 1.00000950136E+00 2.61710335273E+28 5.55111598470E-06
 4.40882390416E+04 1.39310747681E+20 1.00000953341E+00 2.63223003877E+28 5.56983905559E-06
 4.43430670770E+04 1.40588549016E+20 1.00000956556E+00 2.64744415607E+28 5.58862527595E-06
 4.45993680100E+04 1.41878070741E+20 1.00000959782E+00 2.66274620998E+28 5.60747485877E-06
 4.48571503539E+04 1.43179420359E+20 1.00000963020E+00 2.67813670875E+28 5.62638801775E-06
 4.51164226713E+04 1.44492706359E+20 1.00000966268E+00 2.69361616360E+28 5.64536496732E-06
 4.53771935742E+04 1.45818038225E+20 1.00000969527E+00 2.70918508868E+28 5.66440592263E-06
 4.56394717244E+04 1.47155526445E+20 1.00000972797E+00 2.72484400113E+28 5.68351109955E-06
 4.59032658338E+04 1.48505282522E+20 1.00000976078E+00 2.74059342107E+28 5.70268071470E-06
 4.61685846646E+04 1.49867418979E+20 1.00000979370E+00 2.75643387163E+28 5.72191498539E-06
 4.64354370297E+04 1.51242049374E+20 1.00000982674E+00 2.77236587895E+28 5.74121412970E-06
 4.67038317928E+04 1.52629288305E+20 1.00000985988E+00 2.78838997223E+28 5.76057836643E-06
 4.69737778691E+04 1.54029251421E+20 1.00000989314E+00 2.80450668373E+28 5.78000791513E-06
 4.72452842251E+04 1.55442055433E+20 1.00000992651E+00 2.82071654876E+28 5.79950299606E-06
 4.75183598791E+04 1.56867818120E+20 1.00000995999E+00 2.83702010575E+28 5.81906383026E-06
 4.77930139018E+04 1.58306658345E+20 1.00000999358E+00 2.85341789623E+28 5.83869063950E-06
 4.80692554161E+04 1.59758696058E+20 1.00001002729E+00 2.86991046486E+28 5.85838364628E-06
 4.83470935975E+04 1.61224052311E+20 1.00001006111E+00 2.88649835947E+28 5.87814307389E-06
 4.86265376750E+04 1.62702849265E+20 1.00001009504E+00 2.90318213102E+28 5.89796914634E-06
 4.89075969305E+04 1.64195210203E+20 1.00001012909E+00 2.91996233367E+28 5.91786208840E-06
 4.91902806997E+04 1.65701259538E+20 1.00001016326E+00 2.93683952480E+28 5.93782212561E-06
 4.94745983723E+04 1.67221122824E+20 1.00001019754E+00 2.95381426499E+28 5.95784948426E-06
 4.97605593923E+04 1.68754926767E+20 1.00001023193E+00 2.97088711806E+28 5.97794439142E-06
 5.00481732582E+04 1.70302799234E+20 1.00001026644E+00 2.98805865111E+28 5.99810707490E-06
 5.03374495234E+04 1.71864869268E+20 1.00001030107E+00 3.00532943450E+28 6.01833776330E-06
 5.06283977965E+04 1.73441267092E+20 1.00001033581E+00 3.02270004188E+28 6.03863668599E-06
 5.09210277418E+04 1.75032124125E+20 1.00001037068E+00 3.04017105024E+28 6.05900407309E-06
 5.12153490793E+04 1.76637572991E+20 1.00001040565E+00 3.05774303988E+28 6.07944015551E-06
 5.15113715853E+04 1.78257747532E+20 1.00001044075E+00 3.07541659447E+28 6.09994516497E-06
 5.18091050924E+04 1.79892782816E+20 1.00001047597E+00 3.09319230105E+28 6.12051933391E-06
 5.21085594902E+04 1.81542815150E+20 1.00001051130E+00 3.11107075004E+28 6.14116289561E-06
 5.24097447256E+04 1.83207982091E+20 1.00001054675E+00 3.12905253531E+28 6.16187608410E-06
 5.27126708026E+04 1.84888422460E+20 1.00001058233E+00 3.14713825411E+28 6.18265913422E-06
 5.30173477834E+04 1.86584276348E+20 1.00001061802E+00 3.16532850719E+28 6.20351228159E-06
 5.33237857881E+04 1.88295685134E+20 1.00001065383E+00 3.18362389874E+28 6.22443576264E-06
 5.36319949955E+04 1.90022791491E+20 1.00001068977E+00 3.20202503645E+28 6.24542981457E-06
 5.39419856431E+04 1.91765739403E+20 1.00001072582E+00 3.22053253154E+28 6.26649467541E-06
 5.42537680276E+04 1.93524674172E+20 1.00001076200E+00 3.23914699873E+28 6.28763058398E-06
 5.45673525053E+04 1.95299742437E+20 1.00001079830E+00 3.25786905633E+28 6.30883777990E-06
 5.48827494922E+04 1.97091092177E+20 1.00001083472E+00 3.27669932619E+28 6.33011650360E-06
 5.51999694645E+04 1.98898872733E+20 1.00001087126E+00 3.29563843378E+28 6.35146699633E-06
 5.55190229593E+04 2.00723234811E+20 1.00001090793E+00 3.31468700818E+28 6.37288950015E-06
 5.58399205741E+04 2.02564330504E+20 1.00001094472E+00 3.33384568208E+28 6.39438425793E-06
 5.61626729680E+04 2.04422313297E+20 1.00001098164E+00 3.35311509187E+28 6.41595151336E-06
 5.64872908616E+04 2.06297338083E+20 1.00001101868E+00 3.37249587758E+28 6.43759151096E-06
 5.68137850376E+04 2.08189561178E+20 1.00001105584E+00 3.39198868297E+28 6.45930449608E-06
 5.71421663407E+04 2.10099140329E+20 1.00001109313E+00 3.41159415549E+28 6.48109071486E-06
 5.74724456786E+04 2.12026234732E+20 1.00001113055E+00 3.43131294637E+28 6.50295041432E-06
 5.78046340218E+04 2.13971005042E+20 1.00001116809E+00 3.45114571056E+28 6.52488384229E-06
 5.81387424046E+04 2.15933613387E+20 1.00001120576E+00 3.47109310683E+28 6.54689124743E-06
 5.84747819245E+04 2.17914223384E+20 1.00001124356E+00 3.49115579775E+28 6.56897287924E-06
 5.88127637437E+04 2.19913000150E+20 1.00001128148E+00 3.51133444971E+28 6.59112898807E-06
 5.91526990887E+04 2.21930110315E+20 1.00001131953E+00 3.53162973295E+28 6.61335982512E-06
 5.94945992506E+04 2.23965722040E+20 1.00001135771E+00 3.55204232160E+28 6.63566564241E-06
 5.98384755863E+04 2.26020005026E+20 1.00001139602E+00 3.57257289368E+28 6.65804669285E-06
 6.01843395180E+04 2.28093130532E+20 1.00001143445E+00 3.59322213112E+28 6.68050323016E-06
 6.05322025339E+04 2.30185271387E+20 1.00001147302E+00 3.61399071980E+28 6.70303550895E-06
 6.08820761888E+04 2.32296602007E+20 1.00001151172E+00 3.63487934957E+28 6.72564378467E-06
 6.12339721042E+04 2.34427298405E+20 1.00001155055E+00 3.65588871425E+28 6.74832831364E-06
 6.15879019687E+04 2.36577538210E+20 1.00001158950E+00 3.67701951167E+28 6.77108935304E-06
 6.19438775385E+04 2.38747500681E+20 1.00001162859E+00 3.69827244373E+28 6.79392716091E-06
 6.23019106378E+04 2.40937366720E+20 1.00001166782E+00 3.71964821634E+28 6.81684199618E-06
 6.26620131592E+04 2.43147318889E+20 1.00001170717E+00 3.74114753952E+28 6.83983411864E-06
 6.30241970638E+04 2.45377541424E+20 1.00001174666E+00 3.76277112738E+28 6.86290378896E-06
 6.33884743821E+04 2.47628220250E+20 1.00001178628E+00 3.78451969816E+28 6.88605126868E-06
 6.37548572140E+04 2.49899543000E+20 1.00001182603E+00 3.80639397425E+28 6.90927682023E-06
 6.41233577294E+04 2.52191699026E+20 1.00001186592E+00 3.82839468223E+28 6.93258070693E-06
 6.44939881684E+04 2.54504879418E+20 1.00001190594E+00 3.85052255286E+28 6.95596319298E-06
 6.48667608420E+04 2.56839277016E+20 1.00001194610E+00 3.87277832114E+28 6.97942454348E-06
 6.52416881324E+04 2.59195086432E+20 1.00001198639E+00 3.89516272630E+28 7.00296502440E-06
 6.56187824931E+04 2.61572504062E+20 1.00001202682E+00 3.91767651185E+28 7.02658490265E-06
 6.59980564500E+04 2.63971728104E+20 1.00001206739E+00 3.94032042561E+28 7.05028444599E-06
 6.63795226010E+04 2.66392958571E+20 1.00001210809E+00 3.96309521971E+28 7.07406392313E-06
 6.67631936170E+04 2.68836397314E+20 1.00001214893E+00 3.98600165063E+28 7.09792360364E-06
 6.71490822421E+04 2.71302248034E+20 1.00001218990E+00 4.00904047922E+28 7.12186375804E-06
 6.75372012942E+04 2.73790716301E+20 1.00001223102E+00 4.03221247073E+28 7.14588465775E-06
 6.79275636651E+04 2.76302009570E+20 1.00001227227E+00 4.05551839484E+28 7.16998657508E-06
 6.83201823211E+04 2.78836337199E+20 1.00001231366E+00 4.07895902566E+28 7.19416978330E-06
 6.87150703036E+04 2.81393910466E+20 1.00001235520E+00 4.10253514179E+28 7.21843455657E-06
 6.91122407294E+04 2.83974942587E+20 1.00001239687E+00 4.12624752633E+28 7.24278116999E-06
 6.95117067909E+04 2.86579648735E+20 1.00001243868E+00 4.15009696690E+28 7.26720989958E-06
 6.99134817568E+04 2.89208246054E+20 1.00001248064E+00 4.17408425568E+28 7.29172102230E-06
 7.03175789728E+04 2.91860953682E+20 1.00001252273E+00 4.19821018941E+28 7.31631481603E-06
 7.07240118614E+04 2.94537992766E+20 1.00001256497E+00 4.22247556947E+28 7.34099155960E-06
 7.11327939227E+04 2.97239586482E+20 1.00001260735E+00 4.24688120183E+28 7.36575153278E-06
 7.15439387351E+04 2.99965960053E+20 1.00001264987E+00 4.27142789714E+28 7.39059501627E-06
 7.19574599552E+04 3.02717340766E+20 1.00001269254E+00 4.29611647075E+28 7.41552229174E-06
 7.23733713186E+04 3.05493957996E+20 1.00001273535E+00 4.32094774270E+28 7.44053364178E-06
 7.27916866404E+04 3.08296043219E+20 1.00001277831E+00 4.34592253778E+28 7.46562934995E-06
 7.32124198155E+04 3.11123830036E+20 1.00001282141E+00 4.37104168553E+28 7.49080970078E-06
 7.36355848190E+04 3.13977554190E+20 1.00001286465E+00 4.39630602032E+28 7.51607497973E-06
 7.40611957071E+04 3.16857453586E+20 1.00001290804E+00 4.42171638130E+28 7.54142547325E-06
 7.44892666168E+04 3.19763768311E+20 1.00001295158E+00 4.44727361251E+28 7.56686146873E-06
 7.49198117671E+04 3.22696740655E+20 1.00001299526E+00 4.47297856284E+28 7.59238325456E-06
 7.53528454591E+04 3.25656615130E+20 1.00001303909E+00 4.49883208611E+28 7.61799112007E-06
 7.57883820766E+04 3.28643638491E+20 1.00001308307E+00 4.52483504104E+28 7.64368535558E-06
 7.62264360866E+04 3.31658059755E+20 1.00001312720E+00 4.55098829135E+28 7.66946625241E-06
 7.66670220396E+04 3.34700130225E+20 1.00001317148E+00 4.57729270574E+28 7.69533410282E-06
 7.71101545702E+04 3.37770103508E+20 1.00001321590E+00 4.60374915792E+28 7.72128920010E-06
 7.75558483976E+04 3.40868235537E+20 1.00001326048E+00 4.63035852666E+28 7.74733183849E-06
 7.80041183262E+04 3.43994784593E+20 1.00001330521E+00 4.65712169581E+28 7.77346231325E-06
 7.84549792458E+04 3.47150011325E+20 1.00001335008E+00 4.68403955432E+28 7.79968092062E-06
 7.89084461324E+04 3.50334178774E+20 1.00001339511E+00 4.71111299630E+28 7.82598795785E-06
 7.93645340485E+04 3.53547552394E+20 1.00001344029E+00 4.73834292100E+28 7.85238372318E-06
 7.98232581437E+04 3.56790400072E+20 1.00001348562E+00 4.76573023288E+28 7.87886851587E-06
 8.02846336550E+04 3.60062992153E+20 1.00001353111E+00 4.79327584163E+28 7.90544263619E-06
 8.07486759077E+04 3.63365601463E+20 1.00001357675E+00 4.82098066219E+28 7.93210638539E-06
 8.12154003156E+04 3.66698503328E+20 1.00001362254E+00 4.84884561481E+28 7.95886006579E-06
 8.16848223816E+04 3.70061975602E+20 1.00001366849E+00 4.87687162502E+28 7.98570398068E-06
 8.21569576981E+04 3.73456298686E+20 1.00001371459E+00 4.90505962374E+28 8.01263843440E-06
 8.26318219478E+04 3.76881755552E+20 1.00001376085E+00 4.93341054725E+28 8.03966373231E-06
 8.31094309038E+04 3.80338631770E+20 1.00001380726E+00 4.96192533724E+28 8.06678018080E-06
 8.35898004307E+04 3.83827215528E+20 1.00001385383E+00 4.99060494085E+28 8.09398808730E-06
 8.40729464846E+04 3.87347797656E+20 1.00001390056E+00 5.01945031069E+28 8.12128776026E-06
 8.45588851137E+04 3.90900671655E+20 1.00001394744E+00 5.04846240488E+28 8.14867950918E-06
 8.50476324593E+04 3.94486133714E+20 1.00001399449E+00 5.07764218707E+28 8.17616364461E-06
 8.55392047557E+04 3.98104482742E+20 1.00001404169E+00 5.10699062650E+28 8.20374047814E-06
 8.60336183312E+04 4.01756020389E+20 1.00001408905E+00 5.13650869798E+28 8.23141032241E-06
 8.65308896083E+04 4.05441051070E+20 1.00001413657E+00 5.16619738198E+28 8.25917349111E-06
 8.70310351047E+04 4.09159881994E+20 1.00001418425E+00 5.19605766464E+28 8.28703029901E-06
 8.75340714333E+04 4.12912823187E+20 1.00001423209E+00 5.22609053777E+28 8.31498106191E-06
 8.80400153033E+04 4.16700187520E+20 1.00001428010E+00 5.25629699895E+28 8.34302609670E-06
 8.85488835201E+04 4.20522290732E+20 1.00001432826E+00 5.28667805149E+28 8.37116572133E-06
 8.90606929866E+04 4.24379451458E+20 1.00001437659E+00 5.31723470452E+28 8.39940025481E-06
 8.95754607033E+04 4.28271991257E+20 1.00001442508E+00 5.34796797301E+28 8.42773001726E-06
 9.00932037688E+04 4.32200234638E+20 1.00001447373E+00 5.37887887779E+28 8.45615532983E-06
 9.06139393807E+04 4.36164509083E+20 1.00001452255E+00 5.40996844556E+28 8.48467651481E-06
 9.11376848359E+04 4.40165145082E+20 1.00001457153E+00 5.44123770900E+28 8.51329389552E-06
 9.16644575315E+04 4.44202476154E+20 1.00001462068E+00 5.47268770674E+28 8.54200779642E-06
 9.21942749648E+04 4.48276838877E+20 1.00001467000E+00 5.50431948341E+28 8.57081854303E-06
 9.27271547345E+04 4.52388572917E+20 1.00001471948E+00 5.53613408967E+28 8.59972646198E-06
 9.32631145410E+04 4.56538021055E+20 1.00001476912E+00 5.56813258228E+28 8.62873188100E-06
 9.38021721869E+04 4.60725529218E+20 1.00001481894E+00 5.60031602408E+28 8.65783512893E-06
 9.43443455777E+04 4.64951446502E+20 1.00001486892E+00 5.63268548406E+28 8.68703653572E-06
 9.48896527225E+04 4.69216125209E+20 1.00001491907E+00 5.66524203741E+28 8.71633643242E-06
 9.54381117345E+04 4.73519920870E+20 1.00001496939E+00 5.69798676550E+28 8.74573515121E-06
 9.59897408315E+04 4.77863192279E+20 1.00001501988E+00 5.73092075598E+28 8.77523302539E-06
 9.65445583366E+04 4.82246301518E+20 1.00001507054E+00 5.76404510276E+28 8.80483038937E-06
 9.71025826788E+04 4.86669613993E+20 1.00001512137E+00 5.79736090610E+28 8.83452757870E-06
 9.76638323939E+04 4.91133498460E+20 1.00001517237E+00 5.83086927261E+28 8.86432493005E-06
 9.82283261243E+04 4.95638327059E+20 1.00001522355E+00 5.86457131528E+28 8.89422278125E-06
 9.87960826207E+04 5.00184475341E+20 1.00001527490E+00 5.89846815354E+28 8.92422147125E-06
 9.93671207418E+04 5.04772322303E+20 1.00001532642E+00 5.93256091332E+28 8.95432134013E-06
 9.99414594555E+04 5.09402250420E+20 1.00001537811E+00 5.96685072701E+28 8.98452272916E-06
 1.00519117839E+05 5.14074645671E+20 1.00001542998E+00 6.00133873359E+28 9.01482598071E-06
 1.01100115081E+05 5.18789897579E+20 1.00001548202E+00 6.03602607858E+28 9.04523143834E-06
 1.01684470479E+05 5.23548399238E+20 1.00001553424E+00 6.07091391415E+28 9.07573944676E-06
 1.02272203444E+05 5.28350547348E+20 1.00001558664E+00 6.10600339914E+28 9.10635035183E-06
 1.02863333498E+05 5.33196742249E+20 1.00001563921E+00 6.14129569904E+28 9.13706450060E-06
 1.03457880276E+05 5.38087387950E+20 1.00001569196E+00 6.17679198613E+28 9.16788224127E-06
 1.04055863527E+05 5.43022892169E+20 1.00001574489E+00 6.21249343944E+28 9.19880392322E-06
 1.04657303114E+05 5.48003666362E+20 1.00001579799E+00 6.24840124481E+28 9.22982989700E-06
 1.05262219015E+05 5.53030125759E+20 1.00001585128E+00 6.28451659494E+28 9.26096051437E-06
 1.05870631323E+05 5.58102689398E+20 1.00001590474E+00 6.32084068943E+28 9.29219612825E-06
 1.06482560246E+05 5.63221780163E+20 1.00001595838E+00 6.35737473481E+28 9.32353709276E-06
 1.07098026112E+05 5.68387824814E+20 1.00001601221E+00 6.39411994459E+28 9.35498376321E-06
 1.07717049364E+05 5.73601254027E+20 1.00001606622E+00 6.43107753926E+28 9.38653649610E-06
 1.08339650563E+05 5.78862502428E+20 1.00001612041E+00 6.46824874642E+28 9.41819564917E-06
 1.08965850390E+05 5.84172008628E+20 1.00001617478E+00 6.50563480072E+28 9.44996158131E-06
 1.09595669646E+05 5.89530215265E+20 1.00001622933E+00 6.54323694397E+28 9.48183465267E-06
 1.10229129250E+05 5.94937569033E+20 1.00001628407E+00 6.58105642514E+28 9.51381522458E-06
 1.10866250245E+05 6.00394520725E+20 1.00001633900E+00 6.61909450044E+28 9.54590365962E-06
 1.11507053792E+05 6.05901525268E+20 1.00001639411E+00 6.65735243332E+28 9.57810032156E-06
 1.12151561177E+05 6.11459041763E+20 1.00001644940E+00 6.69583149455E+28 9.61040557542E-06
 1.12799793809E+05 6.17067533521E+20 1.00001650489E+00 6.73453296223E+28 9.64281978744E-06
 1.13451773219E+05 6.22727468103E+20 1.00001656055E+00 6.77345812187E+28 9.67534332510E-06
 1.14107521064E+05 6.28439317359E+20 1.00001661641E+00 6.81260826638E+28 9.70797655711E-06
 1.14767059126E+05 6.34203557465E+20 1.00001667246E+00 6.85198469616E+28 9.74071985345E-06
 1.15430409311E+05 6.40020668967E+20 1.00001672869E+00 6.89158871912E+28 9.77357358532E-06
 1.16097593655E+05 6.45891136818E+20 1.00001678511E+00 6.93142165075E+28 9.80653812517E-06
 1.16768634319E+05 6.51815450419E+20 1.00001684173E+00 6.97148481412E+28 9.83961384673E-06
 1.17443553591E+05 6.57794103659E+20 1.00001689853E+00 7.01177953994E+28 9.87280112498E-06
 1.18122373892E+05 6.63827594959E+20 1.00001695553E+00 7.05230716665E+28 9.90610033615E-06
 1.18805117769E+05 6.69916427311E+20 1.00001701272E+00 7.09306904038E+28 9.93951185775E-06
 1.19491807900E+05 6.76061108319E+20 1.00001707010E+00 7.13406651507E+28 9.97303606858E-06
 1.20182467094E+05 6.82262150245E+20 1.00001712768E+00 7.17530095249E+28 1.00066733487E-05
 1.20877118294E+05 6.88520070048E+20 1.00001718545E+00 7.21677372225E+28 1.00404240794E-05
 1.21575784573E+05 6.94835389431E+20 1.00001724341E+00 7.25848620190E+28 1.00742886434E-05
 1.22278489137E+05 7.01208634879E+20 1.00001730157E+00 7.30043977696E+28 1.01082674246E-05
 1.22985255329E+05 7.07640337709E+20 1.00001735993E+00 7.34263584094E+28 1.01423608081E-05
 1.23696106625E+05 7.14131034110E+20 1.00001741848E+00 7.38507579540E+28 1.01765691806E-05
 1.24411066637E+05 7.20681265189E+20 1.00001747723E+00 7.42776105002E+28 1.02108929297E-05
 1.25130159114E+05 7.27291577017E+20 1.00001753618E+00 7.47069302262E+28 1.02453324447E-05
 1.25853407940E+05 7.33962520673E+20 1.00001759533E+00 7.51387313921E+28 1.02798881160E-05
 1.26580837141E+05 7.40694652290E+20 1.00001765467E+00 7.55730283405E+28 1.03145603353E-05
 1.27312470878E+05 7.47488533104E+20 1.00001771422E+00 7.60098354968E+28 1.03493494957E-05
 1.28048333454E+05 7.54344729498E+20 1.00001777397E+00 7.64491673698E+28 1.03842559917E-05
 1.28788449312E+05 7.61263813049E+20 1.00001783392E+00 7.68910385524E+28 1.04192802188E-05
 1.29532843035E+05 7.68246360578E+20 1.00001789407E+00 7.73354637214E+28 1.04544225743E-05
 1.30281539351E+05 7.75292954197E+20 1.00001795442E+00 7.77824576388E+28 1.04896834565E-05
 1.31034563128E+05 7.82404181354E+20 1.00001801498E+00 7.82320351518E+28 1.05250632651E-05
 1.31791939380E+05 7.89580634891E+20 1.00001807574E+00 7.86842111934E+28 1.05605624013E-05
 1.32553693262E+05 7.96822913082E+20 1.00001813671E+00 7.91390007829E+28 1.05961812675E-05
 1.33319850079E+05 8.04131619693E+20 1.00001819788E+00 7.95964190265E+28 1.06319202675E-05
 1.34090435280E+05 8.11507364024E+20 1.00001825926E+00 8.00564811175E+28 1.06677798064E-05
 1.34865474460E+05 8.18950760968E+20 1.00001832085E+00 8.05192023373E+28 1.07037602909E-05
 1.35644993364E+05 8.26462431055E+20 1.00001838264E+00 8.09845980555E+28 1.07398621288E-05
 1.36429017885E+05 8.34043000506E+20 1.00001844465E+00 8.14526837305E+28 1.07760857293E-05
 1.37217574065E+05 8.41693101289E+20 1.00001850686E+00 8.19234749100E+28 1.08124315032E-05
 1.38010688098E+05 8.49413371167E+20 1.00001856928E+00 8.23969872318E+28 1.08488998626E-05
 1.38808386327E+05 8.57204453751E+20 1.00001863191E+00 8.28732364237E+28 1.08854912207E-05
 1.39610695251E+05 8.65066998558E+20 1.00001869476E+00 8.33522383048E+28 1.09222059925E-05
 1.40417641518E+05 8.73001661063E+20 1.00001875781E+00 8.38340087854E+28 1.09590445942E-05
 1.41229251934E+05 8.81009102749E+20 1.00001882108E+00 8.43185638679E+28 1.09960074434E-05
 1.42045553456E+05 8.89089991172E+20 1.00001888456E+00 8.48059196470E+28 1.10330949592E-05
 1.42866573199E+05 8.97245000007E+20 1.00001894825E+00 8.52960923106E+28 1.10703075620E-05
 1.43692338436E+05 9.05474809109E+20 1.00001901216E+00 8.57890981401E+28 1.11076456737E-05
 1.44522876595E+05 9.13780104570E+20 1.00001907629E+00 8.62849535110E+28 1.11451097176E-05
 1.45358215264E+05 9.22161578773E+20 1.00001914063E+00 8.67836748935E+28 1.11827001184E-05
 1.46198382189E+05 9.30619930455E+20 1.00001920519E+00 8.72852788529E+28 1.12204173022E-05
 1.47043405280E+05 9.39155864758E+20 1.00001926997E+00 8.77897820504E+28 1.12582616967E-05
 1.47893312603E+05 9.47770093296E+20 1.00001933496E+00 8.82972012434E+28 1.12962337309E-05
 1.48748132391E+05 9.56463334206E+20 1.00001940018E+00 8.88075532861E+28 1.13343338352E-05
 1.49607893037E+05 9.65236312215E+20 1.00001946561E+00 8.93208551301E+28 1.13725624416E-05
 1.50472623101E+05 9.74089758696E+20 1.00001953127E+00 8.98371238252E+28 1.14109199835E-05
 1.51342351304E+05 9.83024411731E+20 1.00001959714E+00 9.03563765196E+28 1.14494068957E-05
 1.52217106538E+05 9.92041016171E+20 1.00001966324E+00 9.08786304606E+28 1.14880236146E-05
 1.53096917857E+05 1.00114032370E+21 1.00001972957E+00 9.14039029951E+28 1.15267705780E-05
 1.53981814488E+05 1.01032309290E+21 1.00001979611E+00 9.19322115705E+28 1.15656482250E-05
 1.54871825822E+05 1.01959008930E+21 1.00001986288E+00 9.24635737349E+28 1.16046569965E-05
 1.55766981423E+05 1.02894208546E+21 1.00001992988E+00 9.29980071378E+28 1.16437973346E-05
 1.56667311026E+05 1.03837986103E+21 1.00001999710E+00 9.35355295308E+28 1.16830696832E-05
 1.57572844535E+05 1.04790420280E+21 1.00002006454E+00 9.40761587680E+28 1.17224744873E-05
 1.58483612031E+05 1.05751590479E+21 1.00002013222E+00 9.46199128068E+28 1.17620121939E-05
 1.59399643765E+05 1.06721576828E+21 1.00002020012E+00 9.51668097084E+28 1.18016832510E-05
 1.60320970165E+05 1.07700460192E+21 1.00002026826E+00 9.57168676383E+28 1.18414881083E-05
 1.61247621835E+05 1.08688322178E+21 1.00002033662E+00 9.62701048670E+28 1.18814272173E-05
 1.62179629555E+05 1.09685245140E+21 1.00002040521E+00 9.68265397706E+28 1.19215010306E-05
 1.63117024283E+05 1.10691312189E+21 1.00002047404E+00 9.73861908316E+28 1.19617100026E-05
 1.64059837155E+05 1.11706607196E+21 1.00002054309E+00 9.79490766390E+28 1.20020545890E-05
 1.65008099490E+05 1.12731214803E+21 1.00002061238E+00 9.85152158896E+28 1.20425352473E-05
 1.65961842786E+05 1.13765220429E+21 1.00002068190E+00 9.90846273880E+28 1.20831524364E-05
 1.66921098722E+05 1.14808710274E+21 1.00002075166E+00 9.96573300476E+28 1.21239066167E-05
 1.67885899162E+05 1.15861771332E+21 1.00002082166E+00 1.00233342891E+29 1.21647982503E-05
 1.68856276154E+05 1.16924491392E+21 1.00002089188E+00 1.00812685051E+29 1.22058278006E-05
 1.69832261929E+05 1.17996959050E+21 1.00002096235E+00 1.01395375771E+29 1.22469957330E-05
 1.70813888908E+05 1.19079263713E+21 1.00002103305E+00 1.01981434405E+29 1.22883025140E-05
 1.71801189696E+05 1.20171495610E+21 1.00002110400E+00 1.02570880419E+29 1.23297486120E-05
 1.72794197089E+05 1.21273745796E+21 1.00002117518E+00 1.03163733393E+29 1.23713344968E-05
 1.73792944071E+05 1.22386106163E+21 1.00002124660E+00 1.03760013018E+29 1.24130606399E-05
 1.74797463817E+05 1.23508669443E+21 1.00002131826E+00 1.04359739101E+29 1.24549275143E-05
 1.75807789693E+05 1.24641529222E+21 1.00002139016E+00 1.04962931561E+29 1.24969355945E-05
 1.76823955261E+05 1.25784779941E+21 1.00002146231E+00 1.05569610433E+29 1.25390853570E-05
 1.77845994272E+05 1.26938516910E+21 1.00002153470E+00 1.06179795870E+29 1.25813772794E-05
 1.78873940677E+05 1.28102836312E+21 1.00002160733E+00 1.06793508139E+29 1.26238118412E-05
 1.79907828620E+05 1.29277835212E+21 1.00002168021E+00 1.07410767625E+29 1.26663895236E-05
 1.80947692443E+05 1.30463611567E+21 1.00002175334E+00 1.08031594830E+29 1.27091108091E-05
 1.81993566688E+05 1.31660264229E+21 1.00002182671E+00 1.08656010376E+29 1.27519761822E-05
 1.83045486095E+05 1.32867892960E+21 1.00002190033E+00 1.09284035002E+29 1.27949861286E-05
 1.84103485605E+05 1.34086598436E+21 1.00002197420E+00 1.09915689570E+29 1.28381411362E-05
 1.85167600362E+05 1.35316482256E+21 1.00002204831E+00 1.10550995060E+29 1.28814416940E-05
 1.86237865712E+05 1.36557646952E+21 1.00002212268E+00 1.11189972574E+29 1.29248882929E-05
 1.87314317205E+05 1.37810195995E+21 1.00002219730E+00 1.11832643336E+29 1.29684814255E-05
 1.88396990599E+05 1.39074233805E+21 1.00002227216E+00 1.12479028693E+29 1.30122215860E-05
 1.89485921856E+05 1.40349865762E+21 1.00002234729E+00 1.13129150116E+29 1.30561092702E-05
 1.90581147147E+05 1.41637198211E+21 1.00002242266E+00 1.13783029197E+29 1.31001449757E-05
 1.91682702851E+05 1.42936338471E+21 1.00002249829E+00 1.14440687657E+29 1.31443292017E-05
 1.92790625559E+05 1.44247394849E+21 1.00002257417E+00 1.15102147340E+29 1.31886624491E-05
 1.93904952072E+05 1.45570476641E+21 1.00002265031E+00 1.15767430216E+29 1.32331452204E-05
 1.95025719405E+05 1.46905694150E+21 1.00002272671E+00 1.16436558384E+29 1.32777780200E-05
 1.96152964787E+05 1.48253158687E+21 1.00002280336E+00 1.17109554068E+29 1.33225613539E-05
 1.97286725659E+05 1.49612982587E+21 1.00002288028E+00 1.17786439624E+29 1.33674957296E-05
 1.98427039684E+05 1.50985279213E+21 1.00002295745E+00 1.18467237534E+29 1.34125816567E-05
 1.99573944737E+05 1.52370162968E+21 1.00002303488E+00 1.19151970411E+29 1.34578196462E-05
 2.00727478916E+05 1.53767749306E+21 1.00002311258E+00 1.19840661000E+29 1.35032102110E-05
 2.01887680537E+05 1.55178154739E+21 1.00002319053E+00 1.20533332175E+29 1.35487538656E-05
 2.03054588139E+05 1.56601496848E+21 1.00002326875E+00 1.21230006944E+29 1.35944511264E-05
 2.04228240483E+05 1.58037894292E+21 1.00002334723E+00 1.21930708448E+29 1.36403025114E-05
 2.05408676552E+05 1.59487466817E+21 1.00002342598E+00 1.22635459960E+29 1.36863085404E-05
 2.06595935559E+05 1.60950335271E+21 1.00002350499E+00 1.23344284890E+29 1.37324697350E-05
 2.07790056940E+05 1.62426621608E+21 1.00002358427E+00 1.24057206782E+29 1.37787866184E-05
 2.08991080359E+05 1.63916448901E+21 1.00002366382E+00 1.24774249315E+29 1.38252597157E-05
 2.10199045711E+05 1.65419941350E+21 1.00002374364E+00 1.25495436308E+29 1.38718895538E-05
 2.11413993121E+05 1.66937224299E+21 1.00002382372E+00 1.26220791714E+29 1.39186766612E-05
 2.12635962946E+05 1.68468424236E+21 1.00002390408E+00 1.26950339627E+29 1.39656215684E-05
 2.13864995775E+05 1.70013668814E+21 1.00002398470E+00 1.27684104279E+29 1.40127248076E-05
 2.15101132433E+05 1.71573086854E+21 1.00002406560E+00 1.28422110042E+29 1.40599869128E-05
 2.16344413981E+05 1.73146808359E+21 1.00002414677E+00 1.29164381431E+29 1.41074084197E-05
 2.17594881717E+05 1.74734964525E+21 1.00002422821E+00 1.29910943100E+29 1.41549898659E-05
 2.18852577177E+05 1.76337687752E+21 1.00002430993E+00 1.30661819846E+29 1.42027317908E-05
 2.20117542137E+05 1.77955111652E+21 1.00002439193E+00 1.31417036611E+29 1.42506347357E-05
 2.21389818617E+05 1.79587371066E+21 1.00002447420E+00 1.32176618479E+29 1.42986992436E-05
 2.22669448877E+05 1.81234602069E+21 1.00002455675E+00 1.32940590681E+29 1.43469258594E-05
 2.23956475423E+05 1.82896941985E+21 1.00002463957E+00 1.33708978592E+29 1.43953151297E-05
 2.25250941005E+05 1.84574529397E+21 1.00002472268E+00 1.34481807734E+29 1.44438676033E-05
 2.26552888622E+05 1.86267504161E+21 1.00002480607E+00 1.35259103779E+29 1.44925838304E-05
 2.27862361521E+05 1.87976007414E+21 1.00002488973E+00 1.36040892544E+29 1.45414643633E-05
 2.29179403197E+05 1.89700181588E+21 1.00002497368E+00 1.36827199997E+29 1.45905097562E-05
 2.30504057399E+05 1.91440170422E+21 1.00002505792E+00 1.37618052255E+29 1.46397205650E-05
 2.31836368129E+05 1.93196118972E+21 1.00002514243E+00 1.38413475588E+29 1.46890973477E-05
 2.33176379640E+05 1.94968173626E+21 1.00002522724E+00 1.39213496415E+29 1.47386406640E-05
 2.34524136445E+05 1.96756482115E+21 1.00002531233E+00 1.40018141311E+29 1.47883510755E-05
 2.35879683312E+05 1.98561193523E+21 1.00002539770E+00 1.40827437001E+29 1.48382291457E-05
 2.37243065267E+05 2.00382458303E+21 1.00002548336E+00 1.41641410367E+29 1.48882754402E-05
 2.38614327598E+05 2.02220428288E+21 1.00002556932E+00 1.42460088446E+29 1.49384905262E-05
 2.39993515855E+05 2.04075256704E+21 1.00002565556E+00 1.43283498431E+29 1.49888749730E-05
 2.41380675849E+05 2.05947098179E+21 1.00002574209E+00 1.44111667672E+29 1.50394293517E-05
 2.42775853658E+05 2.07836108765E+21 1.00002582892E+00 1.44944623676E+29 1.50901542356E-05
 2.44179095626E+05 2.09742445942E+21 1.00002591603E+00 1.45782394112E+29 1.51410501995E-05
 2.45590448363E+05 2.11666268633E+21 1.00002600345E+00 1.46625006806E+29 1.51921178205E-05
 2.47009958752E+05 2.13607737222E+21 1.00002609115E+00 1.47472489747E+29 1.52433576775E-05
 2.48437673942E+05 2.15567013562E+21 1.00002617916E+00 1.48324871083E+29 1.52947703514E-05
 2.49873641360E+05 2.17544260992E+21 1.00002626745E+00 1.49182179127E+29 1.53463564250E-05
 2.51317908703E+05 2.19539644348E+21 1.00002635605E+00 1.50044442356E+29 1.53981164831E-05
 2.52770523946E+05 2.21553329979E+21 1.00002644495E+00 1.50911689410E+29 1.54500511124E-05
 2.54231535339E+05 2.23585485757E+21 1.00002653414E+00 1.51783949095E+29 1.55021609017E-05
 2.55700991415E+05 2.25636281098E+21 1.00002662364E+00 1.52661250384E+29 1.55544464418E-05
 2.57178940982E+05 2.27705886970E+21 1.00002671344E+00 1.53543622417E+29 1.56069083253E-05
 2.58665433135E+05 2.29794475907E+21 1.00002680354E+00 1.54431094503E+29 1.56595471470E-05
 2.60160517251E+05 2.31902222029E+21 1.00002689394E+00 1.55323696119E+29 1.57123635037E-05
 2.61664242991E+05 2.34029301052E+21 1.00002698465E+00 1.56221456914E+29 1.57653579939E-05
 2.63176660304E+05 2.36175890302E+21 1.00002707567E+00 1.57124406708E+29 1.58185312186E-05
 2.64697819430E+05 2.38342168734E+21 1.00002716699E+00 1.58032575492E+29 1.58718837805E-05
 2.66227770895E+05 2.40528316943E+21 1.00002725862E+00 1.58945993433E+29 1.59254162843E-05
 2.67766565521E+05 2.42734517180E+21 1.00002735056E+00 1.59864690869E+29 1.59791293371E-05
 2.69314254422E+05 2.44960953370E+21 1.00002744281E+00 1.60788698316E+29 1.60330235476E-05
 2.70870889007E+05 2.47207811122E+21 1.00002753538E+00 1.61718046466E+29 1.60870995268E-05
 2.72436520983E+05 2.49475277749E+21 1.00002762825E+00 1.62652766188E+29 1.61413578877E-05
 2.74011202356E+05 2.51763542283E+21 1.00002772144E+00 1.63592888528E+29 1.61957992455E-05
 2.75594985432E+05 2.54072795488E+21 1.00002781494E+00 1.64538444714E+29 1.62504242173E-05
 2.77187922820E+05 2.56403229879E+21 1.00002790875E+00 1.65489466152E+29 1.63052334223E-05
 2.78790067432E+05 2.58755039735E+21 1.00002800289E+00 1.66445984433E+29 1.63602274818E-05
 2.80401472487E+05 2.61128421121E+21 1.00002809734E+00 1.67408031326E+29 1.64154070193E-05
 2.82022191511E+05 2.63523571896E+21 1.00002819211E+00 1.68375638788E+29 1.64707726604E-05
 2.83652278340E+05 2.65940691735E+21 1.00002828719E+00 1.69348838957E+29 1.65263250325E-05
 2.85291787120E+05 2.68379982147E+21 1.00002838260E+00 1.70327664159E+29 1.65820647655E-05
 2.86940772311E+05 2.70841646486E+21 1.00002847833E+00 1.71312146907E+29 1.66379924913E-05
 2.88599288688E+05 2.73325889973E+21 1.00002857439E+00 1.72302319901E+29 1.66941088438E-05
 2.90267391341E+05 2.75832919711E+21 1.00002867077E+00 1.73298216030E+29 1.67504144592E-05
 2.91945135680E+05 2.78362944702E+21 1.00002876747E+00 1.74299868374E+29 1.68069099759E-05
 2.93632577435E+05 2.80916175867E+21 1.00002886450E+00 1.75307310202E+29 1.68635960341E-05
 2.95329772658E+05 2.83492826058E+21 1.00002896186E+00 1.76320574978E+29 1.69204732766E-05
 2.97036777725E+05 2.86093110083E+21 1.00002905954E+00 1.77339696358E+29 1.69775423481E-05
 2.98753649337E+05 2.88717244719E+21 1.00002915755E+00 1.78364708193E+29 1.70348038955E-05
 3.00480444524E+05 2.91365448731E+21 1.00002925590E+00 1.79395644530E+29 1.70922585679E-05
 3.02217220646E+05 2.94037942890E+21 1.00002935458E+00 1.80432539611E+29 1.71499070168E-05
 3.03964035392E+05 2.96734949994E+21 1.00002945359E+00 1.81475427877E+29 1.72077498955E-05
 3.05720946788E+05 2.99456694882E+21 1.00002955293E+00 1.82524343970E+29 1.72657878598E-05
 3.07488013192E+05 3.02203404458E+21 1.00002965261E+00 1.83579322729E+29 1.73240215677E-05
 3.09265293302E+05 3.04975307705E+21 1.00002975262E+00 1.84640399196E+29 1.73824516791E-05
 3.11052846153E+05 3.07772635707E+21 1.00002985297E+00 1.85707608616E+29 1.74410788566E-05
 3.12850731124E+05 3.10595621668E+21 1.00002995366E+00 1.86780986436E+29 1.74999037648E-05
 3.14659007934E+05 3.13444500931E+21 1.00003005470E+00 1.87860568309E+29 1.75589270704E-05
 3.16477736650E+05 3.16319510997E+21 1.00003015607E+00 1.88946390096E+29 1.76181494425E-05
 3.18306977685E+05 3.19220891546E+21 1.00003025778E+00 1.90038487861E+29 1.76775715525E-05
 3.20146791801E+05 3.22148884456E+21 1.00003035983E+00 1.91136897879E+29 1.77371940741E-05
 3.21997240111E+05 3.25103733825E+21 1.00003046223E+00 1.92241656636E+29 1.77970176831E-05
 3.23858384082E+05 3.28085685987E+21 1.00003056498E+00 1.93352800826E+29 1.78570430576E-05
 3.25730285536E+05 3.31094989538E+21 1.00003066807E+00 1.94470367357E+29 1.79172708781E-05
 3.27613006652E+05 3.34131895354E+21 1.00003077151E+00 1.95594393349E+29 1.79777018273E-05
 3.29506609969E+05 3.37196656610E+21 1.00003087530E+00 1.96724916137E+29 1.80383365904E-05
 3.31411158388E+05 3.40289528806E+21 1.00003097944E+00 1.97861973274E+29 1.80991758546E-05
 3.33326715171E+05 3.43410769785E+21 1.00003108393E+00 1.99005602526E+29 1.81602203096E-05
 3.35253343949E+05 3.46560639752E+21 1.00003118877E+00 2.00155841880E+29 1.82214706474E-05
 3.37191108718E+05 3.49739401303E+21 1.00003129397E+00 2.01312729543E+29 1.82829275623E-05
 3.39140073847E+05 3.52947319439E+21 1.00003139952E+00 2.02476303940E+29 1.83445917511E-05
 3.41100304073E+05 3.56184661594E+21 1.00003150543E+00 2.03646603721E+29 1.84064639127E-05
 3.43071864511E+05 3.59451697654E+21 1.00003161169E+00 2.04823667759E+29 1.84685447486E-05
 3.45054820651E+05 3.62748699982E+21 1.00003171831E+00 2.06007535149E+29 1.85308349624E-05
 3.47049238360E+05 3.66075943436E+21 1.00003182529E+00 2.07198245216E+29 1.85933352603E-05
 3.49055183888E+05 3.69433705397E+21 1.00003193264E+00 2.08395837509E+29 1.86560463507E-05
 3.51072723866E+05 3.72822265792E+21 1.00003204034E+00 2.09600351807E+29 1.87189689447E-05
 3.53101925313E+05 3.76241907112E+21 1.00003214841E+00 2.10811828118E+29 1.87821037554E-05
 3.55142855631E+05 3.79692914442E+21 1.00003225684E+00 2.12030306683E+29 1.88454514985E-05
 3.57195582617E+05 3.83175575480E+21 1.00003236564E+00 2.13255827975E+29 1.89090128922E-05
 3.59260174455E+05 3.86690180565E+21 1.00003247481E+00 2.14488432700E+29 1.89727886569E-05
 3.61336699726E+05 3.90237022695E+21 1.00003258434E+00 2.15728161799E+29 1.90367795156E-05
 3.63425227406E+05 3.93816397561E+21 1.00003269424E+00 2.16975056451E+29 1.91009861938E-05
 3.65525826870E+05 3.97428603562E+21 1.00003280452E+00 2.18229158073E+29 1.91654094192E-05
 3.67638567896E+05 4.01073941835E+21 1.00003291516E+00 2.19490508320E+29 1.92300499222E-05
 3.69763520661E+05 4.04752716280E+21 1.00003302618E+00 2.20759149088E+29 1.92949084355E-05
 3.71900755752E+05 4.08465233585E+21 1.00003313757E+00 2.22035122518E+29 1.93599856943E-05
 3.74050344162E+05 4.12211803247E+21 1.00003324934E+00 2.23318470990E+29 1.94252824363E-05
 3.76212357295E+05 4.15992737608E+21 1.00003336149E+00 2.24609237133E+29 1.94907994017E-05
 3.78386866965E+05 4.19808351870E+21 1.00003347401E+00 2.25907463819E+29 1.95565373333E-05
 3.80573945406E+05 4.23658964128E+21 1.00003358692E+00 2.27213194170E+29 1.96224969761E-05
 3.82773665266E+05 4.27544895394E+21 1.00003370020E+00 2.28526471558E+29 1.96886790780E-05
 3.84986099614E+05 4.31466469626E+21 1.00003381387E+00 2.29847339602E+29 1.97550843891E-05
 3.87211321941E+05 4.35424013752E+21 1.00003392792E+00 2.31175842178E+29 1.98217136621E-05
 3.89449406162E+05 4.39417857698E+21 1.00003404235E+00 2.32512023411E+29 1.98885676525E-05
 3.91700426623E+05 4.43448334418E+21 1.00003415718E+00 2.33855927685E+29 1.99556471180E-05
 3.93964458094E+05 4.47515779919E+21 1.00003427238E+00 2.35207599637E+29 2.00229528190E-05
 3.96241575782E+05 4.51620533291E+21 1.00003438798E+00 2.36567084165E+29 2.00904855185E-05
 3.98531855326E+05 4.55762936732E+21 1.00003450397E+00 2.37934426424E+29 2.01582459820E-05
 4.00835372804E+05 4.59943335581E+21 1.00003462034E+00 2.39309671832E+29 2.02262349776E-05
 4.03152204732E+05 4.64162078343E+21 1.00003473711E+00 2.40692866068E+29 2.02944532761E-05
 4.05482428069E+05 4.68419516721E+21 1.00003485428E+00 2.42084055077E+29 2.03629016507E-05
 4.07826120220E+05 4.72716005642E+21 1.00003497184E+00 2.43483285067E+29 2.04315808774E-05
 4.10183359035E+05 4.77051903291E+21 1.00003508979E+00 2.44890602515E+29 2.05004917346E-05
 4.12554222817E+05 4.81427571136E+21 1.00003520815E+00 2.46306054165E+29 2.05696350036E-05
 4.14938790319E+05 4.85843373963E+21 1.00003532690E+00 2.47729687033E+29 2.06390114681E-05
 4.17337140750E+05 4.90299679900E+21 1.00003544605E+00 2.49161548406E+29 2.07086219145E-05
 4.19749353777E+05 4.94796860457E+21 1.00003556561E+00 2.50601685844E+29 2.07784671320E-05
 4.22175509529E+05 4.99335290547E+21 1.00003568557E+00 2.52050147182E+29 2.08485479122E-05
 4.24615688595E+05 5.03915348523E+21 1.00003580593E+00 2.53506980532E+29 2.09188650496E-05
 4.27069972032E+05 5.08537416210E+21 1.00003592670E+00 2.54972234283E+29 2.09894193413E-05
 4.29538441365E+05 5.13201878934E+21 1.00003604788E+00 2.56445957105E+29 2.10602115870E-05
 4.32021178591E+05 5.17909125555E+21 1.00003616946E+00 2.57928197949E+29 2.11312425892E-05
 4.34518266180E+05 5.22659548500E+21 1.00003629146E+00 2.59419006047E+29 2.12025131532E-05
 4.37029787078E+05 5.27453543796E+21 1.00003641386E+00 2.60918430919E+29 2.12740240867E-05
 4.39555824713E+05 5.32291511103E+21 1.00003653668E+00 2.62426522368E+29 2.13457762005E-05
 4.42096462992E+05 5.37173853744E+21 1.00003665992E+00 2.63943330487E+29 2.14177703078E-05
 4.44651786309E+05 5.42100978744E+21 1.00003678357E+00 2.65468905658E+29 2.14900072249E-05
 4.47221879546E+05 5.47073296861E+21 1.00003690763E+00 2.67003298553E+29 2.15624877704E-05
 4.49806828076E+05 5.52091222621E+21 1.00003703212E+00 2.68546560139E+29 2.16352127660E-05
 4.52406717762E+05 5.57155174350E+21 1.00003715702E+00 2.70098741676E+29 2.17081830362E-05
 4.55021634968E+05 5.62265574213E+21 1.00003728235E+00 2.71659894720E+29 2.17813994080E-05
 4.57651666554E+05 5.67422848246E+21 1.00003740810E+00 2.73230071127E+29 2.18548627114E-05
 4.60296899884E+05 5.72627426395E+21 1.00003753427E+00 2.74809323051E+29 2.19285737792E-05
 4.62957422826E+05 5.77879742547E+21 1.00003766087E+00 2.76397702947E+29 2.20025334469E-05
 4.65633323755E+05 5.83180234570E+21 1.00003778790E+00 2.77995263575E+29 2.20767425529E-05
 4.68324691559E+05 5.88529344348E+21 1.00003791535E+00 2.79602057999E+29 2.21512019383E-05
 4.71031615639E+05 5.93927517818E+21 1.00003804323E+00 2.81218139590E+29 2.22259124473E-05
 4.73754185911E+05 5.99375205007E+21 1.00003817155E+00 2.82843562026E+29 2.23008749266E-05
 4.76492492813E+05 6.04872860071E+21 1.00003830030E+00 2.84478379298E+29 2.23760902261E-05
 4.79246627304E+05 6.10420941330E+21 1.00003842948E+00 2.86122645707E+29 2.24515591984E-05
 4.82016680871E+05 6.16019911309E+21 1.00003855910E+00 2.87776415867E+29 2.25272826988E-05
 4.84802745529E+05 6.21670236776E+21 1.00003868915E+00 2.89439744711E+29 2.26032615858E-05
 4.87604913822E+05 6.27372388778E+21 1.00003881965E+00 2.91112687487E+29 2.26794967206E-05
 4.90423278833E+05 6.33126842684E+21 1.00003895058E+00 2.92795299763E+29 2.27559889674E-05
 4.93257934182E+05 6.38934078225E+21 1.00003908196E+00 2.94487637427E+29 2.28327391933E-05
 4.96108974027E+05 6.44794579529E+21 1.00003921377E+00 2.96189756692E+29 2.29097482682E-05
 4.98976493075E+05 6.50708835167E+21 1.00003934604E+00 2.97901714095E+29 2.29870170651E-05
 5.01860586578E+05 6.56677338189E+21 1.00003947875E+00 2.99623566500E+29 2.30645464598E-05
 5.04761350337E+05 6.62700586170E+21 1.00003961190E+00 3.01355371099E+29 2.31423373313E-05
 5.07678880711E+05 6.68779081248E+21 1.00003974551E+00 3.03097185415E+29 2.32203905612E-05
 5.10613274612E+05 6.74913330166E+21 1.00003987957E+00 3.04849067304E+29 2.32987070343E-05
 5.13564629513E+05 6.81103844315E+21 1.00004001408E+00 3.06611074956E+29 2.33772876384E-05
 5.16533043453E+05 6.87351139777E+21 1.00004014904E+00 3.08383266896E+29 2.34561332643E-05
 5.19518615035E+05 6.93655737369E+21 1.00004028446E+00 3.10165701990E+29 2.35352448056E-05
 5.22521443432E+05 7.00018162684E+21 1.00004042033E+00 3.11958439442E+29 2.36146231591E-05
 5.25541628391E+05 7.06438946134E+21 1.00004055666E+00 3.13761538799E+29 2.36942692246E-05
 5.28579270237E+05 7.12918622999E+21 1.00004069346E+00 3.15575059953E+29 2.37741839050E-05
 5.31634469873E+05 7.19457733468E+21 1.00004083071E+00 3.17399063139E+29 2.38543681060E-05
 5.34707328785E+05 7.26056822684E+21 1.00004096843E+00 3.19233608945E+29 2.39348227366E-05
 5.37797949046E+05 7.32716440790E+21 1.00004110661E+00 3.21078758306E+29 2.40155487087E-05
 5.40906433321E+05 7.39437142977E+21 1.00004124526E+00 3.22934572509E+29 2.40965469375E-05
 5.44032884865E+05 7.46219489526E+21 1.00004138437E+00 3.24801113197E+29 2.41778183410E-05
 5.47177407533E+05 7.53064045859E+21 1.00004152396E+00 3.26678442367E+29 2.42593638405E-05
 5.50340105778E+05 7.59971382583E+21 1.00004166401E+00 3.28566622378E+29 2.43411843604E-05
 5.53521084658E+05 7.66942075540E+21 1.00004180454E+00 3.30465715945E+29 2.44232808280E-05
 5.56720449838E+05 7.73976705851E+21 1.00004194554E+00 3.32375786148E+29 2.45056541740E-05
 5.59938307594E+05 7.81075859972E+21 1.00004208702E+00 3.34296896433E+29 2.45883053320E-05
 5.63174764816E+05 7.88240129733E+21 1.00004222897E+00 3.36229110609E+29 2.46712352390E-05
 5.66429929012E+05 7.95470112396E+21 1.00004237141E+00 3.38172492857E+29 2.47544448350E-05
 5.69703908310E+05 8.02766410699E+21 1.00004251432E+00 3.40127107726E+29 2.48379350632E-05
 5.72996811466E+05 8.10129632911E+21 1.00004265772E+00 3.42093020142E+29 2.49217068699E-05
 5.76308747862E+05 8.17560392878E+21 1.00004280160E+00 3.44070295403E+29 2.50057612048E-05
 5.79639827514E+05 8.25059310078E+21 1.00004294596E+00 3.46058999185E+29 2.50900990205E-05
 5.82990161073E+05 8.32627009669E+21 1.00004309081E+00 3.48059197545E+29 2.51747212732E-05
 5.86359859829E+05 8.40264122546E+21 1.00004323615E+00 3.50070956920E+29 2.52596289219E-05
 5.89749035716E+05 8.47971285387E+21 1.00004338198E+00 3.52094344133E+29 2.53448229291E-05
 5.93157801317E+05 8.55749140714E+21 1.00004352831E+00 3.54129426392E+29 2.54303042606E-05
 5.96586269862E+05 8.63598336939E+21 1.00004367512E+00 3.56176271293E+29 2.55160738852E-05
 6.00034555238E+05 8.71519528424E+21 1.00004382243E+00 3.58234946823E+29 2.56021327752E-05
 6.03502771989E+05 8.79513375531E+21 1.00004397024E+00 3.60305521364E+29 2.56884819060E-05
 6.06991035322E+05 8.87580544681E+21 1.00004411855E+00 3.62388063689E+29 2.57751222564E-05
 6.10499461111E+05 8.95721708404E+21 1.00004426735E+00 3.64482642973E+29 2.58620548085E-05
 6.14028165896E+05 9.03937545404E+21 1.00004441666E+00 3.66589328788E+29 2.59492805478E-05
 6.17577266895E+05 9.12228740606E+21 1.00004456647E+00 3.68708191109E+29 2.60368004628E-05
 6.21146882002E+05 9.20595985219E+21 1.00004471679E+00 3.70839300315E+29 2.61246155456E-05
 6.24737129790E+05 9.29039976791E+21 1.00004486762E+00 3.72982727194E+29 2.62127267917E-05
 6.28348129521E+05 9.37561419270E+21 1.00004501895E+00 3.75138542939E+29 2.63011351997E-05
 6.31980001145E+05 9.46161023060E+21 1.00004517079E+00 3.77306819158E+29 2.63898417718E-05
 6.35632865304E+05 9.54839505079E+21 1.00004532315E+00 3.79487627872E+29 2.64788475135E-05
 6.39306843340E+05 9.63597588824E+21 1.00004547602E+00 3.81681041517E+29 2.65681534337E-05
 6.43002057294E+05 9.72436004427E+21 1.00004562940E+00 3.83887132950E+29 2.66577605445E-05
 6.46718629914E+05 9.81355488715E+21 1.00004578330E+00 3.86105975446E+29 2.67476698618E-05
 6.50456684656E+05 9.90356785277E+21 1.00004593773E+00 3.88337642707E+29 2.68378824047E-05
 6.54216345692E+05 9.99440644519E+21 1.00004609267E+00 3.90582208859E+29 2.69283991956E-05
 6.57997737909E+05 1.00860782373E+22 1.00004624813E+00 3.92839748456E+29 2.70192212607E-05
 6.61800986918E+05 1.01785908715E+22 1.00004640412E+00 3.95110336484E+29 2.71103496293E-05
 6.65626219055E+05 1.02719520603E+22 1.00004656064E+00 3.97394048363E+29 2.72017853344E-05
 6.69473561387E+05 1.03661695868E+22 1.00004671768E+00 3.99690959946E+29 2.72935294124E-05
 6.73343141713E+05 1.04612513056E+22 1.00004687526E+00 4.02001147528E+29 2.73855829033E-05
 6.77235088576E+05 1.05572051434E+22 1.00004703336E+00 4.04324687843E+29 2.74779468504E-05
 6.81149531256E+05 1.06540390996E+22 1.00004719200E+00 4.06661658069E+29 2.75706223007E-05
 6.85086599784E+05 1.07517612468E+22 1.00004735117E+00 4.09012135830E+29 2.76636103046E-05
 6.89046424942E+05 1.08503797318E+22 1.00004751088E+00 4.11376199198E+29 2.77569119162E-05
 6.93029138267E+05 1.09499027761E+22 1.00004767113E+00 4.13753926698E+29 2.78505281930E-05
 6.97034872057E+05 1.10503386765E+22 1.00004783192E+00 4.16145397308E+29 2.79444601961E-05
 7.01063759375E+05 1.11516958062E+22 1.00004799325E+00 4.18550690460E+29 2.80387089903E-05
 7.05115934053E+05 1.12539826149E+22 1.00004815512E+00 4.20969886050E+29 2.81332756437E-05
 7.09191530697E+05 1.13572076299E+22 1.00004831755E+00 4.23403064432E+29 2.82281612285E-05
 7.13290684689E+05 1.14613794567E+22 1.00004848052E+00 4.25850306426E+29 2.83233668199E-05
 7.17413532195E+05 1.15665067797E+22 1.00004864403E+00 4.28311693318E+29 2.84188934972E-05
 7.21560210170E+05 1.16725983631E+22 1.00004880811E+00 4.30787306865E+29 2.85147423432E-05
 7.25730856357E+05 1.17796630514E+22 1.00004897273E+00 4.33277229296E+29 2.86109144442E-05
 7.29925609297E+05 1.18877097702E+22 1.00004913791E+00 4.35781543317E+29 2.87074108904E-05
 7.34144608333E+05 1.19967475270E+22 1.00004930364E+00 4.38300332108E+29 2.88042327755E-05
 7.38387993612E+05 1.21067854118E+22 1.00004946994E+00 4.40833679333E+29 2.89013811970E-05
 7.42655906091E+05 1.22178325983E+22 1.00004963680E+00 4.43381669140E+29 2.89988572560E-05
 7.46948487542E+05 1.23298983439E+22 1.00004980421E+00 4.45944386161E+29 2.90966620574E-05
 7.51265880556E+05 1.24429919912E+22 1.00004997220E+00 4.48521915518E+29 2.91947967097E-05
 7.55608228551E+05 1.25571229686E+22 1.00005014075E+00 4.51114342827E+29 2.92932623254E-05
 7.59975675769E+05 1.26723007906E+22 1.00005030987E+00 4.53721754196E+29 2.93920600204E-05
 7.64368367291E+05 1.27885350592E+22 1.00005047956E+00 4.56344236231E+29 2.94911909146E-05
 7.68786449034E+05 1.29058354646E+22 1.00005064982E+00 4.58981876041E+29 2.95906561316E-05
 7.73230067757E+05 1.30242117857E+22 1.00005082065E+00 4.61634761237E+29 2.96904567989E-05
 7.77699371070E+05 1.31436738910E+22 1.00005099207E+00 4.64302979935E+29 2.97905940476E-05
 7.82194507436E+05 1.32642317398E+22 1.00005116406E+00 4.66986620763E+29 2.98910690127E-05
 7.86715626174E+05 1.33858953825E+22 1.00005133663E+00 4.69685772859E+29 2.99918828332E-05
 7.91262877469E+05 1.35086749618E+22 1.00005150978E+00 4.72400525877E+29 3.00930366516E-05
 7.95836412372E+05 1.36325807135E+22 1.00005168351E+00 4.75130969990E+29 3.01945316145E-05
 8.00436382807E+05 1.37576229671E+22 1.00005185784E+00 4.77877195891E+29 3.02963688723E-05
 8.05062941579E+05 1.38838121470E+22 1.00005203275E+00 4.80639294799E+29 3.03985495793E-05
 8.09716242372E+05 1.40111587731E+22 1.00005220825E+00 4.83417358457E+29 3.05010748937E-05
 8.14396439762E+05 1.41396734620E+22 1.00005238434E+00 4.86211479141E+29 3.06039459775E-05
 8.19103689217E+05 1.42693669274E+22 1.00005256103E+00 4.89021749660E+29 3.07071639967E-05
 8.23838147104E+05 1.44002499814E+22 1.00005273831E+00 4.91848263358E+29 3.08107301213E-05
 8.28599970692E+05 1.45323335354E+22 1.00005291619E+00 4.94691114121E+29 3.09146455252E-05
 8.33389318163E+05 1.46656286006E+22 1.00005309467E+00 4.97550396375E+29 3.10189113861E-05
 8.38206348609E+05 1.48001462895E+22 1.00005327375E+00 5.00426205093E+29 3.11235288858E-05
 8.43051222046E+05 1.49358978162E+22 1.00005345344E+00 5.03318635797E+29 3.12284992102E-05
 8.47924099410E+05 1.50728944981E+22 1.00005363373E+00 5.06227784561E+29 3.13338235490E-05
 8.52825142572E+05 1.52111477559E+22 1.00005381463E+00 5.09153748015E+29 3.14395030960E-05
 8.57754514335E+05 1.53506691155E+22 1.00005399614E+00 5.12096623346E+29 3.15455390491E-05
 8.62712378446E+05 1.54914702082E+22 1.00005417826E+00 5.15056508304E+29 3.16519326100E-05
 8.67698899597E+05 1.56335627721E+22 1.00005436100E+00 5.18033501202E+29 3.17586849847E-05
 8.72714243431E+05 1.57769586530E+22 1.00005454435E+00 5.21027700926E+29 3.18657973832E-05
 8.77758576551E+05 1.59216698054E+22 1.00005472832E+00 5.24039206927E+29 3.19732710195E-05
 8.82832066521E+05 1.60677082933E+22 1.00005491291E+00 5.27068119236E+29 3.20811071118E-05
 8.87934881875E+05 1.62150862915E+22 1.00005509813E+00 5.30114538460E+29 3.21893068823E-05
 8.93067192119E+05 1.63638160863E+22 1.00005528397E+00 5.33178565787E+29 3.22978715574E-05
 8.98229167741E+05 1.65139100769E+22 1.00005547043E+00 5.36260302992E+29 3.24068023675E-05
 9.03420980214E+05 1.66653807760E+22 1.00005565753E+00 5.39359852436E+29 3.25161005474E-05
 9.08642802002E+05 1.68182408114E+22 1.00005584526E+00 5.42477317073E+29 3.26257673359E-05
 9.13894806565E+05 1.69725029263E+22 1.00005603362E+00 5.45612800452E+29 3.27358039759E-05
 9.19177168368E+05 1.71281799811E+22 1.00005622261E+00 5.48766406719E+29 3.28462117147E-05
 9.24490062881E+05 1.72852849542E+22 1.00005641224E+00 5.51938240624E+29 3.29569918037E-05
 9.29833666593E+05 1.74438309426E+22 1.00005660251E+00 5.55128407521E+29 3.30681454983E-05
 9.35208157008E+05 1.76038311641E+22 1.00005679343E+00 5.58337013374E+29 3.31796740586E-05
 9.40613712659E+05 1.77652989571E+22 1.00005698498E+00 5.61564164759E+29 3.32915787485E-05
 9.46050513112E+05 1.79282477827E+22 1.00005717719E+00 5.64809968868E+29 3.34038608365E-05
 9.51518738967E+05 1.80926912255E+22 1.00005737004E+00 5.68074533511E+29 3.35165215951E-05
 9.57018571873E+05 1.82586429944E+22 1.00005756354E+00 5.71357967125E+29 3.36295623013E-05
 9.62550194525E+05 1.84261169244E+22 1.00005775770E+00 5.74660378770E+29 3.37429842363E-05
 9.68113790676E+05 1.85951269771E+22 1.00005795251E+00 5.77981878138E+29 3.38567886857E-05
 9.73709545140E+05 1.87656872424E+22 1.00005814797E+00 5.81322575556E+29 3.39709769392E-05
 9.79337643800E+05 1.89378119394E+22 1.00005834410E+00 5.84682581985E+29 3.40855502912E-05
 9.84998273615E+05 1.91115154173E+22 1.00005854089E+00 5.88062009032E+29 3.42005100402E-05
 9.90691622621E+05 1.92868121574E+22 1.00005873834E+00 5.91460968945E+29 3.43158574892E-05
 9.96417879944E+05 1.94637167734E+22 1.00005893646E+00 5.94879574625E+29 3.44315939456E-05
 1.00217723580E+06 1.96422440134E+22 1.00005913524E+00 5.98317939622E+29 3.45477207211E-05
 1.00796988151E+06 1.98224087606E+22 1.00005933470E+00 6.01776178143E+29 3.46642391319E-05
 1.01379600950E+06 2.00042260346E+22 1.00005953483E+00 6.05254405056E+29 3.47811504986E-05
 1.01965581331E+06 2.01877109930E+22 1.00005973563E+00 6.08752735893E+29 3.48984561463E-05
 1.02554948757E+06 2.03728789323E+22 1.00005993711E+00 6.12271286854E+29 3.50161574046E-05
 1.03147722809E+06 2.05597452893E+22 1.00006013927E+00 6.15810174808E+29 3.51342556075E-05
 1.03743923177E+06 2.07483256424E+22 1.00006034212E+00 6.19369517304E+29 3.52527520935E-05
 1.04343569665E+06 2.09386357129E+22 1.00006054564E+00 6.22949432566E+29 3.53716482056E-05
 1.04946682194E+06 2.11306913664E+22 1.00006074986E+00 6.26550039504E+29 3.54909452914E-05
 1.05553280798E+06 2.13245086138E+22 1.00006095476E+00 6.30171457714E+29 3.56106447030E-05
 1.06163385628E+06 2.15201036130E+22 1.00006116035E+00 6.33813807484E+29 3.57307477971E-05
 1.06777016950E+06 2.17174926701E+22 1.00006136664E+00 6.37477209798E+29 3.58512559350E-05
 1.07394195148E+06 2.19166922409E+22 1.00006157362E+00 6.41161786337E+29 3.59721704824E-05
 1.08014940724E+06 2.21177189318E+22 1.00006178130E+00 6.44867659487E+29 3.60934928097E-05
 1.08639274299E+06 2.23205895018E+22 1.00006198968E+00 6.48594952342E+29 3.62152242921E-05
 1.09267216613E+06 2.25253208635E+22 1.00006219876E+00 6.52343788705E+29 3.63373663093E-05
 1.09898788524E+06 2.27319300847E+22 1.00006240855E+00 6.56114293097E+29 3.64599202455E-05
 1.10534011012E+06 2.29404343897E+22 1.00006261905E+00 6.59906590757E+29 3.65828874897E-05
 1.11172905180E+06 2.31508511607E+22 1.00006283026E+00 6.63720807650E+29 3.67062694357E-05
 1.11815492251E+06 2.33631979396E+22 1.00006304218E+00 6.67557070467E+29 3.68300674819E-05
 1.12461793569E+06 2.35774924289E+22 1.00006325481E+00 6.71415506631E+29 3.69542830313E-05
 1.13111830606E+06 2.37937524937E+22 1.00006346816E+00 6.75296244304E+29 3.70789174918E-05
 1.13765624954E+06 2.40119961627E+22 1.00006368223E+00 6.79199412387E+29 3.72039722760E-05
 1.14423198331E+06 2.42322416303E+22 1.00006389702E+00 6.83125140526E+29 3.73294488012E-05
 1.15084572582E+06 2.44545072576E+22 1.00006411254E+00 6.87073559116E+29 3.74553484895E-05
 1.15749769676E+06 2.46788115740E+22 1.00006432878E+00 6.91044799307E+29 3.75816727678E-05
 1.16418811710E+06 2.49051732792E+22 1.00006454576E+00 6.95038993007E+29 3.77084230679E-05
 1.17091720910E+06 2.51336112440E+22 1.00006476346E+00 6.99056272885E+29 3.78356008262E-05
 1.17768519629E+06 2.53641445126E+22 1.00006498190E+00 7.03096772377E+29 3.79632074843E-05
 1.18449230349E+06 2.55967923037E+22 1.00006520108E+00 7.07160625692E+29 3.80912444883E-05
 1.19133875683E+06 2.58315740125E+22 1.00006542099E+00 7.11247967813E+29 3.82197132894E-05
 1.19822478373E+06 2.60685092118E+22 1.00006564165E+00 7.15358934504E+29 3.83486153436E-05
 1.20515061295E+06 2.63076176542E+22 1.00006586305E+00 7.19493662313E+29 3.84779521118E-05
 1.21211647456E+06 2.65489192733E+22 1.00006608520E+00 7.23652288579E+29 3.86077250599E-05
 1.21912259995E+06 2.67924341856E+22 1.00006630810E+00 7.27834951432E+29 3.87379356586E-05
 1.22616922185E+06 2.70381826921E+22 1.00006653175E+00 7.32041789802E+29 3.88685853838E-05
 1.23325657436E+06 2.72861852801E+22 1.00006675615E+00 7.36272943423E+29 3.89996757161E-05
 1.24038489291E+06 2.75364626246E+22 1.00006698131E+00 7.40528552834E+29 3.91312081413E-05
 1.24755441428E+06 2.77890355904E+22 1.00006720723E+00 7.44808759390E+29 3.92631841500E-05
 1.25476537665E+06 2.80439252338E+22 1.00006743391E+00 7.49113705259E+29 3.93956052381E-05
 1.26201801956E+06 2.83011528039E+22 1.00006766136E+00 7.53443533433E+29 3.95284729064E-05
 1.26931258393E+06 2.85607397450E+22 1.00006788957E+00 7.57798387731E+29 3.96617886606E-05
 1.27664931209E+06 2.88227076979E+22 1.00006811856E+00 7.62178412802E+29 3.97955540117E-05
 1.28402844774E+06 2.90870785020E+22 1.00006834831E+00 7.66583754130E+29 3.99297704758E-05
 1.29145023602E+06 2.93538741971E+22 1.00006857884E+00 7.71014558044E+29 4.00644395740E-05
 1.29891492348E+06 2.96231170249E+22 1.00006881015E+00 7.75470971713E+29 4.01995628325E-05
 1.30642275808E+06 2.98948294313E+22 1.00006904224E+00 7.79953143162E+29 4.03351417827E-05
 1.31397398923E+06 3.01690340681E+22 1.00006927511E+00 7.84461221269E+29 4.04711779613E-05
 1.32156886777E+06 3.04457537948E+22 1.00006950877E+00 7.88995355772E+29 4.06076729099E-05
 1.32920764600E+06 3.07250116806E+22 1.00006974321E+00 7.93555697275E+29 4.07446281756E-05
 1.33689057768E+06 3.10068310062E+22 1.00006997845E+00 7.98142397254E+29 4.08820453104E-05
 1.34461791801E+06 3.12912352659E+22 1.00007021448E+00 8.02755608059E+29 4.10199258717E-05
 1.35238992371E+06 3.15782481696E+22 1.00007045130E+00 8.07395482919E+29 4.11582714223E-05
 1.36020685294E+06 3.18678936446E+22 1.00007068893E+00 8.12062175953E+29 4.12970835300E-05
 1.36806896538E+06 3.21601958377E+22 1.00007092735E+00 8.16755842167E+29 4.14363637680E-05
 1.37597652221E+06 3.24551791170E+22 1.00007116658E+00 8.21476637465E+29 4.15761137148E-05
 1.38392978610E+06 3.27528680743E+22 1.00007140662E+00 8.26224718650E+29 4.17163349543E-05
 1.39192902126E+06 3.30532875269E+22 1.00007164746E+00 8.31000243434E+29 4.18570290756E-05
 1.39997449342E+06 3.33564625199E+22 1.00007188912E+00 8.35803370438E+29 4.19981976731E-05
 1.40806646984E+06 3.36624183278E+22 1.00007213159E+00 8.40634259202E+29 4.21398423469E-05
 1.41620521933E+06 3.39711804571E+22 1.00007237489E+00 8.45493070186E+29 4.22819647022E-05
 1.42439101225E+06 3.42827746484E+22 1.00007261900E+00 8.50379964780E+29 4.24245663496E-05
 1.43262412054E+06 3.45972268781E+22 1.00007286393E+00 8.55295105305E+29 4.25676489053E-05
 1.44090481768E+06 3.49145633610E+22 1.00007310969E+00 8.60238655021E+29 4.27112139910E-05
 1.44923337876E+06 3.52348105525E+22 1.00007335628E+00 8.65210778130E+29 4.28552632335E-05
 1.45761008044E+06 3.55579951505E+22 1.00007360371E+00 8.70211639785E+29 4.29997982655E-05
 1.46603520100E+06 3.58841440977E+22 1.00007385196E+00 8.75241406093E+29 4.31448207250E-05
 1.47450902032E+06 3.62132845841E+22 1.00007410106E+00 8.80300244121E+29 4.32903322555E-05
 1.48303181988E+06 3.65454440490E+22 1.00007435099E+00 8.85388321902E+29 4.34363345061E-05
 1.49160388281E+06 3.68806501834E+22 1.00007460177E+00 8.90505808439E+29 4.35828291315E-05
 1.50022549387E+06 3.72189309323E+22 1.00007485339E+00 8.95652873713E+29 4.37298177918E-05
 1.50889693946E+06 3.75603144971E+22 1.00007510586E+00 9.00829688688E+29 4.38773021530E-05
 1.51761850764E+06 3.79048293377E+22 1.00007535918E+00 9.06036425314E+29 4.40252838864E-05
 1.52639048815E+06 3.82525041751E+22 1.00007561336E+00 9.11273256538E+29 4.41737646691E-05
 1.53521317237E+06 3.86033679938E+22 1.00007586840E+00 9.16540356302E+29 4.43227461839E-05
 1.54408685340E+06 3.89574500442E+22 1.00007612429E+00 9.21837899559E+29 4.44722301190E-05
 1.55301182601E+06 3.93147798448E+22 1.00007638105E+00 9.27166062269E+29 4.46222181688E-05
 1.56198838668E+06 3.96753871851E+22 1.00007663867E+00 9.32525021410E+29 4.47727120328E-05
 1.57101683362E+06 4.00393021276E+22 1.00007689717E+00 9.37914954985E+29 4.49237134167E-05
 1.58009746674E+06 4.04065550107E+22 1.00007715653E+00 9.43336042022E+29 4.50752240317E-05
 1.58923058770E+06 4.07771764510E+22 1.00007741677E+00 9.48788462588E+29 4.52272455949E-05
 1.59841649990E+06 4.11511973459E+22 1.00007767789E+00 9.54272397788E+29 4.53797798291E-05
 1.60765550848E+06 4.15286488764E+22 1.00007793989E+00 9.59788029774E+29 4.55328284630E-05
 1.61694792036E+06 4.19095625093E+22 1.00007820277E+00 9.65335541752E+29 4.56863932309E-05
 1.62629404424E+06 4.22939700000E+22 1.00007846654E+00 9.70915117986E+29 4.58404758733E-05
 1.63569419059E+06 4.26819033953E+22 1.00007873120E+00 9.76526943806E+29 4.59950781363E-05
 1.64514867167E+06 4.30733950359E+22 1.00007899675E+00 9.82171205611E+29 4.61502017720E-05
 1.65465780157E+06 4.34684775591E+22 1.00007926319E+00 9.87848090880E+29 4.63058485383E-05
 1.66422189616E+06 4.38671839016E+22 1.00007953054E+00 9.93557788174E+29 4.64620201992E-05
 1.67384127317E+06 4.42695473021E+22 1.00007979879E+00 9.99300487145E+29 4.66187185244E-05
 1.68351625215E+06 4.46756013045E+22 1.00008006794E+00 1.00507637854E+30 4.67759452899E-05
 1.69324715450E+06 4.50853797599E+22 1.00008033800E+00 1.01088565421E+30 4.69337022773E-05
 1.70303430348E+06 4.54989168303E+22 1.00008060897E+00 1.01672850711E+30 4.70919912746E-05
 1.71287802420E+06 4.59162469908E+22 1.00008088085E+00 1.02260513132E+30 4.72508140754E-05
 1.72277864369E+06 4.63374050328E+22 1.00008115365E+00 1.02851572203E+30 4.74101724798E-05
 1.73273649082E+06 4.67624260669E+22 1.00008142738E+00 1.03446047557E+30 4.75700682936E-05
 1.74275189641E+06 4.71913455256E+22 1.00008170202E+00 1.04043958940E+30 4.77305033288E-05
 1.75282519316E+06 4.76241991664E+22 1.00008197759E+00 1.04645326211E+30 4.78914794037E-05
 1.76295671570E+06 4.80610230748E+22 1.00008225409E+00 1.05250169346E+30 4.80529983424E-05
 1.77314680060E+06 4.85018536676E+22 1.00008253152E+00 1.05858508434E+30 4.82150619753E-05
 1.78339578637E+06 4.89467276950E+22 1.00008280989E+00 1.06470363683E+30 4.83776721392E-05
 1.79370401348E+06 4.93956822449E+22 1.00008308920E+00 1.07085755415E+30 4.85408306766E-05
 1.80407182437E+06 4.98487547450E+22 1.00008336945E+00 1.07704704070E+30 4.87045394367E-05
 1.81449956345E+06 5.03059829664E+22 1.00008365065E+00 1.08327230209E+30 4.88688002745E-05
 1.82498757714E+06 5.07674050267E+22 1.00008393279E+00 1.08953354508E+30 4.90336150517E-05
 1.83553621384E+06 5.12330593931E+22 1.00008421589E+00 1.09583097764E+30 4.91989856359E-05
 1.84614582398E+06 5.17029848856E+22 1.00008449994E+00 1.10216480895E+30 4.93649139012E-05
 1.85681676000E+06 5.21772206803E+22 1.00008478494E+00 1.10853524939E+30 4.95314017280E-05
 1.86754937641E+06 5.26558063126E+22 1.00008507091E+00 1.11494251056E+30 4.96984510028E-05
 1.87834402972E+06 5.31387816806E+22 1.00008535785E+00 1.12138680528E+30 4.98660636188E-05
 1.88920107855E+06 5.36261870483E+22 1.00008564575E+00 1.12786834760E+30 5.00342414755E-05
 1.90012088355E+06 5.41180630491E+22 1.00008593462E+00 1.13438735281E+30 5.02029864786E-05
 1.91110380749E+06 5.46144506889E+22 1.00008622447E+00 1.14094403745E+30 5.03723005404E-05
 1.92215021522E+06 5.51153913499E+22 1.00008651529E+00 1.14753861929E+30 5.05421855796E-05
 1.93326047370E+06 5.56209267938E+22 1.00008680710E+00 1.15417131738E+30 5.07126435214E-05
 1.94443495201E+06 5.61310991654E+22 1.00008709989E+00 1.16084235204E+30 5.08836762974E-05
 1.95567402137E+06 5.66459509961E+22 1.00008739367E+00 1.16755194484E+30 5.10552858459E-05
 1.96697805514E+06 5.71655252073E+22 1.00008768844E+00 1.17430031864E+30 5.12274741115E-05
 1.97834742884E+06 5.76898651141E+22 1.00008798420E+00 1.18108769761E+30 5.14002430455E-05
 1.98978252017E+06 5.82190144289E+22 1.00008828096E+00 1.18791430718E+30 5.15735946056E-05
 2.00128370899E+06 5.87530172652E+22 1.00008857872E+00 1.19478037410E+30 5.17475307565E-05
 2.01285137738E+06 5.92919181410E+22 1.00008887748E+00 1.20168612645E+30 5.19220534690E-05
 2.02448590962E+06 5.98357619825E+22 1.00008917726E+00 1.20863179359E+30 5.20971647210E-05
 2.03618769221E+06 6.03845941282E+22 1.00008947804E+00 1.21561760623E+30 5.22728664967E-05
 2.04795711388E+06 6.09384603324E+22 1.00008977984E+00 1.22264379641E+30 5.24491607872E-05
 2.05979456562E+06 6.14974067690E+22 1.00009008266E+00 1.22971059751E+30 5.26260495904E-05
 2.07170044066E+06 6.20614800355E+22 1.00009038650E+00 1.23681824426E+30 5.28035349106E-05
 2.08367513453E+06 6.26307271567E+22 1.00009069136E+00 1.24396697274E+30 5.29816187592E-05
 2.09571904502E+06 6.32051955889E+22 1.00009099725E+00 1.25115702041E+30 5.31603031541E-05
 2.10783257223E+06 6.37849332235E+22 1.00009130417E+00 1.25838862607E+30 5.33395901202E-05
 2.12001611859E+06 6.43699883913E+22 1.00009161213E+00 1.26566202995E+30 5.35194816892E-05
 2.13227008883E+06 6.49604098663E+22 1.00009192113E+00 1.27297747363E+30 5.36999798996E-05
 2.14459489002E+06 6.55562468700E+22 1.00009223117E+00 1.28033520009E+30 5.38810867967E-05
 2.15699093161E+06 6.61575490753E+22 1.00009254225E+00 1.28773545372E+30 5.40628044328E-05
 2.16945862539E+06 6.67643666107E+22 1.00009285438E+00 1.29517848034E+30 5.42451348671E-05
 2.18199838555E+06 6.73767500645E+22 1.00009316757E+00 1.30266452717E+30 5.44280801658E-05
 2.19461062865E+06 6.79947504891E+22 1.00009348181E+00 1.31019384285E+30 5.46116424019E-05
 2.20729577369E+06 6.86184194050E+22 1.00009379712E+00 1.31776667749E+30 5.47958236554E-05
 2.22005424207E+06 6.92478088054E+22 1.00009411348E+00 1.32538328262E+30 5.49806260136E-05
 2.23288645762E+06 6.98829711604E+22 1.00009443092E+00 1.33304391122E+30 5.51660515705E-05
 2.24579284664E+06 7.05239594213E+22 1.00009474942E+00 1.34074881776E+30 5.53521024272E-05
 2.25877383789E+06 7.11708270251E+22 1.00009506900E+00 1.34849825815E+30 5.55387806921E-05
 2.27182986259E+06 7.18236278989E+22 1.00009538966E+00 1.35629248980E+30 5.57260884806E-05
 2.28496135448E+06 7.24824164646E+22 1.00009571139E+00 1.36413177160E+30 5.59140279150E-05
 2.29816874979E+06 7.31472476431E+22 1.00009603422E+00 1.37201636393E+30 5.61026011251E-05
 2.31145248728E+06 7.38181768592E+22 1.00009635813E+00 1.37994652870E+30 5.62918102477E-05
 2.32481300823E+06 7.44952600458E+22 1.00009668313E+00 1.38792252929E+30 5.64816574269E-05
 2.33825075650E+06 7.51785536492E+22 1.00009700923E+00 1.39594463065E+30 5.66721448138E-05
 2.35176617848E+06 7.58681146332E+22 1.00009733643E+00 1.40401309923E+30 5.68632745670E-05
 2.36535972317E+06 7.65640004842E+22 1.00009766474E+00 1.41212820302E+30 5.70550488523E-05
 2.37903184216E+06 7.72662692158E+22 1.00009799415E+00 1.42029021159E+30 5.72474698427E-05
 2.39278298964E+06 7.79749793738E+22 1.00009832467E+00 1.42849939603E+30 5.74405397187E-05
 2.40661362242E+06 7.86901900408E+22 1.00009865631E+00 1.43675602902E+30 5.76342606680E-05
 2.42052419998E+06 7.94119608417E+22 1.00009898907E+00 1.44506038481E+30 5.78286348857E-05
 2.43451518443E+06 8.01403519480E+22 1.00009932294E+00 1.45341273923E+30 5.80236645744E-05
 2.44858704056E+06 8.08754240831E+22 1.00009965795E+00 1.46181336971E+30 5.82193519440E-05
 2.46274023585E+06 8.16172385276E+22 1.00009999408E+00 1.47026255529E+30 5.84156992119E-05
 2.47697524047E+06 8.23658571240E+22 1.00010033135E+00 1.47876057661E+30 5.86127086029E-05
 2.49129252732E+06 8.31213422821E+22 1.00010066976E+00 1.48730771593E+30 5.88103823495E-05
 2.50569257204E+06 8.38837569841E+22 1.00010100930E+00 1.49590425716E+30 5.90087226915E-05
 2.52017585299E+06 8.46531647899E+22 1.00010135000E+00 1.50455048583E+30 5.92077318764E-05
 2.53474285133E+06 8.54296298425E+22 1.00010169184E+00 1.51324668914E+30 5.94074121591E-05
 2.54939405099E+06 8.62132168731E+22 1.00010203483E+00 1.52199315594E+30 5.96077658023E-05
 2.56412993868E+06 8.70039912067E+22 1.00010237898E+00 1.53079017674E+30 5.98087950763E-05
 2.57895100395E+06 8.78020187674E+22 1.00010272430E+00 1.53963804375E+30 6.00105022588E-05
 2.59385773916E+06 8.86073660842E+22 1.00010307077E+00 1.54853705085E+30 6.02128896355E-05
 2.60885063952E+06 8.94201002960E+22 1.00010341842E+00 1.55748749362E+30 6.04159594997E-05
 2.62393020312E+06 9.02402891578E+22 1.00010376724E+00 1.56648966937E+30 6.06197141523E-05
 2.63909693091E+06 9.10680010460E+22 1.00010411723E+00 1.57554387711E+30 6.08241559021E-05
 2.65435132674E+06 9.19033049640E+22 1.00010446840E+00 1.58465041757E+30 6.10292870656E-05
 2.66969389737E+06 9.27462705483E+22 1.00010482076E+00 1.59380959324E+30 6.12351099672E-05
 2.68512515251E+06 9.35969680741E+22 1.00010517431E+00 1.60302170835E+30 6.14416269390E-05
 2.70064560479E+06 9.44554684612E+22 1.00010552905E+00 1.61228706888E+30 6.16488403210E-05
 2.71625576980E+06 9.53218432797E+22 1.00010588499E+00 1.62160598259E+30 6.18567524613E-05
 2.73195616615E+06 9.61961647565E+22 1.00010624213E+00 1.63097875901E+30 6.20653657155E-05
 2.74774731541E+06 9.70785057808E+22 1.00010660047E+00 1.64040570946E+30 6.22746824475E-05
 2.76362974218E+06 9.79689399102E+22 1.00010696002E+00 1.64988714707E+30 6.24847050291E-05
 2.77960397409E+06 9.88675413774E+22 1.00010732078E+00 1.65942338676E+30 6.26954358398E-05
 2.79567054182E+06 9.97743850955E+22 1.00010768276E+00 1.66901474530E+30 6.29068772676E-05
 2.81182997912E+06 1.00689546665E+23 1.00010804596E+00 1.67866154127E+30 6.31190317081E-05
 2.82808282282E+06 1.01613102380E+23 1.00010841039E+00 1.68836409508E+30 6.33319015653E-05
 2.84442961286E+06 1.02545129235E+23 1.00010877605E+00 1.69812272902E+30 6.35454892511E-05
 2.86087089229E+06 1.03485704928E+23 1.00010914293E+00 1.70793776722E+30 6.37597971856E-05
 2.87740720733E+06 1.04434907873E+23 1.00010951106E+00 1.71780953570E+30 6.39748277971E-05
 2.89403910731E+06 1.05392817201E+23 1.00010988043E+00 1.72773836236E+30 6.41905835219E-05
 2.91076714477E+06 1.06359512771E+23 1.00011025104E+00 1.73772457698E+30 6.44070668048E-05
 2.92759187544E+06 1.07335075172E+23 1.00011062290E+00 1.74776851128E+30 6.46242800987E-05
 2.94451385826E+06 1.08319585733E+23 1.00011099602E+00 1.75787049885E+30 6.48422258646E-05
 2.96153365539E+06 1.09313126530E+23 1.00011137040E+00 1.76803087525E+30 6.50609065720E-05
 2.97865183225E+06 1.10315780391E+23 1.00011174604E+00 1.77824997796E+30 6.52803246987E-05
 2.99586895752E+06 1.11327630904E+23 1.00011212294E+00 1.78852814642E+30 6.55004827309E-05
 3.01318560320E+06 1.12348762424E+23 1.00011250112E+00 1.79886572202E+30 6.57213831629E-05
 3.03060234455E+06 1.13379260078E+23 1.00011288057E+00 1.80926304813E+30 6.59430284977E-05
 3.04811976018E+06 1.14419209776E+23 1.00011326131E+00 1.81972047010E+30 6.61654212467E-05
 3.06573843204E+06 1.15468698214E+23 1.00011364332E+00 1.83023833528E+30 6.63885639295E-05
 3.08345894546E+06 1.16527812886E+23 1.00011402663E+00 1.84081699304E+30 6.66124590746E-05
 3.10128188912E+06 1.17596642085E+23 1.00011441123E+00 1.85145679475E+30 6.68371092187E-05
 3.11920785514E+06 1.18675274917E+23 1.00011479712E+00 1.86215809381E+30 6.70625169072E-05
 3.13723743904E+06 1.19763801304E+23 1.00011518432E+00 1.87292124569E+30 6.72886846940E-05
 3.15537123978E+06 1.20862311992E+23 1.00011557282E+00 1.88374660787E+30 6.75156151416E-05
 3.17360985980E+06 1.21970898560E+23 1.00011596264E+00 1.89463453994E+30 6.77433108212E-05
 3.19195390501E+06 1.23089653427E+23 1.00011635376E+00 1.90558540355E+30 6.79717743128E-05
 3.21040398483E+06 1.24218669861E+23 1.00011674621E+00 1.91659956243E+30 6.82010082047E-05
 3.22896071220E+06 1.25358041984E+23 1.00011713998E+00 1.92767738243E+30 6.84310150942E-05
 3.24762470360E+06 1.26507864780E+23 1.00011753508E+00 1.93881923150E+30 6.86617975874E-05
 3.26639657908E+06 1.27668234107E+23 1.00011793151E+00 1.95002547973E+30 6.88933582991E-05
 3.28527696226E+06 1.28839246701E+23 1.00011832928E+00 1.96129649934E+30 6.91256998528E-05
 3.30426648039E+06 1.30021000186E+23 1.00011872839E+00 1.97263266471E+30 6.93588248810E-05
 3.32336576432E+06 1.31213593079E+23 1.00011912885E+00 1.98403435237E+30 6.95927360250E-05
 3.34257544857E+06 1.32417124805E+23 1.00011953066E+00 1.99550194104E+30 6.98274359350E-05
 3.36189617131E+06 1.33631695695E+23 1.00011993382E+00 2.00703581162E+30 7.00629272701E-05
 3.38132857441E+06 1.34857407007E+23 1.00012033834E+00 2.01863634721E+30 7.02992126985E-05
 3.40087330345E+06 1.36094360922E+23 1.00012074423E+00 2.03030393315E+30 7.05362948972E-05
 3.42053100773E+06 1.37342660562E+23 1.00012115148E+00 2.04203895696E+30 7.07741765524E-05
 3.44030234032E+06 1.38602409992E+23 1.00012156011E+00 2.05384180845E+30 7.10128603591E-05
 3.46018795806E+06 1.39873714235E+23 1.00012197012E+00 2.06571287964E+30 7.12523490218E-05
 3.48018852158E+06 1.41156679274E+23 1.00012238151E+00 2.07765256485E+30 7.14926452537E-05
 3.50030469534E+06 1.42451412066E+23 1.00012279429E+00 2.08966126066E+30 7.17337517773E-05
 3.52053714763E+06 1.43758020549E+23 1.00012320846E+00 2.10173936595E+30 7.19756713243E-05
 3.54088655061E+06 1.45076613649E+23 1.00012362403E+00 2.11388728189E+30 7.22184066355E-05
 3.56135358032E+06 1.46407301293E+23 1.00012404100E+00 2.12610541199E+30 7.24619604612E-05
 3.58193891672E+06 1.47750194417E+23 1.00012445937E+00 2.13839416208E+30 7.27063355607E-05
 3.60264324370E+06 1.49105404972E+23 1.00012487916E+00 2.15075394034E+30 7.29515347025E-05
 3.62346724909E+06 1.50473045939E+23 1.00012530036E+00 2.16318515731E+30 7.31975606649E-05
 3.64441162469E+06 1.51853231332E+23 1.00012572298E+00 2.17568822591E+30 7.34444162351E-05
 3.66547706634E+06 1.53246076213E+23 1.00012614703E+00 2.18826356142E+30 7.36921042098E-05
 3.68666427386E+06 1.54651696699E+23 1.00012657251E+00 2.20091158155E+30 7.39406273954E-05
 3.70797395113E+06 1.56070209971E+23 1.00012699943E+00 2.21363270640E+30 7.41899886073E-05
 3.72940680610E+06 1.57501734287E+23 1.00012742778E+00 2.22642735852E+30 7.44401906708E-05
 3.75096355083E+06 1.58946388987E+23 1.00012785758E+00 2.23929596290E+30 7.46912364205E-05
 3.77264490146E+06 1.60404294508E+23 1.00012828883E+00 2.25223894697E+30 7.49431287006E-05
 3.79445157829E+06 1.61875572389E+23 1.00012872153E+00 2.26525674063E+30 7.51958703648E-05
 3.81638430579E+06 1.63360345287E+23 1.00012915569E+00 2.27834977629E+30 7.54494642766E-05
 3.83844381262E+06 1.64858736983E+23 1.00012959132E+00 2.29151848885E+30 7.57039133090E-05
 3.86063083163E+06 1.66370872391E+23 1.00013002841E+00 2.30476331569E+30 7.59592203447E-05
 3.88294609993E+06 1.67896877573E+23 1.00013046698E+00 2.31808469677E+30 7.62153882762E-05
 3.90539035887E+06 1.69436879748E+23 1.00013090703E+00 2.33148307456E+30 7.64724200056E-05
 3.92796435412E+06 1.70991007300E+23 1.00013134857E+00 2.34495889410E+30 7.67303184450E-05
 3.95066883561E+06 1.72559389791E+23 1.00013179159E+00 2.35851260299E+30 7.69890865160E-05
 3.97350455766E+06 1.74142157972E+23 1.00013223611E+00 2.37214465143E+30 7.72487271503E-05
 3.99647227891E+06 1.75739443793E+23 1.00013268212E+00 2.38585549222E+30 7.75092432895E-05
 4.01957276241E+06 1.77351380415E+23 1.00013312964E+00 2.39964558077E+30 7.77706378848E-05
 4.04280677560E+06 1.78978102219E+23 1.00013357868E+00 2.41351537513E+30 7.80329138977E-05
 4.06617509037E+06 1.80619744819E+23 1.00013402922E+00 2.42746533600E+30 7.82960742994E-05
 4.08967848308E+06 1.82276445073E+23 1.00013448128E+00 2.44149592672E+30 7.85601220714E-05
 4.11331773457E+06 1.83948341096E+23 1.00013493487E+00 2.45560761334E+30 7.88250602050E-05
 4.13709363018E+06 1.85635572267E+23 1.00013538999E+00 2.46980086458E+30 7.90908917016E-05
 4.16100695981E+06 1.87338279244E+23 1.00013584665E+00 2.48407615189E+30 7.93576195729E-05
 4.18505851793E+06 1.89056603978E+23 1.00013630484E+00 2.49843394943E+30 7.96252468405E-05
 4.20924910357E+06 1.90790689719E+23 1.00013676458E+00 2.51287473409E+30 7.98937765364E-05
 4.23357952042E+06 1.92540681031E+23 1.00013722587E+00 2.52739898554E+30 8.01632117027E-05
 4.25805057679E+06 1.94306723805E+23 1.00013768872E+00 2.54200718622E+30 8.04335553918E-05
 4.28266308568E+06 1.96088965271E+23 1.00013815313E+00 2.55669982134E+30 8.07048106662E-05
 4.30741786477E+06 1.97887554008E+23 1.00013861910E+00 2.57147737893E+30 8.09769805990E-05
 4.33231573648E+06 1.99702639958E+23 1.00013908665E+00 2.58634034983E+30 8.12500682734E-05
 4.35735752799E+06 2.01534374439E+23 1.00013955577E+00 2.60128922774E+30 8.15240767833E-05
 4.38254407124E+06 2.03382910155E+23 1.00014002647E+00 2.61632450917E+30 8.17990092327E-05
 4.40787620301E+06 2.05248401214E+23 1.00014049877E+00 2.63144669355E+30 8.20748687363E-05
 4.43335476490E+06 2.07131003135E+23 1.00014097265E+00 2.64665628317E+30 8.23516584190E-05
 4.45898060337E+06 2.09030872864E+23 1.00014144814E+00 2.66195378322E+30 8.26293814166E-05
 4.48475456977E+06 2.10948168787E+23 1.00014192522E+00 2.67733970182E+30 8.29080408752E-05
 4.51067752041E+06 2.12883050741E+23 1.00014240392E+00 2.69281455002E+30 8.31876399516E-05
 4.53675031650E+06 2.14835680033E+23 1.00014288423E+00 2.70837884183E+30 8.34681818131E-05
 4.56297382426E+06 2.16806219445E+23 1.00014336616E+00 2.72403309423E+30 8.37496696380E-05
 4.58934891491E+06 2.18794833255E+23 1.00014384972E+00 2.73977782718E+30 8.40321066149E-05
 4.61587646471E+06 2.20801687248E+23 1.00014433491E+00 2.75561356365E+30 8.43154959434E-05
 4.64255735497E+06 2.22826948726E+23 1.00014482173E+00 2.77154082965E+30 8.45998408338E-05
 4.66939247212E+06 2.24870786531E+23 1.00014531020E+00 2.78756015420E+30 8.48851445073E-05
 4.69638270769E+06 2.26933371049E+23 1.00014580031E+00 2.80367206940E+30 8.51714101958E-05
 4.72352895837E+06 2.29014874231E+23 1.00014629208E+00 2.81987711042E+30 8.54586411422E-05
 4.75083212606E+06 2.31115469605E+23 1.00014678550E+00 2.83617581551E+30 8.57468406003E-05
 4.77829311784E+06 2.33235332290E+23 1.00014728059E+00 2.85256872604E+30 8.60360118348E-05
 4.80591284606E+06 2.35374639013E+23 1.00014777735E+00 2.86905638653E+30 8.63261581215E-05
 4.83369222831E+06 2.37533568120E+23 1.00014827579E+00 2.88563934462E+30 8.66172827473E-05
 4.86163218752E+06 2.39712299594E+23 1.00014877591E+00 2.90231815112E+30 8.69093890099E-05
 4.88973365194E+06 2.41911015067E+23 1.00014927771E+00 2.91909336003E+30 8.72024802183E-05
 4.91799755519E+06 2.44129897840E+23 1.00014978121E+00 2.93596552854E+30 8.74965596927E-05
 4.94642483629E+06 2.46369132894E+23 1.00015028640E+00 2.95293521709E+30 8.77916307643E-05
 4.97501643968E+06 2.48628906904E+23 1.00015079330E+00 2.97000298933E+30 8.80876967757E-05
 5.00377331526E+06 2.50909408263E+23 1.00015130190E+00 2.98716941217E+30 8.83847610807E-05
 5.03269641843E+06 2.53210827086E+23 1.00015181223E+00 3.00443505581E+30 8.86828270443E-05
 5.06178671012E+06 2.55533355235E+23 1.00015232427E+00 3.02180049375E+30 8.89818980430E-05
 5.09104515679E+06 2.57877186332E+23 1.00015283804E+00 3.03926630277E+30 8.92819774646E-05
 5.12047273051E+06 2.60242515774E+23 1.00015335355E+00 3.05683306303E+30 8.95830687083E-05
 5.15007040896E+06 2.62629540751E+23 1.00015387079E+00 3.07450135801E+30 8.98851751848E-05
 5.17983917547E+06 2.65038460260E+23 1.00015438978E+00 3.09227177459E+30 9.01883003161E-05
 5.20978001907E+06 2.67469475125E+23 1.00015491052E+00 3.11014490300E+30 9.04924475361E-05
 5.23989393449E+06 2.69922788012E+23 1.00015543301E+00 3.12812133693E+30 9.07976202898E-05
 5.27018192222E+06 2.72398603444E+23 1.00015595727E+00 3.14620167347E+30 9.11038220343E-05
 5.30064498853E+06 2.74897127823E+23 1.00015648329E+00 3.16438651317E+30 9.14110562379E-05
 5.33128414551E+06 2.77418569441E+23 1.00015701109E+00 3.18267646006E+30 9.17193263809E-05
 5.36210041111E+06 2.79963138503E+23 1.00015754067E+00 3.20107212164E+30 9.20286359552E-05
 5.39309480914E+06 2.82531047140E+23 1.00015807204E+00 3.21957410894E+30 9.23389884643E-05
 5.42426836935E+06 2.85122509431E+23 1.00015860520E+00 3.23818303651E+30 9.26503874239E-05
 5.45562212744E+06 2.87737741417E+23 1.00015914015E+00 3.25689952247E+30 9.29628363612E-05
 5.48715712509E+06 2.90376961121E+23 1.00015967691E+00 3.27572418849E+30 9.32763388155E-05
 5.51887441002E+06 2.93040388566E+23 1.00016021549E+00 3.29465765985E+30 9.35908983377E-05
 5.55077503598E+06 2.95728245792E+23 1.00016075587E+00 3.31370056543E+30 9.39065184911E-05
 5.58286006284E+06 2.98440756878E+23 1.00016129808E+00 3.33285353777E+30 9.42232028506E-05
 5.61513055658E+06 3.01178147955E+23 1.00016184212E+00 3.35211721302E+30 9.45409550035E-05
 5.64758758935E+06 3.03940647232E+23 1.00016238800E+00 3.37149223106E+30 9.48597785489E-05
 5.68023223948E+06 3.06728485008E+23 1.00016293571E+00 3.39097923544E+30 9.51796770981E-05
 5.71306559157E+06 3.09541893695E+23 1.00016348527E+00 3.41057887342E+30 9.55006542747E-05
 5.74608873646E+06 3.12381107839E+23 1.00016403669E+00 3.43029179603E+30 9.58227137143E-05
 5.77930277130E+06 3.15246364134E+23 1.00016458997E+00 3.45011865804E+30 9.61458590650E-05
 5.81270879961E+06 3.18137901447E+23 1.00016514511E+00 3.47006011802E+30 9.64700939869E-05
 5.84630793125E+06 3.21055960837E+23 1.00016570212E+00 3.49011683833E+30 9.67954221525E-05
 5.88010128253E+06 3.24000785571E+23 1.00016626102E+00 3.51028948517E+30 9.71218472470E-05
 5.91408997618E+06 3.26972621150E+23 1.00016682180E+00 3.53057872858E+30 9.74493729675E-05
 5.94827514147E+06 3.29971715326E+23 1.00016738447E+00 3.55098524250E+30 9.77780030239E-05
 5.98265791414E+06 3.32998318123E+23 1.00016794903E+00 3.57150970473E+30 9.81077411385E-05
 6.01723943654E+06 3.36052681858E+23 1.00016851551E+00 3.59215279701E+30 9.84385910461E-05
 6.05202085762E+06 3.39135061163E+23 1.00016908389E+00 3.61291520501E+30 9.87705564941E-05
 6.08700333294E+06 3.42245713006E+23 1.00016965419E+00 3.63379761837E+30 9.91036412427E-05
 6.12218802477E+06 3.45384896712E+23 1.00017022641E+00 3.65480073071E+30 9.94378490644E-05
 6.15757610210E+06 3.48552873983E+23 1.00017080056E+00 3.67592523967E+30 9.97731837448E-05
 6.19316874067E+06 3.51749908923E+23 1.00017137665E+00 3.69717184690E+30 1.00109649082E-04
 6.22896712301E+06 3.54976268058E+23 1.00017195469E+00 3.71854125814E+30 1.00447248887E-04
 6.26497243851E+06 3.58232220359E+23 1.00017253467E+00 3.74003418317E+30 1.00785986983E-04
 6.30118588340E+06 3.61518037263E+23 1.00017311661E+00 3.76165133590E+30 1.01125867208E-04
 6.33760866087E+06 3.64833992697E+23 1.00017370051E+00 3.78339343436E+30 1.01466893410E-04
 6.37424198102E+06 3.68180363102E+23 1.00017428638E+00 3.80526120072E+30 1.01809069452E-04
 6.41108706099E+06 3.71557427452E+23 1.00017487423E+00 3.82725536134E+30 1.02152399211E-04
 6.44814512492E+06 3.74965467284E+23 1.00017546406E+00 3.84937664678E+30 1.02496886574E-04
 6.48541740406E+06 3.78404766712E+23 1.00017605588E+00 3.87162579179E+30 1.02842535443E-04
 6.52290513674E+06 3.81875612460E+23 1.00017664969E+00 3.89400353540E+30 1.03189349734E-04
 6.56060956850E+06 3.85378293881E+23 1.00017724551E+00 3.91651062091E+30 1.03537333374E-04
 6.59853195202E+06 3.88913102981E+23 1.00017784334E+00 3.93914779590E+30 1.03886490304E-04
 6.63667354728E+06 3.92480334445E+23 1.00017844318E+00 3.96191581228E+30 1.04236824479E-04
 6.67503562151E+06 3.96080285661E+23 1.00017904505E+00 3.98481542630E+30 1.04588339867E-04
 6.71361944927E+06 3.99713256744E+23 1.00017964895E+00 4.00784739859E+30 1.04941040449E-04
 6.75242631250E+06 4.03379550564E+23 1.00018025488E+00 4.03101249417E+30 1.05294930219E-04
 6.79145750055E+06 4.07079472767E+23 1.00018086286E+00 4.05431148249E+30 1.05650013187E-04
 6.83071431021E+06 4.10813331803E+23 1.00018147289E+00 4.07774513744E+30 1.06006293373E-04
 6.87019804579E+06 4.14581438950E+23 1.00018208498E+00 4.10131423738E+30 1.06363774813E-04
 6.90991001911E+06 4.18384108343E+23 1.00018269913E+00 4.12501956517E+30 1.06722461555E-04
 6.94985154961E+06 4.22221656998E+23 1.00018331535E+00 4.14886190820E+30 1.07082357661E-04
 6.99002396433E+06 4.26094404838E+23 1.00018393365E+00 4.17284205842E+30 1.07443467209E-04
 7.03042859800E+06 4.30002674721E+23 1.00018455404E+00 4.19696081234E+30 1.07805794287E-04
 7.07106679306E+06 4.33946792467E+23 1.00018517651E+00 4.22121897107E+30 1.08169342999E-04
 7.11193989970E+06 4.37927086882E+23 1.00018580109E+00 4.24561734038E+30 1.08534117462E-04
 7.15304927594E+06 4.41943889790E+23 1.00018642778E+00 4.27015673066E+30 1.08900121809E-04
 7.19439628763E+06 4.45997536059E+23 1.00018705658E+00 4.29483795701E+30 1.09267360183E-04
 7.23598230853E+06 4.50088363628E+23 1.00018768750E+00 4.31966183923E+30 1.09635836744E-04
 7.27780872034E+06 4.54216713534E+23 1.00018832054E+00 4.34462920187E+30 1.10005555665E-04
 7.31987691274E+06 4.58382929945E+23 1.00018895573E+00 4.36974087423E+30 1.10376521133E-04
 7.36218828345E+06 4.62587360183E+23 1.00018959305E+00 4.39499769041E+30 1.10748737350E-04
 7.40474423828E+06 4.66830354758E+23 1.00019023252E+00 4.42040048933E+30 1.11122208531E-04
 7.44754619116E+06 4.71112267393E+23 1.00019087416E+00 4.44595011477E+30 1.11496938905E-04
 7.49059556418E+06 4.75433455058E+23 1.00019151795E+00 4.47164741537E+30 1.11872932717E-04
 7.53389378768E+06 4.79794277995E+23 1.00019216392E+00 4.49749324469E+30 1.12250194225E-04
 7.57744230025E+06 4.84195099750E+23 1.00019281207E+00 4.52348846121E+30 1.12628727700E-04
 7.62124254880E+06 4.88636287207E+23 1.00019346240E+00 4.54963392838E+30 1.13008537431E-04
 7.66529598861E+06 4.93118210610E+23 1.00019411492E+00 4.57593051463E+30 1.13389627718E-04
 7.70960408338E+06 4.97641243603E+23 1.00019476965E+00 4.60237909344E+30 1.13772002877E-04
 7.75416830525E+06 5.02205763256E+23 1.00019542658E+00 4.62898054329E+30 1.14155667239E-04
 7.79899013490E+06 5.06812150098E+23 1.00019608573E+00 4.65573574779E+30 1.14540625148E-04
 7.84407106155E+06 5.11460788146E+23 1.00019674711E+00 4.68264559562E+30 1.14926880963E-04
 7.88941258303E+06 5.16152064943E+23 1.00019741071E+00 4.70971098060E+30 1.15314439061E-04
 7.93501620585E+06 5.20886371584E+23 1.00019807655E+00 4.73693280174E+30 1.15703303828E-04
 7.98088344521E+06 5.25664102752E+23 1.00019874464E+00 4.76431196322E+30 1.16093479669E-04
 8.02701582508E+06 5.30485656751E+23 1.00019941499E+00 4.79184937447E+30 1.16484971003E-04
 8.07341487823E+06 5.35351435537E+23 1.00020008759E+00 4.81954595015E+30 1.16877782262E-04
 8.12008214630E+06 5.40261844752E+23 1.00020076246E+00 4.84740261022E+30 1.17271917897E-04
 8.16701917986E+06 5.45217293763E+23 1.00020143961E+00 4.87542027996E+30 1.17667382368E-04
 8.21422753841E+06 5.50218195687E+23 1.00020211904E+00 4.90359989000E+30 1.18064180156E-04
 8.26170879049E+06 5.55264967433E+23 1.00020280076E+00 4.93194237635E+30 1.18462315754E-04
 8.30946451370E+06 5.60358029732E+23 1.00020348479E+00 4.96044868040E+30 1.18861793669E-04
 8.35749629477E+06 5.65497807177E+23 1.00020417111E+00 4.98911974903E+30 1.19262618427E-04
 8.40580572959E+06 5.70684728253E+23 1.00020485976E+00 5.01795653456E+30 1.19664794566E-04
 8.45439442330E+06 5.75919225376E+23 1.00020555073E+00 5.04695999482E+30 1.20068326640E-04
 8.50326399029E+06 5.81201734928E+23 1.00020624403E+00 5.07613109318E+30 1.20473219219E-04
 8.55241605431E+06 5.86532697294E+23 1.00020693966E+00 5.10547079859E+30 1.20879476888E-04
 8.60185224848E+06 5.91912556898E+23 1.00020763764E+00 5.13498008556E+30 1.21287104248E-04
 8.65157421537E+06 5.97341762242E+23 1.00020833798E+00 5.16465993429E+30 1.21696105914E-04
 8.70158360705E+06 6.02820765939E+23 1.00020904068E+00 5.19451133060E+30 1.22106486518E-04
 8.75188208514E+06 6.08350024755E+23 1.00020974575E+00 5.22453526602E+30 1.22518250707E-04
 8.80247132086E+06 6.13929999646E+23 1.00021045320E+00 5.25473273782E+30 1.22931403144E-04
 8.85335299510E+06 6.19561155795E+23 1.00021116303E+00 5.28510474904E+30 1.23345948507E-04
 8.90452879846E+06 6.25243962653E+23 1.00021187526E+00 5.31565230849E+30 1.23761891491E-04
 8.95600043134E+06 6.30978893976E+23 1.00021258989E+00 5.34637643083E+30 1.24179236805E-04
 9.00776960393E+06 6.36766427865E+23 1.00021330693E+00 5.37727813660E+30 1.24597989175E-04
 9.05983803634E+06 6.42607046809E+23 1.00021402639E+00 5.40835845219E+30 1.25018153344E-04
 9.11220745861E+06 6.48501237718E+23 1.00021474827E+00 5.43961840998E+30 1.25439734069E-04
 9.16487961079E+06 6.54449491973E+23 1.00021547259E+00 5.47105904828E+30 1.25862736123E-04
 9.21785624300E+06 6.60452305459E+23 1.00021619936E+00 5.50268141140E+30 1.26287164297E-04
 9.27113911545E+06 6.66510178609E+23 1.00021692857E+00 5.53448654972E+30 1.26713023396E-04
 9.32472999855E+06 6.72623616449E+23 1.00021766024E+00 5.56647551965E+30 1.27140318243E-04
 9.37863067295E+06 6.78793128635E+23 1.00021839439E+00 5.59864938374E+30 1.27569053676E-04
 9.43284292957E+06 6.85019229497E+23 1.00021913100E+00 5.63100921065E+30 1.27999234550E-04
 9.48736856971E+06 6.91302438086E+23 1.00021987011E+00 5.66355607524E+30 1.28430865736E-04
 9.54220940507E+06 6.97643278210E+23 1.00022061170E+00 5.69629105859E+30 1.28863952120E-04
 9.59736725783E+06 7.04042278484E+23 1.00022135580E+00 5.72921524799E+30 1.29298498608E-04
 9.65284396072E+06 7.10499972371E+23 1.00022210241E+00 5.76232973705E+30 1.29734510119E-04
 9.70864135703E+06 7.17016898227E+23 1.00022285153E+00 5.79563562569E+30 1.30171991591E-04
 9.76476130075E+06 7.23593599346E+23 1.00022360318E+00 5.82913402018E+30 1.30610947976E-04
 9.82120565655E+06 7.30230624005E+23 1.00022435737E+00 5.86282603321E+30 1.31051384246E-04
 9.87797629991E+06 7.36928525510E+23 1.00022511410E+00 5.89671278386E+30 1.31493305387E-04
 9.93507511715E+06 7.43687862243E+23 1.00022587338E+00 5.93079539771E+30 1.31936716403E-04
 9.99250400548E+06 7.50509197706E+23 1.00022663523E+00 5.96507500684E+30 1.32381622315E-04
 1.00502648731E+07 7.57393100571E+23 1.00022739964E+00 5.99955274987E+30 1.32828028159E-04
 1.01083596392E+07 7.64340144726E+23 1.00022816663E+00 6.03422977199E+30 1.33275938992E-04
 1.01667902342E+07 7.71350909322E+23 1.00022893621E+00 6.06910722503E+30 1.33725359884E-04
 1.02255585994E+07 7.78425978823E+23 1.00022970838E+00 6.10418626747E+30 1.34176295923E-04
 1.02846666877E+07 7.85565943054E+23 1.00023048316E+00 6.13946806447E+30 1.34628752216E-04
 1.03441164630E+07 7.92771397248E+23 1.00023126056E+00 6.17495378796E+30 1.35082733885E-04
 1.04039099006E+07 8.00042942100E+23 1.00023204057E+00 6.21064461660E+30 1.35538246071E-04
 1.04640489874E+07 8.07381183814E+23 1.00023282321E+00 6.24654173589E+30 1.35995293931E-04
 1.05245357215E+07 8.14786734155E+23 1.00023360850E+00 6.28264633818E+30 1.36453882640E-04
 1.05853721129E+07 8.22260210497E+23 1.00023439643E+00 6.31895962271E+30 1.36914017389E-04
 1.06465601829E+07 8.29802235880E+23 1.00023518702E+00 6.35548279565E+30 1.37375703390E-04
 1.07081019647E+07 8.37413439056E+23 1.00023598028E+00 6.39221707014E+30 1.37838945869E-04
 1.07699995031E+07 8.45094454546E+23 1.00023677621E+00 6.42916366633E+30 1.38303750070E-04
 1.08322548548E+07 8.52845922689E+23 1.00023757483E+00 6.46632381142E+30 1.38770121257E-04
 1.08948700885E+07 8.60668489699E+23 1.00023837614E+00 6.50369873972E+30 1.39238064710E-04
 1.09578472847E+07 8.68562807718E+23 1.00023918016E+00 6.54128969267E+30 1.39707585726E-04
 1.10211885359E+07 8.76529534866E+23 1.00023998688E+00 6.57909791885E+30 1.40178689622E-04
 1.10848959470E+07 8.84569335305E+23 1.00024079633E+00 6.61712467411E+30 1.40651381731E-04
 1.11489716346E+07 8.92682879283E+23 1.00024160851E+00 6.65537122153E+30 1.41125667405E-04
 1.12134177279E+07 9.00870843201E+23 1.00024242342E+00 6.69383883148E+30 1.41601552013E-04
 1.12782363683E+07 9.09133909660E+23 1.00024324109E+00 6.73252878171E+30 1.42079040944E-04
 1.13434297096E+07 9.17472767524E+23 1.00024406151E+00 6.77144235731E+30 1.42558139604E-04
 1.14089999180E+07 9.25888111977E+23 1.00024488470E+00 6.81058085083E+30 1.43038853416E-04
 1.14749491723E+07 9.34380644575E+23 1.00024571067E+00 6.84994556228E+30 1.43521187822E-04
 1.15412796638E+07 9.42951073314E+23 1.00024653942E+00 6.88953779919E+30 1.44005148285E-04
 1.16079935966E+07 9.51600112680E+23 1.00024737097E+00 6.92935887663E+30 1.44490740282E-04
 1.16750931874E+07 9.60328483714E+23 1.00024820532E+00 6.96941011730E+30 1.44977969311E-04
 1.17425806659E+07 9.69136914072E+23 1.00024904249E+00 7.00969285151E+30 1.45466840888E-04
 1.18104582744E+07 9.78026138081E+23 1.00024988248E+00 7.05020841729E+30 1.45957360548E-04
 1.18787282686E+07 9.86996896808E+23 1.00025072530E+00 7.09095816039E+30 1.46449533845E-04
 1.19473929168E+07 9.96049938112E+23 1.00025157097E+00 7.13194343434E+30 1.46943366349E-04
 1.20164545006E+07 1.00518601672E+24 1.00025241949E+00 7.17316560048E+30 1.47438863652E-04
 1.20859153149E+07 1.01440589426E+24 1.00025327087E+00 7.21462602805E+30 1.47936031363E-04
 1.21557776678E+07 1.02371033938E+24 1.00025412512E+00 7.25632609418E+30 1.48434875110E-04
 1.22260438805E+07 1.03310012776E+24 1.00025498226E+00 7.29826718395E+30 1.48935400541E-04
 1.22967162881E+07 1.04257604218E+24 1.00025584228E+00 7.34045069048E+30 1.49437613323E-04
 1.23677972387E+07 1.05213887262E+24 1.00025670521E+00 7.38287801492E+30 1.49941519140E-04
 1.24392890944E+07 1.06178941631E+24 1.00025757104E+00 7.42555056651E+30 1.50447123697E-04
 1.25111942306E+07 1.07152847777E+24 1.00025843980E+00 7.46846976266E+30 1.50954432718E-04
 1.25835150368E+07 1.08135686892E+24 1.00025931148E+00 7.51163702895E+30 1.51463451946E-04
 1.26562539160E+07 1.09127540912E+24 1.00026018611E+00 7.55505379922E+30 1.51974187143E-04
 1.27294132852E+07 1.10128492525E+24 1.00026106369E+00 7.59872151558E+30 1.52486644091E-04
 1.28029955754E+07 1.11138625176E+24 1.00026194422E+00 7.64264162847E+30 1.53000828592E-04
 1.28770032318E+07 1.12158023076E+24 1.00026282773E+00 7.68681559675E+30 1.53516746465E-04
 1.29514387134E+07 1.13186771209E+24 1.00026371422E+00 7.73124488767E+30 1.54034403551E-04
 1.30263044936E+07 1.14224955340E+24 1.00026460369E+00 7.77593097698E+30 1.54553805710E-04
 1.31016030603E+07 1.15272662016E+24 1.00026549617E+00 7.82087534896E+30 1.55074958823E-04
 1.31773369154E+07 1.16329978583E+24 1.00026639166E+00 7.86607949647E+30 1.55597868787E-04
 1.32535085756E+07 1.17396993185E+24 1.00026729016E+00 7.91154492100E+30 1.56122541524E-04
 1.33301205718E+07 1.18473794776E+24 1.00026819170E+00 7.95727313270E+30 1.56648982971E-04
 1.34071754500E+07 1.19560473124E+24 1.00026909628E+00 8.00326565047E+30 1.57177199088E-04
 1.34846757706E+07 1.20657118823E+24 1.00027000391E+00 8.04952400198E+30 1.57707195855E-04
 1.35626241087E+07 1.21763823296E+24 1.00027091460E+00 8.09604972374E+30 1.58238979271E-04
 1.36410230547E+07 1.22880678805E+24 1.00027182836E+00 8.14284436112E+30 1.58772555356E-04
 1.37198752136E+07 1.24007778459E+24 1.00027274521E+00 8.18990946844E+30 1.59307930149E-04
 1.37991832056E+07 1.25145216220E+24 1.00027366515E+00 8.23724660900E+30 1.59845109710E-04
 1.38789496661E+07 1.26293086912E+24 1.00027458818E+00 8.28485735514E+30 1.60384100121E-04
 1.39591772457E+07 1.27451486230E+24 1.00027551434E+00 8.33274328827E+30 1.60924907482E-04
 1.40398686103E+07 1.28620510746E+24 1.00027644361E+00 8.38090599896E+30 1.61467537915E-04
 1.41210264412E+07 1.29800257916E+24 1.00027737603E+00 8.42934708696E+30 1.62011997562E-04
 1.42026534353E+07 1.30990826093E+24 1.00027831158E+00 8.47806816128E+30 1.62558292586E-04
 1.42847523049E+07 1.32192314531E+24 1.00027925029E+00 8.52707084022E+30 1.63106429171E-04
 1.43673257783E+07 1.33404823392E+24 1.00028019217E+00 8.57635675144E+30 1.63656413521E-04
 1.44503765993E+07 1.34628453760E+24 1.00028113723E+00 8.62592753200E+30 1.64208251861E-04
 1.45339075277E+07 1.35863307645E+24 1.00028208547E+00 8.67578482843E+30 1.64761950438E-04
 1.46179213391E+07 1.37109487993E+24 1.00028303691E+00 8.72593029676E+30 1.65317515518E-04
 1.47024208253E+07 1.38367098693E+24 1.00028399156E+00 8.77636560262E+30 1.65874953391E-04
 1.47874087944E+07 1.39636244587E+24 1.00028494943E+00 8.82709242124E+30 1.66434270366E-04
 1.48728880703E+07 1.40917031481E+24 1.00028591053E+00 8.87811243756E+30 1.66995472773E-04
 1.49588614935E+07 1.42209566149E+24 1.00028687487E+00 8.92942734622E+30 1.67558566965E-04
 1.50453319210E+07 1.43513956346E+24 1.00028784246E+00 8.98103885171E+30 1.68123559315E-04
 1.51323022262E+07 1.44830310813E+24 1.00028881332E+00 9.03294866831E+30 1.68690456218E-04
 1.52197752992E+07 1.46158739292E+24 1.00028978746E+00 9.08515852026E+30 1.69259264090E-04
 1.53077540465E+07 1.47499352528E+24 1.00029076487E+00 9.13767014173E+30 1.69829989369E-04
 1.53962413919E+07 1.48852262284E+24 1.00029174559E+00 9.19048527693E+30 1.70402638516E-04
 1.54852402758E+07 1.50217581347E+24 1.00029272961E+00 9.24360568017E+30 1.70977218011E-04
 1.55747536556E+07 1.51595423540E+24 1.00029371695E+00 9.29703311585E+30 1.71553734357E-04
 1.56647845058E+07 1.52985903728E+24 1.00029470763E+00 9.35076935861E+30 1.72132194081E-04
 1.57553358184E+07 1.54389137832E+24 1.00029570164E+00 9.40481619334E+30 1.72712603728E-04
 1.58464106022E+07 1.55805242833E+24 1.00029669901E+00 9.45917541524E+30 1.73294969868E-04
 1.59380118838E+07 1.57234336788E+24 1.00029769974E+00 9.51384882988E+30 1.73879299092E-04
 1.60301427072E+07 1.58676538835E+24 1.00029870384E+00 9.56883825327E+30 1.74465598013E-04
 1.61228061338E+07 1.60131969206E+24 1.00029971133E+00 9.62414551194E+30 1.75053873268E-04
 1.62160052430E+07 1.61600749236E+24 1.00030072222E+00 9.67977244294E+30 1.75644131513E-04
 1.63097431319E+07 1.63083001371E+24 1.00030173652E+00 9.73572089395E+30 1.76236379430E-04
 1.64040229154E+07 1.64578849182E+24 1.00030275425E+00 9.79199272336E+30 1.76830623720E-04
 1.64988477265E+07 1.66088417373E+24 1.00030377540E+00 9.84858980025E+30 1.77426871111E-04
 1.65942207163E+07 1.67611831790E+24 1.00030480000E+00 9.90551400454E+30 1.78025128349E-04
 1.66901450541E+07 1.69149219437E+24 1.00030582805E+00 9.96276722701E+30 1.78625402205E-04
 1.67866239277E+07 1.70700708479E+24 1.00030685957E+00 1.00203513693E+31 1.79227699473E-04
 1.68836605431E+07 1.72266428259E+24 1.00030789457E+00 1.00782683443E+31 1.79832026969E-04
 1.69812581250E+07 1.73846509306E+24 1.00030893306E+00 1.01365200755E+31 1.80438391532E-04
 1.70794199165E+07 1.75441083347E+24 1.00030997506E+00 1.01951084979E+31 1.81046800025E-04
 1.71781491798E+07 1.77050283314E+24 1.00031102057E+00 1.02540355576E+31 1.81657259333E-04
 1.72774491958E+07 1.78674243362E+24 1.00031206960E+00 1.03133032118E+31 1.82269776364E-04
 1.73773232642E+07 1.80313098874E+24 1.00031312218E+00 1.03729134292E+31 1.82884358051E-04
 1.74777747041E+07 1.81966986477E+24 1.00031417830E+00 1.04328681898E+31 1.83501011349E-04
 1.75788068536E+07 1.83636044050E+24 1.00031523799E+00 1.04931694849E+31 1.84119743235E-04
 1.76804230701E+07 1.85320410735E+24 1.00031630125E+00 1.05538193176E+31 1.84740560712E-04
 1.77826267305E+07 1.87020226954E+24 1.00031736809E+00 1.06148197023E+31 1.85363470806E-04
 1.78854212313E+07 1.88735634413E+24 1.00031843854E+00 1.06761726653E+31 1.85988480566E-04
 1.79888099883E+07 1.90466776121E+24 1.00031951259E+00 1.07378802443E+31 1.86615597065E-04
 1.80927964374E+07 1.92213796398E+24 1.00032059027E+00 1.07999444892E+31 1.87244827398E-04
 1.81973840342E+07 1.93976840885E+24 1.00032167158E+00 1.08623674613E+31 1.87876178688E-04
 1.83025762544E+07 1.95756056563E+24 1.00032275654E+00 1.09251512341E+31 1.88509658078E-04
 1.84083765937E+07 1.97551591758E+24 1.00032384516E+00 1.09882978930E+31 1.89145272737E-04
 1.85147885680E+07 1.99363596158E+24 1.00032493745E+00 1.10518095354E+31 1.89783029858E-04
 1.86218157137E+07 2.01192220824E+24 1.00032603343E+00 1.11156882710E+31 1.90422936657E-04
 1.87294615873E+07 2.03037618201E+24 1.00032713310E+00 1.11799362215E+31 1.91065000376E-04
 1.88377297663E+07 2.04899942136E+24 1.00032823648E+00 1.12445555210E+31 1.91709228280E-04
 1.89466238486E+07 2.06779347882E+24 1.00032934358E+00 1.13095483158E+31 1.92355627660E-04
 1.90561474530E+07 2.08675992120E+24 1.00033045442E+00 1.13749167646E+31 1.93004205829E-04
 1.91663042192E+07 2.10590032966E+24 1.00033156900E+00 1.14406630388E+31 1.93654970126E-04
 1.92770978079E+07 2.12521629989E+24 1.00033268734E+00 1.15067893222E+31 1.94307927917E-04
 1.93885319011E+07 2.14470944217E+24 1.00033380946E+00 1.15732978112E+31 1.94963086588E-04
 1.95006102020E+07 2.16438138159E+24 1.00033493536E+00 1.16401907149E+31 1.95620453554E-04
 1.96133364353E+07 2.18423375814E+24 1.00033606505E+00 1.17074702552E+31 1.96280036253E-04
 1.97267143470E+07 2.20426822683E+24 1.00033719856E+00 1.17751386668E+31 1.96941842147E-04
 1.98407477051E+07 2.22448645788E+24 1.00033833589E+00 1.18431981974E+31 1.97605878727E-04
 1.99554402991E+07 2.24489013681E+24 1.00033947706E+00 1.19116511077E+31 1.98272153504E-04
 2.00707959407E+07 2.26548096460E+24 1.00034062207E+00 1.19804996712E+31 1.98940674019E-04
 2.01868184633E+07 2.28626065784E+24 1.00034177095E+00 1.20497461750E+31 1.99611447835E-04
 2.03035117228E+07 2.30723094887E+24 1.00034292370E+00 1.21193929191E+31 2.00284482543E-04
 2.04208795971E+07 2.32839358590E+24 1.00034408034E+00 1.21894422167E+31 2.00959785757E-04
 2.05389259868E+07 2.34975033319E+24 1.00034524089E+00 1.22598963947E+31 2.01637365118E-04
 2.06576548149E+07 2.37130297119E+24 1.00034640534E+00 1.23307577933E+31 2.02317228293E-04
 2.07770700270E+07 2.39305329666E+24 1.00034757373E+00 1.24020287661E+31 2.02999382975E-04
 2.08971755918E+07 2.41500312285E+24 1.00034874605E+00 1.24737116804E+31 2.03683836880E-04
 2.10179755007E+07 2.43715427965E+24 1.00034992233E+00 1.25458089173E+31 2.04370597755E-04
 2.11394737683E+07 2.45950861372E+24 1.00035110258E+00 1.26183228715E+31 2.05059673369E-04
 2.12616744323E+07 2.48206798867E+24 1.00035228680E+00 1.26912559516E+31 2.05751071517E-04
 2.13845815539E+07 2.50483428520E+24 1.00035347502E+00 1.27646105802E+31 2.06444800024E-04
 2.15081992177E+07 2.52780940124E+24 1.00035466725E+00 1.28383891937E+31 2.07140866737E-04
 2.16325315319E+07 2.55099525218E+24 1.00035586350E+00 1.29125942427E+31 2.07839279533E-04
 2.17575826286E+07 2.57439377091E+24 1.00035706379E+00 1.29872281921E+31 2.08540046313E-04
 2.18833566636E+07 2.59800690812E+24 1.00035826812E+00 1.30622935208E+31 2.09243175004E-04
 2.20098578168E+07 2.62183663233E+24 1.00035947652E+00 1.31377927222E+31 2.09948673563E-04
 2.21370902924E+07 2.64588493015E+24 1.00036068899E+00 1.32137283041E+31 2.10656549972E-04
 2.22650583187E+07 2.67015380641E+24 1.00036190555E+00 1.32901027886E+31 2.11366812237E-04
 2.23937661486E+07 2.69464528432E+24 1.00036312621E+00 1.33669187127E+31 2.12079468397E-04
 2.25232180595E+07 2.71936140566E+24 1.00036435099E+00 1.34441786278E+31 2.12794526512E-04
 2.26534183537E+07 2.74430423092E+24 1.00036557991E+00 1.35218851001E+31 2.13511994672E-04
 2.27843713582E+07 2.76947583949E+24 1.00036681296E+00 1.36000407107E+31 2.14231880995E-04
 2.29160814252E+07 2.79487832986E+24 1.00036805018E+00 1.36786480557E+31 2.14954193625E-04
 2.30485529318E+07 2.82051381974E+24 1.00036929157E+00 1.37577097460E+31 2.15678940733E-04
 2.31817902806E+07 2.84638444628E+24 1.00037053714E+00 1.38372284076E+31 2.16406130518E-04
 2.33157978998E+07 2.87249236622E+24 1.00037178692E+00 1.39172066819E+31 2.17135771208E-04
 2.34505802429E+07 2.89883975608E+24 1.00037304092E+00 1.39976472254E+31 2.17867871056E-04
 2.35861417893E+07 2.92542881237E+24 1.00037429914E+00 1.40785527100E+31 2.18602438344E-04
 2.37224870444E+07 2.95226175172E+24 1.00037556160E+00 1.41599258230E+31 2.19339481382E-04
 2.38596205395E+07 2.97934081111E+24 1.00037682833E+00 1.42417692673E+31 2.20079008509E-04
 2.39975468321E+07 3.00666824801E+24 1.00037809932E+00 1.43240857613E+31 2.20821028090E-04
 2.41362705062E+07 3.03424634063E+24 1.00037937461E+00 1.44068780392E+31 2.21565548519E-04
 2.42757961723E+07 3.06207738806E+24 1.00038065419E+00 1.44901488511E+31 2.22312578218E-04
 2.44161284673E+07 3.08995465686E+24 1.00038192856E+00 1.45739009629E+31 1.81243588066E-04
 2.45572720369E+07 3.11296509619E+24 1.00038297439E+00 1.46581371563E+31 1.81543780441E-04
 2.46992315556E+07 3.13614689088E+24 1.00038402195E+00 1.47428602295E+31 1.81844469709E-04
 2.48420117406E+07 3.15950131700E+24 1.00038507124E+00 1.48280729964E+31 1.82145656689E-04
 2.49856173365E+07 3.18302966011E+24 1.00038612228E+00 1.49137782876E+31 1.82447342204E-04
 2.51300531153E+07 3.20673321534E+24 1.00038717505E+00 1.49999789497E+31 1.82749527080E-04
 2.52753238763E+07 3.23061328747E+24 1.00038822957E+00 1.50866778461E+31 1.83052212141E-04
 2.54214344471E+07 3.25467119099E+24 1.00038928584E+00 1.51738778563E+31 1.83355398214E-04
 2.55683896826E+07 3.27890825020E+24 1.00039034386E+00 1.52615818770E+31 1.83659086127E-04
 2.57161944663E+07 3.30332579923E+24 1.00039140363E+00 1.53497928211E+31 1.83963276711E-04
 2.58648537095E+07 3.32792518218E+24 1.00039246516E+00 1.54385136187E+31 1.84267970796E-04
 2.60143723522E+07 3.35270775311E+24 1.00039352844E+00 1.55277472167E+31 1.84573169213E-04
 2.61647553628E+07 3.37767487623E+24 1.00039459349E+00 1.56174965791E+31 1.84878872798E-04
 2.63160077386E+07 3.40282792584E+24 1.00039566031E+00 1.57077646869E+31 1.85185082385E-04
 2.64681345055E+07 3.42816828653E+24 1.00039672889E+00 1.57985545384E+31 1.85491798811E-04
 2.66211407188E+07 3.45369735318E+24 1.00039779925E+00 1.58898691494E+31 1.85799022913E-04
 2.67750314628E+07 3.47941653103E+24 1.00039887137E+00 1.59817115528E+31 1.86106755531E-04
 2.69298118512E+07 3.50532723584E+24 1.00039994528E+00 1.60740847993E+31 1.86414997504E-04
 2.70854870273E+07 3.53143089386E+24 1.00040102096E+00 1.61669919571E+31 1.86723749676E-04
 2.72420621643E+07 3.55772894200E+24 1.00040209843E+00 1.62604361123E+31 1.87033012890E-04
 2.73995424651E+07 3.58422282785E+24 1.00040317768E+00 1.63544203685E+31 1.87342787990E-04
 2.75579331627E+07 3.61091400978E+24 1.00040425873E+00 1.64489478475E+31 1.87653075822E-04
 2.77172395205E+07 3.63780395704E+24 1.00040534156E+00 1.65440216892E+31 1.87963877234E-04
 2.78774668322E+07 3.66489414978E+24 1.00040642619E+00 1.66396450515E+31 1.88275193076E-04
 2.80386204221E+07 3.69218607922E+24 1.00040751261E+00 1.67358211106E+31 1.88587024196E-04
 2.82007056453E+07 3.71968124766E+24 1.00040860084E+00 1.68325530610E+31 1.88899371448E-04
 2.83637278881E+07 3.74738116858E+24 1.00040969087E+00 1.69298441157E+31 1.89212235684E-04
 2.85276925675E+07 3.77528736676E+24 1.00041078271E+00 1.70276975063E+31 1.89525617759E-04
 2.86926051322E+07 3.80340137830E+24 1.00041187635E+00 1.71261164832E+31 1.89839518528E-04
 2.88584710622E+07 3.83172475077E+24 1.00041297181E+00 1.72251043152E+31 1.90153938850E-04
 2.90252958692E+07 3.86025904323E+24 1.00041406908E+00 1.73246642905E+31 1.90468879582E-04
 2.91930850968E+07 3.88900582639E+24 1.00041516818E+00 1.74247997159E+31 1.90784341586E-04
 2.93618443208E+07 3.91796668263E+24 1.00041626909E+00 1.75255139175E+31 1.91100325723E-04
 2.95315791490E+07 3.94714320612E+24 1.00041737183E+00 1.76268102407E+31 1.91416832855E-04
 2.97022952217E+07 3.97653700291E+24 1.00041847640E+00 1.77286920499E+31 1.91733863848E-04
 2.98739982119E+07 4.00614969099E+24 1.00041958279E+00 1.78311627293E+31 1.92051419567E-04
 3.00466938252E+07 4.03598290041E+24 1.00042069102E+00 1.79342256825E+31 1.92369500879E-04
 3.02203878005E+07 4.06603827337E+24 1.00042180109E+00 1.80378843329E+31 1.92688108653E-04
 3.03950859096E+07 4.09631746429E+24 1.00042291300E+00 1.81421421234E+31 1.93007243761E-04
 3.05707939577E+07 4.12682213990E+24 1.00042402675E+00 1.82470025172E+31 1.93326907072E-04
 3.07475177838E+07 4.15755397937E+24 1.00042514235E+00 1.83524689972E+31 1.93647099460E-04
 3.09252632604E+07 4.18851467433E+24 1.00042625979E+00 1.84585450665E+31 1.93967821800E-04
 3.11040362941E+07 4.21970592905E+24 1.00042737909E+00 1.85652342486E+31 1.94289074967E-04
 3.12838428256E+07 4.25112946047E+24 1.00042850024E+00 1.86725400871E+31 1.94610859840E-04
 3.14646888298E+07 4.28278699832E+24 1.00042962325E+00 1.87804661464E+31 1.94933177296E-04
 3.16465803165E+07 4.31468028522E+24 1.00043074812E+00 1.88890160112E+31 1.95256028216E-04
 3.18295233299E+07 4.34681107675E+24 1.00043187485E+00 1.89981932872E+31 1.95579413482E-04
 3.20135239494E+07 4.37918114157E+24 1.00043300346E+00 1.91080016006E+31 1.95903333977E-04
 3.21985882893E+07 4.41179226152E+24 1.00043413393E+00 1.92184445989E+31 1.96227790586E-04
 3.23847224995E+07 4.44464623170E+24 1.00043526628E+00 1.93295259506E+31 1.96552784194E-04
 3.25719327654E+07 4.47774486058E+24 1.00043640050E+00 1.94412493451E+31 1.96878315689E-04
 3.27602253080E+07 4.51108997009E+24 1.00043753660E+00 1.95536184936E+31 1.97204385961E-04
 3.29496063843E+07 4.54468339575E+24 1.00043867459E+00 1.96666371284E+31 1.97530995899E-04
 3.31400822878E+07 4.57852698672E+24 1.00043981446E+00 1.97803090035E+31 1.97858146397E-04
 3.33316593479E+07 4.61262260595E+24 1.00044095622E+00 1.98946378945E+31 1.98185838346E-04
 3.35243439311E+07 4.64697213027E+24 1.00044209988E+00 2.00096275991E+31 1.98514072642E-04
 3.37181424402E+07 4.68157745045E+24 1.00044324543E+00 2.01252819367E+31 1.98842850182E-04
 3.39130613153E+07 4.71644047138E+24 1.00044439288E+00 2.02416047488E+31 1.99172171863E-04
 3.41091070339E+07 4.75156311211E+24 1.00044554222E+00 2.03585998991E+31 1.99502038584E-04
 3.43062861106E+07 4.78694730600E+24 1.00044669348E+00 2.04762712737E+31 1.99832451247E-04
 3.45046050978E+07 4.82259500080E+24 1.00044784664E+00 2.05946227811E+31 2.00163410753E-04
 3.47040705860E+07 4.85850815875E+24 1.00044900171E+00 2.07136583525E+31 2.00494918007E-04
 3.49046892033E+07 4.89468875672E+24 1.00045015870E+00 2.08333819417E+31 2.00826973913E-04
 3.51064676168E+07 4.93113878631E+24 1.00045131761E+00 2.09537975255E+31 2.01159579379E-04
 3.53094125315E+07 4.96786025391E+24 1.00045247843E+00 2.10749091034E+31 2.01492735313E-04
 3.55135306915E+07 5.00485518091E+24 1.00045364118E+00 2.11967206983E+31 2.01826442624E-04
 3.57188288800E+07 5.04212560370E+24 1.00045480586E+00 2.13192363563E+31 2.02160702224E-04
 3.59253139192E+07 5.07967357387E+24 1.00045597247E+00 2.14424601467E+31 2.02495515025E-04
 3.61329926707E+07 5.11750115827E+24 1.00045714101E+00 2.15663961626E+31 2.02830881942E-04
 3.63418720360E+07 5.15561043914E+24 1.00045831149E+00 2.16910485205E+31 2.03166803891E-04
 3.65519589563E+07 5.19400351424E+24 1.00045948390E+00 2.18164213609E+31 2.03503281788E-04
 3.67632604131E+07 5.23268249694E+24 1.00046065826E+00 2.19425188482E+31 2.03840316553E-04
 3.69757834281E+07 5.27164951635E+24 1.00046183457E+00 2.20693451706E+31 2.04177909106E-04
 3.71895350638E+07 5.31090671745E+24 1.00046301283E+00 2.21969045409E+31 2.04516060368E-04
 3.74045224234E+07 5.35045626117E+24 1.00046419304E+00 2.23252011960E+31 2.04854771263E-04
 3.76207526511E+07 5.39030032454E+24 1.00046537520E+00 2.24542393973E+31 2.05194042716E-04
 3.78382329326E+07 5.43044110081E+24 1.00046655933E+00 2.25840234310E+31 2.05533875654E-04
 3.80569704950E+07 5.47088079955E+24 1.00046774541E+00 2.27145576080E+31 2.05874271003E-04
 3.82769726072E+07 5.51162164680E+24 1.00046893346E+00 2.28458462639E+31 2.06215229694E-04
 3.84982465801E+07 5.55266588517E+24 1.00047012349E+00 2.29778937597E+31 2.06556752658E-04
 3.87207997671E+07 5.59401577397E+24 1.00047131548E+00 2.31107044813E+31 2.06898840827E-04
 3.89446395639E+07 5.63567358932E+24 1.00047250945E+00 2.32442828402E+31 2.07241495134E-04
 3.91697734089E+07 5.67764162432E+24 1.00047370540E+00 2.33786332733E+31 2.07584716517E-04
 3.93962087837E+07 5.71992218913E+24 1.00047490333E+00 2.35137602431E+31 2.07928505911E-04
 3.96239532131E+07 5.76251761110E+24 1.00047610324E+00 2.36496682380E+31 2.08272864255E-04
 3.98530142653E+07 5.80543023493E+24 1.00047730515E+00 2.37863617721E+31 2.08617792491E-04
 4.00833995524E+07 5.84866242278E+24 1.00047850904E+00 2.39238453859E+31 2.08963291558E-04
 4.03151167304E+07 5.89221655440E+24 1.00047971494E+00 2.40621236461E+31 2.09309362402E-04
 4.05481734997E+07 5.93609502725E+24 1.00048092283E+00 2.42012011455E+31 2.09656005965E-04
 4.07825776051E+07 5.98030025665E+24 1.00048213272E+00 2.43410825037E+31 2.10003223196E-04
 4.10183368363E+07 6.02483467592E+24 1.00048334461E+00 2.44817723671E+31 2.10351015042E-04
 4.12554590278E+07 6.06970073647E+24 1.00048455852E+00 2.46232754086E+31 2.10699382453E-04
 4.14939520596E+07 6.11490090801E+24 1.00048577444E+00 2.47655963285E+31 2.11048326379E-04
 4.17338238574E+07 6.16043767859E+24 1.00048699237E+00 2.49087398539E+31 2.11397847773E-04
 4.19750823923E+07 6.20631355483E+24 1.00048821232E+00 2.50527107396E+31 2.11747947590E-04
 4.22177356819E+07 6.25253106199E+24 1.00048943430E+00 2.51975137675E+31 2.12098626785E-04
 4.24617917900E+07 6.29909274416E+24 1.00049065829E+00 2.53431537475E+31 2.12449886316E-04
 4.27072588270E+07 6.34600116434E+24 1.00049188432E+00 2.54896355170E+31 2.12801727142E-04
 4.29541449502E+07 6.39325890465E+24 1.00049311238E+00 2.56369639416E+31 2.13154150222E-04
 4.32024583640E+07 6.44086856643E+24 1.00049434247E+00 2.57851439148E+31 2.13507156521E-04
 4.34522073204E+07 6.48883277038E+24 1.00049557461E+00 2.59341803586E+31 2.13860747000E-04
 4.37034001191E+07 6.53715415672E+24 1.00049680878E+00 2.60840782232E+31 2.14214922626E-04
 4.39560451076E+07 6.58583538534E+24 1.00049804500E+00 2.62348424877E+31 2.14569684365E-04
 4.42101506818E+07 6.63487913594E+24 1.00049928327E+00 2.63864781598E+31 2.14925033186E-04
 4.44657252862E+07 6.68428810815E+24 1.00050052359E+00 2.65389902761E+31 2.15280970059E-04
 4.47227774140E+07 6.73406502174E+24 1.00050176597E+00 2.66923839025E+31 2.15637495955E-04
 4.49813156075E+07 6.78421261671E+24 1.00050301041E+00 2.68466641340E+31 2.15994611848E-04
 4.52413484586E+07 6.83473365346E+24 1.00050425690E+00 2.70018360951E+31 2.16352318713E-04
 4.55028846087E+07 6.88563091297E+24 1.00050550547E+00 2.71579049401E+31 2.16710617526E-04
 4.57659327491E+07 6.93690719690E+24 1.00050675610E+00 2.73148758527E+31 2.17069509266E-04
 4.60305016216E+07 6.98856532781E+24 1.00050800881E+00 2.74727540469E+31 2.17428994911E-04
 4.62966000182E+07 7.04060814925E+24 1.00050926359E+00 2.76315447667E+31 2.17789075444E-04
 4.65642367822E+07 7.09303852594E+24 1.00051052045E+00 2.77912532865E+31 2.18149751847E-04
 4.68334208075E+07 7.14585934397E+24 1.00051177940E+00 2.79518849111E+31 2.18511025105E-04
 4.71041610398E+07 7.19907351088E+24 1.00051304043E+00 2.81134449760E+31 2.18872896204E-04
 4.73764664764E+07 7.25268395589E+24 1.00051430355E+00 2.82759388475E+31 2.19235366132E-04
 4.76503461667E+07 7.30669363003E+24 1.00051556877E+00 2.84393719229E+31 2.19598435877E-04
 4.79258092123E+07 7.36110550629E+24 1.00051683608E+00 2.86037496308E+31 2.19962106433E-04
 4.82028647675E+07 7.41592257981E+24 1.00051810549E+00 2.87690774310E+31 2.20326378790E-04
 4.84815220394E+07 7.47114786805E+24 1.00051937701E+00 2.89353608152E+31 2.20691253944E-04
 4.87617902887E+07 7.52678441091E+24 1.00052065063E+00 2.91026053064E+31 2.21056732890E-04
 4.90436788292E+07 7.58283527095E+24 1.00052192637E+00 2.92708164598E+31 2.21422816625E-04
 4.93271970289E+07 7.63930353353E+24 1.00052320422E+00 2.94399998627E+31 2.21789506150E-04
 4.96123543096E+07 7.69619230698E+24 1.00052448418E+00 2.96101611345E+31 2.22156802466E-04
 4.98991601480E+07 7.75350472279E+24 1.00052576627E+00 2.97813059274E+31 2.22524706573E-04
 5.01876240753E+07 7.81124393575E+24 1.00052705048E+00 2.99534399260E+31 2.22893219478E-04
 5.04777556780E+07 7.86941312417E+24 1.00052833682E+00 3.01265688478E+31 2.23262342185E-04
 5.07695645977E+07 7.92801549001E+24 1.00052962530E+00 3.03006984435E+31 2.23632075702E-04
 5.10630605322E+07 7.98705425907E+24 1.00053091591E+00 3.04758344968E+31 2.24002421039E-04
 5.13582532351E+07 8.04653268119E+24 1.00053220865E+00 3.06519828250E+31 2.24373379206E-04
 5.16551525164E+07 8.10645403040E+24 1.00053350354E+00 3.08291492791E+31 2.24744951215E-04
 5.19537682430E+07 8.16682160511E+24 1.00053480058E+00 3.10073397436E+31 2.25117138081E-04
 5.22541103385E+07 8.22763872831E+24 1.00053609976E+00 3.11865601374E+31 2.25489940820E-04
 5.25561887842E+07 8.28890874770E+24 1.00053740110E+00 3.13668164133E+31 2.25863360449E-04
 5.28600136191E+07 8.35063503594E+24 1.00053870460E+00 3.15481145587E+31 2.26237397988E-04
 5.31655949401E+07 8.41282099081E+24 1.00054001026E+00 3.17304605955E+31 2.26612054457E-04
 5.34729429025E+07 8.47547003536E+24 1.00054131808E+00 3.19138605805E+31 2.26987330878E-04
 5.37820677204E+07 8.53858561816E+24 1.00054262806E+00 3.20983206053E+31 2.27363228276E-04
 5.40929796669E+07 8.60217121346E+24 1.00054394022E+00 3.22838467971E+31 2.27739747677E-04
 5.44056890746E+07 8.66623032136E+24 1.00054525455E+00 3.24704453180E+31 2.28116890109E-04
 5.47202063357E+07 8.73076646805E+24 1.00054657107E+00 3.26581223662E+31 2.28494656601E-04
 5.50365419025E+07 8.79578320595E+24 1.00054788976E+00 3.28468841755E+31 2.28873048183E-04
 5.53547062879E+07 8.86128411398E+24 1.00054921064E+00 3.30367370157E+31 2.29252065888E-04
 5.56747100654E+07 8.92727279766E+24 1.00055053371E+00 3.32276871928E+31 2.29631710752E-04
 5.59965638697E+07 8.99375288940E+24 1.00055185897E+00 3.34197410495E+31 2.30011983809E-04
 5.63202783971E+07 9.06072804863E+24 1.00055318642E+00 3.36129049649E+31 2.30392886098E-04
 5.66458644055E+07 9.12820196206E+24 1.00055451608E+00 3.38071853550E+31 2.30774418658E-04
 5.69733327153E+07 9.19617834383E+24 1.00055584794E+00 3.40025886731E+31 2.31156582531E-04
 5.73026942093E+07 9.26466093574E+24 1.00055718201E+00 3.41991214096E+31 2.31539378759E-04
 5.76339598333E+07 9.33365350748E+24 1.00055851829E+00 3.43967900925E+31 2.31922808387E-04
 5.79671405961E+07 9.40315985679E+24 1.00055985678E+00 3.45956012874E+31 2.32306872462E-04
 5.83022475707E+07 9.47318380968E+24 1.00056119750E+00 3.47955615980E+31 2.32691572030E-04
 5.86392918936E+07 9.54372922069E+24 1.00056254043E+00 3.49966776660E+31 2.33076908144E-04
 5.89782847660E+07 9.61479997304E+24 1.00056388559E+00 3.51989561718E+31 2.33462881853E-04
 5.93192374538E+07 9.68639997885E+24 1.00056523298E+00 3.54024038342E+31 2.33849494211E-04
 5.96621612879E+07 9.75853317942E+24 1.00056658260E+00 3.56070274106E+31 2.34236746273E-04
 6.00070676650E+07 9.83120354535E+24 1.00056793446E+00 3.58128336980E+31 2.34624639096E-04
 6.03539680475E+07 9.90441507684E+24 1.00056928856E+00 3.60198295322E+31 2.35013173738E-04
 6.07028739640E+07 9.97817180388E+24 1.00057064491E+00 3.62280217888E+31 2.35402351260E-04
 6.10537970099E+07 1.00524777864E+25 1.00057200350E+00 3.64374173830E+31 2.35792172724E-04
 6.14067488478E+07 1.01273371148E+25 1.00057336434E+00 3.66480232701E+31 2.36182639193E-04
 6.17617412074E+07 1.02027539095E+25 1.00057472744E+00 3.68598464454E+31 2.36573751733E-04
 6.21187858863E+07 1.02787323221E+25 1.00057609280E+00 3.70728939447E+31 2.36965511410E-04
 6.24778947506E+07 1.03552765348E+25 1.00057746042E+00 3.72871728447E+31 2.37357919295E-04
 6.28390797347E+07 1.04323907610E+25 1.00057883031E+00 3.75026902627E+31 2.37750976457E-04
 6.32023528422E+07 1.05100792456E+25 1.00058020246E+00 3.77194533572E+31 2.38144683970E-04
 6.35677261459E+07 1.05883462649E+25 1.00058157690E+00 3.79374693282E+31 2.38539042907E-04
 6.39352117885E+07 1.06671961272E+25 1.00058295361E+00 3.81567454173E+31 2.38934054344E-04
 6.43048219831E+07 1.07466331729E+25 1.00058433260E+00 3.83772889078E+31 2.39329719360E-04
 6.46765690132E+07 1.08266617746E+25 1.00058571388E+00 3.85991071253E+31 2.39726039034E-04
 6.50504652334E+07 1.09072863376E+25 1.00058709744E+00 3.88222074375E+31 2.40123014448E-04
 6.54265230696E+07 1.09885112999E+25 1.00058848330E+00 3.90465972550E+31 2.40520646683E-04
 6.58047550199E+07 1.10703411326E+25 1.00058987146E+00 3.92722840308E+31 2.40918936827E-04
 6.61851736542E+07 1.11527803400E+25 1.00059126191E+00 3.94992752615E+31 2.41317885964E-04
 6.65677916155E+07 1.12358334601E+25 1.00059265468E+00 3.97275784866E+31 2.41717495184E-04
 6.69526216197E+07 1.13195050647E+25 1.00059404974E+00 3.99572012895E+31 2.42117765577E-04
 6.73396764562E+07 1.14037997594E+25 1.00059544713E+00 4.01881512970E+31 2.42518698235E-04
 6.77289689884E+07 1.14887221844E+25 1.00059684682E+00 4.04204361806E+31 2.42920294252E-04
 6.81205121542E+07 1.15742770142E+25 1.00059824884E+00 4.06540636555E+31 2.43322554723E-04
 6.85143189660E+07 1.16604689582E+25 1.00059965318E+00 4.08890414819E+31 2.43725480747E-04
 6.89104025119E+07 1.17473027611E+25 1.00060105985E+00 4.11253774648E+31 2.44129073422E-04
 6.93087759551E+07 1.18347832025E+25 1.00060246885E+00 4.13630794542E+31 2.44533333849E-04
 6.97094525355E+07 1.19229150980E+25 1.00060388019E+00 4.16021553456E+31 2.44938263132E-04
 7.01124455692E+07 1.20117032987E+25 1.00060529386E+00 4.18426130799E+31 2.45343862375E-04
 7.05177684494E+07 1.21011526922E+25 1.00060670988E+00 4.20844606442E+31 2.45750132685E-04
 7.09254346466E+07 1.21912682022E+25 1.00060812824E+00 4.23277060716E+31 2.46157075170E-04
 7.13354577095E+07 1.22820547892E+25 1.00060954896E+00 4.25723574417E+31 2.46564690941E-04
 7.17478512649E+07 1.23735174506E+25 1.00061097202E+00 4.28184228806E+31 2.46972981108E-04
 7.21626290184E+07 1.24656612211E+25 1.00061239745E+00 4.30659105617E+31 2.47381946787E-04
 7.25798047549E+07 1.25584911726E+25 1.00061382524E+00 4.33148287053E+31 2.47791589093E-04
 7.29993923391E+07 1.26520124153E+25 1.00061525540E+00 4.35651855796E+31 2.48201909143E-04
 7.34214057158E+07 1.27462300969E+25 1.00061668793E+00 4.38169895002E+31 2.48612908057E-04
 7.38458589103E+07 1.28411494037E+25 1.00061812283E+00 4.40702488309E+31 2.49024586956E-04
 7.42727660291E+07 1.29367755607E+25 1.00061956011E+00 4.43249719840E+31 2.49436946964E-04
 7.47021412605E+07 1.30331138317E+25 1.00062099977E+00 4.45811674203E+31 2.49849989204E-04
 7.51339988744E+07 1.31301695197E+25 1.00062244181E+00 4.48388436494E+31 2.50263714804E-04
 7.55683532235E+07 1.32279479672E+25 1.00062388625E+00 4.50980092303E+31 2.50678124892E-04
 7.60052187435E+07 1.33264545564E+25 1.00062533308E+00 4.53586727712E+31 2.51093220599E-04
 7.64446099535E+07 1.34256947098E+25 1.00062678231E+00 4.56208429303E+31 2.51509003057E-04
 7.68865414565E+07 1.35256738900E+25 1.00062823394E+00 4.58845284158E+31 2.51925473401E-04
 7.73310279400E+07 1.36263976005E+25 1.00062968798E+00 4.61497379862E+31 2.52342632765E-04
 7.77780841764E+07 1.37278713857E+25 1.00063114442E+00 4.64164804505E+31 2.52760482290E-04
 7.82277250236E+07 1.38301008313E+25 1.00063260328E+00 4.66847646687E+31 2.53179023113E-04
 7.86799654254E+07 1.39330915647E+25 1.00063406456E+00 4.69545995522E+31 2.53598256377E-04
 7.91348204119E+07 1.40368492549E+25 1.00063552826E+00 4.72259940637E+31 2.54018183226E-04
 7.95923051001E+07 1.41413796134E+25 1.00063699439E+00 4.74989572176E+31 2.54438804804E-04
 8.00524346947E+07 1.42466883942E+25 1.00063846294E+00 4.77734980807E+31 2.54860122260E-04
 8.05152244880E+07 1.43527813940E+25 1.00063993393E+00 4.80496257721E+31 2.55282136742E-04
 8.09806898607E+07 1.44596644529E+25 1.00064140736E+00 4.83273494634E+31 2.55704849401E-04
 8.14488462828E+07 1.45673434542E+25 1.00064288323E+00 4.86066783795E+31 2.56128261391E-04
 8.19197093134E+07 1.46758243252E+25 1.00064436154E+00 4.88876217984E+31 2.56552373866E-04
 8.23932946018E+07 1.47851130374E+25 1.00064584231E+00 4.91701890519E+31 2.56977187983E-04
 8.28696178876E+07 1.48952156066E+25 1.00064732553E+00 4.94543895256E+31 2.57402704901E-04
 8.33486950014E+07 1.50061380935E+25 1.00064881121E+00 4.97402326594E+31 2.57828925781E-04
 8.38305418657E+07 1.51178866039E+25 1.00065029935E+00 5.00277279479E+31 2.58255851784E-04
 8.43151744946E+07 1.52304672891E+25 1.00065178995E+00 5.03168849403E+31 2.58683484076E-04
 8.48026089950E+07 1.53438863461E+25 1.00065328303E+00 5.06077132411E+31 2.59111823822E-04
 8.52928615671E+07 1.54581500183E+25 1.00065477858E+00 5.09002225106E+31 2.59540872192E-04
 8.57859485045E+07 1.55732645952E+25 1.00065627661E+00 5.11944224644E+31 2.59970630354E-04
 8.62818861952E+07 1.56892364135E+25 1.00065777712E+00 5.14903228747E+31 2.60401099482E-04
 8.67806911219E+07 1.58060718570E+25 1.00065928012E+00 5.17879335700E+31 2.60832280749E-04
 8.72823798625E+07 1.59237773568E+25 1.00066078561E+00 5.20872644357E+31 2.61264175332E-04
 8.77869690910E+07 1.60423593923E+25 1.00066229360E+00 5.23883254142E+31 2.61696784407E-04
 8.82944755777E+07 1.61618244908E+25 1.00066380408E+00 5.26911265054E+31 2.62130109156E-04
 8.88049161897E+07 1.62821792283E+25 1.00066531707E+00 5.29956777670E+31 2.62564150759E-04
 8.93183078920E+07 1.64034302300E+25 1.00066683257E+00 5.33019893151E+31 2.62998910401E-04
 8.98346677473E+07 1.65255841701E+25 1.00066835058E+00 5.36100713238E+31 2.63434389267E-04
 9.03540129174E+07 1.66486477727E+25 1.00066987110E+00 5.39199340264E+31 2.63870588545E-04
 9.08763606628E+07 1.67726278118E+25 1.00067139414E+00 5.42315877151E+31 2.64307509425E-04
 9.14017283444E+07 1.68975311122E+25 1.00067291971E+00 5.45450427418E+31 2.64745153097E-04
 9.19301334229E+07 1.70233645491E+25 1.00067444781E+00 5.48603095179E+31 2.65183520756E-04
 9.24615934605E+07 1.71501350492E+25 1.00067597844E+00 5.51773985154E+31 2.65622613596E-04
 9.29961261206E+07 1.72778495906E+25 1.00067751160E+00 5.54963202666E+31 2.66062432816E-04
 9.35337491689E+07 1.74065152035E+25 1.00067904731E+00 5.58170853645E+31 2.66502979615E-04
 9.40744804737E+07 1.75361389703E+25 1.00068058556E+00 5.61397044638E+31 2.66944255194E-04
 9.46183380068E+07 1.76667280263E+25 1.00068212636E+00 5.64641882803E+31 2.67386260756E-04
 9.51653398437E+07 1.77982895599E+25 1.00068366971E+00 5.67905475921E+31 2.67828997507E-04
 9.57155041647E+07 1.79308308129E+25 1.00068521563E+00 5.71187932392E+31 2.68272466654E-04
 9.62688492550E+07 1.80643590812E+25 1.00068676410E+00 5.74489361248E+31 2.68716669406E-04
 9.68253935056E+07 1.81988817150E+25 1.00068831514E+00 5.77809872146E+31 2.69161606976E-04
 9.73851554139E+07 1.83344061190E+25 1.00068986875E+00 5.81149575380E+31 2.69607280574E-04
 9.79481535841E+07 1.84709397535E+25 1.00069142494E+00 5.84508581880E+31 2.70053691419E-04
 9.85144067283E+07 1.86084901339E+25 1.00069298370E+00 5.87887003217E+31 2.70500840725E-04
 9.90839336664E+07 1.87470648318E+25 1.00069454505E+00 5.91284951609E+31 2.70948729714E-04
 9.96567533274E+07 1.88866714752E+25 1.00069610899E+00 5.94702539919E+31 2.71397359605E-04
 1.00232884750E+08 1.90273177488E+25 1.00069767552E+00 5.98139881667E+31 2.71846731622E-04
 1.00812347082E+08 1.91690113945E+25 1.00069924464E+00 6.01597091025E+31 2.72296846992E-04
 1.01395159583E+08 1.93117602121E+25 1.00070081637E+00 6.05074282826E+31 2.72747706940E-04
 1.01981341623E+08 1.94555720592E+25 1.00070239070E+00 6.08571572569E+31 2.73199312696E-04
 1.02570912686E+08 1.96004548520E+25 1.00070396764E+00 6.12089076417E+31 2.73651665492E-04
 1.03163892366E+08 1.97464165658E+25 1.00070554719E+00 6.15626911208E+31 2.74104766561E-04
 1.03760300372E+08 1.98934652350E+25 1.00070712936E+00 6.19185194451E+31 2.74558617138E-04
 1.04360156527E+08 2.00416089541E+25 1.00070871416E+00 6.22764044339E+31 2.75013218461E-04
 1.04963480767E+08 2.01908558778E+25 1.00071030157E+00 6.26363579745E+31 2.75468571770E-04
 1.05570293144E+08 2.03412142214E+25 1.00071189163E+00 6.29983920230E+31 2.75924678305E-04
 1.06180613829E+08 2.04926922616E+25 1.00071348431E+00 6.33625186046E+31 2.76381539311E-04
 1.06794463104E+08 2.06452983365E+25 1.00071507964E+00 6.37287498140E+31 2.76839156032E-04
 1.07411861374E+08 2.07990408465E+25 1.00071667761E+00 6.40970978159E+31 2.77297529717E-04
 1.08032829157E+08 2.09539282545E+25 1.00071827822E+00 6.44675748450E+31 2.77756661616E-04
 1.08657387093E+08 2.11099690862E+25 1.00071988149E+00 6.48401932071E+31 2.78216552979E-04
 1.09285555941E+08 2.12671719312E+25 1.00072148742E+00 6.52149652790E+31 2.78677205062E-04
 1.09917356578E+08 2.14255454427E+25 1.00072309601E+00 6.55919035089E+31 2.79138619119E-04
 1.10552810004E+08 2.15850983385E+25 1.00072470727E+00 6.59710204171E+31 2.79600796409E-04
 1.11191937338E+08 2.17458394013E+25 1.00072632119E+00 6.63523285962E+31 2.80063738192E-04
 1.11834759825E+08 2.19077774793E+25 1.00072793779E+00 6.67358407116E+31 2.80527445729E-04
 1.12481298829E+08 2.20709214863E+25 1.00072955707E+00 6.71215695020E+31 2.80991920285E-04
 1.13131575838E+08 2.22352804029E+25 1.00073117903E+00 6.75095277795E+31 2.81457163127E-04
 1.13785612468E+08 2.24008632763E+25 1.00073280369E+00 6.78997284304E+31 2.81923175522E-04
 1.14443430455E+08 2.25676792210E+25 1.00073443103E+00 6.82921844156E+31 2.82389958741E-04
 1.15105051664E+08 2.27357374196E+25 1.00073606107E+00 6.86869087706E+31 2.82857514056E-04
 1.15770498084E+08 2.29050471230E+25 1.00073769381E+00 6.90839146066E+31 2.83325842742E-04
 1.16439791835E+08 2.30756176509E+25 1.00073932926E+00 6.94832151104E+31 2.83794946076E-04
 1.17112955160E+08 2.32474583926E+25 1.00074096742E+00 6.98848235449E+31 2.84264825337E-04
 1.17790010435E+08 2.34205788070E+25 1.00074260830E+00 7.02887532498E+31 2.84735481804E-04
 1.18470980163E+08 2.35949884238E+25 1.00074425189E+00 7.06950176421E+31 2.85206916762E-04
 1.19155886976E+08 2.37706968434E+25 1.00074589821E+00 7.11036302159E+31 2.85679131496E-04
 1.19844753641E+08 2.39477137379E+25 1.00074754725E+00 7.15146045436E+31 2.86152127292E-04
 1.20537603052E+08 2.41260488512E+25 1.00074919903E+00 7.19279542760E+31 2.86625905440E-04
 1.21234458238E+08 2.43057120000E+25 1.00075085355E+00 7.23436931429E+31 2.87100467231E-04
 1.21935342362E+08 2.44867130739E+25 1.00075251081E+00 7.27618349531E+31 2.87575813959E-04
 1.22640278718E+08 2.46690620363E+25 1.00075417081E+00 7.31823935957E+31 2.88051946920E-04
 1.23349290738E+08 2.48527689247E+25 1.00075583357E+00 7.36053830397E+31 2.88528867412E-04
 1.24062401986E+08 2.50378438513E+25 1.00075749908E+00 7.40308173349E+31 2.89006576734E-04
 1.24779636165E+08 2.52242970038E+25 1.00075916736E+00 7.44587106126E+31 2.89485076188E-04
 1.25501017115E+08 2.54121386456E+25 1.00076083839E+00 7.48890770854E+31 2.89964367080E-04
 1.26226568811E+08 2.56013791165E+25 1.00076251220E+00 7.53219310482E+31 2.90444450714E-04
 1.26956315371E+08 2.57920288335E+25 1.00076418878E+00 7.57572868786E+31 2.90925328400E-04
 1.27690281048E+08 2.59840982909E+25 1.00076586814E+00 7.61951590372E+31 2.91407001449E-04
 1.28428490239E+08 2.61775980615E+25 1.00076755028E+00 7.66355620681E+31 2.91889471172E-04
 1.29170967479E+08 2.63725387965E+25 1.00076923522E+00 7.70785105998E+31 2.92372738886E-04
 1.29917737448E+08 2.65689312265E+25 1.00077092294E+00 7.75240193450E+31 2.92856805907E-04
 1.30668824966E+08 2.67667861622E+25 1.00077261346E+00 7.79721031016E+31 2.93341673555E-04
 1.31424254998E+08 2.69661144946E+25 1.00077430678E+00 7.84227767530E+31 2.93827343151E-04
 1.32184052652E+08 2.71669271959E+25 1.00077600291E+00 7.88760552685E+31 2.94313816019E-04
 1.32948243184E+08 2.73692353199E+25 1.00077770185E+00 7.93319537042E+31 2.94801093485E-04
 1.33716851992E+08 2.75730500028E+25 1.00077940361E+00 7.97904872030E+31 2.95289176876E-04
 1.34489904625E+08 2.77783824639E+25 1.00078110818E+00 8.02516709954E+31 2.95778067523E-04
 1.35267426777E+08 2.79852440056E+25 1.00078281558E+00 8.07155204000E+31 2.96267766759E-04
 1.36049444291E+08 2.81936460149E+25 1.00078452581E+00 8.11820508237E+31 2.96758275917E-04
 1.36835983161E+08 2.84035999634E+25 1.00078623888E+00 8.16512777628E+31 2.97249596335E-04
 1.37627069529E+08 2.86151174082E+25 1.00078795478E+00 8.21232168028E+31 2.97741729351E-04
 1.38422729689E+08 2.88282099925E+25 1.00078967353E+00 8.25978836196E+31 2.98234676307E-04
 1.39222990089E+08 2.90428894459E+25 1.00079139513E+00 8.30752939795E+31 2.98728438547E-04
 1.40027877328E+08 2.92591675858E+25 1.00079311958E+00 8.35554637400E+31 2.99223017414E-04
 1.40837418158E+08 2.94770563172E+25 1.00079484689E+00 8.40384088504E+31 2.99718414259E-04
 1.41651639487E+08 2.96965676341E+25 1.00079657706E+00 8.45241453518E+31 3.00214630430E-04
 1.42470568379E+08 2.99177136196E+25 1.00079831010E+00 8.50126893784E+31 3.00711667279E-04
 1.43294232054E+08 3.01405064468E+25 1.00080004601E+00 8.55040571575E+31 3.01209526162E-04
 1.44122657890E+08 3.03649583796E+25 1.00080178479E+00 8.59982650103E+31 3.01708208435E-04
 1.44955873421E+08 3.05910817729E+25 1.00080352646E+00 8.64953293520E+31 3.02207715456E-04
 1.45793906343E+08 3.08188890741E+25 1.00080527102E+00 8.69952666931E+31 3.02708048587E-04
 1.46636784511E+08 3.10483928228E+25 1.00080701847E+00 8.74980936393E+31 3.03209209192E-04
 1.47484535941E+08 3.12796056523E+25 1.00080876881E+00 8.80038268923E+31 3.03711198635E-04
 1.48337188811E+08 3.15125402898E+25 1.00081052205E+00 8.85124832504E+31 3.04214018285E-04
 1.49194771463E+08 3.17472095574E+25 1.00081227820E+00 8.90240796090E+31 3.04717669512E-04
 1.50057312401E+08 3.19836263727E+25 1.00081403726E+00 8.95386329610E+31 3.05222153688E-04
 1.50924840295E+08 3.22218037493E+25 1.00081579924E+00 9.00561603978E+31 3.05727472187E-04
 1.51797383981E+08 3.24617547980E+25 1.00081756413E+00 9.05766791092E+31 3.06233626388E-04
 1.52674972462E+08 3.27034927269E+25 1.00081933195E+00 9.11002063847E+31 3.06740617668E-04
 1.53557634907E+08 3.29470308427E+25 1.00082110271E+00 9.16267596136E+31 3.07248447409E-04
 1.54445400654E+08 3.31923825512E+25 1.00082287639E+00 9.21563562856E+31 3.07757116995E-04
 1.55338299214E+08 3.34395613578E+25 1.00082465302E+00 9.26890139918E+31 3.08266627812E-04
 1.56236360264E+08 3.36885808688E+25 1.00082643259E+00 9.32247504246E+31 3.08776981248E-04
 1.57139613656E+08 3.39394547916E+25 1.00082821511E+00 9.37635833790E+31 3.09288178694E-04
 1.58048089412E+08 3.41921969358E+25 1.00083000058E+00 9.43055307525E+31 3.09800221541E-04
 1.58961817731E+08 3.44468212136E+25 1.00083178901E+00 9.48506105464E+31 3.10313111187E-04
 1.59880828983E+08 3.47033416411E+25 1.00083358041E+00 9.53988408658E+31 3.10826849026E-04
 1.60805153715E+08 3.49617723386E+25 1.00083537477E+00 9.59502399206E+31 3.11341436461E-04
 1.61734822652E+08 3.52221275316E+25 1.00083717211E+00 9.65048260258E+31 3.11856874891E-04
 1.62669866696E+08 3.54844215516E+25 1.00083897243E+00 9.70626176024E+31 3.12373165722E-04
 1.63610316926E+08 3.57486688366E+25 1.00084077573E+00 9.76236331777E+31 3.12890310361E-04
 1.64556204602E+08 3.60148839325E+25 1.00084258202E+00 9.81878913864E+31 3.13408310215E-04
 1.65507561165E+08 3.62830814932E+25 1.00084439131E+00 9.87554109706E+31 3.13927166697E-04
 1.66464418239E+08 3.65532762818E+25 1.00084620359E+00 9.93262107808E+31 3.14446881219E-04
 1.67426807627E+08 3.68254831713E+25 1.00084801887E+00 9.99003097766E+31 3.14967455198E-04
 1.68394761321E+08 3.70997171457E+25 1.00084983717E+00 1.00477727027E+32 3.15488890052E-04
 1.69368311493E+08 3.73759933002E+25 1.00085165848E+00 1.01058481711E+32 3.16011187201E-04
 1.70347490505E+08 3.76543268428E+25 1.00085348280E+00 1.01642593120E+32 3.16534348068E-04
 1.71332330905E+08 3.79347330945E+25 1.00085531015E+00 1.02230080654E+32 3.17058374079E-04
 1.72322865427E+08 3.82172274904E+25 1.00085714053E+00 1.02820963827E+32 3.17583266660E-04
 1.73319126998E+08 3.85018255807E+25 1.00085897395E+00 1.03415262267E+32 3.18109027241E-04
 1.74321148732E+08 3.87885430312E+25 1.00086081040E+00 1.04012995712E+32 3.18635657256E-04
 1.75328963937E+08 3.90773956245E+25 1.00086264989E+00 1.04614184018E+32 3.19163158138E-04
 1.76342606113E+08 3.93683992608E+25 1.00086449244E+00 1.05218847153E+32 3.19691531324E-04
 1.77362108952E+08 3.96615699585E+25 1.00086633803E+00 1.05827005201E+32 3.20220778254E-04
 1.78387506343E+08 3.99569238553E+25 1.00086818669E+00 1.06438678363E+32 3.20750900369E-04
 1.79418832371E+08 4.02544772094E+25 1.00087003841E+00 1.07053886956E+32 3.21281899113E-04
 1.80456121316E+08 4.05542463996E+25 1.00087189320E+00 1.07672651414E+32 3.21813775932E-04
 1.81499407659E+08 4.08562479271E+25 1.00087375106E+00 1.08294992290E+32 3.22346532276E-04
 1.82548726077E+08 4.11604984157E+25 1.00087561200E+00 1.08920930256E+32 3.22880169595E-04
 1.83604111452E+08 4.14670146130E+25 1.00087747603E+00 1.09550486102E+32 3.23414689343E-04
 1.84665598863E+08 4.17758133915E+25 1.00087934314E+00 1.10183680740E+32 3.23950092976E-04
 1.85733223595E+08 4.20869117493E+25 1.00088121335E+00 1.10820535201E+32 3.24486381952E-04
 1.86807021137E+08 4.24003268109E+25 1.00088308666E+00 1.11461070640E+32 3.25023557732E-04
 1.87887027181E+08 4.27160758286E+25 1.00088496307E+00 1.12105308331E+32 3.25561621778E-04
 1.88973277627E+08 4.30341761828E+25 1.00088684260E+00 1.12753269674E+32 3.26100575557E-04
 1.90065808583E+08 4.33546453838E+25 1.00088872524E+00 1.13404976191E+32 3.26640420536E-04
 1.91164656365E+08 4.36775010720E+25 1.00089061100E+00 1.14060449529E+32 3.27181158186E-04
 1.92269857500E+08 4.40027610191E+25 1.00089249988E+00 1.14719711460E+32 3.27722789979E-04
 1.93381448724E+08 4.43304431294E+25 1.00089439190E+00 1.15382783882E+32 3.28265317390E-04
 1.94499466988E+08 4.46605654403E+25 1.00089628705E+00 1.16049688819E+32 3.28808741897E-04
 1.95623949455E+08 4.49931461236E+25 1.00089818534E+00 1.16720448423E+32 3.29353064980E-04
 1.96754933504E+08 4.53282034865E+25 1.00090008678E+00 1.17395084974E+32 3.29898288122E-04
 1.97892456729E+08 4.56657559725E+25 1.00090199136E+00 1.18073620880E+32 3.30444412806E-04
 1.99036556943E+08 4.60058221624E+25 1.00090389911E+00 1.18756078679E+32 3.30991440521E-04
 2.00187272177E+08 4.63484207754E+25 1.00090581002E+00 1.19442481039E+32 3.31539372757E-04
 2.01344640681E+08 4.66935706699E+25 1.00090772409E+00 1.20132850760E+32 3.32088211004E-04
 2.02508700927E+08 4.70412908452E+25 1.00090964134E+00 1.20827210772E+32 3.32637956759E-04
 2.03679491609E+08 4.73916004416E+25 1.00091156176E+00 1.21525584140E+32 3.33188611517E-04
 2.04857051646E+08 4.77445187422E+25 1.00091348537E+00 1.22227994061E+32 3.33740176780E-04
 2.06041420181E+08 4.81000651737E+25 1.00091541216E+00 1.22934463865E+32 3.34292654048E-04
 2.07232636584E+08 4.84582593073E+25 1.00091734215E+00 1.23645017018E+32 3.34846044826E-04
 2.08430740451E+08 4.88191208601E+25 1.00091927534E+00 1.24359677122E+32 3.35400350620E-04
 2.09635771610E+08 4.91826696960E+25 1.00092121173E+00 1.25078467914E+32 3.35955572942E-04
 2.10847770117E+08 4.95489258268E+25 1.00092315133E+00 1.25801413270E+32 3.36511713301E-04
 2.12066776260E+08 4.99179094133E+25 1.00092509415E+00 1.26528537203E+32 3.37068773214E-04
 2.13292830561E+08 5.02896407664E+25 1.00092704018E+00 1.27259863864E+32 3.37626754196E-04
 2.14525973774E+08 5.06641403485E+25 1.00092898944E+00 1.27995417546E+32 3.38185657766E-04
 2.15766246892E+08 5.10414287740E+25 1.00093094193E+00 1.28735222680E+32 3.38745485448E-04
 2.17013691143E+08 5.14215268111E+25 1.00093289766E+00 1.29479303840E+32 3.39306238764E-04
 2.18268347993E+08 5.18044553826E+25 1.00093485662E+00 1.30227685739E+32 3.39867919242E-04
 2.19530259150E+08 5.21902355670E+25 1.00093681884E+00 1.30980393237E+32 3.40430528412E-04
 2.20799466561E+08 5.25788885999E+25 1.00093878431E+00 1.31737451335E+32 3.40994067805E-04
 2.22076012416E+08 5.29704358750E+25 1.00094075303E+00 1.32498885180E+32 3.41558538955E-04
 2.23359939150E+08 5.33648989452E+25 1.00094272502E+00 1.33264720062E+32 3.42123943399E-04
 2.24651289443E+08 5.37622995240E+25 1.00094470027E+00 1.34034981419E+32 3.42690282677E-04
 2.25950106221E+08 5.41626594867E+25 1.00094667880E+00 1.34809694837E+32 3.43257558331E-04
 2.27256432659E+08 5.45660008714E+25 1.00094866061E+00 1.35588886048E+32 3.43825771905E-04
 2.28570312182E+08 5.49723458802E+25 1.00095064570E+00 1.36372580932E+32 3.44394924947E-04
 2.29891788466E+08 5.53817168807E+25 1.00095263408E+00 1.37160805522E+32 3.44965019005E-04
 2.31220905438E+08 5.57941364071E+25 1.00095462576E+00 1.37953585999E+32 3.45536055632E-04
 2.32557707282E+08 5.62096271612E+25 1.00095662074E+00 1.38750948695E+32 3.46108036382E-04
 2.33902238435E+08 5.66282120140E+25 1.00095861902E+00 1.39552920094E+32 3.46680962813E-04
 2.35254543592E+08 5.70499140069E+25 1.00096062062E+00 1.40359526837E+32 3.47254836484E-04
 2.36614667706E+08 5.74747563527E+25 1.00096262553E+00 1.41170795713E+32 3.47829658958E-04
 2.37982655991E+08 5.79027624371E+25 1.00096463377E+00 1.41986753670E+32 3.48405431800E-04
 2.39358553922E+08 5.83339558201E+25 1.00096664534E+00 1.42807427811E+32 3.48982156577E-04
 2.40742407235E+08 5.87683602370E+25 1.00096866024E+00 1.43632845394E+32 3.49559834859E-04
 2.42134261935E+08 5.92059995999E+25 1.00097067847E+00 1.44463033838E+32 3.50138468218E-04
 2.43534164288E+08 5.96468979990E+25 1.00097270006E+00 1.45298020716E+32 3.50718058230E-04
 2.44942160831E+08 6.00910797039E+25 1.00097472499E+00 1.46137833763E+32 3.51298606473E-04
 2.46358298370E+08 6.05385691647E+25 1.00097675328E+00 1.46982500875E+32 3.51880114526E-04
 2.47782623979E+08 6.09893910140E+25 1.00097878493E+00 1.47832050108E+32 3.52462583973E-04
 2.49215185006E+08 6.14435700675E+25 1.00098081995E+00 1.48686509679E+32 3.53046016400E-04
 2.50656029075E+08 6.19011313259E+25 1.00098285834E+00 1.49545907971E+32 3.53630413394E-04
 2.52105204081E+08 6.23620999758E+25 1.00098490011E+00 1.50410273529E+32 3.54215776546E-04
 2.53562758200E+08 6.28265013917E+25 1.00098694527E+00 1.51279635063E+32 3.54802107450E-04
 2.55028739883E+08 6.32943611368E+25 1.00098899381E+00 1.52154021450E+32 3.55389407702E-04
 2.56503197865E+08 6.37657049649E+25 1.00099104575E+00 1.53033461733E+32 3.55977678899E-04
 2.57986181160E+08 6.42405588214E+25 1.00099310109E+00 1.53917985123E+32 3.56566922644E-04
 2.59477739066E+08 6.47189488449E+25 1.00099515983E+00 1.54807621001E+32 3.57157140540E-04
 2.60977921168E+08 6.52009013688E+25 1.00099722199E+00 1.55702398916E+32 3.57748334194E-04
 2.62486777335E+08 6.56864429225E+25 1.00099928756E+00 1.56602348588E+32 3.58340505214E-04
 2.64004357725E+08 6.61756002329E+25 1.00100135656E+00 1.57507499911E+32 3.58933655213E-04
 2.65530712789E+08 6.66684002262E+25 1.00100342899E+00 1.58417882949E+32 3.59527785804E-04
 2.67065893266E+08 6.71648700287E+25 1.00100550485E+00 1.59333527941E+32 3.60122898606E-04
 2.68609950190E+08 6.76650369691E+25 1.00100758415E+00 1.60254465301E+32 3.60718995237E-04
 2.70162934891E+08 6.81689285793E+25 1.00100966690E+00 1.61180725620E+32 3.61316077320E-04
 2.71724898994E+08 6.86765725965E+25 1.00101175310E+00 1.62112339662E+32 3.61914146480E-04
 2.73295894424E+08 6.91879969643E+25 1.00101384276E+00 1.63049338372E+32 3.62513204345E-04
 2.74875973406E+08 6.97032298343E+25 1.00101593588E+00 1.63991752873E+32 3.63113252545E-04
 2.76465188467E+08 7.02222995680E+25 1.00101803247E+00 1.64939614469E+32 3.63714292712E-04
 2.78063592438E+08 7.07452347379E+25 1.00102013254E+00 1.65892954643E+32 3.64316326484E-04
 2.79671238454E+08 7.12720641294E+25 1.00102223608E+00 1.66851805060E+32 3.64919355497E-04
 2.81288179960E+08 7.18028167421E+25 1.00102434311E+00 1.67816197570E+32 3.65523381393E-04
 2.82914470708E+08 7.23375217917E+25 1.00102645364E+00 1.68786164206E+32 3.66128405817E-04
 2.84550164761E+08 7.28762087114E+25 1.00102856766E+00 1.69761737185E+32 3.66734430413E-04
 2.86195316497E+08 7.34189071536E+25 1.00103068518E+00 1.70742948912E+32 3.67341456832E-04
 2.87849980604E+08 7.39656469915E+25 1.00103280622E+00 1.71729831979E+32 3.67949486726E-04
 2.89514212091E+08 7.45164583209E+25 1.00103493077E+00 1.72722419165E+32 3.68558521749E-04
 2.91188066283E+08 7.50713714615E+25 1.00103705884E+00 1.73720743440E+32 3.69168563557E-04
 2.92871598824E+08 7.56304169589E+25 1.00103919044E+00 1.74724837965E+32 3.69779613812E-04
 2.94564865681E+08 7.61936255862E+25 1.00104132557E+00 1.75734736089E+32 3.70391674176E-04
 2.96267923146E+08 7.67610283455E+25 1.00104346424E+00 1.76750471359E+32 3.71004746314E-04
 2.97980827833E+08 7.73326564700E+25 1.00104560645E+00 1.77772077512E+32 3.71618831895E-04
 2.99703636688E+08 7.79085414254E+25 1.00104775222E+00 1.78799588482E+32 3.72233932590E-04
 3.01436406982E+08 7.84887149115E+25 1.00104990154E+00 1.79833038398E+32 3.72850050071E-04
 3.03179196320E+08 7.90732088646E+25 1.00105205442E+00 1.80872461587E+32 3.73467186017E-04
 3.04932062639E+08 7.96620554584E+25 1.00105421087E+00 1.81917892574E+32 3.74085342105E-04
 3.06695064212E+08 8.02552871065E+25 1.00105637090E+00 1.82969366083E+32 3.74704520017E-04
 3.08468259648E+08 8.08529364638E+25 1.00105853450E+00 1.84026917041E+32 3.75324721440E-04
 3.10251707895E+08 8.14550364281E+25 1.00106070169E+00 1.85090580574E+32 3.75945948058E-04
 3.12045468243E+08 8.20616201426E+25 1.00106287248E+00 1.86160392012E+32 3.76568201564E-04
 3.13849600323E+08 8.26727209972E+25 1.00106504686E+00 1.87236386891E+32 3.77191483650E-04
 3.15664164113E+08 8.32883726302E+25 1.00106722484E+00 1.88318600949E+32 3.77815796011E-04
 3.17489219938E+08 8.39086089306E+25 1.00106940643E+00 1.89407070134E+32 3.78441140347E-04
 3.19324828469E+08 8.45334640398E+25 1.00107159164E+00 1.90501830600E+32 3.79067518358E-04
 3.21171050731E+08 8.51629723535E+25 1.00107378047E+00 1.91602918709E+32 3.79694931749E-04
 3.23027948099E+08 8.57971685232E+25 1.00107597293E+00 1.92710371036E+32 3.80323382227E-04
 3.24895582307E+08 8.64360874589E+25 1.00107816902E+00 1.93824224364E+32 3.80952871500E-04
 3.26774015443E+08 8.70797643302E+25 1.00108036876E+00 1.94944515692E+32 3.81583401283E-04
 3.28663309954E+08 8.77282345688E+25 1.00108257213E+00 1.96071282230E+32 3.82214973289E-04
 3.30563528649E+08 8.83815338702E+25 1.00108477916E+00 1.97204561406E+32 3.82847589238E-04
 3.32474734701E+08 8.90396981957E+25 1.00108698985E+00 1.98344390860E+32 3.83481250850E-04
 3.34396991647E+08 8.97027637744E+25 1.00108920420E+00 1.99490808454E+32 3.84115959848E-04
 3.36330363393E+08 9.03707671054E+25 1.00109142222E+00 2.00643852267E+32 3.84751717960E-04
 3.38274914212E+08 9.10437449591E+25 1.00109364392E+00 2.01803560598E+32 3.85388526915E-04
 3.40230708752E+08 9.17217343803E+25 1.00109586930E+00 2.02969971967E+32 3.86026388445E-04
 3.42197812033E+08 9.24047726894E+25 1.00109809836E+00 2.04143125117E+32 3.86665304286E-04
 3.44176289451E+08 9.30928974845E+25 1.00110033112E+00 2.05323059016E+32 3.87305276174E-04
 3.46166206781E+08 9.37861466442E+25 1.00110256759E+00 2.06509812855E+32 3.87946305852E-04
 3.48167630178E+08 9.44845583287E+25 1.00110480775E+00 2.07703426054E+32 3.88588395062E-04
 3.50180626179E+08 9.51881709826E+25 1.00110705164E+00 2.08903938259E+32 3.89231545551E-04
 3.52205261706E+08 9.58970233368E+25 1.00110929924E+00 2.10111389345E+32 3.89875759069E-04
 3.54241604071E+08 9.66111544105E+25 1.00111155056E+00 2.11325819421E+32 3.90521037367E-04
 3.56289720970E+08 9.73306035137E+25 1.00111380562E+00 2.12547268822E+32 3.91167382201E-04
 3.58349680495E+08 9.80554102489E+25 1.00111606441E+00 2.13775778121E+32 3.91814795329E-04
 3.60421551130E+08 9.87856145135E+25 1.00111832695E+00 2.15011388123E+32 3.92463278512E-04
 3.62505401755E+08 9.95212565023E+25 1.00112059323E+00 2.16254139871E+32 3.93112833513E-04
 3.64601301649E+08 1.00262376709E+26 1.00112286328E+00 2.17504074642E+32 3.93763462099E-04
 3.66709320490E+08 1.01009015929E+26 1.00112513708E+00 2.18761233954E+32 3.94415166039E-04
 3.68829528362E+08 1.01761215263E+26 1.00112741466E+00 2.20025659565E+32 3.95067947107E-04
 3.70961995753E+08 1.02519016114E+26 1.00112969601E+00 2.21297393473E+32 3.95721807077E-04
 3.73106793556E+08 1.03282460197E+26 1.00113198113E+00 2.22576477919E+32 3.96376747727E-04
 3.75263993079E+08 1.04051589536E+26 1.00113427005E+00 2.23862955390E+32 3.97032770839E-04
 3.77433666038E+08 1.04826446469E+26 1.00113656276E+00 2.25156868617E+32 3.97689878197E-04
 3.79615884566E+08 1.05607073648E+26 1.00113885927E+00 2.26458260577E+32 3.98348071588E-04
 3.81810721214E+08 1.06393514043E+26 1.00114115959E+00 2.27767174498E+32 3.99007352802E-04
 3.84018248950E+08 1.07185810944E+26 1.00114346372E+00 2.29083653855E+32 3.99667723631E-04
 3.86238541167E+08 1.07984007964E+26 1.00114577166E+00 2.30407742377E+32 4.00329185872E-04
 3.88471671679E+08 1.08788149040E+26 1.00114808344E+00 2.31739484044E+32 4.00991741323E-04
 3.90717714730E+08 1.09598278437E+26 1.00115039904E+00 2.33078923091E+32 4.01655391786E-04
 3.92976744992E+08 1.10414440749E+26 1.00115271848E+00 2.34426104007E+32 4.02320139065E-04
 3.95248837570E+08 1.11236680902E+26 1.00115504177E+00 2.35781071541E+32 4.02985984969E-04
 3.97534068001E+08 1.12065044157E+26 1.00115736890E+00 2.37143870699E+32 4.03652931307E-04
 3.99832512262E+08 1.12899576111E+26 1.00115969989E+00 2.38514546747E+32 4.04320979893E-04
 4.02144246766E+08 1.13740322703E+26 1.00116203475E+00 2.39893145212E+32 4.04990132545E-04
 4.04469348372E+08 1.14587330211E+26 1.00116437348E+00 2.41279711887E+32 4.05660391080E-04
 4.06807894381E+08 1.15440645260E+26 1.00116671608E+00 2.42674292825E+32 4.06331757323E-04
 4.09159962540E+08 1.16300314821E+26 1.00116906256E+00 2.44076934351E+32 4.07004233097E-04
 4.11525631048E+08 1.17166386215E+26 1.00117141294E+00 2.45487683053E+32 4.07677820233E-04
 4.13904978556E+08 1.18038907116E+26 1.00117376720E+00 2.46906585789E+32 4.08352520560E-04
 4.16298084169E+08 1.18917925552E+26 1.00117612537E+00 2.48333689691E+32 4.09028335914E-04
 4.18705027450E+08 1.19803489910E+26 1.00117848745E+00 2.49769042160E+32 4.09705268131E-04
 4.21125888421E+08 1.20695648935E+26 1.00118085345E+00 2.51212690872E+32 4.10383319054E-04
 4.23560747570E+08 1.21594451738E+26 1.00118322336E+00 2.52664683779E+32 4.11062490524E-04
 4.26009685846E+08 1.22499947794E+26 1.00118559720E+00 2.54125069110E+32 4.11742784388E-04
 4.28472784670E+08 1.23412186946E+26 1.00118797498E+00 2.55593895373E+32 4.12424202497E-04
 4.30950125933E+08 1.24331219409E+26 1.00119035670E+00 2.57071211355E+32 4.13106746702E-04
 4.33441791998E+08 1.25257095773E+26 1.00119274236E+00 2.58557066128E+32 4.13790418859E-04
 4.35947865707E+08 1.26189867001E+26 1.00119513198E+00 2.60051509043E+32 4.14475220826E-04
 4.38468430378E+08 1.27129584441E+26 1.00119752556E+00 2.61554589740E+32 4.15161154466E-04
 4.41003569814E+08 1.28076299818E+26 1.00119992311E+00 2.63066358146E+32 4.15848221643E-04
 4.43553368301E+08 1.29030065246E+26 1.00120232463E+00 2.64586864474E+32 4.16536424225E-04
 4.46117910613E+08 1.29990933226E+26 1.00120473013E+00 2.66116159229E+32 4.17225764082E-04
 4.48697282014E+08 1.30958956648E+26 1.00120713961E+00 2.67654293208E+32 4.17916243089E-04
 4.51291568261E+08 1.31934188799E+26 1.00120955309E+00 2.69201317500E+32 4.18607863123E-04
 4.53900855608E+08 1.32916683361E+26 1.00121197057E+00 2.70757283491E+32 4.19300626063E-04
 4.56525230807E+08 1.33906494415E+26 1.00121439206E+00 2.72322242864E+32 4.19994533793E-04
 4.59164781112E+08 1.34903676448E+26 1.00121681756E+00 2.73896247600E+32 4.20689588198E-04
 4.61819594281E+08 1.35908284349E+26 1.00121924708E+00 2.75479349980E+32 4.21385791169E-04
 4.64489758582E+08 1.36920373417E+26 1.00122168062E+00 2.77071602588E+32 4.22083144598E-04
 4.67175362791E+08 1.37939999365E+26 1.00122411820E+00 2.78673058312E+32 4.22781650379E-04
 4.69876496197E+08 1.38967218317E+26 1.00122655982E+00 2.80283770346E+32 4.23481310412E-04
 4.72593248609E+08 1.40002086819E+26 1.00122900549E+00 2.81903792189E+32 4.24182126598E-04
 4.75325710351E+08 1.41044661834E+26 1.00123145521E+00 2.83533177653E+32 4.24884100843E-04
 4.78073972273E+08 1.42095000753E+26 1.00123390898E+00 2.85171980858E+32 4.25587235054E-04
 4.80838125750E+08 1.43153161392E+26 1.00123636683E+00 2.86820256238E+32 4.26291531142E-04
 4.83618262682E+08 1.44219201998E+26 1.00123882875E+00 2.88478058542E+32 4.26996991021E-04
 4.86414475506E+08 1.45293181252E+26 1.00124129475E+00 2.90145442834E+32 4.27703616609E-04
 4.89226857189E+08 1.46375158272E+26 1.00124376484E+00 2.91822464499E+32 4.28411409825E-04
 4.92055501238E+08 1.47465192616E+26 1.00124623902E+00 2.93509179239E+32 4.29120372595E-04
 4.94900501700E+08 1.48563344286E+26 1.00124871730E+00 2.95205643080E+32 4.29830506844E-04
 4.97761953168E+08 1.49669673731E+26 1.00125119968E+00 2.96911912371E+32 4.30541814503E-04
 5.00639950778E+08 1.50784241849E+26 1.00125368619E+00 2.98628043787E+32 4.31254297504E-04
 5.03534590222E+08 1.51907109992E+26 1.00125617681E+00 3.00354094330E+32 4.31967957784E-04
 5.06445967739E+08 1.53038339969E+26 1.00125867156E+00 3.02090121332E+32 4.32682797282E-04
 5.09374180130E+08 1.54177994051E+26 1.00126117045E+00 3.03836182456E+32 4.33398817940E-04
 5.12319324754E+08 1.55326134969E+26 1.00126367347E+00 3.05592335699E+32 4.34116021705E-04
 5.15281499531E+08 1.56482825925E+26 1.00126618065E+00 3.07358639394E+32 4.34834410526E-04
 5.18260802952E+08 1.57648130588E+26 1.00126869198E+00 3.09135152208E+32 4.35553986354E-04
 5.21257334073E+08 1.58822113105E+26 1.00127120747E+00 3.10921933149E+32 4.36274751145E-04
 5.24271192526E+08 1.60004838097E+26 1.00127372714E+00 3.12719041568E+32 4.36996706857E-04
 5.27302478517E+08 1.61196370668E+26 1.00127625097E+00 3.14526537156E+32 4.37719855453E-04
 5.30351292835E+08 1.62396776409E+26 1.00127877899E+00 3.16344479949E+32 4.38444198897E-04
 5.33417736848E+08 1.63606121394E+26 1.00128131120E+00 3.18172930333E+32 4.39169739157E-04
 5.36501912514E+08 1.64824472195E+26 1.00128384761E+00 3.20011949041E+32 4.39896478204E-04
 5.39603922377E+08 1.66051895875E+26 1.00128638822E+00 3.21861597156E+32 4.40624418014E-04
 5.42723869576E+08 1.67288459999E+26 1.00128893304E+00 3.23721936117E+32 4.41353560565E-04
 5.45861857849E+08 1.68534232636E+26 1.00129148208E+00 3.25593027715E+32 4.42083907836E-04
 5.49017991529E+08 1.69789282358E+26 1.00129403535E+00 3.27474934099E+32 4.42815461813E-04
 5.52192375557E+08 1.71053678252E+26 1.00129659284E+00 3.29367717780E+32 4.43548224484E-04
 5.55385115478E+08 1.72327489916E+26 1.00129915458E+00 3.31271441626E+32 4.44282197838E-04
 5.58596317450E+08 1.73610787469E+26 1.00130172056E+00 3.33186168871E+32 4.45017383871E-04
 5.61826088242E+08 1.74903641551E+26 1.00130429079E+00 3.35111963115E+32 4.45753784579E-04
 5.65074535243E+08 1.76206123328E+26 1.00130686528E+00 3.37048888323E+32 4.46491401963E-04
 5.68341766463E+08 1.77518304496E+26 1.00130944404E+00 3.38997008832E+32 4.47230238027E-04
 5.71627890535E+08 1.78840257284E+26 1.00131202707E+00 3.40956389350E+32 4.47970294778E-04
 5.74933016723E+08 1.80172054461E+26 1.00131461439E+00 3.42927094959E+32 4.48711574227E-04
 5.78257254920E+08 1.81513769337E+26 1.00131720599E+00 3.44909191118E+32 4.49454078387E-04
 5.81600715657E+08 1.82865475766E+26 1.00131980189E+00 3.46902743662E+32 4.50197809276E-04
 5.84963510103E+08 1.84227248155E+26 1.00132240209E+00 3.48907818810E+32 4.50942768914E-04
 5.88345750071E+08 1.85599161463E+26 1.00132500659E+00 3.50924483161E+32 4.51688959324E-04
 5.91747548020E+08 1.86981291209E+26 1.00132761542E+00 3.52952803700E+32 4.52436382534E-04
 5.95169017061E+08 1.88373713472E+26 1.00133022857E+00 3.54992847799E+32 4.53185040573E-04
 5.98610270956E+08 1.89776504900E+26 1.00133284605E+00 3.57044683219E+32 4.53934935476E-04
 6.02071424129E+08 1.91189742709E+26 1.00133546787E+00 3.59108378113E+32 4.54686069279E-04
 6.05552591662E+08 1.92613504694E+26 1.00133809403E+00 3.61184001029E+32 4.55438444022E-04
 6.09053889307E+08 1.94047869225E+26 1.00134072455E+00 3.63271620909E+32 4.56192061750E-04
 6.12575433481E+08 1.95492915259E+26 1.00134335942E+00 3.65371307096E+32 4.56946924509E-04
 6.16117341278E+08 1.96948722338E+26 1.00134599866E+00 3.67483129332E+32 4.57703034349E-04
 6.19679730467E+08 1.98415370600E+26 1.00134864228E+00 3.69607157761E+32 4.58460393325E-04
 6.23262719500E+08 1.99892940776E+26 1.00135129028E+00 3.71743462936E+32 4.59219003492E-04
 6.26866427512E+08 2.01381514200E+26 1.00135394266E+00 3.73892115815E+32 4.59978866912E-04
 6.30490974329E+08 2.02881172813E+26 1.00135659945E+00 3.76053187767E+32 4.60739985648E-04
 6.34136480470E+08 2.04391999163E+26 1.00135926063E+00 3.78226750573E+32 4.61502361768E-04
 6.37803067150E+08 2.05914076416E+26 1.00136192623E+00 3.80412876430E+32 4.62265997342E-04
 6.41490856286E+08 2.07447488355E+26 1.00136459624E+00 3.82611637952E+32 4.63030894443E-04
 6.45199970499E+08 2.08992319388E+26 1.00136727068E+00 3.84823108171E+32 4.63797055149E-04
 6.48930533122E+08 2.10548654551E+26 1.00136994955E+00 3.87047360543E+32 4.64564481541E-04
 6.52682668198E+08 2.12116579514E+26 1.00137263286E+00 3.89284468948E+32 4.65333175703E-04
 6.56456500491E+08 2.13696180584E+26 1.00137532062E+00 3.91534507694E+32 4.66103139723E-04
 6.60252155483E+08 2.15287544712E+26 1.00137801283E+00 3.93797551516E+32 4.66874375690E-04
 6.64069759385E+08 2.16890759495E+26 1.00138070951E+00 3.96073675583E+32 4.67646885700E-04
 6.67909439136E+08 2.18505913184E+26 1.00138341065E+00 3.98362955498E+32 4.68420671851E-04
 6.71771322411E+08 2.20133094685E+26 1.00138611627E+00 4.00665467301E+32 4.69195736243E-04
 6.75655537621E+08 2.21772393568E+26 1.00138882638E+00 4.02981287472E+32 4.69972080982E-04
 6.79562213922E+08 2.23423900070E+26 1.00139154097E+00 4.05310492932E+32 4.70749708174E-04
 6.83491481217E+08 2.25087705099E+26 1.00139426007E+00 4.07653161047E+32 4.71528619933E-04
 6.87443470160E+08 2.26763900240E+26 1.00139698367E+00 4.10009369630E+32 4.72308818372E-04
 6.91418312160E+08 2.28452577760E+26 1.00139971179E+00 4.12379196944E+32 4.73090305610E-04
 6.95416139386E+08 2.30153830614E+26 1.00140244443E+00 4.14762721706E+32 4.73873083770E-04
 6.99437084774E+08 2.31867752449E+26 1.00140518159E+00 4.17160023084E+32 4.74657154976E-04
 7.03481282026E+08 2.33594437608E+26 1.00140792329E+00 4.19571180707E+32 4.75442521357E-04
 7.07548865619E+08 2.35333981139E+26 1.00141066954E+00 4.21996274664E+32 4.76229185046E-04
 7.11639970807E+08 2.37086478795E+26 1.00141342034E+00 4.24435385505E+32 4.77017148179E-04
 7.15754733628E+08 2.38852027044E+26 1.00141617570E+00 4.26888594247E+32 4.77806412894E-04
 7.19893290906E+08 2.40630723073E+26 1.00141893562E+00 4.29355982375E+32 4.78596981335E-04
 7.24055780254E+08 2.42422664790E+26 1.00142170012E+00 4.31837631844E+32 4.79388855648E-04
 7.28242340086E+08 2.44227950834E+26 1.00142446920E+00 4.34333625085E+32 4.80182037982E-04
 7.32453109612E+08 2.46046680579E+26 1.00142724286E+00 4.36844045004E+32 4.80976530492E-04
 7.36688228850E+08 2.47878954137E+26 1.00143002113E+00 4.39368974985E+32 4.81772335333E-04
 7.40947838628E+08 2.49724872368E+26 1.00143280400E+00 4.41908498897E+32 4.82569454666E-04
 7.45232080586E+08 2.51584536882E+26 1.00143559148E+00 4.44462701090E+32 4.83367890656E-04
 7.49541097186E+08 2.53458050044E+26 1.00143838358E+00 4.47031666405E+32 4.84167645470E-04
 7.53875031714E+08 2.55345514984E+26 1.00144118031E+00 4.49615480171E+32 4.84968721278E-04
 7.58234028283E+08 2.57247035600E+26 1.00144398168E+00 4.52214228212E+32 4.85771120255E-04
 7.62618231841E+08 2.59162716560E+26 1.00144678769E+00 4.54827996846E+32 4.86574844579E-04
 7.67027788174E+08 2.61092663315E+26 1.00144959834E+00 4.57456872891E+32 4.87379896433E-04
 7.71462843912E+08 2.63036982101E+26 1.00145241366E+00 4.60100943669E+32 4.88186278000E-04
 7.75923546532E+08 2.64995779944E+26 1.00145523364E+00 4.62760297002E+32 4.88993991471E-04
 7.80410044365E+08 2.66969164668E+26 1.00145805830E+00 4.65435021223E+32 4.89803039036E-04
 7.84922486599E+08 2.68957244898E+26 1.00146088764E+00 4.68125205175E+32 4.90613422893E-04
 7.89461023288E+08 2.70960130070E+26 1.00146372166E+00 4.70830938215E+32 4.91425145241E-04
 7.94025805350E+08 2.72977930435E+26 1.00146656039E+00 4.73552310214E+32 4.92238208283E-04
 7.98616984578E+08 2.75010757062E+26 1.00146940381E+00 4.76289411565E+32 4.93052614226E-04
 8.03234713643E+08 2.77058721852E+26 1.00147225195E+00 4.79042333183E+32 4.93868365279E-04
 8.07879146100E+08 2.79121937536E+26 1.00147510482E+00 4.81811166507E+32 4.94685463658E-04
 8.12550436390E+08 2.81200517684E+26 1.00147796240E+00 4.84596003507E+32 4.95503911579E-04
 8.17248739849E+08 2.83294576713E+26 1.00148082473E+00 4.87396936682E+32 4.96323711264E-04
 8.21974212711E+08 2.85404229893E+26 1.00148369180E+00 4.90214059068E+32 4.97144864938E-04
 8.26727012115E+08 2.87529593352E+26 1.00148656362E+00 4.93047464237E+32 4.97967374829E-04
 8.31507296108E+08 2.89670784080E+26 1.00148944020E+00 4.95897246302E+32 4.98791243169E-04
 8.36315223650E+08 2.91827919942E+26 1.00149232155E+00 4.98763499921E+32 4.99616472195E-04
 8.41150954623E+08 2.94001119678E+26 1.00149520767E+00 5.01646320298E+32 5.00443064144E-04
 8.46014649832E+08 2.96190502914E+26 1.00149809858E+00 5.04545803188E+32 5.01271021261E-04
 8.50906471014E+08 2.98396190166E+26 1.00150099427E+00 5.07462044900E+32 5.02100345793E-04
 8.55826580839E+08 3.00618302848E+26 1.00150389477E+00 5.10395142298E+32 5.02931039989E-04
 8.60775142920E+08 3.02856963277E+26 1.00150680007E+00 5.13345192806E+32 5.03763106104E-04
 8.65752321817E+08 3.05112294682E+26 1.00150971019E+00 5.16312294414E+32 5.04596546395E-04
 8.70758283040E+08 3.07384421209E+26 1.00151262514E+00 5.19296545674E+32 5.05431363125E-04
 8.75793193058E+08 3.09673467929E+26 1.00151554491E+00 5.22298045711E+32 5.06267558557E-04
 8.80857219301E+08 3.11979560845E+26 1.00151846952E+00 5.25316894223E+32 5.07105134962E-04
 8.85950530171E+08 3.14302826897E+26 1.00152139898E+00 5.28353191480E+32 5.07944094611E-04
 8.91073295040E+08 3.16643393970E+26 1.00152433329E+00 5.31407038338E+32 5.08784439782E-04
 8.96225684263E+08 3.19001390904E+26 1.00152727247E+00 5.34478536230E+32 5.09626172753E-04
 9.01407869179E+08 3.21376947494E+26 1.00153021652E+00 5.37567787179E+32 5.10469295808E-04
 9.06620022119E+08 3.23770194507E+26 1.00153316545E+00 5.40674893796E+32 5.11313811236E-04
 9.11862316410E+08 3.26181263679E+26 1.00153611926E+00 5.43799959286E+32 5.12159721327E-04
 9.17134926382E+08 3.28610287729E+26 1.00153907797E+00 5.46943087450E+32 5.13007028376E-04
 9.22438027373E+08 3.31057400366E+26 1.00154204159E+00 5.50104382689E+32 5.13855734682E-04
 9.27771795737E+08 3.33522736292E+26 1.00154501011E+00 5.53283950007E+32 5.14705842548E-04
 9.33136408847E+08 3.36006431213E+26 1.00154798356E+00 5.56481895017E+32 5.15557354278E-04
 9.38532045101E+08 3.38508621845E+26 1.00155096193E+00 5.59698323939E+32 5.16410272185E-04
 9.43958883931E+08 3.41029445925E+26 1.00155394524E+00 5.62933343610E+32 5.17264598580E-04
 9.49417105806E+08 3.43569042212E+26 1.00155693350E+00 5.66187061482E+32 5.18120335783E-04
 9.54906892239E+08 3.46127550500E+26 1.00155992671E+00 5.69459585631E+32 5.18977486113E-04
 9.60428425794E+08 3.48705111625E+26 1.00156292487E+00 5.72751024756E+32 5.19836051897E-04
 9.65981890088E+08 3.51301867469E+26 1.00156592801E+00 5.76061488183E+32 5.20696035462E-04
 9.71567469805E+08 3.53917960973E+26 1.00156893612E+00 5.79391085871E+32 5.21557439143E-04
 9.77185350693E+08 3.56553536142E+26 1.00157194922E+00 5.82739928417E+32 5.22420265274E-04
 9.82835719578E+08 3.59208738053E+26 1.00157496732E+00 5.86108127053E+32 5.23284516197E-04
 9.88518764364E+08 3.61883712863E+26 1.00157799041E+00 5.89495793657E+32 5.24150194256E-04
 9.94234674044E+08 3.64578607819E+26 1.00158101852E+00 5.92903040752E+32 5.25017301799E-04
 9.99983638703E+08 3.67293571262E+26 1.00158405164E+00 5.96329981512E+32 5.25885841177E-04
 1.00576584953E+09 3.70028752640E+26 1.00158708979E+00 5.99776729766E+32 5.26755814746E-04
 1.01158149880E+09 3.72784302513E+26 1.00159013298E+00 6.03243399998E+32 5.27627224866E-04
 1.01743077994E+09 3.75560372561E+26 1.00159318121E+00 6.06730107358E+32 5.28500073899E-04
 1.02331388746E+09 3.78357115597E+26 1.00159623449E+00 6.10236967658E+32 5.29374364214E-04
 1.02923101701E+09 3.81174685567E+26 1.00159929283E+00 6.13764097381E+32 5.30250098182E-04
 1.03518236537E+09 3.84013237568E+26 1.00160235624E+00 6.17311613683E+32 5.31127278176E-04
 1.04116813045E+09 3.86872927850E+26 1.00160542473E+00 6.20879634396E+32 5.32005906577E-04
 1.04718851132E+09 3.89753913826E+26 1.00160849830E+00 6.24468278036E+32 5.32885985766E-04
 1.05324370820E+09 3.92656354082E+26 1.00161157697E+00 6.28077663802E+32 5.33767518131E-04
 1.05933392245E+09 3.95580408386E+26 1.00161466074E+00 6.31707911580E+32 5.34650506061E-04
 1.06545935662E+09 3.98526237693E+26 1.00161774962E+00 6.35359141953E+32 5.35534951952E-04
 1.07162021441E+09 4.01494004159E+26 1.00162084362E+00 6.39031476199E+32 5.36420858201E-04
 1.07781670071E+09 4.04483871146E+26 1.00162394275E+00 6.42725036296E+32 5.37308227211E-04
 1.08404902160E+09 4.07496003235E+26 1.00162704701E+00 6.46439944929E+32 5.38197061388E-04
 1.09031738434E+09 4.10530566230E+26 1.00163015642E+00 6.50176325490E+32 5.39087363142E-04
 1.09662199739E+09 4.13587727171E+26 1.00163327099E+00 6.53934302087E+32 5.39979134886E-04
 1.10296307042E+09 4.16667654341E+26 1.00163639071E+00 6.57713999542E+32 5.40872379040E-04
 1.10934081433E+09 4.19770517277E+26 1.00163951560E+00 6.61515543401E+32 5.41767098024E-04
 1.11575544120E+09 4.22896486778E+26 1.00164264568E+00 6.65339059935E+32 5.42663294266E-04
 1.12220716438E+09 4.26045734916E+26 1.00164578094E+00 6.69184676144E+32 5.43560970193E-04
 1.12869619842E+09 4.29218435044E+26 1.00164892140E+00 6.73052519762E+32 5.44460128241E-04
 1.13522275913E+09 4.32414761804E+26 1.00165206706E+00 6.76942719264E+32 5.45360770847E-04
 1.14178706357E+09 4.35634891140E+26 1.00165521793E+00 6.80855403864E+32 5.46262900452E-04
 1.14838933005E+09 4.38879000308E+26 1.00165837403E+00 6.84790703525E+32 5.47166519503E-04
 1.15502977813E+09 4.42147267882E+26 1.00166153536E+00 6.88748748961E+32 5.48071630448E-04
 1.16170862866E+09 4.45439873764E+26 1.00166470193E+00 6.92729671640E+32 5.48978235743E-04
 1.16842610377E+09 4.48756999200E+26 1.00166787374E+00 6.96733603791E+32 5.49886337844E-04
 1.17518242686E+09 4.52098826783E+26 1.00167105082E+00 7.00760678408E+32 5.50795939213E-04
 1.18197782262E+09 4.55465540466E+26 1.00167423315E+00 7.04811029253E+32 5.51707042316E-04
 1.18881251705E+09 4.58857325572E+26 1.00167742077E+00 7.08884790860E+32 5.52619649623E-04
 1.19568673747E+09 4.62274368805E+26 1.00168061366E+00 7.12982098543E+32 5.53533763607E-04
 1.20260071249E+09 4.65716858257E+26 1.00168381185E+00 7.17103088396E+32 5.54449386746E-04
 1.20955467205E+09 4.69184983424E+26 1.00168701534E+00 7.21247897301E+32 5.55366521523E-04
 1.21654884743E+09 4.72678935210E+26 1.00169022413E+00 7.25416662930E+32 5.56285170422E-04
 1.22358347123E+09 4.76198905944E+26 1.00169343825E+00 7.29609523751E+32 5.57205335935E-04
 1.23065877743E+09 4.79745089383E+26 1.00169665769E+00 7.33826619033E+32 5.58127020554E-04
 1.23777500132E+09 4.83317680730E+26 1.00169988247E+00 7.38068088850E+32 5.59050226778E-04
 1.24493237958E+09 4.86916876641E+26 1.00170311259E+00 7.42334074084E+32 5.59974957110E-04
 1.25213115025E+09 4.90542875237E+26 1.00170634806E+00 7.46624716435E+32 5.60901214055E-04
 1.25937155275E+09 4.94195876113E+26 1.00170958890E+00 7.50940158417E+32 5.61829000124E-04
 1.26665382788E+09 4.97876080350E+26 1.00171283511E+00 7.55280543371E+32 5.62758317832E-04
 1.27397821784E+09 5.01583690529E+26 1.00171608670E+00 7.59646015466E+32 5.63689169696E-04
 1.28134496623E+09 5.05318910738E+26 1.00171934368E+00 7.64036719704E+32 5.64621558240E-04
 1.28875431805E+09 5.09081946583E+26 1.00172260605E+00 7.68452801925E+32 5.65555485990E-04
 1.29620651973E+09 5.12873005205E+26 1.00172587384E+00 7.72894408812E+32 5.66490955477E-04
 1.30370181912E+09 5.16692295285E+26 1.00172914704E+00 7.77361687896E+32 5.67427969236E-04
 1.31124046550E+09 5.20540027058E+26 1.00173242566E+00 7.81854787561E+32 5.68366529806E-04
 1.31882270960E+09 5.24416412326E+26 1.00173570972E+00 7.86373857047E+32 5.69306639731E-04
 1.32644880360E+09 5.28321664466E+26 1.00173899922E+00 7.90919046460E+32 5.70248301558E-04
 1.33411900113E+09 5.32255998446E+26 1.00174229417E+00 7.95490506769E+32 5.71191517839E-04
 1.34183355729E+09 5.36219630835E+26 1.00174559458E+00 8.00088389820E+32 5.72136291128E-04
 1.34959272867E+09 5.40212779813E+26 1.00174890046E+00 8.04712848335E+32 5.73082623988E-04
 1.35739677333E+09 5.44235665186E+26 1.00175221182E+00 8.09364035916E+32 5.74030518980E-04
 1.36524595082E+09 5.48288508397E+26 1.00175552867E+00 8.14042107057E+32 5.74979978674E-04
 1.37314052221E+09 5.52371532537E+26 1.00175885102E+00 8.18747217143E+32 5.75931005642E-04
 1.38108075006E+09 5.56484962359E+26 1.00176217887E+00 8.23479522458E+32 5.76883602461E-04
 1.38906689845E+09 5.60629024290E+26 1.00176551224E+00 8.28239180187E+32 5.77837771712E-04
 1.39709923301E+09 5.64803946443E+26 1.00176885113E+00 8.33026348427E+32 5.78793515979E-04
 1.40517802089E+09 5.69009958628E+26 1.00177219556E+00 8.37841186185E+32 5.79750837852E-04
 1.41330353078E+09 5.73247292370E+26 1.00177554553E+00 8.42683853391E+32 5.80709739925E-04
 1.42147603294E+09 5.77516180915E+26 1.00177890105E+00 8.47554510896E+32 5.81670224795E-04
 1.42969579919E+09 5.81816859248E+26 1.00178226213E+00 8.52453320482E+32 5.82632295064E-04
 1.43796310290E+09 5.86149564101E+26 1.00178562879E+00 8.57380444867E+32 5.83595953338E-04
 1.44627821905E+09 5.90514533972E+26 1.00178900102E+00 8.62336047709E+32 5.84561202228E-04
 1.45464142421E+09 5.94912009134E+26 1.00179237884E+00 8.67320293610E+32 5.85528044349E-04
 1.46305299653E+09 5.99342231649E+26 1.00179576226E+00 8.72333348127E+32 5.86496482320E-04
 1.47151321579E+09 6.03805445381E+26 1.00179915129E+00 8.77375377770E+32 5.87466518763E-04
 1.48002236337E+09 6.08301896011E+26 1.00180254593E+00 8.82446550015E+32 5.88438156306E-04
 1.48858072229E+09 6.12831831051E+26 1.00180594620E+00 8.87547033303E+32 5.89411397582E-04
 1.49718857720E+09 6.17395499852E+26 1.00180935211E+00 8.92676997051E+32 5.90386245225E-04
 1.50584621441E+09 6.21993153626E+26 1.00181276366E+00 8.97836611653E+32 5.91362701878E-04
 1.51455392187E+09 6.26625045453E+26 1.00181618086E+00 9.03026048490E+32 5.92340770183E-04
 1.52331198921E+09 6.31291430300E+26 1.00181960373E+00 9.08245479932E+32 5.93320452791E-04
 1.53212070773E+09 6.35992565031E+26 1.00182303227E+00 9.13495079347E+32 5.94301752355E-04
 1.54098037041E+09 6.40728708422E+26 1.00182646649E+00 9.18775021102E+32 5.95284671532E-04
 1.54989127193E+09 6.45500121180E+26 1.00182990641E+00 9.24085480575E+32 5.96269212984E-04
 1.55885370868E+09 6.50307065948E+26 1.00183335203E+00 9.29426634156E+32 5.97255379378E-04
 1.56786797876E+09 6.55149807330E+26 1.00183680335E+00 9.34798659255E+32 5.98243173383E-04
 1.57693438198E+09 6.60028611896E+26 1.00184026040E+00 9.40201734307E+32 5.99232597677E-04
 1.58605321992E+09 6.64943748205E+26 1.00184372317E+00 9.45636038779E+32 6.00223654937E-04
 1.59522479586E+09 6.69895486814E+26 1.00184719169E+00 9.51101753176E+32 6.01216347847E-04
 1.60444941488E+09 6.74884100294E+26 1.00185066595E+00 9.56599059044E+32 6.02210679096E-04
 1.61372738380E+09 6.79909863247E+26 1.00185414597E+00 9.62128138980E+32 6.03206651375E-04
 1.62305901121E+09 6.84973052320E+26 1.00185763176E+00 9.67689176636E+32 6.04204267383E-04
 1.63244460749E+09 6.90073946220E+26 1.00186112333E+00 9.73282356725E+32 6.05203529820E-04
 1.64188448484E+09 6.95212825729E+26 1.00186462068E+00 9.78907865030E+32 6.06204441391E-04
 1.65137895723E+09 7.00389973720E+26 1.00186812383E+00 9.84565888404E+32 6.07207004808E-04
 1.66092834046E+09 7.05605675173E+26 1.00187163279E+00 9.90256614783E+32 6.08211222784E-04
 1.67053295218E+09 7.10860217190E+26 1.00187514756E+00 9.95980233187E+32 6.09217098038E-04
 1.68019311183E+09 7.16153889012E+26 1.00187866815E+00 1.00173693373E+33 6.10224633294E-04
 1.68990914075E+09 7.21486982031E+26 1.00188219458E+00 1.00752690763E+33 6.11233831280E-04
 1.69968136211E+09 7.26859789813E+26 1.00188572686E+00 1.01335034719E+33 6.12244694727E-04
 1.70951010094E+09 7.32272608106E+26 1.00188926499E+00 1.01920744586E+33 6.13257226373E-04
 1.71939568418E+09 7.37725734863E+26 1.00189280898E+00 1.02509839817E+33 6.14271428958E-04
 1.72933844065E+09 7.43219470256E+26 1.00189635885E+00 1.03102339981E+33 6.15287305228E-04
 1.73933870106E+09 7.48754116691E+26 1.00189991460E+00 1.03698264756E+33 6.16304857934E-04
 1.74939679804E+09 7.54329978826E+26 1.00190347624E+00 1.04297633937E+33 6.17324089829E-04
 1.75951306616E+09 7.59947363590E+26 1.00190704379E+00 1.04900467434E+33 6.18345003673E-04
 1.76968784190E+09 7.65606580194E+26 1.00191061724E+00 1.05506785268E+33 6.19367602230E-04
 1.77992146372E+09 7.71307940154E+26 1.00191419663E+00 1.06116607580E+33 6.20391888267E-04
 1.79021427200E+09 7.77051757307E+26 1.00191778194E+00 1.06729954624E+33 6.21417864557E-04
 1.80056660911E+09 7.82838347823E+26 1.00192137319E+00 1.07346846775E+33 6.22445533877E-04
 1.81097881941E+09 7.88668030231E+26 1.00192497040E+00 1.07967304521E+33 6.23474899009E-04
 1.82145124923E+09 7.94541125429E+26 1.00192857357E+00 1.08591348473E+33 6.24505962738E-04
 1.83198424692E+09 8.00457956706E+26 1.00193218271E+00 1.09218999358E+33 6.25538727856E-04
 1.84257816283E+09 8.06418849758E+26 1.00193579783E+00 1.09850278024E+33 6.26573197157E-04
 1.85323334937E+09 8.12424132707E+26 1.00193941895E+00 1.10485205440E+33 6.27609373442E-04
 1.86395016095E+09 8.18474136118E+26 1.00194304606E+00 1.11123802694E+33 6.28647259514E-04
 1.87472895406E+09 8.24569193016E+26 1.00194667919E+00 1.11766090999E+33 6.29686858183E-04
 1.88557008722E+09 8.30709638910E+26 1.00195031834E+00 1.12412091688E+33 6.30728172262E-04
 1.89647392106E+09 8.36895811805E+26 1.00195396352E+00 1.13061826219E+33 6.31771204568E-04
 1.90744081828E+09 8.43128052222E+26 1.00195761474E+00 1.13715316172E+33 6.32815957926E-04
 1.91847114367E+09 8.49406703219E+26 1.00196127201E+00 1.14372583255E+33 6.33862435161E-04
 1.92956526416E+09 8.55732110411E+26 1.00196493534E+00 1.15033649299E+33 6.34910639106E-04
 1.94072354876E+09 8.62104621982E+26 1.00196860475E+00 1.15698536261E+33 6.35960572596E-04
 1.95194636865E+09 8.68524588712E+26 1.00197228023E+00 1.16367266226E+33 6.37012238474E-04
 1.96323409714E+09 8.74992363994E+26 1.00197596181E+00 1.17039861407E+33 6.38065639585E-04
 1.97458710972E+09 8.81508303850E+26 1.00197964949E+00 1.17716344144E+33 6.39120778778E-04
 1.98600578402E+09 8.88072766955E+26 1.00198334328E+00 1.18396736906E+33 6.40177658910E-04
 1.99749049989E+09 8.94686114654E+26 1.00198704319E+00 1.19081062295E+33 6.41236282839E-04
 2.00904163936E+09 9.01348710984E+26 1.00199074924E+00 1.19769343039E+33 6.42296653430E-04
 2.02065958666E+09 9.08060922692E+26 1.00199446143E+00 1.20461602001E+33 6.43358773552E-04
 2.03234472826E+09 9.14823119257E+26 1.00199817977E+00 1.21157862174E+33 6.44422646078E-04
 2.04409745286E+09 9.21635672908E+26 1.00200190427E+00 1.21858146686E+33 6.45488273886E-04
 2.05591815142E+09 9.28498958647E+26 1.00200563494E+00 1.22562478796E+33 6.46555659860E-04
 2.06780721714E+09 9.35413354269E+26 1.00200937180E+00 1.23270881899E+33 6.47624806887E-04
 2.07976504552E+09 9.42379240381E+26 1.00201311485E+00 1.23983379527E+33 6.48695717859E-04
 2.09179203433E+09 9.49397000427E+26 1.00201686410E+00 1.24699995344E+33 6.49768395673E-04
 2.10388858364E+09 9.56467020702E+26 1.00202061957E+00 1.25420753153E+33 6.50842843232E-04
 2.11605509586E+09 9.63589690382E+26 1.00202438127E+00 1.26145676895E+33 6.51919063441E-04
 2.12829197569E+09 9.70765401538E+26 1.00202814919E+00 1.26874790649E+33 6.52997059212E-04
 2.14059963021E+09 9.77994549164E+26 1.00203192336E+00 1.27608118633E+33 6.54076833461E-04
 2.15297846883E+09 9.85277531192E+26 1.00203570379E+00 1.28345685205E+33 6.55158389108E-04
 2.16542890333E+09 9.92614748520E+26 1.00203949048E+00 1.29087514863E+33 6.56241729079E-04
 2.17795134790E+09 1.00000660503E+27 1.00204328345E+00 1.29833632248E+33 6.57326856304E-04
 2.19054621908E+09 1.00745350761E+27 1.00204708270E+00 1.30584062143E+33 6.58413773718E-04
 2.20321393587E+09 1.01495586618E+27 1.00205088825E+00 1.31338829473E+33 6.59502484261E-04
 2.21595491966E+09 1.02251409372E+27 1.00205470011E+00 1.32097959309E+33 6.60592990877E-04
 2.22876959429E+09 1.03012860627E+27 1.00205851829E+00 1.32861476866E+33 6.61685296515E-04
 2.24165838605E+09 1.03779982298E+27 1.00206234279E+00 1.33629407504E+33 6.62779404130E-04
 2.25462172370E+09 1.04552816611E+27 1.00206617363E+00 1.34401776731E+33 6.63875316680E-04
 2.26766003848E+09 1.05331406109E+27 1.00207001082E+00 1.35178610202E+33 6.64973037130E-04
 2.28077376412E+09 1.06115793648E+27 1.00207385437E+00 1.35959933719E+33 6.66072568447E-04
 2.29396333687E+09 1.06906022406E+27 1.00207770429E+00 1.36745773235E+33 6.67173913605E-04
 2.30722919550E+09 1.07702135882E+27 1.00208156059E+00 1.37536154852E+33 6.68277075583E-04
 2.32057178131E+09 1.08504177898E+27 1.00208542329E+00 1.38331104823E+33 6.69382057362E-04
 2.33399153816E+09 1.09312192603E+27 1.00208929238E+00 1.39130649553E+33 6.70488861932E-04
 2.34748891249E+09 1.10126224476E+27 1.00209316789E+00 1.39934815599E+33 6.71597492285E-04
 2.36106435330E+09 1.10946318325E+27 1.00209704982E+00 1.40743629672E+33 6.72707951419E-04
 2.37471831220E+09 1.11772519292E+27 1.00210093818E+00 1.41557118638E+33 6.73820242336E-04
 2.38845124343E+09 1.12604872857E+27 1.00210483299E+00 1.42375309516E+33 6.74934368043E-04
 2.40226360383E+09 1.13443424836E+27 1.00210873425E+00 1.43198229484E+33 6.76050331552E-04
 2.41615585289E+09 1.14288221390E+27 1.00211264198E+00 1.44025905876E+33 6.77168135882E-04
 2.43012845278E+09 1.15139309019E+27 1.00211655618E+00 1.44858366183E+33 6.78287784054E-04
 2.44418186831E+09 1.15996734573E+27 1.00212047687E+00 1.45695638056E+33 6.79409279094E-04
 2.45831656701E+09 1.16860545250E+27 1.00212440406E+00 1.46537749306E+33 6.80532624035E-04
 2.47253301911E+09 1.17730788598E+27 1.00212833776E+00 1.47384727904E+33 6.81657821914E-04
 2.48683169754E+09 1.18607512521E+27 1.00213227798E+00 1.48236601982E+33 6.82784875773E-04
 2.50121307799E+09 1.19490765278E+27 1.00213622473E+00 1.49093399837E+33 6.83913788657E-04
 2.51567763889E+09 1.20380595489E+27 1.00214017802E+00 1.49955149927E+33 6.85044563620E-04
 2.53022586144E+09 1.21277052135E+27 1.00214413786E+00 1.50821880877E+33 6.86177203716E-04
 2.54485822963E+09 1.22180184562E+27 1.00214810426E+00 1.51693621475E+33 6.87311712009E-04
 2.55957523025E+09 1.23090042484E+27 1.00215207724E+00 1.52570400676E+33 6.88448091565E-04
 2.57437735290E+09 1.24006675985E+27 1.00215605680E+00 1.53452247603E+33 6.89586345454E-04
 2.58926509001E+09 1.24930135521E+27 1.00216004296E+00 1.54339191549E+33 6.90726476755E-04
 2.60423893689E+09 1.25860471925E+27 1.00216403573E+00 1.55231261972E+33 6.91868488547E-04
 2.61929939166E+09 1.26797736407E+27 1.00216803511E+00 1.56128488503E+33 6.93012383919E-04
 2.63444695539E+09 1.27741980561E+27 1.00217204112E+00 1.57030900946E+33 6.94158165960E-04
 2.64968213198E+09 1.28693256363E+27 1.00217605377E+00 1.57938529273E+33 6.95305837769E-04
 2.66500542831E+09 1.29651616176E+27 1.00218007307E+00 1.58851403632E+33 6.96455402447E-04
 2.68041735415E+09 1.30617112754E+27 1.00218409903E+00 1.59769554346E+33 6.97606863100E-04
 2.69591842223E+09 1.31589799243E+27 1.00218813166E+00 1.60693011910E+33 6.98760222840E-04
 2.71150914826E+09 1.32569729187E+27 1.00219217098E+00 1.61621806999E+33 6.99915484783E-04
 2.72719005091E+09 1.33556956524E+27 1.00219621699E+00 1.62555970463E+33 7.01072652053E-04
 2.74296165189E+09 1.34551535599E+27 1.00220026970E+00 1.63495533330E+33 7.02231727774E-04
 2.75882447588E+09 1.35553521159E+27 1.00220432914E+00 1.64440526809E+33 7.03392715081E-04
 2.77477905063E+09 1.36562968358E+27 1.00220839530E+00 1.65390982289E+33 7.04555617109E-04
 2.79082590694E+09 1.37579932763E+27 1.00221246820E+00 1.66346931339E+33 7.05720437001E-04
 2.80696557868E+09 1.38604470352E+27 1.00221654785E+00 1.67308405712E+33 7.06887177904E-04
 2.82319860279E+09 1.39636637523E+27 1.00222063426E+00 1.68275437344E+33 7.08055842971E-04
 2.83952551935E+09 1.40676491091E+27 1.00222472745E+00 1.69248058355E+33 7.09226435358E-04
 2.85594687154E+09 1.41724088296E+27 1.00222882742E+00 1.70226301052E+33 7.10398958230E-04
 2.87246320569E+09 1.42779486804E+27 1.00223293418E+00 1.71210197928E+33 7.11573414752E-04
 2.88907507129E+09 1.43842744710E+27 1.00223704775E+00 1.72199781664E+33 7.12749808099E-04
 2.90578302102E+09 1.44913920542E+27 1.00224116814E+00 1.73195085129E+33 7.13928141449E-04
 2.92258761076E+09 1.45993073263E+27 1.00224529535E+00 1.74196141382E+33 7.15108417985E-04
 2.93948939958E+09 1.47080262276E+27 1.00224942941E+00 1.75202983675E+33 7.16290640894E-04
 2.95648894981E+09 1.48175547426E+27 1.00225357032E+00 1.76215645451E+33 7.17474813371E-04
 2.97358682702E+09 1.49278989005E+27 1.00225771809E+00 1.77234160345E+33 7.18660938615E-04
 2.99078360008E+09 1.50390647751E+27 1.00226187273E+00 1.78258562189E+33 7.19849019830E-04
 3.00807984111E+09 1.51510584856E+27 1.00226603426E+00 1.79288885009E+33 7.21039060224E-04
 3.02547612558E+09 1.52638861969E+27 1.00227020269E+00 1.80325163027E+33 7.22231063012E-04
 3.04297303226E+09 1.53775541197E+27 1.00227437803E+00 1.81367430664E+33 7.23425031414E-04
 3.06057114329E+09 1.54920685108E+27 1.00227856028E+00 1.82415722539E+33 7.24620968654E-04
 3.07827104416E+09 1.56074356738E+27 1.00228274947E+00 1.83470073473E+33 7.25818877963E-04
 3.09607332378E+09 1.57236619591E+27 1.00228694560E+00 1.84530518487E+33 7.27018762576E-04
 3.11397857442E+09 1.58407537645E+27 1.00229114869E+00 1.85597092803E+33 7.28220625733E-04
 3.13198739183E+09 1.59587175355E+27 1.00229535874E+00 1.86669831849E+33 7.29424470681E-04
 3.15010037517E+09 1.60775597653E+27 1.00229957576E+00 1.87748771257E+33 7.30630300670E-04
 3.16831812707E+09 1.61972869958E+27 1.00230379978E+00 1.88833946863E+33 7.31838118957E-04
 3.18664125367E+09 1.63179058175E+27 1.00230803080E+00 1.89925394714E+33 7.33047928803E-04
 3.20507036461E+09 1.64394228698E+27 1.00231226883E+00 1.91023151061E+33 7.34259733476E-04
 3.22360607303E+09 1.65618448418E+27 1.00231651388E+00 1.92127252369E+33 7.35473536248E-04
 3.24224899567E+09 1.66851784723E+27 1.00232076597E+00 1.93237735310E+33 7.36689340396E-04
 3.26099975278E+09 1.68094305502E+27 1.00232502511E+00 1.94354636769E+33 7.37907149203E-04
 3.27985896825E+09 1.69346079152E+27 1.00232929131E+00 1.95477993846E+33 7.39126965958E-04
 3.29882726954E+09 1.70607174576E+27 1.00233356457E+00 1.96607843853E+33 7.40348793954E-04
 3.31790528779E+09 1.71877661193E+27 1.00233784492E+00 1.97744224319E+33 7.41572636489E-04
 3.33709365773E+09 1.73157608938E+27 1.00234213236E+00 1.98887172990E+33 7.42798496869E-04
 3.35639301782E+09 1.74447088266E+27 1.00234642691E+00 2.00036727830E+33 7.44026378402E-04
 3.37580401018E+09 1.75746170157E+27 1.00235072858E+00 2.01192927021E+33 7.45256284405E-04
 3.39532728066E+09 1.77054926121E+27 1.00235503737E+00 2.02355808967E+33 7.46488218196E-04
 3.41496347885E+09 1.78373428199E+27 1.00235935331E+00 2.03525412296E+33 7.47722183102E-04
 3.43471325809E+09 1.79701748968E+27 1.00236367640E+00 2.04701775855E+33 7.48958182455E-04
 3.45457727549E+09 1.81039961547E+27 1.00236800665E+00 2.05884938718E+33 7.50196219590E-04
 3.47455619200E+09 1.82388139599E+27 1.00237234408E+00 2.07074940185E+33 7.51436297850E-04
 3.49465067236E+09 1.83746357336E+27 1.00237668870E+00 2.08271819783E+33 7.52678420582E-04
 3.51486138518E+09 1.85114689521E+27 1.00238104052E+00 2.09475617266E+33 7.53922591138E-04
 3.53518900292E+09 1.86493211475E+27 1.00238539955E+00 2.10686372621E+33 7.55168812878E-04
 3.55563420194E+09 1.87881999080E+27 1.00238976581E+00 2.11904126061E+33 7.56417089165E-04
 3.57619766251E+09 1.89281128782E+27 1.00239413930E+00 2.13128918037E+33 7.57667423368E-04
 3.59688006886E+09 1.90690677599E+27 1.00239852004E+00 2.14360789231E+33 7.58919818861E-04
 3.61768210915E+09 1.92110723118E+27 1.00240290805E+00 2.15599780559E+33 7.60174279026E-04
 3.63860447553E+09 1.93541343509E+27 1.00240730332E+00 2.16845933176E+33 7.61430807246E-04
 3.65964786416E+09 1.94982617520E+27 1.00241170588E+00 2.18099288474E+33 7.62689406915E-04
 3.68081297524E+09 1.96434624487E+27 1.00241611573E+00 2.19359888083E+33 7.63950081427E-04
 3.70210051300E+09 1.97897444337E+27 1.00242053290E+00 2.20627773875E+33 7.65212834185E-04
 3.72351118575E+09 1.99371157592E+27 1.00242495738E+00 2.21902987964E+33 7.66477668598E-04
 3.74504570592E+09 2.00855845374E+27 1.00242938920E+00 2.23185572708E+33 7.67744588077E-04
 3.76670479005E+09 2.02351589408E+27 1.00243382836E+00 2.24475570707E+33 7.69013596042E-04
 3.78848915881E+09 2.03858472028E+27 1.00243827488E+00 2.25773024810E+33 7.70284695917E-04
 3.81039953706E+09 2.05376576183E+27 1.00244272877E+00 2.27077978113E+33 7.71557891131E-04
 3.83243665386E+09 2.06905985436E+27 1.00244719004E+00 2.28390473960E+33 7.72833185121E-04
 3.85460124248E+09 2.08446783976E+27 1.00245165870E+00 2.29710555948E+33 7.74110581326E-04
 3.87689404042E+09 2.09999056617E+27 1.00245613478E+00 2.31038267923E+33 7.75390083194E-04
 3.89931578947E+09 2.11562888805E+27 1.00246061826E+00 2.32373653986E+33 7.76671694176E-04
 3.92186723572E+09 2.13138366621E+27 1.00246510918E+00 2.33716758493E+33 7.77955417731E-04
 3.94454912953E+09 2.14725576790E+27 1.00246960755E+00 2.35067626057E+33 7.79241257320E-04
 3.96736222567E+09 2.16324606681E+27 1.00247411336E+00 2.36426301546E+33 7.80529216414E-04
 3.99030728322E+09 2.17935544312E+27 1.00247862665E+00 2.37792830091E+33 7.81819298487E-04
 4.01338506569E+09 2.19558478360E+27 1.00248314741E+00 2.39167257081E+33 7.83111507019E-04
 4.03659634099E+09 2.21193498160E+27 1.00248767567E+00 2.40549628170E+33 7.84405845496E-04
 4.05994188148E+09 2.22840693713E+27 1.00249221144E+00 2.41939989273E+33 7.85702317408E-04
 4.08342246399E+09 2.24500155689E+27 1.00249675472E+00 2.43338386572E+33 7.87000926255E-04
 4.10703886985E+09 2.26171975436E+27 1.00250130553E+00 2.44744866516E+33 7.88301675537E-04
 4.13079188490E+09 2.27856244979E+27 1.00250586388E+00 2.46159475821E+33 7.89604568763E-04
 4.15468229954E+09 2.29553057030E+27 1.00251042978E+00 2.47582261476E+33 7.90909609449E-04
 4.17871090875E+09 2.31262504992E+27 1.00251500326E+00 2.49013270739E+33 7.92216801113E-04
 4.20287851208E+09 2.32984682962E+27 1.00251958431E+00 2.50452551142E+33 7.93526147280E-04
 4.22718591375E+09 2.34719685740E+27 1.00252417296E+00 2.51900150491E+33 7.94837651484E-04
 4.25163392260E+09 2.36467608828E+27 1.00252876921E+00 2.53356116870E+33 7.96151317259E-04
 4.27622335217E+09 2.38228548444E+27 1.00253337308E+00 2.54820498639E+33 7.97467148149E-04
 4.30095502070E+09 2.40002601518E+27 1.00253798458E+00 2.56293344439E+33 7.98785147703E-04
 4.32582975117E+09 2.41789865706E+27 1.00254260372E+00 2.57774703191E+33 8.00105319474E-04
 4.35084837132E+09 2.43590439388E+27 1.00254723052E+00 2.59264624100E+33 8.01427667023E-04
 4.37601171368E+09 2.45404421679E+27 1.00255186498E+00 2.60763156654E+33 8.02752193914E-04
 4.40132061560E+09 2.47231912429E+27 1.00255650713E+00 2.62270350629E+33 8.04078903721E-04
 4.42677591929E+09 2.49073012236E+27 1.00256115697E+00 2.63786256085E+33 8.05407800019E-04
 4.45237847180E+09 2.50927822442E+27 1.00256581451E+00 2.65310923376E+33 8.06738886393E-04
 4.47812912512E+09 2.52796445149E+27 1.00257047978E+00 2.66844403144E+33 8.08072166430E-04
 4.50402873615E+09 2.54678983214E+27 1.00257515278E+00 2.68386746325E+33 8.09407643727E-04
 4.53007816675E+09 2.56575540265E+27 1.00257983352E+00 2.69938004148E+33 8.10745321882E-04
 4.55627828377E+09 2.58486220698E+27 1.00258452202E+00 2.71498228140E+33 8.12085204502E-04
 4.58262995909E+09 2.60411129688E+27 1.00258921829E+00 2.73067470125E+33 8.13427295201E-04
 4.60913406962E+09 2.62350373193E+27 1.00259392234E+00 2.74645782226E+33 8.14771597595E-04
 4.63579149735E+09 2.64304057960E+27 1.00259863419E+00 2.76233216867E+33 8.16118115308E-04
 4.66260312938E+09 2.66272291531E+27 1.00260335385E+00 2.77829826776E+33 8.17466851971E-04
 4.68956985793E+09 2.68255182249E+27 1.00260808133E+00 2.79435664986E+33 8.18817811219E-04
 4.71669258040E+09 2.70252839264E+27 1.00261281665E+00 2.81050784836E+33 8.20170996694E-04
 4.74397219938E+09 2.72265372537E+27 1.00261755981E+00 2.82675239973E+33 8.21526412042E-04
 4.77140962268E+09 2.74292892851E+27 1.00262231084E+00 2.84309084354E+33 8.22884060918E-04
 4.79900576337E+09 2.76335511811E+27 1.00262706974E+00 2.85952372249E+33 8.24243946980E-04
 4.82676153979E+09 2.78393341855E+27 1.00263183652E+00 2.87605158240E+33 8.25606073894E-04
 4.85467787561E+09 2.80466496258E+27 1.00263661121E+00 2.89267497227E+33 8.26970445331E-04
 4.88275569985E+09 2.82555089138E+27 1.00264139381E+00 2.90939444423E+33 8.28337064967E-04
 4.91099594689E+09 2.84659235463E+27 1.00264618433E+00 2.92621055365E+33 8.29705936487E-04
 4.93939955654E+09 2.86779051057E+27 1.00265098280E+00 2.94312385908E+33 8.31077063578E-04
 4.96796747402E+09 2.88914652606E+27 1.00265578922E+00 2.96013492231E+33 8.32450449936E-04
 4.99670065004E+09 2.91066157668E+27 1.00266060360E+00 2.97724430837E+33 8.33826099261E-04
 5.02560004082E+09 2.93233684672E+27 1.00266542596E+00 2.99445258556E+33 8.35204015262E-04
 5.05466660809E+09 2.95417352932E+27 1.00267025632E+00 3.01176032547E+33 8.36584201649E-04
 5.08390131918E+09 2.97617282650E+27 1.00267509468E+00 3.02916810298E+33 8.37966662143E-04
 5.11330514699E+09 2.99833594921E+27 1.00267994106E+00 3.04667649631E+33 8.39351400469E-04
 5.14287907006E+09 3.02066411745E+27 1.00268479547E+00 3.06428608700E+33 8.40738420357E-04
 5.17262407260E+09 3.04315856029E+27 1.00268965793E+00 3.08199745998E+33 8.42127725544E-04
 5.20254114450E+09 3.06582051594E+27 1.00269452845E+00 3.09981120353E+33 8.43519319773E-04
 5.23263128140E+09 3.08865123186E+27 1.00269940703E+00 3.11772790935E+33 8.44913206794E-04
 5.26289548469E+09 3.11165196477E+27 1.00270429371E+00 3.13574817256E+33 8.46309390361E-04
 5.29333476157E+09 3.13482398077E+27 1.00270918848E+00 3.15387259171E+33 8.47707874237E-04
 5.32395012505E+09 3.15816855537E+27 1.00271409136E+00 3.17210176881E+33 8.49108662187E-04
 5.35474259401E+09 3.18168697360E+27 1.00271900237E+00 3.19043630937E+33 8.50511757986E-04
 5.38571319324E+09 3.20538053004E+27 1.00272392152E+00 3.20887682237E+33 8.51917165414E-04
 5.41686295344E+09 3.22925052892E+27 1.00272884883E+00 3.22742392033E+33 8.53324888255E-04
 5.44819291130E+09 3.25329828418E+27 1.00273378430E+00 3.24607821930E+33 8.54734930301E-04
 5.47970410949E+09 3.27752511955E+27 1.00273872794E+00 3.26484033890E+33 8.56147295352E-04
 5.51139759672E+09 3.30193236861E+27 1.00274367979E+00 3.28371090232E+33 8.57561987209E-04
 5.54327442778E+09 3.32652137488E+27 1.00274863983E+00 3.30269053636E+33 8.58979009685E-04
 5.57533566356E+09 3.35129349187E+27 1.00275360810E+00 3.32177987145E+33 8.60398366595E-04
 5.60758237109E+09 3.37625008319E+27 1.00275858461E+00 3.34097954164E+33 8.61820061761E-04
 5.64001562357E+09 3.40139252258E+27 1.00276356936E+00 3.36029018467E+33 8.63244099013E-04
 5.67263650042E+09 3.42672219403E+27 1.00276856237E+00 3.37971244195E+33 8.64670482185E-04
 5.70544608730E+09 3.45224049184E+27 1.00277356366E+00 3.39924695860E+33 8.66099215118E-04
 5.73844547616E+09 3.47794882066E+27 1.00277857323E+00 3.41889438349E+33 8.67530301660E-04
 5.77163576528E+09 3.50384859564E+27 1.00278359111E+00 3.43865536920E+33 8.68963745665E-04
 5.80501805928E+09 3.52994124245E+27 1.00278861731E+00 3.45853057212E+33 8.70399550991E-04
 5.83859346917E+09 3.55622819738E+27 1.00279365183E+00 3.47852065240E+33 8.71837721506E-04
 5.87236311242E+09 3.58271090740E+27 1.00279869470E+00 3.49862627405E+33 8.73278261081E-04
 5.90632811294E+09 3.60939083028E+27 1.00280374593E+00 3.51884810487E+33 8.74721173594E-04
 5.94048960116E+09 3.63626943464E+27 1.00280880553E+00 3.53918681655E+33 8.76166462932E-04
 5.97484871404E+09 3.66334820002E+27 1.00281387351E+00 3.55964308465E+33 8.77614132984E-04
 6.00940659514E+09 3.69062861700E+27 1.00281894990E+00 3.58021758864E+33 8.79064187648E-04
 6.04416439462E+09 3.71811218724E+27 1.00282403469E+00 3.60091101192E+33 8.80516630829E-04
 6.07912326931E+09 3.74580042361E+27 1.00282912792E+00 3.62172404183E+33 8.81971466435E-04
 6.11428438274E+09 3.77369485021E+27 1.00283422958E+00 3.64265736969E+33 8.83428698383E-04
 6.14964890515E+09 3.80179700251E+27 1.00283933970E+00 3.66371169081E+33 8.84888330596E-04
 6.18521801359E+09 3.83010842742E+27 1.00284445829E+00 3.68488770453E+33 8.86350367002E-04
 6.22099289189E+09 3.85863068337E+27 1.00284958536E+00 3.70618611423E+33 8.87814811538E-04
 6.25697473076E+09 3.88736534037E+27 1.00285472093E+00 3.72760762734E+33 8.89281668144E-04
 6.29316472778E+09 3.91631398015E+27 1.00285986501E+00 3.74915295539E+33 8.90750940769E-04
 6.32956408747E+09 3.94547819621E+27 1.00286501762E+00 3.77082281403E+33 8.92222633367E-04
 6.36617402134E+09 3.97485959391E+27 1.00287017877E+00 3.79261792303E+33 8.93696749900E-04
 6.40299574788E+09 4.00445979057E+27 1.00287534847E+00 3.81453900633E+33 8.95173294333E-04
 6.44003049266E+09 4.03428041555E+27 1.00288052674E+00 3.83658679206E+33 8.96652270642E-04
 6.47727948832E+09 4.06432311036E+27 1.00288571359E+00 3.85876201255E+33 8.98133682805E-04
 6.51474397467E+09 4.09458952871E+27 1.00289090903E+00 3.88106540437E+33 8.99617534810E-04
 6.55242519867E+09 4.12508133664E+27 1.00289611309E+00 3.90349770832E+33 9.01103830649E-04
 6.59032441449E+09 4.15580021259E+27 1.00290132577E+00 3.92605966953E+33 9.02592574322E-04
 6.62844288359E+09 4.18674784751E+27 1.00290654710E+00 3.94875203739E+33 9.04083769834E-04
 6.66678187471E+09 4.21792594493E+27 1.00291177707E+00 3.97157556566E+33 9.05577421199E-04
 6.70534266394E+09 4.24933622108E+27 1.00291701571E+00 3.99453101242E+33 9.07073532434E-04
 6.74412653476E+09 4.28098040494E+27 1.00292226304E+00 4.01761914016E+33 9.08572107564E-04
 6.78313477808E+09 4.31286023840E+27 1.00292751906E+00 4.04084071577E+33 9.10073150623E-04
 6.82236869227E+09 4.34497747630E+27 1.00293278379E+00 4.06419651057E+33 9.11576665648E-04
 6.86182958323E+09 4.37733388657E+27 1.00293805725E+00 4.08768730033E+33 9.13082656683E-04
 6.90151876442E+09 4.40993125029E+27 1.00294333945E+00 4.11131386532E+33 9.14591127780E-04
 6.94143755689E+09 4.44277136179E+27 1.00294863040E+00 4.13507699031E+33 9.16102082998E-04
 6.98158728935E+09 4.47585602878E+27 1.00295393012E+00 4.15897746460E+33 9.17615526400E-04
 7.02196929819E+09 4.50918707244E+27 1.00295923863E+00 4.18301608207E+33 9.19131462058E-04
 7.06258492755E+09 4.54276632750E+27 1.00296455593E+00 4.20719364118E+33 9.20649894048E-04
 7.10343552934E+09 4.57659564235E+27 1.00296988205E+00 4.23151094500E+33 9.22170826456E-04
 7.14452246330E+09 4.61067687914E+27 1.00297521699E+00 4.25596880124E+33 9.23694263372E-04
 7.18584709704E+09 4.64501191391E+27 1.00298056077E+00 4.28056802228E+33 9.25220208893E-04
 7.22741080608E+09 4.67960263665E+27 1.00298591341E+00 4.30530942522E+33 9.26748667124E-04
 7.26921497393E+09 4.71445095143E+27 1.00299127492E+00 4.33019383184E+33 9.28279642174E-04
 7.31126099208E+09 4.74955877650E+27 1.00299664532E+00 4.35522206871E+33 9.29813138162E-04
 7.35355026007E+09 4.78492804440E+27 1.00300202462E+00 4.38039496714E+33 9.31349159210E-04
 7.39608418557E+09 4.82056070205E+27 1.00300741283E+00 4.40571336328E+33 9.32887709451E-04
 7.43886418439E+09 4.85645871087E+27 1.00301280998E+00 4.43117809809E+33 9.34428793020E-04
 7.48189168051E+09 4.89262404691E+27 1.00301821607E+00 4.45679001741E+33 9.35972414061E-04
 7.52516810619E+09 4.92905870090E+27 1.00302363112E+00 4.48254997194E+33 9.37518576726E-04
 7.56869490196E+09 4.96576467842E+27 1.00302905514E+00 4.50845881732E+33 9.39067285171E-04
 7.61247351670E+09 5.00274399997E+27 1.00303448815E+00 4.53451741413E+33 9.40618543561E-04
 7.65650540766E+09 5.03999870111E+27 1.00303993017E+00 4.56072662792E+33 9.42172356066E-04
 7.70079204055E+09 5.07753083255E+27 1.00304538120E+00 4.58708732925E+33 9.43728726863E-04
 7.74533488954E+09 5.11534246026E+27 1.00305084127E+00 4.61360039372E+33 9.45287660138E-04
 7.79013543736E+09 5.15343566563E+27 1.00305631039E+00 4.64026670195E+33 9.46849160080E-04
 7.83519517530E+09 5.19181254551E+27 1.00306178858E+00 4.66708713971E+33 9.48413230887E-04
 7.88051560329E+09 5.23047521238E+27 1.00306727584E+00 4.69406259784E+33 9.49979876764E-04
 7.92609822996E+09 5.26942579447E+27 1.00307277220E+00 4.72119397235E+33 9.51549101922E-04
 7.97194457264E+09 5.30866643584E+27 1.00307827766E+00 4.74848216443E+33 9.53120910579E-04
 8.01805615749E+09 5.34819929651E+27 1.00308379225E+00 4.77592808047E+33 9.54695306960E-04
 8.06443451945E+09 5.38802655259E+27 1.00308931598E+00 4.80353263211E+33 9.56272295296E-04
 8.11108120240E+09 5.42815039642E+27 1.00309484887E+00 4.83129673626E+33 9.57851879826E-04
 8.15799775912E+09 5.46857303662E+27 1.00310039092E+00 4.85922131510E+33 9.59434064796E-04
 8.20518575138E+09 5.50929669830E+27 1.00310594216E+00 4.88730729619E+33 9.61018854457E-04
 8.25264675003E+09 5.55032362312E+27 1.00311150261E+00 4.91555561240E+33 9.62606253068E-04
 8.30038233496E+09 5.59165606943E+27 1.00311707226E+00 4.94396720204E+33 9.64196264896E-04
 8.34839409525E+09 5.63329631242E+27 1.00312265115E+00 4.97254300880E+33 9.65788894213E-04
 8.39668362915E+09 5.67524664418E+27 1.00312823928E+00 5.00128398186E+33 9.67384145299E-04
 8.44525254419E+09 5.71750937392E+27 1.00313383667E+00 5.03019107585E+33 9.68982022439E-04
 8.49410245717E+09 5.76008682801E+27 1.00313944335E+00 5.05926525096E+33 9.70582529929E-04
 8.54323499430E+09 5.80298135016E+27 1.00314505931E+00 5.08850747290E+33 9.72185672067E-04
 8.59265179115E+09 5.84619530152E+27 1.00315068458E+00 5.11791871297E+33 9.73791453162E-04
 8.64235449279E+09 5.88973106085E+27 1.00315631917E+00 5.14749994807E+33 9.75399877528E-04
 8.69234475382E+09 5.93359102459E+27 1.00316196311E+00 5.17725216078E+33 9.77010949486E-04
 8.74262423840E+09 5.97777760705E+27 1.00316761639E+00 5.20717633934E+33 9.78624673363E-04
 8.79319462033E+09 6.02229324052E+27 1.00317327905E+00 5.23727347768E+33 9.80241053496E-04
 8.84405758310E+09 6.06714037538E+27 1.00317895109E+00 5.26754457552E+33 9.81860094226E-04
 8.89521481995E+09 6.11232148028E+27 1.00318463253E+00 5.29799063831E+33 9.83481799902E-04
 8.94666803392E+09 6.15783904224E+27 1.00319032339E+00 5.32861267736E+33 9.85106174881E-04
 8.99841893791E+09 6.20369556682E+27 1.00319602367E+00 5.35941170979E+33 9.86733223526E-04
 9.05046925474E+09 6.24989357821E+27 1.00320173341E+00 5.39038875861E+33 9.88362950207E-04
 9.10282071720E+09 6.29643561942E+27 1.00320745261E+00 5.42154485274E+33 9.89995359301E-04
 9.15547506812E+09 6.34332425238E+27 1.00321318129E+00 5.45288102706E+33 9.91630455193E-04
 9.20843406039E+09 6.39056205812E+27 1.00321891946E+00 5.48439832242E+33 9.93268242274E-04
 9.26169945709E+09 6.43815163688E+27 1.00322466714E+00 5.51609778568E+33 9.94908724941E-04
 9.31527303149E+09 6.48609560825E+27 1.00323042435E+00 5.54798046976E+33 9.96551907602E-04
 9.36915656711E+09 6.53439661135E+27 1.00323619110E+00 5.58004743366E+33 9.98197794668E-04
 9.42335185782E+09 6.58305730493E+27 1.00324196741E+00 5.61229974252E+33 9.99846390559E-04
 9.47786070787E+09 6.63208036757E+27 1.00324775329E+00 5.64473846762E+33 1.00149769970E-03
 9.53268493194E+09 6.68146849777E+27 1.00325354875E+00 5.67736468642E+33 1.00315172653E-03
 9.58782635524E+09 6.73122441413E+27 1.00325935383E+00 5.71017948263E+33 1.00480847549E-03
 9.64328681352E+09 6.78135085551E+27 1.00326516852E+00 5.74318394621E+33 1.00646795102E-03
 9.69906815318E+09 6.83185058115E+27 1.00327099286E+00 5.77637917343E+33 1.00813015758E-03
 9.75517223131E+09 6.88272637084E+27 1.00327682684E+00 5.80976626689E+33 1.00979509964E-03
 9.81160091574E+09 6.93398102508E+27 1.00328267050E+00 5.84334633557E+33 1.01146278166E-03
 9.86835608511E+09 6.98561736521E+27 1.00328852384E+00 5.87712049485E+33 1.01313320812E-03
 9.92543962896E+09 7.03763823360E+27 1.00329438688E+00 5.91108986655E+33 1.01480638350E-03
 9.98285344774E+09 7.09004649377E+27 1.00330025963E+00 5.94525557900E+33 1.01648231230E-03
 1.00405994529E+10 7.14284503057E+27 1.00330614212E+00 5.97961876703E+33 1.01816099901E-03
 1.00986795671E+10 7.19603675033E+27 1.00331203436E+00 6.01418057204E+33 1.01984244815E-03
 1.01570957238E+10 7.24962458103E+27 1.00331793637E+00 6.04894214202E+33 1.02152666422E-03
 1.02158498680E+10 7.30361147245E+27 1.00332384816E+00 6.08390463159E+33 1.02321365174E-03
 1.02749439558E+10 7.35800039634E+27 1.00332976974E+00 6.11906920207E+33 1.02490341524E-03
 1.03343799546E+10 7.41279434657E+27 1.00333570114E+00 6.15443702147E+33 1.02659595926E-03
 1.03941598433E+10 7.46799633931E+27 1.00334164237E+00 6.19000926454E+33 1.02829128834E-03
 1.04542856122E+10 7.52360941320E+27 1.00334759344E+00 6.22578711285E+33 1.02998940703E-03
 1.05147592631E+10 7.57963662949E+27 1.00335355438E+00 6.26177175478E+33 1.03169031988E-03
 1.05755828093E+10 7.63608107226E+27 1.00335952520E+00 6.29796438559E+33 1.03339403147E-03
 1.06367582760E+10 7.69294584851E+27 1.00336550591E+00 6.33436620743E+33 1.03510054635E-03
 1.06982877000E+10 7.75023408842E+27 1.00337149654E+00 6.37097842942E+33 1.03680986911E-03
 1.07601731298E+10 7.80794894545E+27 1.00337749709E+00 6.40780226765E+33 1.03852200435E-03
 1.08224166259E+10 7.86609359656E+27 1.00338350759E+00 6.44483894526E+33 1.04023695664E-03
 1.08850202606E+10 7.92467124236E+27 1.00338952805E+00 6.48208969244E+33 1.04195473059E-03
 1.09479861184E+10 7.98368510730E+27 1.00339555849E+00 6.51955574651E+33 1.04367533081E-03
 1.10113162956E+10 8.04313843984E+27 1.00340159892E+00 6.55723835191E+33 1.04539876192E-03
 1.10750129009E+10 8.10303451263E+27 1.00340764937E+00 6.59513876030E+33 1.04712502854E-03
 1.11390780550E+10 8.16337662270E+27 1.00341370984E+00 6.63325823057E+33 1.04885413529E-03
 1.12035138910E+10 8.22416809161E+27 1.00341978036E+00 6.67159802889E+33 1.05058608683E-03
 1.12683225543E+10 8.28541226568E+27 1.00342586093E+00 6.71015942873E+33 1.05232088779E-03
 1.13335062028E+10 8.34711251614E+27 1.00343195159E+00 6.74894371094E+33 1.05405854282E-03
 1.13990670068E+10 8.40927223931E+27 1.00343805233E+00 6.78795216375E+33 1.05579905660E-03
 1.14650071491E+10 8.47189485683E+27 1.00344416319E+00 6.82718608288E+33 1.05754243378E-03
 1.15313288254E+10 8.53498381581E+27 1.00345028418E+00 6.86664677148E+33 1.05928867904E-03
 1.15980342439E+10 8.59854258901E+27 1.00345641531E+00 6.90633554028E+33 1.06103779706E-03
 1.16651256256E+10 8.66257467507E+27 1.00346255661E+00 6.94625370757E+33 1.06278979254E-03
 1.17326052044E+10 8.72708359870E+27 1.00346870808E+00 6.98640259925E+33 1.06454467018E-03
 1.18004752272E+10 8.79207291082E+27 1.00347486975E+00 7.02678354890E+33 1.06630243467E-03
 1.18687379537E+10 8.85754618882E+27 1.00348104162E+00 7.06739789779E+33 1.06806309073E-03
 1.19373956570E+10 8.92350703672E+27 1.00348722373E+00 7.10824699497E+33 1.06982664309E-03
 1.20064506231E+10 8.98995908539E+27 1.00349341608E+00 7.14933219724E+33 1.07159309647E-03
 1.20759051513E+10 9.05690599272E+27 1.00349961870E+00 7.19065486930E+33 1.07336245561E-03
 1.21457615543E+10 9.12435144386E+27 1.00350583160E+00 7.23221638370E+33 1.07513472525E-03
 1.22160221580E+10 9.19229915138E+27 1.00351205479E+00 7.27401812093E+33 1.07690991015E-03
 1.22866893021E+10 9.26075285552E+27 1.00351828830E+00 7.31606146946E+33 1.07868801505E-03
 1.23577653394E+10 9.32971632436E+27 1.00352453213E+00 7.35834782579E+33 1.08046904474E-03
 1.24292526368E+10 9.39919335404E+27 1.00353078632E+00 7.40087859450E+33 1.08225300398E-03
 1.25011535746E+10 9.46918776897E+27 1.00353705087E+00 7.44365518827E+33 1.08403989755E-03
 1.25734705468E+10 9.53970342205E+27 1.00354332581E+00 7.48667902794E+33 1.08582973025E-03
 1.26462059616E+10 9.61074419486E+27 1.00354961114E+00 7.52995154260E+33 1.08762250687E-03
 1.27193622409E+10 9.68231399789E+27 1.00355590689E+00 7.57347416955E+33 1.08941823221E-03
 1.27929418207E+10 9.75441677076E+27 1.00356221307E+00 7.61724835444E+33 1.09121691110E-03
 1.28669471511E+10 9.82705648240E+27 1.00356852971E+00 7.66127555126E+33 1.09301854835E-03
 1.29413806963E+10 9.90023713132E+27 1.00357485682E+00 7.70555722238E+33 1.09482314879E-03
 1.30162449349E+10 9.97396274581E+27 1.00358119441E+00 7.75009483867E+33 1.09663071725E-03
 1.30915423598E+10 1.00482373841E+28 1.00358754250E+00 7.79488987947E+33 1.09844125858E-03
 1.31672754783E+10 1.01230651348E+28 1.00359390112E+00 7.83994383267E+33 1.10025477763E-03
 1.32434468123E+10 1.01984501168E+28 1.00360027027E+00 7.88525819476E+33 1.10207127926E-03
 1.33200588983E+10 1.02743964796E+28 1.00360664998E+00 7.93083447091E+33 1.10389076833E-03
 1.33971142873E+10 1.03509084039E+28 1.00361304026E+00 7.97667417494E+33 1.10571324973E-03
 1.34746155452E+10 1.04279901013E+28 1.00361944114E+00 8.02277882947E+33 1.10753872833E-03
 1.35525652530E+10 1.05056458148E+28 1.00362585262E+00 8.06914996588E+33 1.10936720903E-03
 1.36309660062E+10 1.05838798190E+28 1.00363227473E+00 8.11578912442E+33 1.11119869672E-03
 1.37098204156E+10 1.06626964204E+28 1.00363870748E+00 8.16269785425E+33 1.11303319631E-03
 1.37891311071E+10 1.07420999574E+28 1.00364515089E+00 8.20987771346E+33 1.11487071271E-03
 1.38689007218E+10 1.08220948009E+28 1.00365160499E+00 8.25733026917E+33 1.11671125085E-03
 1.39491319159E+10 1.09026853543E+28 1.00365806978E+00 8.30505709755E+33 1.11855481566E-03
 1.40298273613E+10 1.09838760538E+28 1.00366454528E+00 8.35305978387E+33 1.12040141207E-03
 1.41109897452E+10 1.10656713685E+28 1.00367103151E+00 8.40133992257E+33 1.12225104504E-03
 1.41926217704E+10 1.11480758008E+28 1.00367752850E+00 8.44989911732E+33 1.12410371950E-03
 1.42747261552E+10 1.12310938870E+28 1.00368403625E+00 8.49873898103E+33 1.12595944043E-03
 1.43573056339E+10 1.13147301966E+28 1.00369055479E+00 8.54786113595E+33 1.12781821280E-03
 1.44403629564E+10 1.13989893336E+28 1.00369708413E+00 8.59726721372E+33 1.12968004158E-03
 1.45239008887E+10 1.14838759360E+28 1.00370362430E+00 8.64695885538E+33 1.13154493176E-03
 1.46079222127E+10 1.15693946765E+28 1.00371017530E+00 8.69693771148E+33 1.13341288833E-03
 1.46924297265E+10 1.16555502625E+28 1.00371673716E+00 8.74720544209E+33 1.13528391630E-03
 1.47774262443E+10 1.17423474365E+28 1.00372330989E+00 8.79776371690E+33 1.13715802067E-03
 1.48629145966E+10 1.18297909764E+28 1.00372989352E+00 8.84861421522E+33 1.13903520646E-03
 1.49488976305E+10 1.19178856955E+28 1.00373648806E+00 8.89975862610E+33 1.14091547870E-03
 1.50353782094E+10 1.20066364430E+28 1.00374309353E+00 8.95119864832E+33 1.14279884242E-03
 1.51223592132E+10 1.20960481044E+28 1.00374970995E+00 9.00293599050E+33 1.14468530267E-03
 1.52098435387E+10 1.21861256013E+28 1.00375633733E+00 9.05497237113E+33 1.14657486448E-03
 1.52978340993E+10 1.22768738921E+28 1.00376297570E+00 9.10730951864E+33 1.14846753293E-03
 1.53863338253E+10 1.23682979721E+28 1.00376962506E+00 9.15994917143E+33 1.15036331308E-03
 1.54753456641E+10 1.24604028738E+28 1.00377628545E+00 9.21289307797E+33 1.15226221000E-03
 1.55648725801E+10 1.25531936673E+28 1.00378295688E+00 9.26614299682E+33 1.15416422878E-03
 1.56549175547E+10 1.26466754601E+28 1.00378963936E+00 9.31970069672E+33 1.15606937450E-03
 1.57454835868E+10 1.27408533982E+28 1.00379633292E+00 9.37356795662E+33 1.15797765226E-03
 1.58365736925E+10 1.28357326656E+28 1.00380303757E+00 9.42774656575E+33 1.15988906718E-03
 1.59281909056E+10 1.29313184850E+28 1.00380975334E+00 9.48223832370E+33 1.16180362436E-03
 1.60203382771E+10 1.30276161179E+28 1.00381648023E+00 9.53704504044E+33 1.16372132893E-03
 1.61130188760E+10 1.31246308652E+28 1.00382321827E+00 9.59216853642E+33 1.16564218603E-03
 1.62062357889E+10 1.32223680672E+28 1.00382996748E+00 9.64761064259E+33 1.16756620078E-03
 1.62999921203E+10 1.33208331037E+28 1.00383672788E+00 9.70337320051E+33 1.16949337835E-03
 1.63942909928E+10 1.34200313949E+28 1.00384349948E+00 9.75945806236E+33 1.17142372388E-03
 1.64891355469E+10 1.35199684012E+28 1.00385028230E+00 9.81586709104E+33 1.17335724254E-03
 1.65845289415E+10 1.36206496238E+28 1.00385707637E+00 9.87260216022E+33 1.17529393950E-03
 1.66804743534E+10 1.37220806047E+28 1.00386388169E+00 9.92966515438E+33 1.17723381995E-03
 1.67769749784E+10 1.38242669272E+28 1.00387069830E+00 9.98705796891E+33 1.17917688908E-03
 1.68740340302E+10 1.39272142163E+28 1.00387752620E+00 1.00447825101E+34 1.18112315207E-03
 1.69716547415E+10 1.40309281388E+28 1.00388436542E+00 1.01028406955E+34 1.18307261414E-03
 1.70698403636E+10 1.41354144036E+28 1.00389121597E+00 1.01612344533E+34 1.18502528051E-03
 1.71685941666E+10 1.42406787624E+28 1.00389807787E+00 1.02199657232E+34 1.18698115639E-03
 1.72679194396E+10 1.43467270093E+28 1.00390495115E+00 1.02790364560E+34 1.18894024701E-03
 1.73678194907E+10 1.44535649821E+28 1.00391183582E+00 1.03384486138E+34 1.19090255763E-03
 1.74682976472E+10 1.45611985615E+28 1.00391873190E+00 1.03982041700E+34 1.19286809347E-03
 1.75693572556E+10 1.46696336725E+28 1.00392563941E+00 1.04583051093E+34 1.19483685981E-03
 1.76710016819E+10 1.47788762838E+28 1.00393255837E+00 1.05187534282E+34 1.19680886190E-03
 1.77732343115E+10 1.48889324088E+28 1.00393948879E+00 1.05795511344E+34 1.19878410502E-03
 1.78760585494E+10 1.49998081056E+28 1.00394643070E+00 1.06407002473E+34 1.20076259445E-03
 1.79794778204E+10 1.51115094776E+28 1.00395338412E+00 1.07022027981E+34 1.20274433547E-03
 1.80834955690E+10 1.52240426732E+28 1.00396034906E+00 1.07640608297E+34 1.20472933340E-03
 1.81881152597E+10 1.53374138871E+28 1.00396732554E+00 1.08262763966E+34 1.20671759353E-03
 1.82933403773E+10 1.54516293597E+28 1.00397431358E+00 1.08888515654E+34 1.20870912119E-03
 1.83991744263E+10 1.55666953783E+28 1.00398131321E+00 1.09517884146E+34 1.21070392169E-03
 1.85056209320E+10 1.56826182766E+28 1.00398832444E+00 1.10150890346E+34 1.21270200036E-03
 1.86126834398E+10 1.57994044357E+28 1.00399534728E+00 1.10787555281E+34 1.21470336256E-03
 1.87203655158E+10 1.59170602843E+28 1.00400238177E+00 1.11427900098E+34 1.21670801362E-03
 1.88286707465E+10 1.60355922987E+28 1.00400942792E+00 1.12071946066E+34 1.21871595891E-03
 1.89376027395E+10 1.61550070036E+28 1.00401648574E+00 1.12719714577E+34 1.22072720380E-03
 1.90471651232E+10 1.62753109724E+28 1.00402355526E+00 1.13371227148E+34 1.22274175365E-03
 1.91573615467E+10 1.63965108272E+28 1.00403063650E+00 1.14026505419E+34 1.22475961386E-03
 1.92681956807E+10 1.65186132395E+28 1.00403772947E+00 1.14685571155E+34 1.22678078981E-03
 1.93796712170E+10 1.66416249305E+28 1.00404483420E+00 1.15348446248E+34 1.22880528691E-03
 1.94917918685E+10 1.67655526716E+28 1.00405195070E+00 1.16015152716E+34 1.23083311057E-03
 1.96045613701E+10 1.68904032845E+28 1.00405907900E+00 1.16685712704E+34 1.23286426620E-03
 1.97179834778E+10 1.70161836415E+28 1.00406621911E+00 1.17360148484E+34 1.23489875924E-03
 1.98320619699E+10 1.71429006664E+28 1.00407337106E+00 1.18038482459E+34 1.23693659511E-03
 1.99468006461E+10 1.72705613344E+28 1.00408053485E+00 1.18720737160E+34 1.23897777927E-03
 2.00622033283E+10 1.73991726727E+28 1.00408771052E+00 1.19406935249E+34 1.24102231716E-03
 2.01782738607E+10 1.75287417608E+28 1.00409489809E+00 1.20097099518E+34 1.24307021425E-03
 2.02950161096E+10 1.76592757309E+28 1.00410209756E+00 1.20791252890E+34 1.24512147601E-03
 2.04124339636E+10 1.77907817683E+28 1.00410930897E+00 1.21489418424E+34 1.24717610792E-03
 2.05305313339E+10 1.79232671119E+28 1.00411653233E+00 1.22191619309E+34 1.24923411547E-03
 2.06493121545E+10 1.80567390544E+28 1.00412376766E+00 1.22897878869E+34 1.25129550415E-03
 2.07687803821E+10 1.81912049430E+28 1.00413101499E+00 1.23608220564E+34 1.25336027948E-03
 2.08889399961E+10 1.83266721792E+28 1.00413827432E+00 1.24322667986E+34 1.25542844695E-03
 2.10097949993E+10 1.84631482202E+28 1.00414554569E+00 1.25041244868E+34 1.25750001211E-03
 2.11313494174E+10 1.86006405782E+28 1.00415282910E+00 1.25763975077E+34 1.25957498047E-03
 2.12536072996E+10 1.87391568216E+28 1.00416012459E+00 1.26490882620E+34 1.26165335759E-03
 2.13765727185E+10 1.88787045752E+28 1.00416743217E+00 1.27221991641E+34 1.26373514901E-03
 2.15002497702E+10 1.90192915204E+28 1.00417475186E+00 1.27957326424E+34 1.26582036029E-03
 2.16246425746E+10 1.91609253961E+28 1.00418208368E+00 1.28696911393E+34 1.26790899700E-03
 2.17497552756E+10 1.93036139984E+28 1.00418942765E+00 1.29440771116E+34 1.27000106471E-03
 2.18755920408E+10 1.94473651818E+28 1.00419678380E+00 1.30188930299E+34 1.27209656902E-03
 2.20021570622E+10 1.95921868592E+28 1.00420415213E+00 1.30941413793E+34 1.27419551551E-03
 2.21294545560E+10 1.97380870025E+28 1.00421153268E+00 1.31698246592E+34 1.27629790978E-03
 2.22574887627E+10 1.98850736427E+28 1.00421892546E+00 1.32459453836E+34 1.27840375746E-03
 2.23862639475E+10 2.00331548708E+28 1.00422633049E+00 1.33225060807E+34 1.28051306416E-03
 2.25157844004E+10 2.01823388382E+28 1.00423374779E+00 1.33995092937E+34 1.28262583552E-03
 2.26460544359E+10 2.03326337566E+28 1.00424117739E+00 1.34769575802E+34 1.28474207716E-03
 2.27770783938E+10 2.04840478994E+28 1.00424861930E+00 1.35548535127E+34 1.28686179475E-03
 2.29088606391E+10 2.06365896010E+28 1.00425607354E+00 1.36331996786E+34 1.28898499394E-03
 2.30414055617E+10 2.07902672583E+28 1.00426354014E+00 1.37119986803E+34 1.29111168039E-03
 2.31747175773E+10 2.09450893306E+28 1.00427101912E+00 1.37912531349E+34 1.29324185977E-03
 2.33088011269E+10 2.11010643402E+28 1.00427851048E+00 1.38709656752E+34 1.29537553779E-03
 2.34436606775E+10 2.12582008728E+28 1.00428601427E+00 1.39511389487E+34 1.29751272012E-03
 2.35793007218E+10 2.14165075781E+28 1.00429353049E+00 1.40317756185E+34 1.29965341247E-03
 2.37157257786E+10 2.15759931703E+28 1.00430105917E+00 1.41128783630E+34 1.30179762055E-03
 2.38529403927E+10 2.17366664283E+28 1.00430860032E+00 1.41944498760E+34 1.30394535009E-03
 2.39909491354E+10 2.18985361964E+28 1.00431615398E+00 1.42764928670E+34 1.30609660681E-03
 2.41297566045E+10 2.20616113851E+28 1.00432372015E+00 1.43590100611E+34 1.30825139645E-03
 2.42693674243E+10 2.22259009707E+28 1.00433129886E+00 1.44420041993E+34 1.31040972477E-03
 2.44097862459E+10 2.23914139968E+28 1.00433889013E+00 1.45254780381E+34 1.31257159751E-03
 2.45510177476E+10 2.25581595741E+28 1.00434649399E+00 1.46094343502E+34 1.31473702045E-03
 2.46930666344E+10 2.27261468813E+28 1.00435411044E+00 1.46938759243E+34 1.31690599936E-03
 2.48359376388E+10 2.28953851654E+28 1.00436173952E+00 1.47788055652E+34 1.31907854002E-03
 2.49796355207E+10 2.30658837421E+28 1.00436938124E+00 1.48642260938E+34 1.32125464824E-03
 2.51241650676E+10 2.32376519967E+28 1.00437703563E+00 1.49501403475E+34 1.32343432981E-03
 2.52695310944E+10 2.34106993844E+28 1.00438470270E+00 1.50365511800E+34 1.32561759055E-03
 2.54157384445E+10 2.35850354306E+28 1.00439238249E+00 1.51234614614E+34 1.32780443627E-03
 2.55627919887E+10 2.37606697317E+28 1.00440007499E+00 1.52108740786E+34 1.32999487282E-03
 2.57106966265E+10 2.39376119558E+28 1.00440778025E+00 1.52987919350E+34 1.33218890603E-03
 2.58594572856E+10 2.41158718426E+28 1.00441549828E+00 1.53872179508E+34 1.33438654175E-03
 2.60090789222E+10 2.42954592047E+28 1.00442322910E+00 1.54761550632E+34 1.33658778584E-03
 2.61595665214E+10 2.44763839276E+28 1.00443097273E+00 1.55656062263E+34 1.33879264418E-03
 2.63109250968E+10 2.46586559703E+28 1.00443872920E+00 1.56555744113E+34 1.34100112263E-03
 2.64631596914E+10 2.48422853662E+28 1.00444649852E+00 1.57460626064E+34 1.34321322708E-03
 2.66162753774E+10 2.50272822233E+28 1.00445428072E+00 1.58370738175E+34 1.34542896344E-03
 2.67702772561E+10 2.52136567249E+28 1.00446207581E+00 1.59286110673E+34 1.34764833761E-03
 2.69251704587E+10 2.54014191301E+28 1.00446988383E+00 1.60206773965E+34 1.34987135550E-03
 2.70809601458E+10 2.55905797743E+28 1.00447770478E+00 1.61132758630E+34 1.35209802304E-03
 2.72376515082E+10 2.57811490702E+28 1.00448553870E+00 1.62064095426E+34 1.35432834616E-03
 2.73952497664E+10 2.59731375077E+28 1.00449338560E+00 1.63000815288E+34 1.35656233082E-03
 2.75537601716E+10 2.61665556549E+28 1.00450124550E+00 1.63942949329E+34 1.35879998295E-03
 2.77131880050E+10 2.63614141587E+28 1.00450911843E+00 1.64890528844E+34 1.36104130853E-03
 2.78735385787E+10 2.65577237452E+28 1.00451700441E+00 1.65843585306E+34 1.36328631353E-03
 2.80348172353E+10 2.67554952204E+28 1.00452490346E+00 1.66802150372E+34 1.36553500392E-03
 2.81970293486E+10 2.69547394708E+28 1.00453281560E+00 1.67766255881E+34 1.36778738571E-03
 2.83601803234E+10 2.71554674639E+28 1.00454074086E+00 1.68735933857E+34 1.37004346489E-03
 2.85242755959E+10 2.73576902490E+28 1.00454867925E+00 1.69711216508E+34 1.37230324747E-03
 2.86893206336E+10 2.75614189575E+28 1.00455663079E+00 1.70692136229E+34 1.37456673947E-03
 2.88553209359E+10 2.77666648038E+28 1.00456459552E+00 1.71678725601E+34 1.37683394693E-03
 2.90222820340E+10 2.79734390859E+28 1.00457257344E+00 1.72671017396E+34 1.37910487588E-03
 2.91902094909E+10 2.81817531857E+28 1.00458056459E+00 1.73669044573E+34 1.38137953237E-03
 2.93591089023E+10 2.83916185701E+28 1.00458856898E+00 1.74672840281E+34 1.38365792246E-03
 2.95289858958E+10 2.86030467912E+28 1.00459658663E+00 1.75682437862E+34 1.38594005222E-03
 2.96998461320E+10 2.88160494873E+28 1.00460461758E+00 1.76697870852E+34 1.38822592772E-03
 2.98716953041E+10 2.90306383832E+28 1.00461266183E+00 1.77719172977E+34 1.39051555506E-03
 3.00445391383E+10 2.92468252912E+28 1.00462071942E+00 1.78746378163E+34 1.39280894033E-03
 3.02183833940E+10 2.94646221114E+28 1.00462879036E+00 1.79779520526E+34 1.39510608964E-03
 3.03932338640E+10 2.96840408326E+28 1.00463687468E+00 1.80818634386E+34 1.39740700911E-03
 3.05690963746E+10 2.99050935328E+28 1.00464497239E+00 1.81863754255E+34 1.39971170485E-03
 3.07459767859E+10 3.01277923801E+28 1.00465308353E+00 1.82914914848E+34 1.40202018302E-03
 3.09238809919E+10 3.03521496331E+28 1.00466120811E+00 1.83972151081E+34 1.40433244975E-03
 3.11028149208E+10 3.05781776416E+28 1.00466934615E+00 1.85035498070E+34 1.40664851120E-03
 3.12827845351E+10 3.08058888476E+28 1.00467749768E+00 1.86104991136E+34 1.40896837353E-03
 3.14637958318E+10 3.10352957855E+28 1.00468566272E+00 1.87180665801E+34 1.41129204293E-03
 3.16458548428E+10 3.12664110833E+28 1.00469384130E+00 1.88262557795E+34 1.41361952557E-03
 3.18289676347E+10 3.14992474628E+28 1.00470203343E+00 1.89350703054E+34 1.41595082766E-03
 3.20131403096E+10 3.17338177407E+28 1.00471023913E+00 1.90445137722E+34 1.41828595539E-03
 3.21983790046E+10 3.19701348290E+28 1.00471845844E+00 1.91545898150E+34 1.42062491499E-03
 3.23846898926E+10 3.22082117361E+28 1.00472669136E+00 1.92653020901E+34 1.42296771267E-03
 3.25720791820E+10 3.24480615670E+28 1.00473493794E+00 1.93766542750E+34 1.42531435467E-03
 3.27605531175E+10 3.26896975244E+28 1.00474319818E+00 1.94886500682E+34 1.42766484724E-03
 3.29501179797E+10 3.29331329094E+28 1.00475147211E+00 1.96012931897E+34 1.43001919663E-03
 3.31407800858E+10 3.31783811220E+28 1.00475975975E+00 1.97145873811E+34 1.43237740910E-03
 3.33325457895E+10 3.34254556621E+28 1.00476806113E+00 1.98285364055E+34 1.43473949094E-03
 3.35254214812E+10 3.36743701301E+28 1.00477637626E+00 1.99431440478E+34 1.43710544842E-03
 3.37194135885E+10 3.39251382276E+28 1.00478470518E+00 2.00584141148E+34 1.43947528783E-03
 3.39145285762E+10 3.41777737583E+28 1.00479304790E+00 2.01743504352E+34 1.44184901549E-03
 3.41107729465E+10 3.44322906289E+28 1.00480140445E+00 2.02909568600E+34 1.44422663771E-03
 3.43081532393E+10 3.46887028492E+28 1.00480977484E+00 2.04082372623E+34 1.44660816080E-03
 3.45066760324E+10 3.49470245338E+28 1.00481815911E+00 2.05261955376E+34 1.44899359112E-03
 3.47063479417E+10 3.52072699020E+28 1.00482655728E+00 2.06448356040E+34 1.45138293499E-03
 3.49071756214E+10 3.54694532794E+28 1.00483496936E+00 2.07641614023E+34 1.45377619878E-03
 3.51091657643E+10 3.57335890980E+28 1.00484339539E+00 2.08841768958E+34 1.45617338886E-03
 3.53123251021E+10 3.59996918973E+28 1.00485183538E+00 2.10048860711E+34 1.45857451158E-03
 3.55166604051E+10 3.62677763251E+28 1.00486028936E+00 2.11262929374E+34 1.46097957335E-03
 3.57221784833E+10 3.65378571383E+28 1.00486875734E+00 2.12484015275E+34 1.46338858055E-03
 3.59288861859E+10 3.68099492038E+28 1.00487723937E+00 2.13712158973E+34 1.46580153960E-03
 3.61367904019E+10 3.70840674989E+28 1.00488573545E+00 2.14947401261E+34 1.46821845690E-03
 3.63458980600E+10 3.73602271129E+28 1.00489424561E+00 2.16189783168E+34 1.47063933888E-03
 3.65562161292E+10 3.76384432470E+28 1.00490276988E+00 2.17439345962E+34 1.47306419198E-03
 3.67677516190E+10 3.79187312158E+28 1.00491130827E+00 2.18696131146E+34 1.47549302265E-03
 3.69805115794E+10 3.82011064481E+28 1.00491986082E+00 2.19960180467E+34 1.47792583733E-03
 3.71945031011E+10 3.84855844873E+28 1.00492842754E+00 2.21231535910E+34 1.48036264251E-03
 3.74097333160E+10 3.87721809928E+28 1.00493700845E+00 2.22510239705E+34 1.48280344464E-03
 3.76262093975E+10 3.90609117404E+28 1.00494560359E+00 2.23796334323E+34 1.48524825023E-03
 3.78439385603E+10 3.93517926236E+28 1.00495421298E+00 2.25089862484E+34 1.48769706577E-03
 3.80629280610E+10 3.96448396541E+28 1.00496283663E+00 2.26390867153E+34 1.49014989777E-03
 3.82831851983E+10 3.99400689629E+28 1.00497147457E+00 2.27699391545E+34 1.49260675274E-03
 3.85047173131E+10 4.02374968010E+28 1.00498012684E+00 2.29015479121E+34 1.49506763722E-03
 3.87275317890E+10 4.05371395406E+28 1.00498879344E+00 2.30339173597E+34 1.49753255774E-03
 3.89516360520E+10 4.08390136758E+28 1.00499747440E+00 2.31670518941E+34 1.50000152085E-03
 3.91770375717E+10 4.11431358234E+28 1.00500616975E+00 2.33009559374E+34 1.50247453311E-03
 3.94037438604E+10 4.14495227241E+28 1.00501487951E+00 2.34356339373E+34 1.50495160109E-03
 3.96317624744E+10 4.17581912431E+28 1.00502360371E+00 2.35710903672E+34 1.50743273138E-03
 3.98611010134E+10 4.20691583713E+28 1.00503234237E+00 2.37073297264E+34 1.50991793056E-03
 4.00917671215E+10 4.23824412261E+28 1.00504109551E+00 2.38443565402E+34 1.51240720523E-03
 4.03237684868E+10 4.26980570525E+28 1.00504986315E+00 2.39821753600E+34 1.51490056201E-03
 4.05571128421E+10 4.30160232236E+28 1.00505864533E+00 2.41207907635E+34 1.51739800752E-03
 4.07918079649E+10 4.33363572421E+28 1.00506744206E+00 2.42602073550E+34 1.51989954839E-03
 4.10278616779E+10 4.36590767411E+28 1.00507625338E+00 2.44004297653E+34 1.52240519127E-03
 4.12652818490E+10 4.39841994850E+28 1.00508507929E+00 2.45414626519E+34 1.52491494280E-03
 4.15040763919E+10 4.43117433702E+28 1.00509391983E+00 2.46833106994E+34 1.52742880966E-03
 4.17442532658E+10 4.46417264268E+28 1.00510277503E+00 2.48259786193E+34 1.52994679852E-03
 4.19858204764E+10 4.49741668187E+28 1.00511164490E+00 2.49694711505E+34 1.53246891606E-03
 4.22287860755E+10 4.53090828456E+28 1.00512052947E+00 2.51137930590E+34 1.53499516899E-03
 4.24731581617E+10 4.56464929430E+28 1.00512942877E+00 2.52589491388E+34 1.53752556400E-03
 4.27189448806E+10 4.59864156839E+28 1.00513834281E+00 2.54049442112E+34 1.54006010781E-03
 4.29661544248E+10 4.63288697796E+28 1.00514727163E+00 2.55517831256E+34 1.54259880716E-03
 4.32147950344E+10 4.66738740808E+28 1.00515621524E+00 2.56994707593E+34 1.54514166878E-03
 4.34648749976E+10 4.70214475784E+28 1.00516517368E+00 2.58480120178E+34 1.54768869942E-03
 4.37164026500E+10 4.73716094049E+28 1.00517414697E+00 2.59974118351E+34 1.55023990585E-03
 4.39693863762E+10 4.77243788352E+28 1.00518313513E+00 2.61476751735E+34 1.55279529482E-03
 4.42238346088E+10 4.80797752878E+28 1.00519213818E+00 2.62988070242E+34 1.55535487314E-03
 4.44797558296E+10 4.84378183256E+28 1.00520115616E+00 2.64508124071E+34 1.55791864757E-03
 4.47371585694E+10 4.87985276574E+28 1.00521018908E+00 2.66036963712E+34 1.56048662494E-03
 4.49960514086E+10 4.91619231387E+28 1.00521923697E+00 2.67574639946E+34 1.56305881205E-03
 4.52564429771E+10 4.95280247729E+28 1.00522829986E+00 2.69121203847E+34 1.56563521573E-03
 4.55183419550E+10 4.98968527123E+28 1.00523737777E+00 2.70676706787E+34 1.56821584282E-03
 4.57817570727E+10 5.02684272593E+28 1.00524647072E+00 2.72241200432E+34 1.57080070015E-03
 4.60466971109E+10 5.06427688675E+28 1.00525557874E+00 2.73814736748E+34 1.57338979459E-03
 4.63131709016E+10 5.10198981428E+28 1.00526470186E+00 2.75397368000E+34 1.57598313301E-03
 4.65811873277E+10 5.13998358444E+28 1.00527384010E+00 2.76989146758E+34 1.57858072229E-03
 4.68507553237E+10 5.17826028865E+28 1.00528299348E+00 2.78590125893E+34 1.58118256930E-03
 4.71218838757E+10 5.21682203386E+28 1.00529216203E+00 2.80200358582E+34 1.58378868097E-03
 4.73945820222E+10 5.25567094273E+28 1.00530134578E+00 2.81819898311E+34 1.58639906419E-03
 4.76688588538E+10 5.29480915373E+28 1.00531054475E+00 2.83448798873E+34 1.58901372589E-03
 4.79447235139E+10 5.33423882125E+28 1.00531975897E+00 2.85087114374E+34 1.59163267300E-03
 4.82221851988E+10 5.37396211572E+28 1.00532898846E+00 2.86734899232E+34 1.59425591247E-03
 4.85012531582E+10 5.41398122374E+28 1.00533823324E+00 2.88392208178E+34 1.59688345126E-03
 4.87819366953E+10 5.45429834820E+28 1.00534749334E+00 2.90059096261E+34 1.59951529632E-03
 4.90642451674E+10 5.49491570837E+28 1.00535676879E+00 2.91735618848E+34 1.60215145465E-03
 4.93481879857E+10 5.53583554006E+28 1.00536605962E+00 2.93421831626E+34 1.60479193322E-03
 4.96337746163E+10 5.57706009574E+28 1.00537536584E+00 2.95117790604E+34 1.60743673903E-03
 4.99210145800E+10 5.61859164465E+28 1.00538468749E+00 2.96823552113E+34 1.61008587910E-03
 5.02099174527E+10 5.66043247291E+28 1.00539402458E+00 2.98539172812E+34 1.61273936045E-03
 5.05004928659E+10 5.70258488369E+28 1.00540337715E+00 3.00264709687E+34 1.61539719012E-03
 5.07927505068E+10 5.74505119728E+28 1.00541274522E+00 3.02000220051E+34 1.61805937513E-03
 5.10867001190E+10 5.78783375129E+28 1.00542212882E+00 3.03745761552E+34 1.62072592256E-03
 5.13823515022E+10 5.83093490071E+28 1.00543152797E+00 3.05501392169E+34 1.62339683947E-03
 5.16797145133E+10 5.87435701807E+28 1.00544094269E+00 3.07267170215E+34 1.62607213293E-03
 5.19787990659E+10 5.91810249357E+28 1.00545037302E+00 3.09043154343E+34 1.62875181004E-03
 5.22796151315E+10 5.96217373521E+28 1.00545981898E+00 3.10829403544E+34 1.63143587789E-03
 5.25821727389E+10 6.00657316893E+28 1.00546928059E+00 3.12625977147E+34 1.63412434359E-03
 5.28864819755E+10 6.05130323873E+28 1.00547875789E+00 3.14432934828E+34 1.63681721427E-03
 5.31925529869E+10 6.09636640679E+28 1.00548825089E+00 3.16250336607E+34 1.63951449707E-03
 5.35003959774E+10 6.14176515366E+28 1.00549775962E+00 3.18078242849E+34 1.64221619912E-03
 5.38100212108E+10 6.18750197834E+28 1.00550728412E+00 3.19916714269E+34 1.64492232758E-03
 5.41214390100E+10 6.23357939845E+28 1.00551682440E+00 3.21765811933E+34 1.64763288962E-03
 5.44346597580E+10 6.27999995036E+28 1.00552638049E+00 3.23625597261E+34 1.65034789242E-03
 5.47496938978E+10 6.32676618931E+28 1.00553595242E+00 3.25496132027E+34 1.65306734317E-03
 5.50665519331E+10 6.37388068958E+28 1.00554554021E+00 3.27377478361E+34 1.65579124907E-03
 5.53852444282E+10 6.42134604463E+28 1.00555514389E+00 3.29269698754E+34 1.65851961733E-03
 5.57057820090E+10 6.46916486722E+28 1.00556476349E+00 3.31172856056E+34 1.66125245519E-03
 5.60281753627E+10 6.51733978957E+28 1.00557439903E+00 3.33087013483E+34 1.66398976986E-03
 5.63524352385E+10 6.56587346350E+28 1.00558405054E+00 3.35012234615E+34 1.66673156861E-03
 5.66785724480E+10 6.61476856059E+28 1.00559371805E+00 3.36948583399E+34 1.66947785869E-03
 5.70065978654E+10 6.66402777230E+28 1.00560340158E+00 3.38896124152E+34 1.67222864737E-03
 5.73365224278E+10 6.71365381014E+28 1.00561310116E+00 3.40854921564E+34 1.67498394193E-03
 5.76683571360E+10 6.76364940581E+28 1.00562281681E+00 3.42825040696E+34 1.67774374966E-03
 5.80021130542E+10 6.81401731134E+28 1.00563254857E+00 3.44806546987E+34 1.68050807788E-03
 5.83378013110E+10 6.86476029929E+28 1.00564229646E+00 3.46799506255E+34 1.68327693389E-03
 5.86754330994E+10 6.91588116283E+28 1.00565206050E+00 3.48803984698E+34 1.68605032502E-03
 5.90150196772E+10 6.96738271594E+28 1.00566184072E+00 3.50820048894E+34 1.68882825862E-03
 5.93565723676E+10 7.01926779357E+28 1.00567163715E+00 3.52847765810E+34 1.69161074203E-03
 5.97001025594E+10 7.07153925176E+28 1.00568144982E+00 3.54887202796E+34 1.69439778261E-03
 6.00456217072E+10 7.12419996784E+28 1.00569127875E+00 3.56938427595E+34 1.69718938775E-03
 6.03931413323E+10 7.17725284056E+28 1.00570112397E+00 3.59001508339E+34 1.69998556482E-03
 6.07426730227E+10 7.23070079024E+28 1.00571098551E+00 3.61076513555E+34 1.70278632123E-03
 6.10942284333E+10 7.28454675896E+28 1.00572086339E+00 3.63163512165E+34 1.70559166437E-03
 6.14478192870E+10 7.33879371072E+28 1.00573075764E+00 3.65262573490E+34 1.70840160168E-03
 6.18034573742E+10 7.39344463158E+28 1.00574066829E+00 3.67373767252E+34 1.71121614059E-03
 6.21611545540E+10 7.44850252983E+28 1.00575059537E+00 3.69497163576E+34 1.71403528854E-03
 6.25209227540E+10 7.50397043618E+28 1.00576053890E+00 3.71632832992E+34 1.71685905298E-03
 6.28827739711E+10 7.55985140389E+28 1.00577049891E+00 3.73780846437E+34 1.71968744139E-03
 6.32467202716E+10 7.61614850898E+28 1.00578047542E+00 3.75941275259E+34 1.72252046123E-03
 6.36127737918E+10 7.67286485036E+28 1.00579046847E+00 3.78114191219E+34 1.72535812002E-03
 6.39809467385E+10 7.73000355001E+28 1.00580047808E+00 3.80299666490E+34 1.72820042524E-03
 6.43512513889E+10 7.78756775319E+28 1.00581050429E+00 3.82497773665E+34 1.73104738441E-03
 6.47237000917E+10 7.84556062855E+28 1.00582054710E+00 3.84708585756E+34 1.73389900506E-03
 6.50983052670E+10 7.90398536835E+28 1.00583060657E+00 3.86932176197E+34 1.73675529473E-03
 6.54750794070E+10 7.96284518862E+28 1.00584068270E+00 3.89168618844E+34 1.73961626096E-03
 6.58540350762E+10 8.02214332934E+28 1.00585077554E+00 3.91417987983E+34 1.74248191133E-03
 6.62351849120E+10 8.08188305462E+28 1.00586088510E+00 3.93680358329E+34 1.74535225340E-03
 6.66185416251E+10 8.14206765288E+28 1.00587101141E+00 3.95955805027E+34 1.74822729476E-03
 6.70041179998E+10 8.20270043702E+28 1.00588115451E+00 3.98244403658E+34 1.75110704302E-03
 6.73919268945E+10 8.26378474462E+28 1.00589131442E+00 4.00546230240E+34 1.75399150577E-03
 6.77819812421E+10 8.32532393809E+28 1.00590149117E+00 4.02861361228E+34 1.75688069064E-03
 6.81742940507E+10 8.38732140492E+28 1.00591168478E+00 4.05189873522E+34 1.75977460526E-03
 6.85688784035E+10 8.44978055780E+28 1.00592189529E+00 4.07531844464E+34 1.76267325729E-03
 6.89657474597E+10 8.51270483483E+28 1.00593212272E+00 4.09887351846E+34 1.76557665438E-03
 6.93649144549E+10 8.57609769972E+28 1.00594236710E+00 4.12256473905E+34 1.76848480420E-03
 6.97663927011E+10 8.63996264199E+28 1.00595262846E+00 4.14639289336E+34 1.77139771443E-03
 7.01701955877E+10 8.70430317712E+28 1.00596290683E+00 4.17035877283E+34 1.77431539277E-03
 7.05763365817E+10 8.76912284678E+28 1.00597320223E+00 4.19446317352E+34 1.77723784692E-03
 7.09848292281E+10 8.83442521902E+28 1.00598351469E+00 4.21870689606E+34 1.78016508461E-03
 7.13956871505E+10 8.90021388845E+28 1.00599384425E+00 4.24309074574E+34 1.78309711356E-03
 7.18089240515E+10 8.96649247645E+28 1.00600419092E+00 4.26761553247E+34 1.78603394151E-03
 7.22245537129E+10 9.03326463139E+28 1.00601455475E+00 4.29228207086E+34 1.78897557622E-03
 7.26425899966E+10 9.10053402877E+28 1.00602493575E+00 4.31709118023E+34 1.79192202547E-03
 7.30630468449E+10 9.16830437150E+28 1.00603533395E+00 4.34204368462E+34 1.79487329702E-03
 7.34859382808E+10 9.23657939003E+28 1.00604574939E+00 4.36714041286E+34 1.79782939867E-03
 7.39112784086E+10 9.30536284261E+28 1.00605618209E+00 4.39238219854E+34 1.80079033823E-03
 7.43390814144E+10 9.37465851548E+28 1.00606663207E+00 4.41776988010E+34 1.80375612351E-03
 7.47693615666E+10 9.44447022307E+28 1.00607709938E+00 4.44330430079E+34 1.80672676234E-03
 7.52021332162E+10 9.51480180821E+28 1.00608758404E+00 4.46898630876E+34 1.80970226255E-03
 7.56374107974E+10 9.58565714236E+28 1.00609808607E+00 4.49481675705E+34 1.81268263202E-03
 7.60752088283E+10 9.65704012579E+28 1.00610860551E+00 4.52079650365E+34 1.81566787859E-03
 7.65155419108E+10 9.72895468783E+28 1.00611914239E+00 4.54692641148E+34 1.81865801015E-03
 7.69584247318E+10 9.80140478707E+28 1.00612969672E+00 4.57320734846E+34 1.82165303458E-03
 7.74038720631E+10 9.87439441158E+28 1.00614026855E+00 4.59964018755E+34 1.82465295980E-03
 7.78518987622E+10 9.94792757912E+28 1.00615085790E+00 4.62622580671E+34 1.82765779372E-03
 7.83025197728E+10 1.00220083374E+29 1.00616146480E+00 4.65296508901E+34 1.83066754426E-03
 7.87557501253E+10 1.00966407642E+29 1.00617208928E+00 4.67985892261E+34 1.83368221936E-03
 7.92116049370E+10 1.01718289677E+29 1.00618273137E+00 4.70690820080E+34 1.83670182698E-03
 7.96700994130E+10 1.02475770868E+29 1.00619339109E+00 4.73411382206E+34 1.83972637508E-03
 8.01312488466E+10 1.03238892910E+29 1.00620406848E+00 4.76147669002E+34 1.84275587164E-03
 8.05950686196E+10 1.04007697810E+29 1.00621476357E+00 4.78899771358E+34 1.84579032465E-03
 8.10615742031E+10 1.04782227888E+29 1.00622547638E+00 4.81667780684E+34 1.84882974212E-03
 8.15307811578E+10 1.05562525777E+29 1.00623620695E+00 4.84451788923E+34 1.85187413205E-03
 8.20027051349E+10 1.06348634431E+29 1.00624695530E+00 4.87251888548E+34 1.85492350248E-03
 8.24773618759E+10 1.07140597120E+29 1.00625772147E+00 4.90068172565E+34 1.85797786144E-03
 8.29547672139E+10 1.07938457439E+29 1.00626850548E+00 4.92900734519E+34 1.86103721699E-03
 8.34349370736E+10 1.08742259308E+29 1.00627930736E+00 4.95749668496E+34 1.86410157720E-03
 8.39178874721E+10 1.09552046970E+29 1.00629012714E+00 4.98615069125E+34 1.86717095015E-03
 8.44036345195E+10 1.10367865003E+29 1.00630096486E+00 5.01497031582E+34 1.87024534391E-03
 8.48921944191E+10 1.11189758313E+29 1.00631182054E+00 5.04395651593E+34 1.87332476661E-03
 8.53835834681E+10 1.12017772143E+29 1.00632269420E+00 5.07311025438E+34 1.87640922635E-03
 8.58778180585E+10 1.12851952069E+29 1.00633358590E+00 5.10243249953E+34 1.87949873127E-03
 8.63749146770E+10 1.13692344012E+29 1.00634449564E+00 5.13192422534E+34 1.88259328950E-03
 8.68748899062E+10 1.14538994230E+29 1.00635542346E+00 5.16158641139E+34 1.88569290921E-03
 8.73777604245E+10 1.15391949328E+29 1.00636636939E+00 5.19142004294E+34 1.88879759855E-03
 8.78835430072E+10 1.16251256257E+29 1.00637733347E+00 5.22142611092E+34 1.89190736571E-03
 8.83922545269E+10 1.17116962319E+29 1.00638831572E+00 5.25160561201E+34 1.89502221889E-03
 8.89039119540E+10 1.17989115168E+29 1.00639931616E+00 5.28195954865E+34 1.89814216629E-03
 8.94185323572E+10 1.18867762811E+29 1.00641033484E+00 5.31248892905E+34 1.90126721612E-03
 8.99361329043E+10 1.19752953614E+29 1.00642137178E+00 5.34319476726E+34 1.90439737663E-03
 9.04567308624E+10 1.20644736303E+29 1.00643242702E+00 5.37407808322E+34 1.90753265604E-03
 9.09803435992E+10 1.21543159967E+29 1.00644350057E+00 5.40513990272E+34 1.91067306264E-03
 9.15069885825E+10 1.22448274060E+29 1.00645459248E+00 5.43638125750E+34 1.91381860467E-03
 9.20366833818E+10 1.23360128405E+29 1.00646570277E+00 5.46780318526E+34 1.91696929043E-03
 9.25694456683E+10 1.24278773196E+29 1.00647683148E+00 5.49940672972E+34 1.92012512822E-03
 9.31052932157E+10 1.25204259000E+29 1.00648797862E+00 5.53119294059E+34 1.92328612634E-03
 9.36442439009E+10 1.26136636762E+29 1.00649914425E+00 5.56316287367E+34 1.92645229311E-03
 9.41863157041E+10 1.27075957803E+29 1.00651032838E+00 5.59531759088E+34 1.92962363688E-03
 9.47315267102E+10 1.28022273831E+29 1.00652153104E+00 5.62765816025E+34 1.93280016598E-03
 9.52798951086E+10 1.28975636935E+29 1.00653275227E+00 5.66018565599E+34 1.93598188879E-03
 9.58314391943E+10 1.29936099595E+29 1.00654399210E+00 5.69290115853E+34 1.93916881368E-03
 9.63861773685E+10 1.30903714679E+29 1.00655525056E+00 5.72580575453E+34 1.94236094903E-03
 9.69441281389E+10 1.31878535451E+29 1.00656652767E+00 5.75890053695E+34 1.94555830325E-03
 9.75053101206E+10 1.32860615571E+29 1.00657782348E+00 5.79218660503E+34 1.94876088474E-03
 9.80697420367E+10 1.33850009097E+29 1.00658913800E+00 5.82566506441E+34 1.95196870195E-03
 9.86374427188E+10 1.34846770492E+29 1.00660047128E+00 5.85933702710E+34 1.95518176330E-03
 9.92084311077E+10 1.35850954622E+29 1.00661182334E+00 5.89320361153E+34 1.95840007726E-03
 9.97827262541E+10 1.36862616765E+29 1.00662319422E+00 5.92726594259E+34 1.96162365229E-03
 1.00360347319E+11 1.37881812607E+29 1.00663458394E+00 5.96152515170E+34 1.96485249687E-03
 1.00941313575E+11 1.38908598251E+29 1.00664599254E+00 5.99598237680E+34 1.96808661949E-03
 1.01525644405E+11 1.39943030218E+29 1.00665742004E+00 6.03063876240E+34 1.97132602867E-03
 1.02113359307E+11 1.40985165447E+29 1.00666886649E+00 6.06549545964E+34 1.97457073292E-03
 1.02704477889E+11 1.42035061305E+29 1.00668033191E+00 6.10055362631E+34 1.97782074077E-03
 1.03299019875E+11 1.43092775584E+29 1.00669181632E+00 6.13581442689E+34 1.98107606077E-03
 1.03897005102E+11 1.44158366505E+29 1.00670331977E+00 6.17127903258E+34 1.98433670149E-03
 1.04498453523E+11 1.45231892726E+29 1.00671484229E+00 6.20694862138E+34 1.98760267149E-03
 1.05103385206E+11 1.46313413339E+29 1.00672638390E+00 6.24282437806E+34 1.99087397937E-03
 1.05711820336E+11 1.47402987878E+29 1.00673794465E+00 6.27890749427E+34 1.99415063372E-03
 1.06323779214E+11 1.48500676319E+29 1.00674952455E+00 6.31519916853E+34 1.99743264316E-03
 1.06939282259E+11 1.49606539084E+29 1.00676112364E+00 6.35170060629E+34 2.00072001632E-03
 1.07558350011E+11 1.50720637048E+29 1.00677274196E+00 6.38841301997E+34 2.00401276183E-03
 1.08181003125E+11 1.51843031535E+29 1.00678437953E+00 6.42533762899E+34 2.00731088836E-03
 1.08807262378E+11 1.52973784330E+29 1.00679603639E+00 6.46247565984E+34 2.01061440456E-03
 1.09437148667E+11 1.54112957675E+29 1.00680771257E+00 6.49982834608E+34 2.01392331913E-03
 1.10070683012E+11 1.55260614277E+29 1.00681940810E+00 6.53739692840E+34 2.01723764075E-03
 1.10707886551E+11 1.56416817310E+29 1.00683112302E+00 6.57518265467E+34 2.02055737814E-03
 1.11348780548E+11 1.57581630417E+29 1.00684285735E+00 6.61318677995E+34 2.02388254002E-03
 1.11993386390E+11 1.58755117716E+29 1.00685461112E+00 6.65141056660E+34 2.02721313512E-03
 1.12641725586E+11 1.59937343803E+29 1.00686638438E+00 6.68985528423E+34 2.03054917219E-03
 1.13293819771E+11 1.61128373755E+29 1.00687817715E+00 6.72852220981E+34 2.03389066000E-03
 1.13949690706E+11 1.62328273132E+29 1.00688998946E+00 6.76741262769E+34 2.03723760732E-03
 1.14609360277E+11 1.63537107984E+29 1.00690182136E+00 6.80652782964E+34 2.04059002295E-03
 1.15272850498E+11 1.64754944852E+29 1.00691367286E+00 6.84586911489E+34 2.04394791568E-03
 1.15940183510E+11 1.65981850772E+29 1.00692554400E+00 6.88543779020E+34 2.04731129435E-03
 1.16611381583E+11 1.67217893281E+29 1.00693743482E+00 6.92523516986E+34 2.05068016777E-03
 1.17286467116E+11 1.68463140417E+29 1.00694934534E+00 6.96526257577E+34 2.05405454480E-03
 1.17965462636E+11 1.69717660726E+29 1.00696127561E+00 7.00552133747E+34 2.05743443429E-03
 1.18648390804E+11 1.70981523264E+29 1.00697322564E+00 7.04601279217E+34 2.06081984512E-03
 1.19335274411E+11 1.72254797601E+29 1.00698519549E+00 7.08673828483E+34 2.06421078617E-03
 1.20026136378E+11 1.73537553825E+29 1.00699718517E+00 7.12769916817E+34 2.06760726635E-03
 1.20720999763E+11 1.74829862547E+29 1.00700919472E+00 7.16889680273E+34 2.07100929458E-03
 1.21419887754E+11 1.76131794902E+29 1.00702122417E+00 7.21033255693E+34 2.07441687977E-03
 1.22122823676E+11 1.77443422557E+29 1.00703327356E+00 7.25200780707E+34 2.07783003087E-03
 1.22829830988E+11 1.78764817710E+29 1.00704534293E+00 7.29392393743E+34 2.08124875685E-03
 1.23540933286E+11 1.80096053100E+29 1.00705743229E+00 7.33608234028E+34 2.08467306666E-03
 1.24256154301E+11 1.81437202004E+29 1.00706954169E+00 7.37848441594E+34 2.08810296930E-03
 1.24975517904E+11 1.82788338248E+29 1.00708167116E+00 7.42113157282E+34 2.09153847377E-03
 1.25699048103E+11 1.84149536205E+29 1.00709382074E+00 7.46402522748E+34 2.09497958907E-03
 1.26426769046E+11 1.85520870804E+29 1.00710599045E+00 7.50716680465E+34 2.09842632424E-03
 1.27158705020E+11 1.86902417531E+29 1.00711818032E+00 7.55055773731E+34 2.10187868831E-03
 1.27894880453E+11 1.88294252433E+29 1.00713039041E+00 7.59419946672E+34 2.10533669034E-03
 1.28635319917E+11 1.89696452126E+29 1.00714262072E+00 7.63809344247E+34 2.10880033940E-03
 1.29380048124E+11 1.91109093794E+29 1.00715487131E+00 7.68224112253E+34 2.11226964457E-03
 1.30129089929E+11 1.92532255198E+29 1.00716714220E+00 7.72664397328E+34 2.11574461495E-03
 1.30882470333E+11 1.93966014676E+29 1.00717943343E+00 7.77130346961E+34 2.11922525965E-03
 1.31640214482E+11 1.95410451151E+29 1.00719174503E+00 7.81622109491E+34 2.12271158780E-03
 1.32402347666E+11 1.96865644133E+29 1.00720407703E+00 7.86139834113E+34 2.12620360854E-03
 1.33168895323E+11 1.98331673723E+29 1.00721642947E+00 7.90683670889E+34 2.12970133101E-03
 1.33939883038E+11 1.99808620621E+29 1.00722880239E+00 7.95253770743E+34 2.13320476440E-03
 1.34715336546E+11 2.01296566125E+29 1.00724119581E+00 7.99850285475E+34 2.13671391788E-03
 1.35495281728E+11 2.02795592142E+29 1.00725360976E+00 8.04473367762E+34 2.14022880065E-03
 1.36279744619E+11 2.04305781186E+29 1.00726604430E+00 8.09123171161E+34 2.14374942192E-03
 1.37068751402E+11 2.05827216386E+29 1.00727849944E+00 8.13799850120E+34 2.14727579091E-03
 1.37862328414E+11 2.07359981491E+29 1.00729097523E+00 8.18503559977E+34 2.15080791688E-03
 1.38660502142E+11 2.08904160873E+29 1.00730347169E+00 8.23234456969E+34 2.15434580906E-03
 1.39463299230E+11 2.10459839533E+29 1.00731598886E+00 8.27992698236E+34 2.15788947674E-03
 1.40270746475E+11 2.12027103103E+29 1.00732852678E+00 8.32778441826E+34 2.16143892919E-03
 1.41082870828E+11 2.13606037855E+29 1.00734108547E+00 8.37591846700E+34 2.16499417571E-03
 1.41899699399E+11 2.15196730704E+29 1.00735366498E+00 8.42433072740E+34 2.16855522561E-03
 1.42721259453E+11 2.16799269208E+29 1.00736626534E+00 8.47302280749E+34 2.17212208822E-03
 1.43547578415E+11 2.18413741582E+29 1.00737888659E+00 8.52199632462E+34 2.17569477289E-03
 1.44378683867E+11 2.20040236695E+29 1.00739152875E+00 8.57125290547E+34 2.17927328896E-03
 1.45214603554E+11 2.21678844078E+29 1.00740419186E+00 8.62079418613E+34 2.18285764581E-03
 1.46055365379E+11 2.23329653931E+29 1.00741687596E+00 8.67062181215E+34 2.18644785282E-03
 1.46900997408E+11 2.24992757122E+29 1.00742958108E+00 8.72073743859E+34 2.19004391939E-03
 1.47751527870E+11 2.26668245199E+29 1.00744230726E+00 8.77114273007E+34 2.19364585494E-03
 1.48606985158E+11 2.28356210391E+29 1.00745505453E+00 8.82183936083E+34 2.19725366890E-03
 1.49467397828E+11 2.30056745611E+29 1.00746782292E+00 8.87282901480E+34 2.20086737070E-03
 1.50332794605E+11 2.31769944468E+29 1.00748061248E+00 8.92411338563E+34 2.20448696981E-03
 1.51203204376E+11 2.33495901266E+29 1.00749342323E+00 8.97569417677E+34 2.20811247570E-03
 1.52078656200E+11 2.35234711011E+29 1.00750625522E+00 9.02757310150E+34 2.21174389785E-03
 1.52959179302E+11 2.36986469417E+29 1.00751910847E+00 9.07975188302E+34 2.21538124577E-03
 1.53844803078E+11 2.38751272911E+29 1.00753198303E+00 9.13223225448E+34 2.21902452898E-03
 1.54735557092E+11 2.40529218638E+29 1.00754487892E+00 9.18501595906E+34 2.22267375700E-03
 1.55631471083E+11 2.42320404467E+29 1.00755779619E+00 9.23810474999E+34 2.22632893938E-03
 1.56532574960E+11 2.44124928993E+29 1.00757073486E+00 9.29150039066E+34 2.22999008570E-03
 1.57438898807E+11 2.45942891549E+29 1.00758369498E+00 9.34520465463E+34 2.23365720551E-03
 1.58350472881E+11 2.47774392206E+29 1.00759667658E+00 9.39921932574E+34 2.23733030841E-03
 1.59267327616E+11 2.49619531780E+29 1.00760967969E+00 9.45354619810E+34 2.24100940402E-03
 1.60189493621E+11 2.51478411837E+29 1.00762270435E+00 9.50818707624E+34 2.24469450194E-03
 1.61117001685E+11 2.53351134702E+29 1.00763575060E+00 9.56314377507E+34 2.24838561181E-03
 1.62049882772E+11 2.55237803460E+29 1.00764881847E+00 9.61841812002E+34 2.25208274329E-03
 1.62988168030E+11 2.57138521963E+29 1.00766190800E+00 9.67401194707E+34 2.25578590605E-03
 1.63931888784E+11 2.59053394838E+29 1.00767501922E+00 9.72992710280E+34 2.25949510975E-03
 1.64881076543E+11 2.60982527491E+29 1.00768815218E+00 9.78616544447E+34 2.26321036410E-03
 1.65835762997E+11 2.62926026111E+29 1.00770130689E+00 9.84272884007E+34 2.26693167881E-03
 1.66795980021E+11 2.64883997681E+29 1.00771448341E+00 9.89961916839E+34 2.27065906361E-03
 1.67761759676E+11 2.66856549979E+29 1.00772768177E+00 9.95683831909E+34 2.27439252823E-03
 1.68733134206E+11 2.68843791584E+29 1.00774090200E+00 1.00143881927E+35 2.27813208243E-03
 1.69710136045E+11 2.70845831886E+29 1.00775414415E+00 1.00722707009E+35 2.28187773598E-03
 1.70692797814E+11 2.72862781088E+29 1.00776740824E+00 1.01304877661E+35 2.28562949867E-03
 1.71681152323E+11 2.74894750216E+29 1.00778069431E+00 1.01890413222E+35 2.28938738031E-03
 1.72675232572E+11 2.76941851120E+29 1.00779400240E+00 1.02479333140E+35 2.29315139069E-03
 1.73675071755E+11 2.79004196484E+29 1.00780733255E+00 1.03071656977E+35 2.29692153967E-03
 1.74680703254E+11 2.81081899831E+29 1.00782068479E+00 1.03667404406E+35 2.30069783708E-03
 1.75692160649E+11 2.83175075531E+29 1.00783405916E+00 1.04266595217E+35 2.30448029279E-03
 1.76709477713E+11 2.85283838804E+29 1.00784745569E+00 1.04869249311E+35 2.30826891668E-03
 1.77732688415E+11 2.87408305727E+29 1.00786087443E+00 1.05475386707E+35 2.31206371863E-03
 1.78761826921E+11 2.89548593244E+29 1.00787431541E+00 1.06085027537E+35 2.31586470856E-03
 1.79796927596E+11 2.91704819169E+29 1.00788777866E+00 1.06698192051E+35 2.31967189640E-03
 1.80838025003E+11 2.93877102192E+29 1.00790126423E+00 1.07314900616E+35 2.32348529207E-03
 1.81885153907E+11 2.96065561888E+29 1.00791477215E+00 1.07935173716E+35 2.32730490553E-03
 1.82938349274E+11 2.98270318722E+29 1.00792830245E+00 1.08559031954E+35 2.33113074676E-03
 1.83997646272E+11 3.00491494058E+29 1.00794185518E+00 1.09186496052E+35 2.33496282574E-03
 1.85063080276E+11 3.02729210160E+29 1.00795543037E+00 1.09817586851E+35 2.33880115246E-03
 1.86134686863E+11 3.04983590206E+29 1.00796902806E+00 1.10452325313E+35 2.34264573695E-03
 1.87212501817E+11 3.07254758290E+29 1.00798264829E+00 1.11090732523E+35 2.34649658924E-03
 1.88296561132E+11 3.09542839430E+29 1.00799629108E+00 1.11732829684E+35 2.35035371938E-03
 1.89386901007E+11 3.11847959575E+29 1.00800995649E+00 1.12378638125E+35 2.35421713741E-03
 1.90483557856E+11 3.14170245611E+29 1.00802364455E+00 1.13028179296E+35 2.35808685344E-03
 1.91586568299E+11 3.16509825371E+29 1.00803735529E+00 1.13681474773E+35 2.36196287754E-03
 1.92695969173E+11 3.18866827638E+29 1.00805108876E+00 1.14338546255E+35 2.36584521983E-03
 1.93811797525E+11 3.21241382156E+29 1.00806484499E+00 1.14999415567E+35 2.36973389044E-03
 1.94934090619E+11 3.23633619633E+29 1.00807862401E+00 1.15664104660E+35 2.37362889950E-03
 1.96062885936E+11 3.26043671752E+29 1.00809242588E+00 1.16332635613E+35 2.37753025717E-03
 1.97198221173E+11 3.28471671176E+29 1.00810625061E+00 1.17005030631E+35 2.38143797362E-03
 1.98340134245E+11 3.30917751556E+29 1.00812009826E+00 1.17681312048E+35 2.38535205904E-03
 1.99488663290E+11 3.33382047537E+29 1.00813396886E+00 1.18361502327E+35 2.38927252364E-03
 2.00643846664E+11 3.35864694769E+29 1.00814786245E+00 1.19045624062E+35 2.39319937763E-03
 2.01805722948E+11 3.38365829912E+29 1.00816177906E+00 1.19733699976E+35 2.39713263125E-03
 2.02974330945E+11 3.40885590641E+29 1.00817571874E+00 1.20425752923E+35 2.40107229474E-03
 2.04149709685E+11 3.43424115659E+29 1.00818968152E+00 1.21121805891E+35 2.40501837839E-03
 2.05331898423E+11 3.45981544700E+29 1.00820366745E+00 1.21821882000E+35 2.40897089246E-03
 2.06520936643E+11 3.48558018541E+29 1.00821767655E+00 1.22526004502E+35 2.41292984726E-03
 2.07716864057E+11 3.51153679004E+29 1.00823170887E+00 1.23234196787E+35 2.41689525310E-03
 2.08919720607E+11 3.53768668971E+29 1.00824576444E+00 1.23946482377E+35 2.42086712031E-03
 2.10129546470E+11 3.56403132384E+29 1.00825984332E+00 1.24662884930E+35 2.42484545924E-03
 2.11346382052E+11 3.59057214260E+29 1.00827394552E+00 1.25383428244E+35 2.42883028025E-03
 2.12570267996E+11 3.61731060695E+29 1.00828807110E+00 1.26108136251E+35 2.43282159372E-03
 2.13801245180E+11 3.64424818872E+29 1.00830222008E+00 1.26837033022E+35 2.43681941005E-03
 2.15039354720E+11 3.67138637072E+29 1.00831639252E+00 1.27570142770E+35 2.44082373963E-03
 2.16284637969E+11 3.69872664678E+29 1.00833058845E+00 1.28307489843E+35 2.44483459291E-03
 2.17537136522E+11 3.72627052186E+29 1.00834480790E+00 1.29049098735E+35 2.44885198031E-03
 2.18796892214E+11 3.75401951215E+29 1.00835905092E+00 1.29794994077E+35 2.45287591231E-03
 2.20063947123E+11 3.78197514509E+29 1.00837331755E+00 1.30545200646E+35 2.45690639937E-03
 2.21338343572E+11 3.81013895954E+29 1.00838760782E+00 1.31299743359E+35 2.46094345199E-03
 2.22620124128E+11 3.83851250578E+29 1.00840192177E+00 1.32058647280E+35 2.46498708067E-03
 2.23909331607E+11 3.86709734567E+29 1.00841625945E+00 1.32821937616E+35 2.46903729593E-03
 2.25206009073E+11 3.89589505266E+29 1.00843062088E+00 1.33589639720E+35 2.47309410832E-03
 2.26510199837E+11 3.92490721196E+29 1.00844500613E+00 1.34361779092E+35 2.47715752839E-03
 2.27821947467E+11 3.95413542055E+29 1.00845941521E+00 1.35138381378E+35 2.48122756672E-03
 2.29141295778E+11 3.98358128733E+29 1.00847384817E+00 1.35919472376E+35 2.48530423388E-03
 2.30468288843E+11 4.01324643317E+29 1.00848830505E+00 1.36705078028E+35 2.48938754049E-03
 2.31802970990E+11 4.04313249099E+29 1.00850278590E+00 1.37495224429E+35 2.49347749717E-03
 2.33145386804E+11 4.07324110590E+29 1.00851729074E+00 1.38289937825E+35 2.49757411454E-03
 2.34495581128E+11 4.10357393526E+29 1.00853181962E+00 1.39089244612E+35 2.50167740328E-03
 2.35853599066E+11 4.13413264875E+29 1.00854637258E+00 1.39893171341E+35 2.50578737404E-03
 2.37219485985E+11 4.16491892850E+29 1.00856094966E+00 1.40701744713E+35 2.50990403752E-03
 2.38593287513E+11 4.19593446916E+29 1.00857555090E+00 1.41514991586E+35 2.51402740441E-03
 2.39975049545E+11 4.22718097800E+29 1.00859017634E+00 1.42332938973E+35 2.51815748543E-03
 2.41364818240E+11 4.25866017502E+29 1.00860482602E+00 1.43155614042E+35 2.52229429133E-03
 2.42762640026E+11 4.29037379300E+29 1.00861949998E+00 1.43983044119E+35 2.52643783285E-03
 2.44168561602E+11 4.32232357764E+29 1.00863419826E+00 1.44815256688E+35 2.53058812076E-03
 2.45582629936E+11 4.35451128765E+29 1.00864892090E+00 1.45652279391E+35 2.53474516585E-03
 2.47004892269E+11 4.38693869481E+29 1.00866366793E+00 1.46494140031E+35 2.53890897892E-03
 2.48435396118E+11 4.41960758412E+29 1.00867843941E+00 1.47340866569E+35 2.54307957078E-03
 2.49874189272E+11 4.45251975386E+29 1.00869323537E+00 1.48192487132E+35 2.54725695228E-03
 2.51321319801E+11 4.48567701571E+29 1.00870805586E+00 1.49049030006E+35 2.55144113427E-03
 2.52776836053E+11 4.51908119482E+29 1.00872290090E+00 1.49910523642E+35 2.55563212760E-03
 2.54240786655E+11 4.55273412995E+29 1.00873777055E+00 1.50776996655E+35 2.55982994318E-03
 2.55713220519E+11 4.58663767356E+29 1.00875266484E+00 1.51648477824E+35 2.56403459190E-03
 2.57194186839E+11 4.62079369189E+29 1.00876758382E+00 1.52524996098E+35 2.56824608468E-03
 2.58683735095E+11 4.65520406508E+29 1.00878252752E+00 1.53406580590E+35 2.57246443245E-03
 2.60181915054E+11 4.68987068728E+29 1.00879749599E+00 1.54293260583E+35 2.57668964617E-03
 2.61688776772E+11 4.72479546672E+29 1.00881248927E+00 1.55185065528E+35 2.58092173681E-03
 2.63204370595E+11 4.75998032588E+29 1.00882750740E+00 1.56082025048E+35 2.58516071535E-03
 2.64728747164E+11 4.79542720153E+29 1.00884255041E+00 1.56984168934E+35 2.58940659280E-03
 2.66261957410E+11 4.83113804487E+29 1.00885761836E+00 1.57891527153E+35 2.59365938017E-03
 2.67804052562E+11 4.86711482161E+29 1.00887271128E+00 1.58804129844E+35 2.59791908851E-03
 2.69355084145E+11 4.90335951215E+29 1.00888782922E+00 1.59722007318E+35 2.60218572886E-03
 2.70915103986E+11 4.93987411157E+29 1.00890297221E+00 1.60645190064E+35 2.60645931230E-03
 2.72484164209E+11 4.97666062987E+29 1.00891814029E+00 1.61573708745E+35 2.61073984991E-03
 2.74062317243E+11 5.01372109197E+29 1.00893333352E+00 1.62507594204E+35 2.61502735280E-03
 2.75649615820E+11 5.05105753791E+29 1.00894855193E+00 1.63446877460E+35 2.61932183209E-03
 2.77246112979E+11 5.08867202288E+29 1.00896379555E+00 1.64391589711E+35 2.62362329892E-03
 2.78851862068E+11 5.12656661741E+29 1.00897906445E+00 1.65341762338E+35 2.62793176445E-03
 2.80466916742E+11 5.16474340742E+29 1.00899435865E+00 1.66297426900E+35 2.63224723984E-03
 2.82091330969E+11 5.20320449440E+29 1.00900967819E+00 1.67258615140E+35 2.63656973629E-03
 2.83725159030E+11 5.24195199545E+29 1.00902502313E+00 1.68225358986E+35 2.64089926500E-03
 2.85368455522E+11 5.28098804346E+29 1.00904039349E+00 1.69197690548E+35 2.64523583721E-03
 2.87021275358E+11 5.32031478720E+29 1.00905578933E+00 1.70175642122E+35 2.64957946414E-03
 2.88683673769E+11 5.35993439143E+29 1.00907121069E+00 1.71159246193E+35 2.65393015707E-03
 2.90355706308E+11 5.39984903705E+29 1.00908665761E+00 1.72148535431E+35 2.65828792726E-03
 2.92037428851E+11 5.44006092118E+29 1.00910213012E+00 1.73143542695E+35 2.66265278601E-03
 2.93728897596E+11 5.48057225732E+29 1.00911762828E+00 1.74144301037E+35 2.66702474463E-03
 2.95430169070E+11 5.52138527544E+29 1.00913315213E+00 1.75150843696E+35 2.67140381445E-03
 2.97141300126E+11 5.56250222212E+29 1.00914870170E+00 1.76163204106E+35 2.67579000681E-03
 2.98862347948E+11 5.60392536067E+29 1.00916427705E+00 1.77181415893E+35 2.68018333308E-03
 3.00593370052E+11 5.64565697127E+29 1.00917987821E+00 1.78205512878E+35 2.68458380463E-03
 3.02334424289E+11 5.68769935105E+29 1.00919550522E+00 1.79235529076E+35 2.68899143287E-03
 3.04085568843E+11 5.73005481427E+29 1.00921115814E+00 1.80271498700E+35 2.69340622920E-03
 3.05846862238E+11 5.77272569241E+29 1.00922683699E+00 1.81313456160E+35 2.69782820507E-03
 3.07618363337E+11 5.81571433433E+29 1.00924254183E+00 1.82361436067E+35 2.70225737191E-03
 3.09400131345E+11 5.85902310636E+29 1.00925827270E+00 1.83415473229E+35 2.70669374121E-03
 3.11192225812E+11 5.90265439247E+29 1.00927402964E+00 1.84475602657E+35 2.71113732443E-03
 3.12994706631E+11 5.94661059437E+29 1.00928981270E+00 1.85541859563E+35 2.71558813309E-03
 3.14807634044E+11 5.99089413166E+29 1.00930562191E+00 1.86614279364E+35 2.72004617871E-03
 3.16631068644E+11 6.03550744196E+29 1.00932145733E+00 1.87692897682E+35 2.72451147282E-03
 3.18465071375E+11 6.08045298104E+29 1.00933731899E+00 1.88777750343E+35 2.72898402698E-03
 3.20309703533E+11 6.12573322296E+29 1.00935320693E+00 1.89868873381E+35 2.73346385276E-03
 3.22165026772E+11 6.17135066021E+29 1.00936912121E+00 1.90966303040E+35 2.73795096176E-03
 3.24031103104E+11 6.21730780382E+29 1.00938506187E+00 1.92070075769E+35 2.74244536557E-03
 3.25907994900E+11 6.26360718354E+29 1.00940102894E+00 1.93180228233E+35 2.74694707583E-03
 3.27795764893E+11 6.31025134796E+29 1.00941702248E+00 1.94296797305E+35 2.75145610418E-03
 3.29694476183E+11 6.35724286463E+29 1.00943304252E+00 1.95419820074E+35 2.75597246229E-03
 3.31604192231E+11 6.40458432024E+29 1.00944908912E+00 1.96549333840E+35 2.76049616183E-03
 3.33524976873E+11 6.45227832072E+29 1.00946516230E+00 1.97685376122E+35 2.76502721450E-03
 3.35456894309E+11 6.50032749144E+29 1.00948126213E+00 1.98827984655E+35 2.76956563201E-03
 3.37400009118E+11 6.54873447728E+29 1.00949738864E+00 1.99977197389E+35 2.77411142610E-03
 3.39354386249E+11 6.59750194285E+29 1.00951354188E+00 2.01133052498E+35 2.77866460852E-03
 3.41320091032E+11 6.64663257259E+29 1.00952972189E+00 2.02295588374E+35 2.78322519104E-03
 3.43297189172E+11 6.69612907093E+29 1.00954592871E+00 2.03464843632E+35 2.78779318544E-03
 3.45285746761E+11 6.74599416243E+29 1.00956216240E+00 2.04640857108E+35 2.79236860353E-03
 3.47285830269E+11 6.79623059196E+29 1.00957842299E+00 2.05823667864E+35 2.79695145714E-03
 3.49297506557E+11 6.84684112481E+29 1.00959471053E+00 2.07013315190E+35 2.80154175810E-03
 3.51320842871E+11 6.89782854688E+29 1.00961102506E+00 2.08209838599E+35 2.80613951827E-03
 3.53355906848E+11 6.94919566481E+29 1.00962736663E+00 2.09413277836E+35 2.81074474954E-03
 3.55402766519E+11 7.00094530614E+29 1.00964373528E+00 2.10623672872E+35 2.81535746378E-03
 3.57461490308E+11 7.05308031946E+29 1.00966013107E+00 2.11841063912E+35 2.81997767293E-03
 3.59532147040E+11 7.10560357457E+29 1.00967655403E+00 2.13065491393E+35 2.82460538891E-03
 3.61614805935E+11 7.15851796267E+29 1.00969300420E+00 2.14296995985E+35 2.82924062367E-03
 3.63709536618E+11 7.21182639646E+29 1.00970948164E+00 2.15535618592E+35 2.83388338917E-03
 3.65816409118E+11 7.26553181035E+29 1.00972598639E+00 2.16781400357E+35 2.83853369741E-03
 3.67935493869E+11 7.31963716057E+29 1.00974251849E+00 2.18034382660E+35 2.84319156039E-03
 3.70066861716E+11 7.37414542541E+29 1.00975907799E+00 2.19294607117E+35 2.84785699012E-03
 3.72210583914E+11 7.42905960530E+29 1.00977566493E+00 2.20562115590E+35 2.85252999867E-03
 3.74366732133E+11 7.48438272304E+29 1.00979227937E+00 2.21836950179E+35 2.85721059807E-03
 3.76535378459E+11 7.54011782392E+29 1.00980892134E+00 2.23119153228E+35 2.86189880041E-03
 3.78716595395E+11 7.59626797594E+29 1.00982559089E+00 2.24408767327E+35 2.86659461778E-03
 3.80910455866E+11 7.65283626990E+29 1.00984228807E+00 2.25705835310E+35 2.87129806231E-03
 3.83117025820E+11 7.68371320187E+29 1.00985135216E+00 2.27010400262E+35 1.38541912273E-03
 3.85336367440E+11 7.71131719215E+29 1.00985940663E+00 2.28322505514E+35 1.38239504370E-03
 3.87568554494E+11 7.73902035068E+29 1.00986744358E+00 2.29642194649E+35 1.37937758962E-03
 3.89813661291E+11 7.76682303370E+29 1.00987546305E+00 2.30969511500E+35 1.37636674585E-03
 3.92071762570E+11 7.79472559877E+29 1.00988346508E+00 2.32304500155E+35 1.37336249783E-03
 3.94342933503E+11 7.82272840471E+29 1.00989144971E+00 2.33647204958E+35 1.37036483100E-03
 3.96627249696E+11 7.85083181165E+29 1.00989941697E+00 2.34997670507E+35 1.36737373083E-03
 3.98924787193E+11 7.87903618099E+29 1.00990736690E+00 2.36355941658E+35 1.36438918285E-03
 4.01235622478E+11 7.90734187545E+29 1.00991529954E+00 2.37722063527E+35 1.36141117258E-03
 4.03559832475E+11 7.93574925904E+29 1.00992321494E+00 2.39096081491E+35 1.35843968562E-03
 4.05897494556E+11 7.96425869708E+29 1.00993111311E+00 2.40478041190E+35 1.35547470757E-03
 4.08248686538E+11 7.99287055621E+29 1.00993899411E+00 2.41867988524E+35 1.35251622407E-03
 4.10613486689E+11 8.02158520438E+29 1.00994685797E+00 2.43265969664E+35 1.34956422079E-03
 4.12991973729E+11 8.05040301085E+29 1.00995470473E+00 2.44672031043E+35 1.34661868345E-03
 4.15384226836E+11 8.07932434624E+29 1.00996253442E+00 2.46086219364E+35 1.34367959777E-03
 4.17790325641E+11 8.10834958246E+29 1.00997034709E+00 2.47508581602E+35 1.34074694953E-03
 4.20210350239E+11 8.13747909280E+29 1.00997814276E+00 2.48939165000E+35 1.33782072453E-03
 4.22644381189E+11 8.16671325185E+29 1.00998592148E+00 2.50378017076E+35 1.33490090860E-03
 4.25092499512E+11 8.19605243557E+29 1.00999368328E+00 2.51825185624E+35 1.33198748761E-03
 4.27554786701E+11 8.22549702126E+29 1.01000142820E+00 2.53280718710E+35 1.32908044745E-03
 4.30031324718E+11 8.25504738759E+29 1.01000915627E+00 2.54744664683E+35 1.32617977405E-03
 4.32522196001E+11 8.28470391457E+29 1.01001686754E+00 2.56217072168E+35 1.32328545337E-03
 4.35027483464E+11 8.31446698360E+29 1.01002456204E+00 2.57697990071E+35 1.32039747140E-03
 4.37547270499E+11 8.34433697742E+29 1.01003223981E+00 2.59187467583E+35 1.31751581417E-03
 4.40081640982E+11 8.37431428016E+29 1.01003990087E+00 2.60685554178E+35 1.31464046771E-03
 4.42630679274E+11 8.40439927735E+29 1.01004754528E+00 2.62192299615E+35 1.31177141813E-03
 4.45194470223E+11 8.43459235587E+29 1.01005517306E+00 2.63707753941E+35 1.30890865154E-03
 4.47773099167E+11 8.46489390401E+29 1.01006278425E+00 2.65231967495E+35 1.30605215408E-03
 4.50366651941E+11 8.49530431144E+29 1.01007037888E+00 2.66764990903E+35 1.30320191193E-03
 4.52975214871E+11 8.52582396926E+29 1.01007795700E+00 2.68306875087E+35 1.30035791129E-03
 4.55598874787E+11 8.55645326995E+29 1.01008551864E+00 2.69857671260E+35 1.29752013841E-03
 4.58237719019E+11 8.58719260739E+29 1.01009306384E+00 2.71417430933E+35 1.29468857956E-03
 4.60891835402E+11 8.61804237691E+29 1.01010059262E+00 2.72986205915E+35 1.29186322104E-03
 4.63561312279E+11 8.64900297523E+29 1.01010810503E+00 2.74564048313E+35 1.28904404917E-03
 4.66246238504E+11 8.68007480051E+29 1.01011560110E+00 2.76151010538E+35 1.28623105033E-03
 4.68946703445E+11 8.71125825234E+29 1.01012308087E+00 2.77747145300E+35 1.28342421090E-03
 4.71662796987E+11 8.74255373174E+29 1.01013054438E+00 2.79352505617E+35 1.28062351730E-03
 4.74394609534E+11 8.77396164116E+29 1.01013799165E+00 2.80967144811E+35 1.27782895600E-03
 4.77142232014E+11 8.80548238452E+29 1.01014542272E+00 2.82591116514E+35 1.27504051346E-03
 4.79905755879E+11 8.83711636719E+29 1.01015283763E+00 2.84224474667E+35 1.27225817621E-03
 4.82685273111E+11 8.86886399596E+29 1.01016023642E+00 2.85867273524E+35 1.26948193079E-03
 4.85480876225E+11 8.90072567913E+29 1.01016761911E+00 2.87519567650E+35 1.26671176377E-03
 4.88292658269E+11 8.93270182644E+29 1.01017498575E+00 2.89181411928E+35 1.26394766175E-03
 4.91120712831E+11 8.96479284910E+29 1.01018233637E+00 2.90852861557E+35 1.26118961137E-03
 4.93965134037E+11 8.99699915980E+29 1.01018967100E+00 2.92533972056E+35 1.25843759930E-03
 4.96826016560E+11 9.02932117272E+29 1.01019698968E+00 2.94224799263E+35 1.25569161222E-03
 4.99703455621E+11 9.06175930353E+29 1.01020429245E+00 2.95925399341E+35 1.25295163685E-03
 5.02597546990E+11 9.09431396938E+29 1.01021157933E+00 2.97635828776E+35 1.25021765996E-03
 5.05508386992E+11 9.12698558894E+29 1.01021885036E+00 2.99356144381E+35 1.24748966832E-03
 5.08436072507E+11 9.15977458235E+29 1.01022610558E+00 3.01086403297E+35 1.24476764874E-03
 5.11380700977E+11 9.19268137129E+29 1.01023334502E+00 3.02826662997E+35 1.24205158807E-03
 5.14342370407E+11 9.22570637894E+29 1.01024056872E+00 3.04576981284E+35 1.23934147317E-03
 5.17321179369E+11 9.25885003001E+29 1.01024777670E+00 3.06337416297E+35 1.23663729094E-03
 5.20317227005E+11 9.29211275072E+29 1.01025496901E+00 3.08108026508E+35 1.23393902832E-03
 5.23330613030E+11 9.32549496885E+29 1.01026214568E+00 3.09888870730E+35 1.23124667225E-03
 5.26361437736E+11 9.35899711368E+29 1.01026930674E+00 3.11680008116E+35 1.22856020974E-03
 5.29409801994E+11 9.39261961606E+29 1.01027645223E+00 3.13481498158E+35 1.22587962779E-03
 5.32475807260E+11 9.42636290838E+29 1.01028358217E+00 3.15293400695E+35 1.22320491345E-03
 5.35559555575E+11 9.46022742457E+29 1.01029069661E+00 3.17115775910E+35 1.22053605379E-03
 5.38661149570E+11 9.49421360014E+29 1.01029779558E+00 3.18948684334E+35 1.21787303591E-03
 5.41780692472E+11 9.52832187216E+29 1.01030487910E+00 3.20792186849E+35 1.21521584696E-03
 5.44918288102E+11 9.56255267926E+29 1.01031194723E+00 3.22646344688E+35 1.21256447408E-03
 5.48074040883E+11 9.59690646165E+29 1.01031899998E+00 3.24511219437E+35 1.20991890446E-03
 5.51248055841E+11 9.63138366112E+29 1.01032603739E+00 3.26386873041E+35 1.20727912533E-03
 5.54440438609E+11 9.66598472106E+29 1.01033305949E+00 3.28273367800E+35 1.20464512393E-03
 5.57651295434E+11 9.70071008643E+29 1.01034006633E+00 3.30170766375E+35 1.20201688753E-03
 5.60880733172E+11 9.73556020381E+29 1.01034705792E+00 3.32079131789E+35 1.19939440344E-03
 5.64128859302E+11 9.77053552137E+29 1.01035403431E+00 3.33998527431E+35 1.19677765899E-03
 5.67395781921E+11 9.80563648891E+29 1.01036099553E+00 3.35929017054E+35 1.19416664153E-03
 5.70681609753E+11 9.84086355781E+29 1.01036794161E+00 3.37870664780E+35 1.19156133846E-03
 5.73986452150E+11 9.87621718111E+29 1.01037487258E+00 3.39823535103E+35 1.18896173719E-03
 5.77310419097E+11 9.91169781345E+29 1.01038178848E+00 3.41787692889E+35 1.18636782516E-03
 5.80653621214E+11 9.94730591112E+29 1.01038868933E+00 3.43763203378E+35 1.18377958985E-03
 5.84016169761E+11 9.98304193204E+29 1.01039557518E+00 3.45750132189E+35 1.18119701875E-03
 5.87398176642E+11 1.00189063358E+30 1.01040244606E+00 3.47748545318E+35 1.17862009940E-03
 5.90799754406E+11 1.00548995836E+30 1.01040930199E+00 3.49758509144E+35 1.17604881934E-03
 5.94221016257E+11 1.00910221383E+30 1.01041614301E+00 3.51780090429E+35 1.17348316617E-03
 5.97662076049E+11 1.01272744644E+30 1.01042296915E+00 3.53813356322E+35 1.17092312748E-03
 6.01123048298E+11 1.01636570282E+30 1.01042978044E+00 3.55858374358E+35 1.16836869093E-03
 6.04604048179E+11 1.02001702976E+30 1.01043657693E+00 3.57915212465E+35 1.16581984417E-03
 6.08105191536E+11 1.02368147421E+30 1.01044335863E+00 3.59983938962E+35 1.16327657490E-03
 6.11626594881E+11 1.02735908329E+30 1.01045012558E+00 3.62064622562E+35 1.16073887084E-03
 6.15168375399E+11 1.03104990431E+30 1.01045687781E+00 3.64157332377E+35 1.15820671973E-03
 6.18730650956E+11 1.03475398472E+30 1.01046361536E+00 3.66262137918E+35 1.15568010936E-03
 6.22313540096E+11 1.03847137216E+30 1.01047033826E+00 3.68379109098E+35 1.15315902753E-03
 6.25917162050E+11 1.04220211443E+30 1.01047704654E+00 3.70508316232E+35 1.15064346206E-03
 6.29541636739E+11 1.04594625952E+30 1.01048374022E+00 3.72649830044E+35 1.14813340081E-03
 6.33187084776E+11 1.04970385557E+30 1.01049041935E+00 3.74803721665E+35 1.14562883167E-03
 6.36853627473E+11 1.05347495091E+30 1.01049708396E+00 3.76970062639E+35 1.14312974255E-03
 6.40541386842E+11 1.05725959403E+30 1.01050373406E+00 3.79148924922E+35 1.14063612138E-03
 6.44250485601E+11 1.06105783361E+30 1.01051036971E+00 3.81340380887E+35 1.13814795613E-03
 6.47981047179E+11 1.06486971848E+30 1.01051699092E+00 3.83544503323E+35 1.13566523480E-03
 6.51733195717E+11 1.06869529767E+30 1.01052359774E+00 3.85761365443E+35 1.13318794539E-03
 6.55507056075E+11 1.07253462039E+30 1.01053019018E+00 3.87991040881E+35 1.13071607595E-03
 6.59302753834E+11 1.07638773599E+30 1.01053676829E+00 3.90233603697E+35 1.12824961457E-03
 6.63120415301E+11 1.08025469404E+30 1.01054333209E+00 3.92489128379E+35 1.12578854932E-03
 6.66960167514E+11 1.08413554426E+30 1.01054988162E+00 3.94757689846E+35 1.12333286835E-03
 6.70822138247E+11 1.08803033657E+30 1.01055641690E+00 3.97039363450E+35 1.12088255979E-03
 6.74706456011E+11 1.09193912104E+30 1.01056293797E+00 3.99334224977E+35 1.11843761183E-03
 6.78613250059E+11 1.09586194794E+30 1.01056944486E+00 4.01642350655E+35 1.11599801268E-03
 6.82542650394E+11 1.09979886773E+30 1.01057593760E+00 4.03963817147E+35 1.11356375055E-03
 6.86494787770E+11 1.10374993104E+30 1.01058241621E+00 4.06298701564E+35 1.11113481371E-03
 6.90469793696E+11 1.10771518866E+30 1.01058888074E+00 4.08647081460E+35 1.10871119044E-03
 6.94467800443E+11 1.11169469161E+30 1.01059533120E+00 4.11009034838E+35 1.10629286905E-03
 6.98488941045E+11 1.11568849105E+30 1.01060176764E+00 4.13384640152E+35 1.10387983787E-03
 7.02533349307E+11 1.11969663834E+30 1.01060819008E+00 4.15773976310E+35 1.10147208526E-03
 7.06601159807E+11 1.12371918503E+30 1.01061459855E+00 4.18177122673E+35 1.09906959962E-03
 7.10692507901E+11 1.12775618285E+30 1.01062099308E+00 4.20594159066E+35 1.09667236934E-03
 7.14807529727E+11 1.13180768372E+30 1.01062737371E+00 4.23025165770E+35 1.09428038287E-03
 7.18946362213E+11 1.13587373974E+30 1.01063374046E+00 4.25470223534E+35 1.09189362868E-03
 7.23109143075E+11 1.13995440320E+30 1.01064009337E+00 4.27929413572E+35 1.08951209524E-03
 7.27296010828E+11 1.14404972657E+30 1.01064643245E+00 4.30402817568E+35 1.08713577109E-03
 7.31507104787E+11 1.14815976253E+30 1.01065275775E+00 4.32890517676E+35 1.08476464475E-03
 7.35742565073E+11 1.15228456392E+30 1.01065906930E+00 4.35392596528E+35 1.08239870479E-03
 7.40002532616E+11 1.15642418380E+30 1.01066536712E+00 4.37909137233E+35 1.08003793981E-03
 7.44287149162E+11 1.16057867540E+30 1.01067165124E+00 4.40440223377E+35 1.07768233842E-03
 7.48596557277E+11 1.16474809214E+30 1.01067792169E+00 4.42985939034E+35 1.07533188927E-03
 7.52930900351E+11 1.16893248765E+30 1.01068417851E+00 4.45546368761E+35 1.07298658101E-03
 7.57290322602E+11 1.17313191574E+30 1.01069042172E+00 4.48121597604E+35 1.07064640235E-03
 7.61674969084E+11 1.17734643041E+30 1.01069665135E+00 4.50711711101E+35 1.06831134200E-03
 7.66084985688E+11 1.18157608586E+30 1.01070286743E+00 4.53316795285E+35 1.06598138871E-03
 7.70520519148E+11 1.18582093649E+30 1.01070907000E+00 4.55936936685E+35 1.06365653124E-03
 7.74981717050E+11 1.19008103688E+30 1.01071525907E+00 4.58572222330E+35 1.06133675838E-03
 7.79468727829E+11 1.19435644182E+30 1.01072143469E+00 4.61222739754E+35 1.05902205895E-03
 7.83981700782E+11 1.19864720629E+30 1.01072759687E+00 4.63888576995E+35 1.05671242180E-03
 7.88520786066E+11 1.20295338548E+30 1.01073374565E+00 4.66569822601E+35 1.05440783579E-03
 7.93086134710E+11 1.20727503475E+30 1.01073988106E+00 4.69266565631E+35 1.05210828982E-03
 7.97677898612E+11 1.21161220969E+30 1.01074600313E+00 4.71978895659E+35 1.04981377280E-03
 8.02296230551E+11 1.21596496607E+30 1.01075211188E+00 4.74706902777E+35 1.04752427367E-03
 8.06941284189E+11 1.22033335987E+30 1.01075820734E+00 4.77450677597E+35 1.04523978139E-03
 8.11613214077E+11 1.22471744726E+30 1.01076428955E+00 4.80210311257E+35 1.04296028497E-03
 8.16312175659E+11 1.22911728464E+30 1.01077035853E+00 4.82985895418E+35 1.04068577342E-03
 8.21038325278E+11 1.23353292857E+30 1.01077641432E+00 4.85777522274E+35 1.03841623576E-03
 8.25791820180E+11 1.23796443585E+30 1.01078245693E+00 4.88585284550E+35 1.03615166108E-03
 8.30572818522E+11 1.24241186346E+30 1.01078848640E+00 4.91409275509E+35 1.03389203845E-03
 8.35381479374E+11 1.24687526860E+30 1.01079450276E+00 4.94249588951E+35 1.03163735699E-03
 8.40217962726E+11 1.25135470867E+30 1.01080050603E+00 4.97106319218E+35 1.02938760583E-03
 8.45082429495E+11 1.25585024128E+30 1.01080649625E+00 4.99979561199E+35 1.02714277414E-03
 8.49975041527E+11 1.26036192423E+30 1.01081247343E+00 5.02869410331E+35 1.02490285110E-03
 8.54895961602E+11 1.26488981555E+30 1.01081843762E+00 5.05775962601E+35 1.02266782592E-03
 8.59845353445E+11 1.26943397347E+30 1.01082438884E+00 5.08699314554E+35 1.02043768783E-03
 8.64823381724E+11 1.27399445642E+30 1.01083032712E+00 5.11639563289E+35 1.01821242609E-03
 8.69830212063E+11 1.27857132306E+30 1.01083625248E+00 5.14596806470E+35 1.01599202998E-03
 8.74866011040E+11 1.28316463224E+30 1.01084216495E+00 5.17571142322E+35 1.01377648881E-03
 8.79930946198E+11 1.28777444303E+30 1.01084806457E+00 5.20562669641E+35 1.01156579189E-03
 8.85025186048E+11 1.29240081472E+30 1.01085395135E+00 5.23571487792E+35 1.00935992859E-03
 8.90148900077E+11 1.29704380680E+30 1.01085982534E+00 5.26597696715E+35 1.00715888828E-03
 8.95302258751E+11 1.30170347898E+30 1.01086568654E+00 5.29641396927E+35 1.00496266035E-03
 9.00485433521E+11 1.30637989118E+30 1.01087153500E+00 5.32702689528E+35 1.00277123424E-03
 9.05698596830E+11 1.31107310355E+30 1.01087737074E+00 5.35781676199E+35 1.00058459939E-03
 9.10941922118E+11 1.31578317644E+30 1.01088319379E+00 5.38878459212E+35 9.98402745257E-04
 9.16215583827E+11 1.32051017041E+30 1.01088900418E+00 5.41993141427E+35 9.96225661347E-04
 9.21519757410E+11 1.32525414627E+30 1.01089480193E+00 5.45125826302E+35 9.94053337174E-04
 9.26854619333E+11 1.33001516501E+30 1.01090058706E+00 5.48276617891E+35 9.91885762275E-04
 9.32220347082E+11 1.33479328787E+30 1.01090635962E+00 5.51445620848E+35 9.89722926215E-04
 9.37617119169E+11 1.33958857629E+30 1.01091211962E+00 5.54632940436E+35 9.87564818579E-04
 9.43045115139E+11 1.34440109195E+30 1.01091786710E+00 5.57838682521E+35 9.85411428977E-04
 9.48504515576E+11 1.34923089672E+30 1.01092360208E+00 5.61062953587E+35 9.83262747040E-04
 9.53995502107E+11 1.35407805272E+30 1.01092932458E+00 5.64305860727E+35 9.81118762423E-04
 9.59518257408E+11 1.35894262229E+30 1.01093503464E+00 5.67567511659E+35 9.78979464805E-04
 9.65072965214E+11 1.36382466798E+30 1.01094073228E+00 5.70848014720E+35 9.76844843887E-04
 9.70659810320E+11 1.36872425258E+30 1.01094641753E+00 5.74147478873E+35 9.74714889393E-04
 9.76278978591E+11 1.37364143910E+30 1.01095209041E+00 5.77466013714E+35 9.72589591069E-04
 9.81930656966E+11 1.37857629077E+30 1.01095775096E+00 5.80803729468E+35 9.70468938685E-04
 9.87615033465E+11 1.38352887106E+30 1.01096339919E+00 5.84160737001E+35 9.68352922033E-04
 9.93332297196E+11 1.38849924366E+30 1.01096903514E+00 5.87537147818E+35 9.66241530927E-04
 9.99082638359E+11 1.39348747248E+30 1.01097465884E+00 5.90933074068E+35 9.64134755206E-04
 1.00486624825E+12 1.39849362167E+30 1.01098027030E+00 5.94348628550E+35 9.62032584729E-04
 1.01068331929E+12 1.40351775562E+30 1.01098586956E+00 5.97783924713E+35 9.59935009379E-04
 1.01653404498E+12 1.40855993893E+30 1.01099145664E+00 6.01239076663E+35 9.57842019061E-04
 1.02241861997E+12 1.41362023645E+30 1.01099703157E+00 6.04714199165E+35 9.55753603701E-04
 1.02833724002E+12 1.41869871326E+30 1.01100259438E+00 6.08209407648E+35 9.53669753250E-04
 1.03429010202E+12 1.42379543466E+30 1.01100814509E+00 6.11724818206E+35 9.51590457680E-04
 1.04027740401E+12 1.42891046620E+30 1.01101368373E+00 6.15260547608E+35 9.49515706985E-04
 1.04629934517E+12 1.43404387365E+30 1.01101921032E+00 6.18816713294E+35 9.47445491180E-04
 1.05235612583E+12 1.43919572304E+30 1.01102472489E+00 6.22393433385E+35 9.45379800306E-04
 1.05844794747E+12 1.44436608061E+30 1.01103022747E+00 6.25990826684E+35 9.43318624422E-04
 1.06457501276E+12 1.44955501287E+30 1.01103571808E+00 6.29609012681E+35 9.41261953611E-04
 1.07073752551E+12 1.45476258653E+30 1.01104119675E+00 6.33248111556E+35 9.39209777978E-04
 1.07693569073E+12 1.45998886857E+30 1.01104666350E+00 6.36908244184E+35 9.37162087649E-04
 1.08316971461E+12 1.46523392620E+30 1.01105211837E+00 6.40589532139E+35 9.35118872774E-04
 1.08943980454E+12 1.47049782687E+30 1.01105756137E+00 6.44292097698E+35 9.33080123521E-04
 1.09574616908E+12 1.47578063827E+30 1.01106299254E+00 6.48016063843E+35 9.31045830085E-04
 1.10208901804E+12 1.48108242835E+30 1.01106841189E+00 6.51761554268E+35 9.29015982678E-04
 1.10846856240E+12 1.48640326528E+30 1.01107381946E+00 6.55528693383E+35 9.26990571536E-04
 1.11488501439E+12 1.49174321749E+30 1.01107921526E+00 6.59317606316E+35 9.24969586917E-04
 1.12133858746E+12 1.49710235365E+30 1.01108459933E+00 6.63128418917E+35 9.22953019098E-04
 1.12782949629E+12 1.50248074269E+30 1.01108997169E+00 6.66961257765E+35 9.20940858382E-04
 1.13435795679E+12 1.50787845376E+30 1.01109533237E+00 6.70816250172E+35 9.18933095090E-04
 1.14092418614E+12 1.51329555628E+30 1.01110068139E+00 6.74693524182E+35 9.16929719564E-04
 1.14752840277E+12 1.51873211993E+30 1.01110601878E+00 6.78593208581E+35 9.14930722171E-04
 1.15417082637E+12 1.52418821460E+30 1.01111134455E+00 6.82515432902E+35 9.12936093295E-04
 1.16085167788E+12 1.52966391048E+30 1.01111665875E+00 6.86460327422E+35 9.10945823345E-04
 1.16757117956E+12 1.53515927797E+30 1.01112196139E+00 6.90428023174E+35 9.08959902750E-04
 1.17432955493E+12 1.54067438774E+30 1.01112725249E+00 6.94418651948E+35 9.06978321959E-04
 1.18112702879E+12 1.54620931073E+30 1.01113253209E+00 6.98432346295E+35 9.05001071443E-04
 1.18796382727E+12 1.55176411811E+30 1.01113780021E+00 7.02469239533E+35 9.03028141695E-04
 1.19484017778E+12 1.55733888131E+30 1.01114305687E+00 7.06529465749E+35 9.01059523228E-04
 1.20175630906E+12 1.56293367204E+30 1.01114830209E+00 7.10613159807E+35 8.99095206576E-04
 1.20871245118E+12 1.56854856223E+30 1.01115353591E+00 7.14720457349E+35 8.97135182295E-04
 1.21570883551E+12 1.57418362410E+30 1.01115875835E+00 7.18851494802E+35 8.95179440961E-04
 1.22274569479E+12 1.57983893011E+30 1.01116396943E+00 7.23006409381E+35 8.93227973171E-04
 1.22982326310E+12 1.58551455300E+30 1.01116916917E+00 7.27185339095E+35 8.91280769542E-04
 1.23694177585E+12 1.59121056574E+30 1.01117435761E+00 7.31388422748E+35 8.89337820715E-04
 1.24410146983E+12 1.59692704160E+30 1.01117953476E+00 7.35615799950E+35 8.87399117347E-04
 1.25130258321E+12 1.60266405408E+30 1.01118470065E+00 7.39867611116E+35 8.85464650120E-04
 1.25854535551E+12 1.60842167697E+30 1.01118985531E+00 7.44143997471E+35 8.83534409735E-04
 1.26583002765E+12 1.61419998430E+30 1.01119499876E+00 7.48445101060E+35 8.81608386911E-04
 1.27315684195E+12 1.61999905039E+30 1.01120013102E+00 7.52771064746E+35 8.79686572393E-04
 1.28052604212E+12 1.62581894982E+30 1.01120525212E+00 7.57122032219E+35 8.77768956942E-04
 1.28793787328E+12 1.63165975742E+30 1.01121036208E+00 7.61498147999E+35 8.75855531340E-04
 1.29539258197E+12 1.63752154832E+30 1.01121546093E+00 7.65899557442E+35 8.73946286393E-04
 1.30289041615E+12 1.64340439789E+30 1.01122054869E+00 7.70326406743E+35 8.72041212922E-04
 1.31043162522E+12 1.64930838179E+30 1.01122562538E+00 7.74778842943E+35 8.70140301773E-04
 1.31801646002E+12 1.65523357594E+30 1.01123069104E+00 7.79257013933E+35 8.68243543809E-04
 1.32564517284E+12 1.66118005655E+30 1.01123574568E+00 7.83761068458E+35 8.66350929916E-04
 1.33331801744E+12 1.66714790009E+30 1.01124078932E+00 7.88291156124E+35 8.64462450998E-04
 1.34103524902E+12 1.67313718329E+30 1.01124582199E+00 7.92847427399E+35 8.62578097979E-04
 1.34879712429E+12 1.67914798319E+30 1.01125084372E+00 7.97430033625E+35 8.60697861805E-04
 1.35660390141E+12 1.68518037709E+30 1.01125585453E+00 8.02039127014E+35 8.58821733442E-04
 1.36445584005E+12 1.69123444256E+30 1.01126085444E+00 8.06674860661E+35 8.56949703873E-04
 1.37235320139E+12 1.69731025745E+30 1.01126584348E+00 8.11337388546E+35 8.55081764104E-04
 1.38029624811E+12 1.70340789991E+30 1.01127082166E+00 8.16026865536E+35 8.53217905160E-04
 1.38828524440E+12 1.70952744835E+30 1.01127578902E+00 8.20743447396E+35 8.51358118086E-04
 1.39632045599E+12 1.71566898146E+30 1.01128074558E+00 8.25487290791E+35 8.49502393947E-04
 1.40440215014E+12 1.72183257824E+30 1.01128569136E+00 8.30258553290E+35 8.47650723826E-04
 1.41253059567E+12 1.72801831793E+30 1.01129062638E+00 8.35057393373E+35 8.45803098828E-04
 1.42070606293E+12 1.73422628010E+30 1.01129555066E+00 8.39883970439E+35 8.43959510076E-04
 1.42892882386E+12 1.74045654458E+30 1.01130046424E+00 8.44738444803E+35 8.42119948716E-04
 1.43719915194E+12 1.74670919148E+30 1.01130536713E+00 8.49620977712E+35 8.40284405908E-04
 1.44551732226E+12 1.75298430122E+30 1.01131025936E+00 8.54531731342E+35 8.38452872836E-04
 1.45388361149E+12 1.75928195450E+30 1.01131514095E+00 8.59470868805E+35 8.36625340703E-04
 1.46229829789E+12 1.76560223230E+30 1.01132001192E+00 8.64438554160E+35 8.34801800729E-04
 1.47076166135E+12 1.77194521590E+30 1.01132487230E+00 8.69434952412E+35 8.32982244157E-04
 1.47927398337E+12 1.77831098688E+30 1.01132972211E+00 8.74460229517E+35 8.31166662245E-04
 1.48783554706E+12 1.78469962710E+30 1.01133456137E+00 8.79514552396E+35 8.29355046275E-04
 1.49644663718E+12 1.79111121872E+30 1.01133939011E+00 8.84598088930E+35 8.27547387545E-04
 1.50510754015E+12 1.79754584420E+30 1.01134420834E+00 8.89711007972E+35 8.25743677373E-04
 1.51381854403E+12 1.80400358627E+30 1.01134901610E+00 8.94853479352E+35 8.23943907098E-04
 1.52257993854E+12 1.81048452799E+30 1.01135381340E+00 9.00025673880E+35 8.22148068075E-04
 1.53139201510E+12 1.81698875271E+30 1.01135860027E+00 9.05227763353E+35 8.20356151681E-04
 1.54025506678E+12 1.82351634406E+30 1.01136337672E+00 9.10459920563E+35 8.18568149310E-04
 1.54916938838E+12 1.83006738601E+30 1.01136814279E+00 9.15722319299E+35 8.16784052377E-04
 1.55813527638E+12 1.83664196278E+30 1.01137289849E+00 9.21015134355E+35 8.15003852315E-04
 1.56715302898E+12 1.84324015893E+30 1.01137764385E+00 9.26338541536E+35 8.13227540575E-04
 1.57622294611E+12 1.84986205932E+30 1.01138237889E+00 9.31692717662E+35 8.11455108628E-04
 1.58534532943E+12 1.85650774911E+30 1.01138710363E+00 9.37077840575E+35 8.09686547964E-04
 1.59452048234E+12 1.86317731375E+30 1.01139181810E+00 9.42494089147E+35 8.07921850091E-04
 1.60374871001E+12 1.86987083901E+30 1.01139652231E+00 9.47941643280E+35 8.06161006537E-04
 1.61303031935E+12 1.87658841099E+30 1.01140121629E+00 9.53420683919E+35 8.04404008848E-04
 1.62236561906E+12 1.88333011606E+30 1.01140590006E+00 9.58931393055E+35 8.02650848588E-04
 1.63175491963E+12 1.89009604093E+30 1.01141057365E+00 9.64473953729E+35 8.00901517341E-04
 1.64119853334E+12 1.89688627260E+30 1.01141523707E+00 9.70048550041E+35 7.99156006708E-04
 1.65069677425E+12 1.90370089841E+30 1.01141989035E+00 9.75655367154E+35 7.97414308312E-04
 1.66024995828E+12 1.91054000597E+30 1.01142453351E+00 9.81294591303E+35 7.95676413789E-04
 1.66985840316E+12 1.91740368326E+30 1.01142916658E+00 9.86966409799E+35 7.93942314799E-04
 1.67952242843E+12 1.92429201853E+30 1.01143378956E+00 9.92671011034E+35 7.92212003017E-04
 1.68924235552E+12 1.93120510037E+30 1.01143840249E+00 9.98408584491E+35 7.90485470137E-04
 1.69901850768E+12 1.93814301768E+30 1.01144300539E+00 1.00417932075E+36 7.88762707873E-04
 1.70885121006E+12 1.94510585968E+30 1.01144759828E+00 1.00998341148E+36 7.87043707955E-04
 1.71874078968E+12 1.95209371592E+30 1.01145218118E+00 1.01582104948E+36 7.85328462133E-04
 1.72868757544E+12 1.95910667627E+30 1.01145675411E+00 1.02169242864E+36 7.83616962175E-04
 1.73869189816E+12 1.96614483090E+30 1.01146131710E+00 1.02759774399E+36 7.81909199866E-04
 1.74875409054E+12 1.97320827033E+30 1.01146587017E+00 1.03353719168E+36 7.80205167010E-04
 1.75887448725E+12 1.98029708540E+30 1.01147041333E+00 1.03951096899E+36 7.78504855430E-04
 1.76905342486E+12 1.98741136727E+30 1.01147494661E+00 1.04551927433E+36 7.76808256966E-04
 1.77929124189E+12 1.99455120743E+30 1.01147947003E+00 1.05156230729E+36 7.75115363476E-04
 1.78958827884E+12 2.00171669769E+30 1.01148398362E+00 1.05764026859E+36 7.73426166836E-04
 1.79994487815E+12 2.00890793021E+30 1.01148848738E+00 1.06375336010E+36 7.71740658940E-04
 1.81036138426E+12 2.01612499748E+30 1.01149298136E+00 1.06990178488E+36 7.70058831701E-04
 1.82083814358E+12 2.02336799229E+30 1.01149746556E+00 1.07608574715E+36 7.68380677049E-04
 1.83137550456E+12 2.03063700779E+30 1.01150194000E+00 1.08230545232E+36 7.66706186931E-04
 1.84197381762E+12 2.03793213747E+30 1.01150640472E+00 1.08856110698E+36 7.65035353313E-04
 1.85263343523E+12 2.04525347515E+30 1.01151085973E+00 1.09485291892E+36 7.63368168178E-04
 1.86335471191E+12 2.05260111496E+30 1.01151530504E+00 1.10118109711E+36 7.61704623528E-04
 1.87413800420E+12 2.05997515141E+30 1.01151974069E+00 1.10754585176E+36 7.60044711381E-04
 1.88498367072E+12 2.06737567933E+30 1.01152416669E+00 1.11394739428E+36 7.58388423774E-04
 1.89589207216E+12 2.07480279389E+30 1.01152858307E+00 1.12038593729E+36 7.56735752760E-04
 1.90686357130E+12 2.08225659060E+30 1.01153298984E+00 1.12686169466E+36 7.55086690411E-04
 1.91789853301E+12 2.08973716531E+30 1.01153738703E+00 1.13337488148E+36 7.53441228817E-04
 1.92899732427E+12 2.09724461424E+30 1.01154177466E+00 1.13992571410E+36 7.51799360084E-04
 1.94016031418E+12 2.10477903392E+30 1.01154615274E+00 1.14651441010E+36 7.50161076335E-04
 1.95138787398E+12 2.11234052125E+30 1.01155052130E+00 1.15314118833E+36 7.48526369713E-04
 1.96268037706E+12 2.11992917346E+30 1.01155488036E+00 1.15980626891E+36 7.46895232375E-04
 1.97403819896E+12 2.12754508816E+30 1.01155922994E+00 1.16650987322E+36 7.45267656499E-04
 1.98546171739E+12 2.13518836328E+30 1.01156357006E+00 1.17325222392E+36 7.43643634277E-04
 1.99695131226E+12 2.14285909712E+30 1.01156790074E+00 1.18003354496E+36 7.42023157920E-04
 2.00850736565E+12 2.15055738832E+30 1.01157222200E+00 1.18685406160E+36 7.40406219656E-04
 2.02013026186E+12 2.15828333587E+30 1.01157653387E+00 1.19371400037E+36 7.38792811729E-04
 2.03182038744E+12 2.16603703915E+30 1.01158083635E+00 1.20061358915E+36 7.37182926403E-04
 2.04357813112E+12 2.17381859786E+30 1.01158512948E+00 1.20755305709E+36 7.35576555955E-04
 2.05540388393E+12 2.18162811208E+30 1.01158941327E+00 1.21453263471E+36 7.33973692683E-04
 2.06729803913E+12 2.18946568222E+30 1.01159368775E+00 1.22155255383E+36 7.32374328900E-04
 2.07926099226E+12 2.19733140910E+30 1.01159795293E+00 1.22861304762E+36 7.30778456935E-04
 2.09129314115E+12 2.20522539385E+30 1.01160220884E+00 1.23571435060E+36 7.29186069137E-04
 2.10339488594E+12 2.21314773800E+30 1.01160645548E+00 1.24285669865E+36 7.27597157868E-04
 2.11556662905E+12 2.22109854344E+30 1.01161069290E+00 1.25004032900E+36 7.26011715511E-04
 2.12780877527E+12 2.22907791240E+30 1.01161492109E+00 1.25726548026E+36 7.24429734463E-04
 2.14012173170E+12 2.23708594750E+30 1.01161914009E+00 1.26453239243E+36 7.22851207137E-04
 2.15250590781E+12 2.24512275173E+30 1.01162334992E+00 1.27184130688E+36 7.21276125967E-04
 2.16496171541E+12 2.25318842844E+30 1.01162755059E+00 1.27919246637E+36 7.19704483399E-04
 2.17748956874E+12 2.26128308136E+30 1.01163174212E+00 1.28658611508E+36 7.18136271898E-04
 2.19008988439E+12 2.26940681458E+30 1.01163592454E+00 1.29402249859E+36 7.16571483947E-04
 2.20276308137E+12 2.27755973258E+30 1.01164009786E+00 1.30150186392E+36 7.15010112041E-04
 2.21550958113E+12 2.28574194021E+30 1.01164426211E+00 1.30902445949E+36 7.13452148697E-04
 2.22832980754E+12 2.29395354268E+30 1.01164841730E+00 1.31659053517E+36 7.11897586445E-04
 2.24122418692E+12 2.30219464560E+30 1.01165256345E+00 1.32420034227E+36 7.10346417833E-04
 2.25419314807E+12 2.31046535495E+30 1.01165670059E+00 1.33185413356E+36 7.08798635424E-04
 2.26723712224E+12 2.31876577709E+30 1.01166082872E+00 1.33955216326E+36 7.07254231798E-04
 2.28035654321E+12 2.32709601878E+30 1.01166494788E+00 1.34729468706E+36 7.05713199554E-04
 2.29355184724E+12 2.33545618712E+30 1.01166905809E+00 1.35508196215E+36 7.04175531303E-04
 2.30682347313E+12 2.34384638965E+30 1.01167315935E+00 1.36291424718E+36 7.02641219675E-04
 2.32017186220E+12 2.35226673425E+30 1.01167725169E+00 1.37079180230E+36 7.01110257316E-04
 2.33359745833E+12 2.36071732921E+30 1.01168133513E+00 1.37871488918E+36 6.99582636888E-04
 2.34710070797E+12 2.36919828321E+30 1.01168540969E+00 1.38668377098E+36 6.98058351068E-04
 2.36068206015E+12 2.37770970532E+30 1.01168947540E+00 1.39469871239E+36 6.96537392551E-04
 2.37434196649E+12 2.38625170499E+30 1.01169353225E+00 1.40275997964E+36 6.95019754048E-04
 2.38808088123E+12 2.39482439206E+30 1.01169758029E+00 1.41086784049E+36 6.93505428284E-04
 2.40189926123E+12 2.40342787680E+30 1.01170161952E+00 1.41902256425E+36 6.91994408002E-04
 2.41579756599E+12 2.41206226984E+30 1.01170564997E+00 1.42722442177E+36 6.90486685961E-04
 2.42977625767E+12 2.42072768221E+30 1.01170967165E+00 1.43547368549E+36 6.88982254936E-04
 2.44383580109E+12 2.42942422537E+30 1.01171368458E+00 1.44377062942E+36 6.87481107716E-04
 2.45797666379E+12 2.43815201113E+30 1.01171768879E+00 1.45211552914E+36 6.85983237107E-04
 2.47219931598E+12 2.44691115175E+30 1.01172168429E+00 1.46050866183E+36 6.84488635933E-04
 2.48650423059E+12 2.45570175987E+30 1.01172567110E+00 1.46895030628E+36 6.82997297032E-04
 2.50089188332E+12 2.46452394854E+30 1.01172964924E+00 1.47744074288E+36 6.81509213256E-04
 2.51536275256E+12 2.47337783121E+30 1.01173361872E+00 1.48598025366E+36 6.80024377476E-04
 2.52991731953E+12 2.48226352174E+30 1.01173757958E+00 1.49456912224E+36 6.78542782577E-04
 2.54455606819E+12 2.49118113440E+30 1.01174153182E+00 1.50320763392E+36 6.77064421460E-04
 2.55927948531E+12 2.50013078388E+30 1.01174547546E+00 1.51189607564E+36 6.75589287042E-04
 2.57408806048E+12 2.50911258526E+30 1.01174941053E+00 1.52063473597E+36 6.74117372254E-04
 2.58898228610E+12 2.51812665406E+30 1.01175333704E+00 1.52942390520E+36 6.72648670046E-04
 2.60396265745E+12 2.52717310619E+30 1.01175725501E+00 1.53826387524E+36 6.71183173380E-04
 2.61902967265E+12 2.53625205800E+30 1.01176116446E+00 1.54715493974E+36 6.69720875236E-04
 2.63418383270E+12 2.54536362624E+30 1.01176506540E+00 1.55609739400E+36 6.68261768608E-04
 2.64942564151E+12 2.55450792809E+30 1.01176895786E+00 1.56509153507E+36 6.66805846505E-04
 2.66475561738E+12 2.56992750182E+30 1.01177548057E+00 1.57413766168E+36 1.45448937320E-03
 2.68017432245E+12 2.59010397347E+30 1.01178397066E+00 1.58323607431E+36 1.45747215835E-03
 2.69568227688E+12 2.61043885036E+30 1.01179247823E+00 1.59238707517E+36 1.46046103531E-03
 2.71127999757E+12 2.63093337615E+30 1.01180100332E+00 1.60159096821E+36 1.46345601639E-03
 2.72696800437E+12 2.65158880422E+30 1.01180954596E+00 1.61084805916E+36 1.46645711398E-03
 2.74274682018E+12 2.67240639783E+30 1.01181810620E+00 1.62015865549E+36 1.46946434045E-03
 2.75861697092E+12 2.69338743012E+30 1.01182668406E+00 1.62952306645E+36 1.47247770821E-03
 2.77457898555E+12 2.71453318426E+30 1.01183527959E+00 1.63894160309E+36 1.47549722971E-03
 2.79063339610E+12 2.73584495348E+30 1.01184389281E+00 1.64841457826E+36 1.47852291741E-03
 2.80678073769E+12 2.75732404116E+30 1.01185252378E+00 1.65794230661E+36 1.48155478379E-03
 2.82302154853E+12 2.77897176091E+30 1.01186117251E+00 1.66752510460E+36 1.48459284135E-03
 2.83935636995E+12 2.80078943666E+30 1.01186983905E+00 1.67716329054E+36 1.48763710265E-03
 2.85578574643E+12 2.82277840274E+30 1.01187852344E+00 1.68685718456E+36 1.49068758024E-03
 2.87231022560E+12 2.84494000394E+30 1.01188722571E+00 1.69660710865E+36 1.49374428670E-03
 2.88893035826E+12 2.86727559562E+30 1.01189594590E+00 1.70641338667E+36 1.49680723465E-03
 2.90564669840E+12 2.88978654377E+30 1.01190468405E+00 1.71627634433E+36 1.49987643672E-03
 2.92245980323E+12 2.91247422513E+30 1.01191344019E+00 1.72619630924E+36 1.50295190558E-03
 2.93937023318E+12 2.93534002721E+30 1.01192221436E+00 1.73617361090E+36 1.50603365391E-03
 2.95637855193E+12 2.95838534845E+30 1.01193100659E+00 1.74620858071E+36 1.50912169442E-03
 2.97348532644E+12 2.98161159824E+30 1.01193981694E+00 1.75630155199E+36 1.51221603984E-03
 2.99069112694E+12 3.00502019705E+30 1.01194864542E+00 1.76645285998E+36 1.51531670295E-03
 3.00799652697E+12 3.02861257651E+30 1.01195749208E+00 1.77666284187E+36 1.51842369653E-03
 3.02540210340E+12 3.05239017947E+30 1.01196635696E+00 1.78693183678E+36 1.52153703339E-03
 3.04290843644E+12 3.07635446013E+30 1.01197524010E+00 1.79726018581E+36 1.52465672637E-03
 3.06051610965E+12 3.10050688407E+30 1.01198414152E+00 1.80764823203E+36 1.52778278834E-03
 3.07822570999E+12 3.12484892843E+30 1.01199306128E+00 1.81809632047E+36 1.53091523218E-03
 3.09603782783E+12 3.14938208190E+30 1.01200199940E+00 1.82860479818E+36 1.53405407081E-03
 3.11395305693E+12 3.17410784487E+30 1.01201095592E+00 1.83917401420E+36 1.53719931718E-03
 3.13197199451E+12 3.19902772954E+30 1.01201993089E+00 1.84980431959E+36 1.54035098424E-03
 3.15009524127E+12 3.22414325993E+30 1.01202892434E+00 1.86049606746E+36 1.54350908498E-03
 3.16832340136E+12 3.24945597207E+30 1.01203793631E+00 1.87124961293E+36 1.54667363244E-03
 3.18665708244E+12 3.27496741402E+30 1.01204696684E+00 1.88206531319E+36 1.54984463965E-03
 3.20509689571E+12 3.30067914602E+30 1.01205601596E+00 1.89294352749E+36 1.55302211969E-03
 3.22364345589E+12 3.32659274053E+30 1.01206508372E+00 1.90388461715E+36 1.55620608564E-03
 3.24229738128E+12 3.35270978238E+30 1.01207417014E+00 1.91488894560E+36 1.55939655063E-03
 3.26105929375E+12 3.37903186882E+30 1.01208327528E+00 1.92595687834E+36 1.56259352781E-03
 3.27992981879E+12 3.40556060967E+30 1.01209239917E+00 1.93708878301E+36 1.56579703035E-03
 3.29890958551E+12 3.43229762736E+30 1.01210154184E+00 1.94828502936E+36 1.56900707146E-03
 3.31799922666E+12 3.45924455708E+30 1.01211070334E+00 1.95954598929E+36 1.57222366436E-03
 3.33719937866E+12 3.48640304683E+30 1.01211988371E+00 1.97087203682E+36 1.57544682230E-03
 3.35651068162E+12 3.51377475758E+30 1.01212908297E+00 1.98226354816E+36 1.57867655856E-03
 3.37593377937E+12 3.54136136332E+30 1.01213830119E+00 1.99372090170E+36 1.58191288645E-03
 3.39546931945E+12 3.56916455118E+30 1.01214753838E+00 2.00524447799E+36 1.58515581930E-03
 3.41511795318E+12 3.59718602156E+30 1.01215679459E+00 2.01683465980E+36 1.58840537047E-03
 3.43488033564E+12 3.62542748819E+30 1.01216606987E+00 2.02849183209E+36 1.59166155334E-03
 3.45475712572E+12 3.65389067825E+30 1.01217536424E+00 2.04021638209E+36 1.59492438133E-03
 3.47474898610E+12 3.68257733249E+30 1.01218467775E+00 2.05200869921E+36 1.59819386787E-03
 3.49485658333E+12 3.71148920533E+30 1.01219401044E+00 2.06386917515E+36 1.60147002643E-03
 3.51508058783E+12 3.74062806495E+30 1.01220336235E+00 2.07579820387E+36 1.60475287049E-03
 3.53542167387E+12 3.76999569343E+30 1.01221273351E+00 2.08779618159E+36 1.60804241359E-03
 3.55588051966E+12 3.79959388683E+30 1.01222212397E+00 2.09986350684E+36 1.61133866926E-03
 3.57645780733E+12 3.82942445530E+30 1.01223153377E+00 2.11200058044E+36 1.61464165107E-03
 3.59715422297E+12 3.85948922324E+30 1.01224096294E+00 2.12420780553E+36 1.61795137262E-03
 3.61797045665E+12 3.88979002932E+30 1.01225041153E+00 2.13648558758E+36 1.62126784755E-03
 3.63890720242E+12 3.92032872669E+30 1.01225987957E+00 2.14883433441E+36 1.62459108950E-03
 3.65996515837E+12 3.95110718303E+30 1.01226936712E+00 2.16125445618E+36 1.62792111215E-03
 3.68114502665E+12 3.98212728067E+30 1.01227887419E+00 2.17374636545E+36 1.63125792921E-03
 3.70244751345E+12 4.01339091675E+30 1.01228840085E+00 2.18631047713E+36 1.63460155442E-03
 3.72387332908E+12 4.04490000329E+30 1.01229794712E+00 2.19894720856E+36 1.63795200153E-03
 3.74542318794E+12 4.07665646730E+30 1.01230751305E+00 2.21165697947E+36 1.64130928434E-03
 3.76709780861E+12 4.10866225095E+30 1.01231709867E+00 2.22444021202E+36 1.64467341665E-03
 3.78889791380E+12 4.14091931165E+30 1.01232670404E+00 2.23729733082E+36 1.64804441233E-03
 3.81082423044E+12 4.17342962216E+30 1.01233632918E+00 2.25022876292E+36 1.65142228522E-03
 3.83287748964E+12 4.20619517076E+30 1.01234597414E+00 2.26323493786E+36 1.65480704925E-03
 3.85505842677E+12 4.23921796130E+30 1.01235563897E+00 2.27631628763E+36 1.65819871832E-03
 3.87736778148E+12 4.27250001340E+30 1.01236532369E+00 2.28947324675E+36 1.66159730640E-03
 3.89980629767E+12 4.30604336251E+30 1.01237502836E+00 2.30270625223E+36 1.66500282746E-03
 3.92237472358E+12 4.33985006007E+30 1.01238475301E+00 2.31601574362E+36 1.66841529552E-03
 3.94507381178E+12 4.37392217363E+30 1.01239449768E+00 2.32940216300E+36 1.67183472461E-03
 3.96790431920E+12 4.40826178697E+30 1.01240426242E+00 2.34286595500E+36 1.67526112879E-03
 3.99086700716E+12 4.44287100022E+30 1.01241404727E+00 2.35640756684E+36 1.67869452217E-03
 4.01396264140E+12 4.47775193002E+30 1.01242385227E+00 2.37002744831E+36 1.68213491885E-03
 4.03719199209E+12 4.51290670959E+30 1.01243367745E+00 2.38372605181E+36 1.68558233299E-03
 4.06055583388E+12 4.54833748895E+30 1.01244352287E+00 2.39750383233E+36 1.68903677876E-03
 4.08405494589E+12 4.58404643495E+30 1.01245338856E+00 2.41136124753E+36 1.69249827038E-03
 4.10769011178E+12 4.62003573148E+30 1.01246327457E+00 2.42529875767E+36 1.69596682206E-03
 4.13146211973E+12 4.65630757956E+30 1.01247318093E+00 2.43931682572E+36 1.69944244807E-03
 4.15537176252E+12 4.69286419752E+30 1.01248310769E+00 2.45341591727E+36 1.70292516271E-03
 4.17941983749E+12 4.72970782107E+30 1.01249305489E+00 2.46759650066E+36 1.70641498028E-03
 4.20360714663E+12 4.76684070349E+30 1.01250302258E+00 2.48185904689E+36 1.70991191514E-03
 4.22793449657E+12 4.80426511574E+30 1.01251301079E+00 2.49620402970E+36 1.71341598165E-03
 4.25240269862E+12 4.84198334664E+30 1.01252301957E+00 2.51063192557E+36 1.71692719423E-03
 4.27701256880E+12 4.87999770293E+30 1.01253304895E+00 2.52514321374E+36 1.72044556729E-03
 4.30176492785E+12 4.91831050951E+30 1.01254309899E+00 2.53973837620E+36 1.72397111531E-03
 4.32666060126E+12 4.95692410949E+30 1.01255316972E+00 2.55441789775E+36 1.72750385277E-03
 4.35170041934E+12 4.99584086441E+30 1.01256326119E+00 2.56918226597E+36 1.73104379418E-03
 4.37688521718E+12 5.03506315433E+30 1.01257337344E+00 2.58403197127E+36 1.73459095409E-03
 4.40221583474E+12 5.07459337801E+30 1.01258350652E+00 2.59896750690E+36 1.73814534708E-03
 4.42769311682E+12 5.11443395302E+30 1.01259366046E+00 2.61398936894E+36 1.74170698774E-03
 4.45331791314E+12 5.15458731593E+30 1.01260383530E+00 2.62909805637E+36 1.74527589072E-03
 4.47909107835E+12 5.19505592244E+30 1.01261403110E+00 2.64429407101E+36 1.74885207067E-03
 4.50501347204E+12 5.23584224752E+30 1.01262424790E+00 2.65957791763E+36 1.75243554228E-03
 4.53108595879E+12 5.27694878558E+30 1.01263448573E+00 2.67495010388E+36 1.75602632028E-03
 4.55730940821E+12 5.31837805060E+30 1.01264474464E+00 2.69041114036E+36 1.75962441940E-03
 4.58368469492E+12 5.36013257630E+30 1.01265502468E+00 2.70596154062E+36 1.76322985443E-03
 4.61021269864E+12 5.40221491632E+30 1.01266532588E+00 2.72160182117E+36 1.76684264017E-03
 4.63689430417E+12 5.44462764431E+30 1.01267564830E+00 2.73733250153E+36 1.77046279146E-03
 4.66373040147E+12 5.48737335415E+30 1.01268599197E+00 2.75315410418E+36 1.77409032316E-03
 4.69072188563E+12 5.53045466007E+30 1.01269635694E+00 2.76906715466E+36 1.77772525017E-03
 4.71786965694E+12 5.57387419683E+30 1.01270674326E+00 2.78507218154E+36 1.78136758741E-03
 4.74517462093E+12 5.61763461988E+30 1.01271715096E+00 2.80116971642E+36 1.78501734984E-03
 4.77263768834E+12 5.66173860552E+30 1.01272758009E+00 2.81736029399E+36 1.78867455244E-03
 4.80025977523E+12 5.70618885105E+30 1.01273803070E+00 2.83364445205E+36 1.79233921022E-03
 4.82804180295E+12 5.75098807495E+30 1.01274850283E+00 2.85002273147E+36 1.79601133822E-03
 4.85598469821E+12 5.79613901705E+30 1.01275899652E+00 2.86649567628E+36 1.79969095152E-03
 4.88408939308E+12 5.84164443868E+30 1.01276951182E+00 2.88306383363E+36 1.80337806521E-03
 4.91235682505E+12 5.88750712286E+30 1.01278004877E+00 2.89972775384E+36 1.80707269444E-03
 4.94078793701E+12 5.93372987446E+30 1.01279060742E+00 2.91648799043E+36 1.81077485435E-03
 4.96938367737E+12 5.98031552035E+30 1.01280118781E+00 2.93334510008E+36 1.81448456014E-03
 4.99814500000E+12 6.02726690962E+30 1.01281178999E+00 2.95029964272E+36 1.81820182704E-03
 5.02707286433E+12 6.07458691372E+30 1.01282241400E+00 2.96735218151E+36 1.82192667029E-03
 5.05616823532E+12 6.12227842663E+30 1.01283305988E+00 2.98450328285E+36 1.82565910518E-03
 5.08543208356E+12 6.17034436506E+30 1.01284372769E+00 3.00175351644E+36 1.82939914701E-03
 5.11486538526E+12 6.21878766863E+30 1.01285441746E+00 3.01910345525E+36 1.83314681113E-03
 5.14446912227E+12 6.26761130003E+30 1.01286512925E+00 3.03655367558E+36 1.83690211291E-03
 5.17424428216E+12 6.31681824521E+30 1.01287586309E+00 3.05410475703E+36 1.84066506776E-03
 5.20419185822E+12 6.36641151355E+30 1.01288661904E+00 3.07175728258E+36 1.84443569110E-03
 5.23431284949E+12 6.41639413808E+30 1.01289739713E+00 3.08951183858E+36 1.84821399841E-03
 5.26460826082E+12 6.46676917563E+30 1.01290819742E+00 3.10736901474E+36 1.85200000517E-03
 5.29507910287E+12 6.51753970703E+30 1.01291901994E+00 3.12532940422E+36 1.85579372690E-03
 5.32572639219E+12 6.56870883729E+30 1.01292986475E+00 3.14339360357E+36 1.85959517917E-03
 5.35655115119E+12 6.62027969582E+30 1.01294073190E+00 3.16156221281E+36 1.86340437756E-03
 5.38755440823E+12 6.67225543656E+30 1.01295162142E+00 3.17983583543E+36 1.86722133768E-03
 5.41873719764E+12 6.72463923826E+30 1.01296253336E+00 3.19821507838E+36 1.87104607519E-03
 5.45010055973E+12 6.77743430459E+30 1.01297346777E+00 3.21670055216E+36 1.87487860576E-03
 5.48164554085E+12 6.83064386439E+30 1.01298442470E+00 3.23529287076E+36 1.87871894509E-03
 5.51337319344E+12 6.88427117184E+30 1.01299540419E+00 3.25399265175E+36 1.88256710894E-03
 5.54528457601E+12 6.93831950667E+30 1.01300640629E+00 3.27280051625E+36 1.88642311307E-03
 5.57738075323E+12 6.99279217436E+30 1.01301743104E+00 3.29171708898E+36 1.89028697328E-03
 5.60966279594E+12 7.04769250635E+30 1.01302847850E+00 3.31074299825E+36 1.89415870541E-03
 5.64213178120E+12 7.10302386022E+30 1.01303954870E+00 3.32987887604E+36 1.89803832532E-03
 5.67478879229E+12 7.15878961993E+30 1.01305064170E+00 3.34912535795E+36 1.90192584890E-03
 5.70763491881E+12 7.21499319598E+30 1.01306175754E+00 3.36848308326E+36 1.90582129209E-03
 5.74067125665E+12 7.27163802566E+30 1.01307289627E+00 3.38795269496E+36 1.90972467084E-03
 5.77389890808E+12 7.32872757327E+30 1.01308405794E+00 3.40753483974E+36 1.91363600115E-03
 5.80731898174E+12 7.38626533026E+30 1.01309524259E+00 3.42723016803E+36 1.91755529902E-03
 5.84093259271E+12 7.44425481553E+30 1.01310645027E+00 3.44703933403E+36 1.92148258053E-03
 5.87474086255E+12 7.50269957559E+30 1.01311768103E+00 3.46696299572E+36 1.92541786174E-03
 5.90874491931E+12 7.56160318480E+30 1.01312893491E+00 3.48700181486E+36 1.92936115878E-03
 5.94294589758E+12 7.62096924557E+30 1.01314021197E+00 3.50715645707E+36 1.93331248779E-03
 5.97734493856E+12 7.68080138862E+30 1.01315151225E+00 3.52742759179E+36 1.93727186496E-03
 6.01194319002E+12 7.74110327314E+30 1.01316283580E+00 3.54781589234E+36 1.94123930650E-03
 6.04674180644E+12 7.80187858707E+30 1.01317418267E+00 3.56832203594E+36 1.94521482864E-03
 6.08174194896E+12 7.86313104730E+30 1.01318555290E+00 3.58894670370E+36 1.94919844768E-03
 6.11694478548E+12 7.92486439990E+30 1.01319694654E+00 3.60969058069E+36 1.95319017990E-03
 6.15235149065E+12 7.98708242035E+30 1.01320836365E+00 3.63055435593E+36 1.95719004166E-03
 6.18796324595E+12 8.04978891378E+30 1.01321980426E+00 3.65153872243E+36 1.96119804932E-03
 6.22378123971E+12 8.11298771517E+30 1.01323126843E+00 3.67264437719E+36 1.96521421928E-03
 6.25980666716E+12 8.17668268964E+30 1.01324275621E+00 3.69387202125E+36 1.96923856800E-03
 6.29604073045E+12 8.24087773262E+30 1.01325426765E+00 3.71522235971E+36 1.97327111192E-03
 6.33248463872E+12 8.30557677016E+30 1.01326580279E+00 3.73669610173E+36 1.97731186756E-03
 6.36913960810E+12 8.37078375911E+30 1.01327736168E+00 3.75829396057E+36 1.98136085145E-03
 6.40600686179E+12 8.43650268739E+30 1.01328894437E+00 3.78001665361E+36 1.98541808015E-03
 6.44308763009E+12 8.50273757423E+30 1.01330055091E+00 3.80186490241E+36 1.98948357026E-03
 6.48038315044E+12 8.56949247042E+30 1.01331218135E+00 3.82383943265E+36 1.99355733841E-03
 6.51789466743E+12 8.63677145853E+30 1.01332383574E+00 3.84594097423E+36 1.99763940127E-03
 6.55562343291E+12 8.70457865322E+30 1.01333551413E+00 3.86817026129E+36 2.00172977554E-03
 6.59357070596E+12 8.77291820143E+30 1.01334721657E+00 3.89052803216E+36 2.00582847794E-03
 6.63173775298E+12 8.84179428265E+30 1.01335894310E+00 3.91301502949E+36 2.00993552523E-03
 6.67012584771E+12 8.91121110920E+30 1.01337069378E+00 3.93563200018E+36 2.01405093421E-03
 6.70873627129E+12 8.98117292647E+30 1.01338246866E+00 3.95837969549E+36 2.01817472171E-03
 6.74757031228E+12 9.05168401318E+30 1.01339426778E+00 3.98125887099E+36 2.02230690459E-03
 6.78662926672E+12 9.12274868162E+30 1.01340609120E+00 4.00427028662E+36 2.02644749975E-03
 6.82591443817E+12 9.19437127798E+30 1.01341793897E+00 4.02741470674E+36 2.03059652411E-03
 6.86542713775E+12 9.26655618252E+30 1.01342981113E+00 4.05069290008E+36 2.03475399463E-03
 6.90516868419E+12 9.33930780993E+30 1.01344170774E+00 4.07410563986E+36 2.03891992830E-03
 6.94514040386E+12 9.41263060954E+30 1.01345362885E+00 4.09765370374E+36 2.04309434217E-03
 6.98534363085E+12 9.48652906561E+30 1.01346557450E+00 4.12133787388E+36 2.04727725327E-03
 7.02577970697E+12 9.56100769763E+30 1.01347754475E+00 4.14515893699E+36 2.05146867872E-03
 7.06644998181E+12 9.63607106054E+30 1.01348953965E+00 4.16911768427E+36 2.05566863564E-03
 7.10735581280E+12 9.71172374506E+30 1.01350155925E+00 4.19321491155E+36 2.05987714119E-03
 7.14849856525E+12 9.78797037795E+30 1.01351360360E+00 4.21745141922E+36 2.06409421256E-03
 7.18987961238E+12 9.86481562229E+30 1.01352567275E+00 4.24182801232E+36 2.06831986698E-03
 7.23150033538E+12 9.94226417777E+30 1.01353776675E+00 4.26634550054E+36 2.07255412173E-03
 7.27336212347E+12 1.00203207810E+31 1.01354988566E+00 4.29100469823E+36 2.07679699409E-03
 7.31546637390E+12 1.00989902057E+31 1.01356202952E+00 4.31580642446E+36 2.08104850139E-03
 7.35781449205E+12 1.01782772632E+31 1.01357419838E+00 4.34075150306E+36 2.08530866100E-03
 7.40040789144E+12 1.02581868024E+31 1.01358639231E+00 4.36584076257E+36 2.08957749032E-03
 7.44324799381E+12 1.03387237106E+31 1.01359861134E+00 4.39107503636E+36 2.09385500679E-03
 7.48633622914E+12 1.04198929131E+31 1.01361085553E+00 4.41645516260E+36 2.09814122786E-03
 7.52967403568E+12 1.05016993741E+31 1.01362312494E+00 4.44198198431E+36 2.10243617104E-03
 7.57326286008E+12 1.05841480967E+31 1.01363541961E+00 4.46765634938E+36 2.10673985387E-03
 7.61710415733E+12 1.06672441232E+31 1.01364773960E+00 4.49347911059E+36 2.11105229392E-03
 7.66119939090E+12 1.07509925358E+31 1.01366008496E+00 4.51945112568E+36 2.11537350878E-03
 7.70555003274E+12 1.08353984561E+31 1.01367245573E+00 4.54557325731E+36 2.11970351610E-03
 7.75015756332E+12 1.09204670464E+31 1.01368485198E+00 4.57184637316E+36 2.12404233356E-03
 7.79502347173E+12 1.10062035093E+31 1.01369727376E+00 4.59827134589E+36 2.12838997886E-03
 7.84014925569E+12 1.10926130881E+31 1.01370972112E+00 4.62484905324E+36 2.13274646975E-03
 7.88553642161E+12 1.11797010675E+31 1.01372219410E+00 4.65158037799E+36 2.13711182399E-03
 7.93118648463E+12 1.12674727737E+31 1.01373469277E+00 4.67846620805E+36 2.14148605941E-03
 7.97710096871E+12 1.13559335746E+31 1.01374721718E+00 4.70550743645E+36 2.14586919386E-03
 8.02328140662E+12 1.14450888802E+31 1.01375976737E+00 4.73270496138E+36 2.15026124520E-03
 8.06972934005E+12 1.15349441431E+31 1.01377234341E+00 4.76005968622E+36 2.15466223137E-03
 8.11644631961E+12 1.16255048586E+31 1.01378494535E+00 4.78757251958E+36 2.15907217032E-03
 8.16343390494E+12 1.17167765653E+31 1.01379757323E+00 4.81524437532E+36 2.16349108003E-03
 8.21069366471E+12 1.18087648451E+31 1.01381022712E+00 4.84307617257E+36 2.16791897852E-03
 8.25822717670E+12 1.19014753239E+31 1.01382290706E+00 4.87106883579E+36 2.17235588386E-03
 8.30603602783E+12 1.19949136715E+31 1.01383561311E+00 4.89922329477E+36 2.17680181413E-03
 8.35412181425E+12 1.20890856026E+31 1.01384834533E+00 4.92754048468E+36 2.18125678747E-03
 8.40248614137E+12 1.21839968765E+31 1.01386110377E+00 4.95602134609E+36 2.18572082204E-03
 8.45113062390E+12 1.22796532977E+31 1.01387388847E+00 4.98466682501E+36 2.19019393604E-03
 8.50005688593E+12 1.23760607163E+31 1.01388669950E+00 5.01347787293E+36 2.19467614771E-03
 8.54926656099E+12 1.24732250285E+31 1.01389953691E+00 5.04245544682E+36 2.19916747531E-03
 8.59876129206E+12 1.25711521767E+31 1.01391240076E+00 5.07160050919E+36 2.20366793716E-03
 8.64854273167E+12 1.26698481497E+31 1.01392529109E+00 5.10091402812E+36 2.20817755160E-03
 8.69861254195E+12 1.27693189837E+31 1.01393820797E+00 5.13039697726E+36 2.21269633700E-03
 8.74897239467E+12 1.28695707621E+31 1.01395115145E+00 5.16005033592E+36 2.21722431178E-03
 8.79962397128E+12 1.29706096161E+31 1.01396412158E+00 5.18987508905E+36 2.22176149440E-03
 8.85056896302E+12 1.30724417250E+31 1.01397711841E+00 5.21987222730E+36 2.22630790333E-03
 8.90180907093E+12 1.31750733166E+31 1.01399014201E+00 5.25004274705E+36 2.23086355710E-03
 8.95334600593E+12 1.32785106676E+31 1.01400319242E+00 5.28038765042E+36 2.23542847428E-03
 9.00518148885E+12 1.33827601042E+31 1.01401626971E+00 5.31090794535E+36 2.24000267345E-03
 9.05731725052E+12 1.34878280018E+31 1.01402937393E+00 5.34160464559E+36 2.24458617324E-03
 9.10975503183E+12 1.35937207864E+31 1.01404250513E+00 5.37247877074E+36 2.24917899234E-03
 9.16249658375E+12 1.37004449340E+31 1.01405566337E+00 5.40353134632E+36 2.25378114943E-03
 9.21554366742E+12 1.38080069717E+31 1.01406884870E+00 5.43476340375E+36 2.25839266326E-03
 9.26889805421E+12 1.39164134777E+31 1.01408206118E+00 5.46617598043E+36 2.26301355261E-03
 9.32256152576E+12 1.40256710819E+31 1.01409530088E+00 5.49777011974E+36 2.26764383630E-03
 9.37653587405E+12 1.41357864664E+31 1.01410856783E+00 5.52954687111E+36 2.27228353317E-03
 9.43082290147E+12 1.42467663655E+31 1.01412186210E+00 5.56150729003E+36 2.27693266211E-03
 9.48542442088E+12 1.43586175665E+31 1.01413518375E+00 5.59365243807E+36 2.28159124205E-03
 9.54034225562E+12 1.44713469100E+31 1.01414853283E+00 5.62598338297E+36 2.28625929195E-03
 9.59557823966E+12 1.45849612904E+31 1.01416190939E+00 5.65850119860E+36 2.29093683081E-03
 9.65113421760E+12 1.46994676559E+31 1.01417531350E+00 5.69120696509E+36 2.29562387766E-03
 9.70701204472E+12 1.48148730096E+31 1.01418874521E+00 5.72410176876E+36 2.30032045158E-03
 9.76321358712E+12 1.49311844095E+31 1.01420220458E+00 5.75718670225E+36 2.30502657167E-03
 9.81974072168E+12 1.50484089688E+31 1.01421569167E+00 5.79046286448E+36 2.30974225710E-03
 9.87659533622E+12 1.51665538568E+31 1.01422920653E+00 5.82393136076E+36 2.31446752703E-03
 9.93377932947E+12 1.52856262990E+31 1.01424274921E+00 5.85759330275E+36 2.31920240069E-03
 9.99129461122E+12 1.54056335776E+31 1.01425631978E+00 5.89144980856E+36 2.32394689734E-03
 1.00491431023E+13 1.55265830319E+31 1.01426991830E+00 5.92550200276E+36 2.32870103629E-03
 1.01073267348E+13 1.56484820591E+31 1.01428354482E+00 5.95975101642E+36 2.33346483686E-03
 1.01658474519E+13 1.57713381141E+31 1.01429719939E+00 5.99419798713E+36 2.33823831843E-03
 1.02247072080E+13 1.58951587106E+31 1.01431088209E+00 6.02884405907E+36 2.34302150040E-03
 1.02839079692E+13 1.60199514212E+31 1.01432459295E+00 6.06369038305E+36 2.34781440223E-03
 1.03434517125E+13 1.61457238780E+31 1.01433833205E+00 6.09873811649E+36 2.35261704341E-03
 1.04033404268E+13 1.62724837729E+31 1.01435209945E+00 6.13398842354E+36 2.35742944345E-03
 1.04635761123E+13 1.64002388583E+31 1.01436589519E+00 6.16944247506E+36 2.36225162192E-03
 1.05241607810E+13 1.65289969474E+31 1.01437971934E+00 6.20510144867E+36 2.36708359842E-03
 1.05850964564E+13 1.66587659149E+31 1.01439357195E+00 6.24096652882E+36 2.37192539259E-03
 1.06463851738E+13 1.67895536970E+31 1.01440745309E+00 6.27703890678E+36 2.37677702411E-03
 1.07080289804E+13 1.69213682925E+31 1.01442136281E+00 6.31331978072E+36 2.38163851268E-03
 1.07700299351E+13 1.70542177629E+31 1.01443530118E+00 6.34981035574E+36 2.38650987807E-03
 1.08323901091E+13 1.71881102329E+31 1.01444926824E+00 6.38651184390E+36 2.39139114007E-03
 1.08951115852E+13 1.73230538913E+31 1.01446326407E+00 6.42342546425E+36 2.39628231850E-03
 1.09581964585E+13 1.74590569908E+31 1.01447728871E+00 6.46055244292E+36 2.40118343324E-03
 1.10216468364E+13 1.75961278490E+31 1.01449134224E+00 6.49789401308E+36 2.40609450419E-03
 1.10854648383E+13 1.77342748490E+31 1.01450542470E+00 6.53545141509E+36 2.41101555130E-03
 1.11496525959E+13 1.78735064396E+31 1.01451953616E+00 6.57322589641E+36 2.41594659456E-03
 1.12142122535E+13 1.80138311358E+31 1.01453367668E+00 6.61121871176E+36 2.42088765399E-03
 1.12791459676E+13 1.81552575196E+31 1.01454784632E+00 6.64943112310E+36 2.42583874965E-03
 1.13444559075E+13 1.82977942403E+31 1.01456204513E+00 6.68786439968E+36 2.43079990165E-03
 1.14101442547E+13 1.84414500152E+31 1.01457627318E+00 6.72651981808E+36 2.43577113013E-03
 1.14762132038E+13 1.85862336299E+31 1.01459053053E+00 6.76539866226E+36 2.44075245527E-03
 1.15426649619E+13 1.87321539392E+31 1.01460481724E+00 6.80450222362E+36 2.44574389728E-03
 1.16095017488E+13 1.88792198671E+31 1.01461913336E+00 6.84383180101E+36 2.45074547643E-03
 1.16767257975E+13 1.90274404080E+31 1.01463347897E+00 6.88338870078E+36 2.45575721302E-03
 1.17443393538E+13 1.91768246267E+31 1.01464785411E+00 6.92317423683E+36 2.46077912738E-03
 1.18123446764E+13 1.93273816592E+31 1.01466225885E+00 6.96318973069E+36 2.46581123990E-03
 1.18807440374E+13 1.94791207132E+31 1.01467669326E+00 7.00343651147E+36 2.47085357098E-03
 1.19495397219E+13 1.96320510688E+31 1.01469115739E+00 7.04391591602E+36 2.47590614109E-03
 1.20187340283E+13 1.97861820789E+31 1.01470565130E+00 7.08462928887E+36 2.48096897072E-03
 1.20883292683E+13 1.99415231698E+31 1.01472017506E+00 7.12557798235E+36 2.48604208041E-03
 1.21583277672E+13 2.00980838419E+31 1.01473472873E+00 7.16676335660E+36 2.49112549074E-03
 1.22287318636E+13 2.02558736700E+31 1.01474931236E+00 7.20818677962E+36 2.49621922232E-03
 1.22995439099E+13 2.04149023043E+31 1.01476392602E+00 7.24984962731E+36 2.50132329580E-03
 1.23707662718E+13 2.05751794706E+31 1.01477856978E+00 7.29175328353E+36 2.50643773189E-03
 1.24424013291E+13 2.07367149710E+31 1.01479324368E+00 7.33389914015E+36 2.51156255133E-03
 1.25144514753E+13 2.08995186849E+31 1.01480794781E+00 7.37628859705E+36 2.51669777488E-03
 1.25869191177E+13 2.10636005689E+31 1.01482268221E+00 7.41892306224E+36 2.52184342336E-03
 1.26598066777E+13 2.12289706579E+31 1.01483744695E+00 7.46180395185E+36 2.52699951764E-03
 1.27331165906E+13 2.13956390655E+31 1.01485224210E+00 7.50493269019E+36 2.53216607861E-03
 1.28068513062E+13 2.15636159850E+31 1.01486706771E+00 7.54831070982E+36 2.53734312721E-03
 1.28810132880E+13 2.17329116893E+31 1.01488192385E+00 7.59193945156E+36 2.54253068442E-03
 1.29556050143E+13 2.19035365323E+31 1.01489681058E+00 7.63582036457E+36 2.54772877126E-03
 1.30306289774E+13 2.20755009490E+31 1.01491172796E+00 7.67995490638E+36 2.55293740879E-03
 1.31060876844E+13 2.22488154564E+31 1.01492667606E+00 7.72434454296E+36 2.55815661811E-03
 1.31819836567E+13 2.24234906540E+31 1.01494165494E+00 7.76899074873E+36 2.56338642037E-03
 1.32583194305E+13 2.25995372246E+31 1.01495666467E+00 7.81389500665E+36 2.56862683674E-03
 1.33350975567E+13 2.27769659349E+31 1.01497170530E+00 7.85905880824E+36 2.57387788846E-03
 1.34123206010E+13 2.29557876359E+31 1.01498677691E+00 7.90448365365E+36 2.57913959679E-03
 1.34899911439E+13 2.31360132640E+31 1.01500187954E+00 7.95017105168E+36 2.58441198303E-03
 1.35681117810E+13 2.33176538416E+31 1.01501701328E+00 7.99612251989E+36 2.58969506853E-03
 1.36466851231E+13 2.35007204772E+31 1.01503217818E+00 8.04233958458E+36 2.59498887469E-03
 1.37257137958E+13 2.36852243669E+31 1.01504737431E+00 8.08882378087E+36 2.60029342294E-03
 1.38052004403E+13 2.38711767946E+31 1.01506260173E+00 8.13557665278E+36 2.60560873474E-03
 1.38851477129E+13 2.40585891327E+31 1.01507786050E+00 8.18259975322E+36 2.61093483161E-03
 1.39655582855E+13 2.42474728429E+31 1.01509315069E+00 8.22989464411E+36 2.61627173511E-03
 1.40464348454E+13 2.44378394769E+31 1.01510847237E+00 8.27746289637E+36 2.62161946683E-03
 1.41277800956E+13 2.46297006773E+31 1.01512382560E+00 8.32530609001E+36 2.62697804842E-03
 1.42095967548E+13 2.48230681777E+31 1.01513921044E+00 8.37342581418E+36 2.63234750155E-03
 1.42918875572E+13 2.50179538042E+31 1.01515462696E+00 8.42182366721E+36 2.63772784796E-03
 1.43746552534E+13 2.52143694756E+31 1.01517007523E+00 8.47050125665E+36 2.64311910939E-03
 1.44579026095E+13 2.54123272042E+31 1.01518555531E+00 8.51946019938E+36 2.64852130767E-03
 1.45416324080E+13 2.56118390966E+31 1.01520106726E+00 8.56870212159E+36 2.65393446464E-03
 1.46258474473E+13 2.58129173546E+31 1.01521661116E+00 8.61822865889E+36 2.65935860220E-03
 1.47105505422E+13 2.60155742758E+31 1.01523218706E+00 8.66804145633E+36 2.66479374227E-03
 1.47957445239E+13 2.62198222541E+31 1.01524779503E+00 8.71814216848E+36 2.67023990684E-03
 1.48814322399E+13 2.64256737810E+31 1.01526343515E+00 8.76853245947E+36 2.67569711792E-03
 1.49676165543E+13 2.66331414460E+31 1.01527910747E+00 8.81921400304E+36 2.68116539757E-03
 1.50543003479E+13 2.68422379371E+31 1.01529481206E+00 8.87018848261E+36 2.68664476791E-03
 1.51414865180E+13 2.70529760425E+31 1.01531054899E+00 8.92145759134E+36 2.69213525107E-03
 1.52291779791E+13 2.72653686504E+31 1.01532631832E+00 8.97302303216E+36 2.69763686925E-03
 1.53173776624E+13 2.74794287502E+31 1.01534212013E+00 9.02488651785E+36 2.70314964468E-03
 1.54060885161E+13 2.76951694334E+31 1.01535795447E+00 9.07704977110E+36 2.70867359964E-03
 1.54953135056E+13 2.79126038942E+31 1.01537382142E+00 9.12951452453E+36 2.71420875644E-03
 1.55850556135E+13 2.81317454306E+31 1.01538972105E+00 9.18228252080E+36 2.71975513744E-03
 1.56753178397E+13 2.83526074446E+31 1.01540565341E+00 9.23535551264E+36 2.72531276506E-03
 1.57661032016E+13 2.85752034439E+31 1.01542161858E+00 9.28873526290E+36 2.73088166174E-03
 1.58574147341E+13 2.87995470418E+31 1.01543761662E+00 9.34242354461E+36 2.73646184997E-03
 1.59492554897E+13 2.90256519587E+31 1.01545364761E+00 9.39642214108E+36 2.74205335229E-03
 1.60416285387E+13 2.92535320228E+31 1.01546971160E+00 9.45073284591E+36 2.74765619127E-03
 1.61345369690E+13 2.94832011706E+31 1.01548580868E+00 9.50535746305E+36 2.75327038955E-03
 1.62279838869E+13 2.97146734484E+31 1.01550193890E+00 9.56029780690E+36 2.75889596977E-03
 1.63219724162E+13 2.99479630124E+31 1.01551810233E+00 9.61555570234E+36 2.76453295466E-03
 1.64165056992E+13 3.01830841300E+31 1.01553429905E+00 9.67113298481E+36 2.77018136697E-03
 1.65115868964E+13 3.04200511809E+31 1.01555052912E+00 9.72703150032E+36 2.77584122949E-03
 1.66072191866E+13 3.06588786575E+31 1.01556679261E+00 9.78325310560E+36 2.78151256507E-03
 1.67034057671E+13 3.08995811658E+31 1.01558308959E+00 9.83979966807E+36 2.78719539659E-03
 1.68001498538E+13 3.11421734268E+31 1.01559942013E+00 9.89667306597E+36 2.79288974699E-03
 1.68974546813E+13 3.13866702769E+31 1.01561578429E+00 9.95387518839E+36 2.79859563922E-03
 1.69953235027E+13 3.16330866690E+31 1.01563218215E+00 1.00114079353E+37 2.80431309632E-03
 1.70937595905E+13 3.18814376734E+31 1.01564861378E+00 1.00692732178E+37 2.81004214135E-03
 1.71927662358E+13 3.21317384787E+31 1.01566507924E+00 1.01274729578E+37 2.81578279741E-03
 1.72923467491E+13 3.23840043928E+31 1.01568157861E+00 1.01860090885E+37 2.82153508765E-03
 1.73925044599E+13 3.26382508437E+31 1.01569811195E+00 1.02448835542E+37 2.82729903527E-03
 1.74932427172E+13 3.28944933806E+31 1.01571467933E+00 1.03040983104E+37 2.83307466351E-03
 1.75945648893E+13 3.31527476748E+31 1.01573128083E+00 1.03636553241E+37 2.83886199566E-03
 1.76964743644E+13 3.34130295205E+31 1.01574791652E+00 1.04235565734E+37 2.84466105504E-03
 1.77989745500E+13 3.36753548360E+31 1.01576458646E+00 1.04838040480E+37 2.85047186504E-03
 1.79020688735E+13 3.39397396646E+31 1.01578129073E+00 1.05443997490E+37 2.85629444906E-03
 1.80057607825E+13 3.42062001754E+31 1.01579802939E+00 1.06053456893E+37 2.86212883059E-03
 1.81100537442E+13 3.44747526647E+31 1.01581480252E+00 1.06666438930E+37 2.86797503312E-03
 1.82149512463E+13 3.47454135566E+31 1.01583161019E+00 1.07282963964E+37 2.87383308022E-03
 1.83204567965E+13 3.50181994041E+31 1.01584845247E+00 1.07903052473E+37 2.87970299547E-03
 1.84265739230E+13 3.52931268901E+31 1.01586532943E+00 1.08526725052E+37 2.88558480254E-03
 1.85333061746E+13 3.55702128287E+31 1.01588224114E+00 1.09154002418E+37 2.89147852512E-03
 1.86406571205E+13 3.58494741659E+31 1.01589918768E+00 1.09784905406E+37 2.89738418693E-03
 1.87486303509E+13 3.61309279807E+31 1.01591616911E+00 1.10419454972E+37 2.90330181177E-03
 1.88572294765E+13 3.64145914861E+31 1.01593318550E+00 1.11057672193E+37 2.90923142345E-03
 1.89664581295E+13 3.67004820306E+31 1.01595023694E+00 1.11699578267E+37 2.91517304587E-03
 1.90763199626E+13 3.69886170984E+31 1.01596732349E+00 1.12345194517E+37 2.92112670293E-03
 1.91868186503E+13 3.72790143114E+31 1.01598444523E+00 1.12994542387E+37 2.92709241861E-03
 1.92979578879E+13 3.75716914296E+31 1.01600160221E+00 1.13647643444E+37 2.93307021691E-03
 1.94097413927E+13 3.78666663526E+31 1.01601879453E+00 1.14304519383E+37 2.93906012190E-03
 1.95221729033E+13 3.81639571203E+31 1.01603602225E+00 1.14965192022E+37 2.94506215768E-03
 1.96352561800E+13 3.84635819145E+31 1.01605328545E+00 1.15629683306E+37 2.95107634840E-03
 1.97489950051E+13 3.87655590595E+31 1.01607058419E+00 1.16298015305E+37 2.95710271826E-03
 1.98633931828E+13 3.90699070237E+31 1.01608791855E+00 1.16970210220E+37 2.96314129150E-03
 1.99784545394E+13 3.93766444203E+31 1.01610528861E+00 1.17646290378E+37 2.96919209242E-03
 2.00941829234E+13 3.96857900087E+31 1.01612269443E+00 1.18326278234E+37 2.97525514535E-03
 2.02105822059E+13 3.99973626956E+31 1.01614013610E+00 1.19010196376E+37 2.98133047467E-03
 2.03276562802E+13 4.03113815361E+31 1.01615761368E+00 1.19698067520E+37 2.98741810482E-03
 2.04454090624E+13 4.06278657350E+31 1.01617512725E+00 1.20389914514E+37 2.99351806027E-03
 2.05638444912E+13 4.09468346477E+31 1.01619267688E+00 1.21085760338E+37 2.99963036555E-03
 2.06829665284E+13 4.12683077818E+31 1.01621026265E+00 1.21785628106E+37 3.00575504524E-03
 2.08027791587E+13 4.15923047977E+31 1.01622788463E+00 1.22489541063E+37 3.01189212394E-03
 2.09232863899E+13 4.19188455106E+31 1.01624554290E+00 1.23197522592E+37 3.01804162632E-03
 2.10444922533E+13 4.22479498909E+31 1.01626323753E+00 1.23909596207E+37 3.02420357711E-03
 2.11664008034E+13 4.25796380660E+31 1.01628096860E+00 1.24625785561E+37 3.03037800105E-03
 2.12890161184E+13 4.29139303211E+31 1.01629873617E+00 1.25346114443E+37 3.03656492296E-03
 2.14123423001E+13 4.32508471010E+31 1.01631654034E+00 1.26070606778E+37 3.04276436769E-03
 2.15363834743E+13 4.35904090106E+31 1.01633438116E+00 1.26799286632E+37 3.04897636015E-03
 2.16611437907E+13 4.39326368170E+31 1.01635225872E+00 1.27532178208E+37 3.05520092528E-03
 2.17866274230E+13 4.42775514500E+31 1.01637017309E+00 1.28269305849E+37 3.06143808809E-03
 2.19128385694E+13 4.46251740039E+31 1.01638812436E+00 1.29010694039E+37 3.06768787363E-03
 2.20397814523E+13 4.49755257385E+31 1.01640611258E+00 1.29756367405E+37 3.07395030698E-03
 2.21674603186E+13 4.53286280805E+31 1.01642413785E+00 1.30506350714E+37 3.08022541329E-03
 2.22958794402E+13 4.56845026251E+31 1.01644220023E+00 1.31260668877E+37 3.08651321775E-03
 2.24250431135E+13 4.60431711366E+31 1.01646029981E+00 1.32019346950E+37 3.09281374560E-03
 2.25549556600E+13 4.64046555506E+31 1.01647843666E+00 1.32782410132E+37 3.09912702212E-03
 2.26856214264E+13 4.67689779746E+31 1.01649661085E+00 1.33549883770E+37 3.10545307266E-03
 2.28170447845E+13 4.71361606899E+31 1.01651482247E+00 1.34321793355E+37 3.11179192260E-03
 2.29492301316E+13 4.75062261524E+31 1.01653307158E+00 1.35098164527E+37 3.11814359736E-03
 2.30821818905E+13 4.78791969947E+31 1.01655135828E+00 1.35879023074E+37 3.12450812244E-03
 2.32159045100E+13 4.82550960269E+31 1.01656968263E+00 1.36664394932E+37 3.13088552336E-03
 2.33504024643E+13 4.86339462381E+31 1.01658804471E+00 1.37454306187E+37 3.13727582569E-03
 2.34856802539E+13 4.90157707979E+31 1.01660644460E+00 1.38248783078E+37 3.14367905508E-03
 2.36217424055E+13 4.94005930581E+31 1.01662488238E+00 1.39047851994E+37 3.15009523719E-03
 2.37585934718E+13 4.97884365535E+31 1.01664335813E+00 1.39851539475E+37 3.15652439774E-03
 2.38962380324E+13 5.01793250038E+31 1.01666187192E+00 1.40659872218E+37 3.16296656253E-03
 2.40346806932E+13 5.05732823148E+31 1.01668042384E+00 1.41472877071E+37 3.16942175736E-03
 2.41739260870E+13 5.09703325802E+31 1.01669901395E+00 1.42290581039E+37 3.17589000812E-03
 2.43139788735E+13 5.13705000828E+31 1.01671764235E+00 1.43113011282E+37 3.18237134072E-03
 2.44548437396E+13 5.17738092958E+31 1.01673630910E+00 1.43940195118E+37 3.18886578114E-03
 2.45965253991E+13 5.21802848849E+31 1.01675501429E+00 1.44772160022E+37 3.19537335540E-03
 2.47390285937E+13 5.25899517093E+31 1.01677375800E+00 1.45608933629E+37 3.20189408957E-03
 2.48823580924E+13 5.30028348232E+31 1.01679254031E+00 1.46450543733E+37 3.20842800978E-03
 2.50265186918E+13 5.34189594778E+31 1.01681136129E+00 1.47297018288E+37 3.21497514219E-03
 2.51715152166E+13 5.38383511224E+31 1.01683022102E+00 1.48148385411E+37 3.22153551303E-03
 2.53173525196E+13 5.42610354059E+31 1.01684911959E+00 1.49004673380E+37 3.22810914857E-03
 2.54640354816E+13 5.46870381790E+31 1.01686805708E+00 1.49865910637E+37 3.23469607512E-03
 2.56115690118E+13 5.51163854950E+31 1.01688703356E+00 1.50732125790E+37 3.24129631906E-03
 2.57599580482E+13 5.55491036119E+31 1.01690604912E+00 1.51603347609E+37 3.24790990682E-03
 2.59092075572E+13 5.59852189939E+31 1.01692510383E+00 1.52479605033E+37 3.25453686486E-03
 2.60593225343E+13 5.64247583127E+31 1.01694419778E+00 1.53360927168E+37 3.26117721971E-03
 2.62103080039E+13 5.68677484498E+31 1.01696333104E+00 1.54247343287E+37 3.26783099794E-03
 2.63621690197E+13 5.73142164974E+31 1.01698250371E+00 1.55138882833E+37 3.27449822617E-03
 2.65149106647E+13 5.77641897606E+31 1.01700171585E+00 1.56035575419E+37 3.28117893108E-03
 2.66685380515E+13 5.82176957587E+31 1.01702096756E+00 1.56937450830E+37 3.28787313940E-03
 2.68230563225E+13 5.86747622273E+31 1.01704025890E+00 1.57844539022E+37 3.29458087789E-03
 2.69784706499E+13 5.91354171196E+31 1.01705958997E+00 1.58756870124E+37 3.30130217339E-03
 2.71347862361E+13 5.95996886082E+31 1.01707896085E+00 1.59674474440E+37 3.30803705278E-03
 2.72920083135E+13 6.00676050869E+31 1.01709837161E+00 1.60597382449E+37 3.31478554298E-03
 2.74501421453E+13 6.05391951727E+31 1.01711782235E+00 1.61525624805E+37 3.32154767098E-03
 2.76091930249E+13 6.10144877068E+31 1.01713731313E+00 1.62459232342E+37 3.32832346381E-03
 2.77691662768E+13 6.14935117573E+31 1.01715684405E+00 1.63398236069E+37 3.33511294855E-03
 2.79300672564E+13 6.19762966201E+31 1.01717641519E+00 1.64342667177E+37 3.34191615233E-03
 2.80919013500E+13 6.24628718214E+31 1.01719602663E+00 1.65292557034E+37 3.34873310235E-03
 2.82546739755E+13 6.29532671191E+31 1.01721567845E+00 1.66247937193E+37 3.35556382584E-03
 2.84183905823E+13 6.34475125047E+31 1.01723537073E+00 1.67208839386E+37 3.36240835008E-03
 2.85830566513E+13 6.39456382052E+31 1.01725510357E+00 1.68175295531E+37 3.36926670244E-03
 2.87486776954E+13 6.44476746849E+31 1.01727487704E+00 1.69147337729E+37 3.37613891029E-03
 2.89152592596E+13 6.49536526473E+31 1.01729469122E+00 1.70124998268E+37 3.38302500108E-03
 2.90828069210E+13 6.54636030370E+31 1.01731454621E+00 1.71108309620E+37 3.38992500231E-03
 2.92513262892E+13 6.59775570414E+31 1.01733444208E+00 1.72097304448E+37 3.39683894153E-03
 2.94208230066E+13 6.64955460929E+31 1.01735437892E+00 1.73092015601E+37 3.40376684635E-03
 2.95913027482E+13 6.70176018705E+31 1.01737435681E+00 1.74092476120E+37 3.41070874442E-03
 2.97627712221E+13 6.75437563021E+31 1.01739437584E+00 1.75098719234E+37 3.41766466344E-03
 2.99352341695E+13 6.80740415661E+31 1.01741443609E+00 1.76110778368E+37 3.42463463118E-03
 3.01086973650E+13 6.86084900938E+31 1.01743453765E+00 1.77128687138E+37 3.43161867545E-03
 3.02831666170E+13 6.91471345708E+31 1.01745468060E+00 1.78152479353E+37 3.43861682411E-03
 3.04586477675E+13 6.96900079394E+31 1.01747486503E+00 1.79182189021E+37 3.44562910509E-03
 3.06351466925E+13 7.02371434008E+31 1.01749509102E+00 1.80217850343E+37 3.45265554635E-03
 3.08126693021E+13 7.07885744164E+31 1.01751535866E+00 1.81259497720E+37 3.45969617592E-03
 3.09912215410E+13 7.13443347106E+31 1.01753566803E+00 1.82307165750E+37 3.46675102187E-03
 3.11708093882E+13 7.19044582726E+31 1.01755601922E+00 1.83360889233E+37 3.47382011235E-03
 3.13514388577E+13 7.24689793584E+31 1.01757641232E+00 1.84420703169E+37 3.48090347552E-03
 3.15331159984E+13 7.30379324928E+31 1.01759684742E+00 1.85486642760E+37 3.48800113963E-03
 3.17158468943E+13 7.36113524717E+31 1.01761732459E+00 1.86558743412E+37 3.49511313298E-03
 3.18996376650E+13 7.41892743645E+31 1.01763784392E+00 1.87637040735E+37 3.50223948389E-03
 3.20844944656E+13 7.47717335154E+31 1.01765840551E+00 1.88721570547E+37 3.50938022078E-03
 3.22704234868E+13 7.53587655465E+31 1.01767900944E+00 1.89812368870E+37 3.51653537210E-03
 3.24574309556E+13 7.59504063595E+31 1.01769965580E+00 1.90909471935E+37 3.52370496634E-03
 3.26455231351E+13 7.65466921377E+31 1.01772034467E+00 1.92012916185E+37 3.53088903208E-03
 3.28347063249E+13 7.71476593489E+31 1.01774107614E+00 1.93122738270E+37 3.53808759792E-03
 3.30249868611E+13 7.77533447467E+31 1.01776185030E+00 1.94238975054E+37 3.54530069253E-03
 3.32163711168E+13 7.83637853738E+31 1.01778266724E+00 1.95361663614E+37 3.55252834464E-03
 3.34088655021E+13 7.89790185633E+31 1.01780352704E+00 1.96490841240E+37 3.55977058302E-03
 3.36024764644E+13 7.95990819416E+31 1.01782442979E+00 1.97626545439E+37 3.56702743650E-03
 3.37972104887E+13 8.02240134304E+31 1.01784537559E+00 1.98768813933E+37 3.57429893397E-03
 3.39930740976E+13 8.08538512493E+31 1.01786636452E+00 1.99917684665E+37 3.58158510437E-03
 3.41900738517E+13 8.14886339177E+31 1.01788739667E+00 2.01073195795E+37 3.58888597669E-03
 3.43882163498E+13 8.21284002576E+31 1.01790847213E+00 2.02235385703E+37 3.59620157999E-03
 3.45875082291E+13 8.27731893959E+31 1.01792959098E+00 2.03404292992E+37 3.60353194336E-03
 3.47879561653E+13 8.34230407663E+31 1.01795075332E+00 2.04579956490E+37 3.61087709597E-03
 3.49895668730E+13 8.40779941124E+31 1.01797195924E+00 2.05762415245E+37 3.61823706703E-03
 3.51923471059E+13 8.47380894899E+31 1.01799320882E+00 2.06951708535E+37 3.62561188581E-03
 3.53963036571E+13 8.54033672687E+31 1.01801450216E+00 2.08147875861E+37 3.63300158164E-03
 3.56014433589E+13 8.60738681357E+31 1.01803583935E+00 2.09350956957E+37 3.64040618389E-03
 3.58077730837E+13 8.67496330975E+31 1.01805722047E+00 2.10560991783E+37 3.64782572201E-03
 3.60152997437E+13 8.74307034822E+31 1.01807864562E+00 2.11778020531E+37 3.65526022548E-03
 3.62240302914E+13 8.81171209429E+31 1.01810011489E+00 2.13002083625E+37 3.66270972386E-03
 3.64339717196E+13 8.88089274592E+31 1.01812162836E+00 2.14233221724E+37 3.67017424673E-03
 3.66451310620E+13 8.95061653407E+31 1.01814318614E+00 2.15471475720E+37 3.67765382377E-03
 3.68575153931E+13 9.02088772288E+31 1.01816478830E+00 2.16716886744E+37 3.68514848469E-03
 3.70711318286E+13 9.09171061000E+31 1.01818643495E+00 2.17969496161E+37 3.69265825925E-03
 3.72859875256E+13 9.16308952681E+31 1.01820812617E+00 2.19229345579E+37 3.70018317729E-03
 3.75020896829E+13 9.23502883868E+31 1.01822986206E+00 2.20496476845E+37 3.70772326869E-03
 3.77194455410E+13 9.30753294527E+31 1.01825164270E+00 2.21770932046E+37 3.71527856338E-03
 3.79380623829E+13 9.38060628077E+31 1.01827346820E+00 2.23052753514E+37 3.72284909136E-03
 3.81579475335E+13 9.45425331421E+31 1.01829533864E+00 2.24341983827E+37 3.73043488269E-03
 3.83791083607E+13 9.52847854967E+31 1.01831725411E+00 2.25638665807E+37 3.73803596746E-03
 3.86015522752E+13 9.60328652661E+31 1.01833921471E+00 2.26942842523E+37 3.74565237586E-03
 3.88252867307E+13 9.67868182013E+31 1.01836122052E+00 2.28254557296E+37 3.75328413810E-03
 3.90503192245E+13 9.75466904124E+31 1.01838327166E+00 2.29573853694E+37 3.76093128445E-03
 3.92766572972E+13 9.83125283716E+31 1.01840536819E+00 2.30900775539E+37 3.76859384526E-03
 3.95043085336E+13 9.90843789159E+31 1.01842751023E+00 2.32235366905E+37 3.77627185092E-03
 3.97332805625E+13 9.98622892501E+31 1.01844969787E+00 2.33577672122E+37 3.78396533187E-03
 3.99635810571E+13 1.00646306950E+32 1.01847193119E+00 2.34927735776E+37 3.79167431863E-03
 4.01952177352E+13 1.01436479963E+32 1.01849421029E+00 2.36285602708E+37 3.79939884176E-03
 4.04281983598E+13 1.02232856616E+32 1.01851653527E+00 2.37651318023E+37 3.80713893188E-03
 4.06625307387E+13 1.03035485613E+32 1.01853890621E+00 2.39024927083E+37 3.81489461967E-03
 4.08982227253E+13 1.03844416041E+32 1.01856132323E+00 2.40406475514E+37 3.82266593587E-03
 4.11352822189E+13 1.04659697372E+32 1.01858378640E+00 2.41796009203E+37 3.83045291128E-03
 4.13737171645E+13 1.05481379469E+32 1.01860629583E+00 2.43193574307E+37 3.83825557674E-03
 4.16135355534E+13 1.06309512581E+32 1.01862885161E+00 2.44599217245E+37 3.84607396317E-03
 4.18547454235E+13 1.07144147358E+32 1.01865145384E+00 2.46012984708E+37 3.85390810154E-03
 4.20973548595E+13 1.07985334843E+32 1.01867410260E+00 2.47434923654E+37 3.86175802287E-03
 4.23413719930E+13 1.08833126481E+32 1.01869679801E+00 2.48865081314E+37 3.86962375825E-03
 4.25868050031E+13 1.09687574122E+32 1.01871954014E+00 2.50303505192E+37 3.87750533882E-03
 4.28336621165E+13 1.10548730021E+32 1.01874232911E+00 2.51750243065E+37 3.88540279579E-03
 4.30819516076E+13 1.11416646846E+32 1.01876516500E+00 2.53205342989E+37 3.89331616042E-03
 4.33316817992E+13 1.12291377675E+32 1.01878804792E+00 2.54668853295E+37 3.90124546401E-03
 4.35828610625E+13 1.13172976007E+32 1.01881097795E+00 2.56140822594E+37 3.90919073797E-03
 4.38354978172E+13 1.14061495757E+32 1.01883395520E+00 2.57621299780E+37 3.91715201371E-03
 4.40896005324E+13 1.14956991266E+32 1.01885697977E+00 2.59110334028E+37 3.92512932273E-03
 4.43451777261E+13 1.15859517299E+32 1.01888005174E+00 2.60607974795E+37 3.93312269659E-03
 4.46022379662E+13 1.16769129054E+32 1.01890317123E+00 2.62114271828E+37 3.94113216691E-03
 4.48607898703E+13 1.17685882161E+32 1.01892633832E+00 2.63629275160E+37 3.94915776535E-03
 4.51208421063E+13 1.18609832686E+32 1.01894955311E+00 2.65153035111E+37 3.95719952365E-03
 4.53824033924E+13 1.19541037136E+32 1.01897281571E+00 2.66685602295E+37 3.96525747360E-03
 4.56454824977E+13 1.20479552462E+32 1.01899612621E+00 2.68227027618E+37 3.97333164705E-03
 4.59100882422E+13 1.21425436061E+32 1.01901948471E+00 2.69777362277E+37 3.98142207591E-03
 4.61762294975E+13 1.22378745781E+32 1.01904289131E+00 2.71336657770E+37 3.98952879215E-03
 4.64439151866E+13 1.23339539925E+32 1.01906634611E+00 2.72904965888E+37 3.99765182781E-03
 4.67131542846E+13 1.24307877253E+32 1.01908984920E+00 2.74482338725E+37 4.00579121497E-03
 4.69839558188E+13 1.25283816987E+32 1.01911340069E+00 2.76068828673E+37 4.01394698577E-03
 4.72563288690E+13 1.26267418812E+32 1.01913700067E+00 2.77664488430E+37 4.02211917244E-03
 4.75302825679E+13 1.27258742884E+32 1.01916064925E+00 2.79269370995E+37 4.03030780725E-03
 4.78058261015E+13 1.28257849830E+32 1.01918434653E+00 2.80883529677E+37 4.03851292251E-03
 4.80829687092E+13 1.29264800753E+32 1.01920809261E+00 2.82507018090E+37 4.04673455063E-03
 4.83617196841E+13 1.30279657236E+32 1.01923188758E+00 2.84139890160E+37 4.05497272406E-03
 4.86420883735E+13 1.31302481347E+32 1.01925573154E+00 2.85782200123E+37 4.06322747530E-03
 4.89240841792E+13 1.32333335637E+32 1.01927962461E+00 2.87434002531E+37 4.07149883694E-03
 4.92077165576E+13 1.33372283153E+32 1.01930356688E+00 2.89095352248E+37 4.07978684159E-03
 4.94929950203E+13 1.34419387434E+32 1.01932755844E+00 2.90766304458E+37 4.08809152197E-03
 4.97799291342E+13 1.35474712519E+32 1.01935159941E+00 2.92446914662E+37 4.09641291082E-03
 5.00685285219E+13 1.36538322950E+32 1.01937568988E+00 2.94137238683E+37 4.10475104096E-03
 5.03588028620E+13 1.37610283773E+32 1.01939982996E+00 2.95837332667E+37 4.11310594527E-03
 5.06507618897E+13 1.38690660549E+32 1.01942401975E+00 2.97547253082E+37 4.12147765669E-03
 5.09444153967E+13 1.39779519351E+32 1.01944825935E+00 2.99267056725E+37 4.12986620822E-03
 5.12397732315E+13 1.40876926771E+32 1.01947254886E+00 3.00996800721E+37 4.13827163291E-03
 5.15368453005E+13 1.41982949924E+32 1.01949688838E+00 3.02736542524E+37 4.14669396390E-03
 5.18356415673E+13 1.43097656452E+32 1.01952127803E+00 3.04486339921E+37 4.15513323437E-03
 5.21361720538E+13 1.44221114529E+32 1.01954571790E+00 3.06246251032E+37 4.16358947757E-03
 5.24384468401E+13 1.45353392862E+32 1.01957020809E+00 3.08016334314E+37 4.17206272680E-03
 5.27424760651E+13 1.46494560700E+32 1.01959474871E+00 3.09796648561E+37 4.18055301543E-03
 5.30482699268E+13 1.47644687833E+32 1.01961933987E+00 3.11587252909E+37 4.18906037691E-03
 5.33558386825E+13 1.48803844601E+32 1.01964398166E+00 3.13388206832E+37 4.19758484472E-03
 5.36651926493E+13 1.49972101896E+32 1.01966867419E+00 3.15199570151E+37 4.20612645242E-03
 5.39763422043E+13 1.51149531166E+32 1.01969341757E+00 3.17021403031E+37 4.21468523363E-03
 5.42892977850E+13 1.52336204419E+32 1.01971821190E+00 3.18853765987E+37 4.22326122204E-03
 5.46040698900E+13 1.53532194231E+32 1.01974305728E+00 3.20696719880E+37 4.23185445138E-03
 5.49206690788E+13 1.54737573745E+32 1.01976795382E+00 3.22550325926E+37 4.24046495548E-03
 5.52391059723E+13 1.55952416681E+32 1.01979290163E+00 3.24414645693E+37 4.24909276819E-03
 5.55593912536E+13 1.57176797334E+32 1.01981790082E+00 3.26289741107E+37 4.25773792345E-03
 5.58815356676E+13 1.58410790586E+32 1.01984295147E+00 3.28175674450E+37 4.26640045527E-03
 5.62055500223E+13 1.59654471904E+32 1.01986805372E+00 3.30072508363E+37 4.27508039769E-03
 5.65314451882E+13 1.60907917351E+32 1.01989320765E+00 3.31980305853E+37 4.28377778484E-03
 5.68592320994E+13 1.62171203584E+32 1.01991841337E+00 3.33899130287E+37 4.29249265090E-03
 5.71889217535E+13 1.63444407863E+32 1.01994367100E+00 3.35829045401E+37 4.30122503014E-03
 5.75205252123E+13 1.64727608053E+32 1.01996898064E+00 3.37770115298E+37 4.30997495686E-03
 5.78540536021E+13 1.66020882635E+32 1.01999434240E+00 3.39722404451E+37 4.31874246543E-03
 5.81895181138E+13 1.67324310700E+32 1.02001975638E+00 3.41685977709E+37 4.32752759030E-03
 5.85269300037E+13 1.68637971964E+32 1.02004522269E+00 3.43660900291E+37 4.33633036597E-03
 5.88663005934E+13 1.69961946768E+32 1.02007074143E+00 3.45647237796E+37 4.34515082702E-03
 5.92076412709E+13 1.71296316082E+32 1.02009631273E+00 3.47645056202E+37 4.35398900806E-03
 5.95509634902E+13 1.72641161516E+32 1.02012193668E+00 3.49654421868E+37 4.36284494381E-03
 5.98962787720E+13 1.73996565315E+32 1.02014761340E+00 3.51675401536E+37 4.37171866902E-03
 6.02435987043E+13 1.75362610375E+32 1.02017334298E+00 3.53708062334E+37 4.38061021852E-03
 6.05929349427E+13 1.76739380238E+32 1.02019912555E+00 3.55752471778E+37 4.38951962719E-03
 6.09442992103E+13 1.78126959106E+32 1.02022496121E+00 3.57808697775E+37 4.39844692999E-03
 6.12977032990E+13 1.79525431840E+32 1.02025085007E+00 3.59876808623E+37 4.40739216194E-03
 6.16531590690E+13 1.80934883968E+32 1.02027679223E+00 3.61956873017E+37 4.41635535813E-03
 6.20106784498E+13 1.82355401688E+32 1.02030278782E+00 3.64048960047E+37 4.42533655369E-03
 6.23702734405E+13 1.83787071877E+32 1.02032883693E+00 3.66153139203E+37 4.43433578386E-03
 6.27319561098E+13 1.85229982092E+32 1.02035493969E+00 3.68269480377E+37 4.44335308389E-03
 6.30957385971E+13 1.86684220579E+32 1.02038109619E+00 3.70398053864E+37 4.45238848915E-03
 6.34616331122E+13 1.88149876276E+32 1.02040730656E+00 3.72538930367E+37 4.46144203503E-03
 6.38296519363E+13 1.89627038819E+32 1.02043357089E+00 3.74692180995E+37 4.47051375702E-03
 6.41998074220E+13 1.91115798549E+32 1.02045988931E+00 3.76857877272E+37 4.47960369065E-03
 6.45721119940E+13 1.92616246514E+32 1.02048626192E+00 3.79036091131E+37 4.48871187153E-03
 6.49465781492E+13 1.94128474479E+32 1.02051268883E+00 3.81226894923E+37 4.49783833533E-03
 6.53232184576E+13 1.95652574928E+32 1.02053917017E+00 3.83430361418E+37 4.50698311779E-03
 6.57020455623E+13 1.97188641073E+32 1.02056570603E+00 3.85646563805E+37 4.51614625471E-03
 6.60830721801E+13 1.98736766856E+32 1.02059229653E+00 3.87875575697E+37 4.52532778196E-03
 6.64663111018E+13 2.00297046957E+32 1.02061894179E+00 3.90117471132E+37 4.53452773547E-03
 6.68517751929E+13 2.01869576799E+32 1.02064564191E+00 3.92372324575E+37 4.54374615126E-03
 6.72394773938E+13 2.03454452555E+32 1.02067239702E+00 3.94640210924E+37 4.55298306538E-03
 6.76294307204E+13 2.05051771153E+32 1.02069920721E+00 3.96921205507E+37 4.56223851397E-03
 6.80216482644E+13 2.06661630281E+32 1.02072607262E+00 3.99215384090E+37 4.57151253323E-03
 6.84161431937E+13 2.08284128395E+32 1.02075299334E+00 4.01522822875E+37 4.58080515943E-03
 6.88129287532E+13 2.09919364723E+32 1.02077996950E+00 4.03843598505E+37 4.59011642891E-03
 6.92120182646E+13 2.11567439272E+32 1.02080700120E+00 4.06177788066E+37 4.59944637807E-03
 6.96134251276E+13 2.13228452837E+32 1.02083408857E+00 4.08525469090E+37 4.60879504337E-03
 7.00171628200E+13 2.14902507000E+32 1.02086123171E+00 4.10886719556E+37 4.61816246135E-03
 7.04232448978E+13 2.16589704143E+32 1.02088843075E+00 4.13261617896E+37 4.62754866861E-03
 7.08316849964E+13 2.18290147452E+32 1.02091568579E+00 4.15650242992E+37 4.63695370183E-03
 7.12424968305E+13 2.20003940921E+32 1.02094299695E+00 4.18052674186E+37 4.64637759774E-03
 7.16556941947E+13 2.21731189364E+32 1.02097036436E+00 4.20468991274E+37 4.65582039315E-03
 7.20712909642E+13 2.23471998415E+32 1.02099778811E+00 4.22899274517E+37 4.66528212493E-03
 7.24893010948E+13 2.25226474538E+32 1.02102526834E+00 4.25343604638E+37 4.67476283001E-03
 7.29097386240E+13 2.26994725034E+32 1.02105280515E+00 4.27802062827E+37 4.68426254542E-03
 7.33326176707E+13 2.28776858043E+32 1.02108039867E+00 4.30274730743E+37 4.69378130822E-03
 7.37579524366E+13 2.30572982559E+32 1.02110804900E+00 4.32761690518E+37 4.70331915556E-03
 7.41857572057E+13 2.32383208428E+32 1.02113575627E+00 4.35263024758E+37 4.71287612465E-03
 7.46160463457E+13 2.34207646360E+32 1.02116352060E+00 4.37778816546E+37 4.72245225278E-03
 7.50488343077E+13 2.36046407933E+32 1.02119134209E+00 4.40309149446E+37 4.73204757728E-03
 7.54841356272E+13 2.37899605602E+32 1.02121922087E+00 4.42854107504E+37 4.74166213559E-03
 7.59219649246E+13 2.39767352706E+32 1.02124715706E+00 4.45413775253E+37 4.75129596519E-03
 7.63623369053E+13 2.41649763470E+32 1.02127515078E+00 4.47988237714E+37 4.76094910362E-03
 7.68052663604E+13 2.43546953020E+32 1.02130320214E+00 4.50577580400E+37 4.77062158853E-03
 7.72507681675E+13 2.45459037384E+32 1.02133131126E+00 4.53181889317E+37 4.78031345759E-03
 7.76988572907E+13 2.47386133501E+32 1.02135947826E+00 4.55801250969E+37 4.79002474857E-03
 7.81495487816E+13 2.49328359227E+32 1.02138770326E+00 4.58435752360E+37 4.79975549931E-03
 7.86028577792E+13 2.51285833345E+32 1.02141598638E+00 4.61085480996E+37 4.80950574769E-03
 7.90587995110E+13 2.53258675570E+32 1.02144432774E+00 4.63750524890E+37 4.81927553170E-03
 7.95173892933E+13 2.55247006558E+32 1.02147272746E+00 4.66430972564E+37 4.82906488937E-03
 7.99786425317E+13 2.57250947909E+32 1.02150118566E+00 4.69126913050E+37 4.83887385881E-03
 8.04425747214E+13 2.59270622181E+32 1.02152970246E+00 4.71838435895E+37 4.84870247820E-03
 8.09092014484E+13 2.61306152893E+32 1.02155827798E+00 4.74565631165E+37 4.85855078578E-03
 8.13785383892E+13 2.63357664533E+32 1.02158691234E+00 4.77308589445E+37 4.86841881989E-03
 8.18506013118E+13 2.65425282568E+32 1.02161560566E+00 4.80067401844E+37 4.87830661889E-03
 8.23254060762E+13 2.67509133449E+32 1.02164435807E+00 4.82842159998E+37 4.88821422125E-03
 8.28029686348E+13 2.69609344619E+32 1.02167316968E+00 4.85632956073E+37 4.89814166551E-03
 8.32833050333E+13 2.71726044524E+32 1.02170204062E+00 4.88439882766E+37 4.90808899026E-03
 8.37664314106E+13 2.73859362615E+32 1.02173097101E+00 4.91263033312E+37 4.91805623416E-03
 8.42523639999E+13 2.76009429362E+32 1.02175996097E+00 4.94102501483E+37 4.92804343596E-03
 8.47411191291E+13 2.78176376260E+32 1.02178901063E+00 4.96958381595E+37 4.93805063447E-03
 8.52327132213E+13 2.80360335832E+32 1.02181812010E+00 4.99830768506E+37 4.94807786858E-03
 8.57271627953E+13 2.82561441646E+32 1.02184728951E+00 5.02719757626E+37 4.95812517722E-03
 8.62244844663E+13 2.84779828318E+32 1.02187651899E+00 5.05625444914E+37 4.96819259943E-03
 8.67246949464E+13 2.87015631517E+32 1.02190580866E+00 5.08547926884E+37 4.97828017431E-03
 8.72278110452E+13 2.89268987983E+32 1.02193515864E+00 5.11487300608E+37 4.98838794101E-03
 8.77338496704E+13 2.91540035524E+32 1.02196456905E+00 5.14443663720E+37 4.99851593877E-03
 8.82428278280E+13 2.93828913034E+32 1.02199404003E+00 5.17417114418E+37 5.00866420690E-03
 8.87547626236E+13 2.96135760495E+32 1.02202357169E+00 5.20407751465E+37 5.01883278479E-03
 8.92696712624E+13 2.98460718989E+32 1.02205316416E+00 5.23415674200E+37 5.02902171188E-03
 8.97875710499E+13 3.00803930706E+32 1.02208281757E+00 5.26440982530E+37 5.03923102770E-03
 9.03084793925E+13 3.03165538952E+32 1.02211253203E+00 5.29483776945E+37 5.04946077184E-03
 9.08324137984E+13 3.05545688157E+32 1.02214230769E+00 5.32544158512E+37 5.05971098398E-03
 9.13593918776E+13 3.07944523887E+32 1.02217214465E+00 5.35622228884E+37 5.06998170384E-03
 9.18894313431E+13 3.10362192848E+32 1.02220204306E+00 5.38718090302E+37 5.08027297124E-03
 9.24225500110E+13 3.12798842902E+32 1.02223200303E+00 5.41831845596E+37 5.09058482607E-03
 9.29587658014E+13 3.15254623067E+32 1.02226202469E+00 5.44963598192E+37 5.10091730828E-03
 9.34980967392E+13 3.17729683534E+32 1.02229210818E+00 5.48113452112E+37 5.11127045790E-03
 9.40405609540E+13 3.20224175673E+32 1.02232225360E+00 5.51281511982E+37 5.12164431503E-03
 9.45861766815E+13 3.22738252042E+32 1.02235246111E+00 5.54467883031E+37 5.13203891986E-03
 9.51349622636E+13 3.25272066395E+32 1.02238273081E+00 5.57672671096E+37 5.14245431261E-03
 9.56869361494E+13 3.27825773696E+32 1.02241306285E+00 5.60895982626E+37 5.15289053362E-03
 9.62421168954E+13 3.30399530125E+32 1.02244345734E+00 5.64137924685E+37 5.16334762328E-03
 9.68005231665E+13 3.32993493086E+32 1.02247391442E+00 5.67398604958E+37 5.17382562206E-03
 9.73621737366E+13 3.35607821220E+32 1.02250443421E+00 5.70678131749E+37 5.18432457049E-03
 9.79270874889E+13 3.38242674415E+32 1.02253501685E+00 5.73976613990E+37 5.19484450919E-03
 9.84952834169E+13 3.40898213813E+32 1.02256566247E+00 5.77294161242E+37 5.20538547885E-03
 9.90667806250E+13 3.43574601820E+32 1.02259637119E+00 5.80630883701E+37 5.21594752022E-03
 9.96415983289E+13 3.46272002119E+32 1.02262714314E+00 5.83986892197E+37 5.22653067414E-03
 1.00219755857E+14 3.48990579677E+32 1.02265797845E+00 5.87362298202E+37 5.23713498153E-03
 1.00801272649E+14 3.51730500757E+32 1.02268887727E+00 5.90757213833E+37 5.24776048336E-03
 1.01386168259E+14 3.54491932926E+32 1.02271983970E+00 5.94171751854E+37 5.25840722068E-03
 1.01974462357E+14 3.57275045068E+32 1.02275086589E+00 5.97606025681E+37 5.26907523464E-03
 1.02566174724E+14 3.60080007392E+32 1.02278195598E+00 6.01060149386E+37 5.27976456643E-03
 1.03161325259E+14 3.62906991443E+32 1.02281311007E+00 6.04534237700E+37 5.29047525733E-03
 1.03759933978E+14 3.65756170113E+32 1.02284432833E+00 6.08028406017E+37 5.30120734871E-03
 1.04362021010E+14 3.68627717653E+32 1.02287561086E+00 6.11542770399E+37 5.31196088198E-03
 1.04967606605E+14 3.71521809680E+32 1.02290695781E+00 6.15077447576E+37 5.32273589865E-03
 1.05576711131E+14 3.74438623191E+32 1.02293836931E+00 6.18632554956E+37 5.33353244031E-03
 1.06189355072E+14 3.77378336572E+32 1.02296984548E+00 6.22208210624E+37 5.34435054859E-03
 1.06805559035E+14 3.80341129609E+32 1.02300138648E+00 6.25804533347E+37 5.35519026524E-03
 1.07425343744E+14 3.83327183500E+32 1.02303299242E+00 6.29421642581E+37 5.36605163206E-03
 1.08048730048E+14 3.86336680867E+32 1.02306466344E+00 6.33059658469E+37 5.37693469092E-03
 1.08675738913E+14 3.89369805763E+32 1.02309639968E+00 6.36718701850E+37 5.38783948378E-03
 1.09306391432E+14 3.92426743689E+32 1.02312820126E+00 6.40398894263E+37 5.39876605267E-03
 1.09940708816E+14 3.95507681599E+32 1.02316006834E+00 6.44100357947E+37 5.40971443970E-03
 1.10578712405E+14 3.98612807918E+32 1.02319200103E+00 6.47823215849E+37 5.42068468705E-03
 1.11220423661E+14 4.01742312549E+32 1.02322399947E+00 6.51567591626E+37 5.43167683698E-03
 1.11865864170E+14 4.04896386885E+32 1.02325606381E+00 6.55333609650E+37 5.44269093182E-03
 1.12515055647E+14 4.08075223822E+32 1.02328819417E+00 6.59121395011E+37 5.45372701398E-03
 1.13168019931E+14 4.11279017773E+32 1.02332039069E+00 6.62931073524E+37 5.46478512594E-03
 1.13824778990E+14 4.14507964673E+32 1.02335265351E+00 6.66762771729E+37 5.47586531028E-03
 1.14485354921E+14 4.17762261999E+32 1.02338498276E+00 6.70616616899E+37 5.48696760963E-03
 1.15149769947E+14 4.21042108776E+32 1.02341737858E+00 6.74492737041E+37 5.49809206670E-03
 1.15818046425E+14 4.24347705593E+32 1.02344984111E+00 6.78391260904E+37 5.50923872429E-03
 1.16490206838E+14 4.27679254613E+32 1.02348237049E+00 6.82312317981E+37 5.52040762526E-03
 1.17166273804E+14 4.31036959586E+32 1.02351496685E+00 6.86256038510E+37 5.53159881257E-03
 1.17846270071E+14 4.34421025863E+32 1.02354763033E+00 6.90222553485E+37 5.54281232924E-03
 1.18530218520E+14 4.37831660407E+32 1.02358036107E+00 6.94211994658E+37 5.55404821837E-03
 1.19218142167E+14 4.41269071803E+32 1.02361315921E+00 6.98224494539E+37 5.56530652313E-03
 1.19910064159E+14 4.44733470277E+32 1.02364602488E+00 7.02260186407E+37 5.57658728678E-03
 1.20606007782E+14 4.48225067704E+32 1.02367895823E+00 7.06319204310E+37 5.58789055266E-03
 1.21305996457E+14 4.51744077623E+32 1.02371195940E+00 7.10401683071E+37 5.59921636417E-03
 1.22010053740E+14 4.55290715249E+32 1.02374502852E+00 7.14507758291E+37 5.61056476481E-03
 1.22718203325E+14 4.58865197486E+32 1.02377816573E+00 7.18637566358E+37 5.62193579813E-03
 1.23430469047E+14 4.62467742944E+32 1.02381137118E+00 7.22791244445E+37 5.63332950779E-03
 1.24146874877E+14 4.66098571944E+32 1.02384464500E+00 7.26968930519E+37 5.64474593750E-03
 1.24867444927E+14 4.69757906542E+32 1.02387798734E+00 7.31170763345E+37 5.65618513107E-03
 1.25592203450E+14 4.73445970534E+32 1.02391139833E+00 7.35396882490E+37 5.66764713238E-03
 1.26321174841E+14 4.77162989475E+32 1.02394487813E+00 7.39647428327E+37 5.67913198537E-03
 1.27054383637E+14 4.80909190689E+32 1.02397842686E+00 7.43922542040E+37 5.69063973409E-03
 1.27791854518E+14 4.84684803287E+32 1.02401204467E+00 7.48222365631E+37 5.70217042266E-03
 1.28533612309E+14 4.88490058176E+32 1.02404573171E+00 7.52547041921E+37 5.71372409526E-03
 1.29279681978E+14 4.92325188078E+32 1.02407948812E+00 7.56896714556E+37 5.72530079617E-03
 1.30030088643E+14 4.96190427542E+32 1.02411331404E+00 7.61271528015E+37 5.73690056974E-03
 1.30784857563E+14 5.00086012956E+32 1.02414720961E+00 7.65671627609E+37 5.74852346040E-03
 1.31544014149E+14 5.04012182568E+32 1.02418117497E+00 7.70097159491E+37 5.76016951266E-03
 1.32307583959E+14 5.07969176492E+32 1.02421521027E+00 7.74548270657E+37 5.77183877110E-03
 1.33075592700E+14 5.11957236731E+32 1.02424931566E+00 7.79025108954E+37 5.78353128040E-03
 1.33848066228E+14 5.15976607186E+32 1.02428349128E+00 7.83527823084E+37 5.79524708531E-03
 1.34625030553E+14 5.20027533672E+32 1.02431773727E+00 7.88056562606E+37 5.80698623064E-03
 1.35406511835E+14 5.24110263936E+32 1.02435205378E+00 7.92611477947E+37 5.81874876132E-03
 1.36192536386E+14 5.28225047670E+32 1.02438644095E+00 7.97192720400E+37 5.83053472233E-03
 1.36983130674E+14 5.32372136523E+32 1.02442089893E+00 8.01800442134E+37 5.84234415873E-03
 1.37778321320E+14 5.36551784124E+32 1.02445542786E+00 8.06434796198E+37 5.85417711567E-03
 1.38578135100E+14 5.40764246091E+32 1.02449002789E+00 8.11095936526E+37 5.86603363838E-03
 1.39382598949E+14 5.45009780049E+32 1.02452469917E+00 8.15784017939E+37 5.87791377218E-03
 1.40191739955E+14 5.49288645646E+32 1.02455944185E+00 8.20499196156E+37 5.88981756244E-03
 1.41005585370E+14 5.53601104569E+32 1.02459425606E+00 8.25241627795E+37 5.90174505464E-03
 1.41824162599E+14 5.57947420557E+32 1.02462914196E+00 8.30011470378E+37 5.91369629433E-03
 1.42647499213E+14 5.62327859423E+32 1.02466409970E+00 8.34808882338E+37 5.92567132713E-03
 1.43475622939E+14 5.66742689064E+32 1.02469912942E+00 8.39634023026E+37 5.93767019877E-03
 1.44308561669E+14 5.71192179483E+32 1.02473423127E+00 8.44487052711E+37 5.94969295504E-03
 1.45146343457E+14 5.75676602801E+32 1.02476940540E+00 8.49368132590E+37 5.96173964180E-03
 1.45988996522E+14 5.80196233275E+32 1.02480465196E+00 8.54277424791E+37 5.97381030503E-03
 1.46836549246E+14 5.84751347317E+32 1.02483997110E+00 8.59215092380E+37 5.98590499074E-03
 1.47689030179E+14 5.89342223508E+32 1.02487536297E+00 8.64181299364E+37 5.99802374507E-03
 1.48546468035E+14 5.93969142615E+32 1.02491082771E+00 8.69176210699E+37 6.01016661421E-03
 1.49408891698E+14 5.98632387612E+32 1.02494636548E+00 8.74199992295E+37 6.02233364445E-03
 1.50276330220E+14 6.03332243692E+32 1.02498197643E+00 8.79252811019E+37 6.03452488214E-03
 1.51148812824E+14 6.08068998289E+32 1.02501766071E+00 8.84334834705E+37 6.04674037375E-03
 1.52026368902E+14 6.12842941093E+32 1.02505341847E+00 8.89446232155E+37 6.05898016579E-03
 1.52909028018E+14 6.17654364068E+32 1.02508924985E+00 8.94587173148E+37 6.07124430487E-03
 1.53796819909E+14 6.22503561469E+32 1.02512515502E+00 8.99757828443E+37 6.08353283770E-03
 1.54689774488E+14 6.27390829864E+32 1.02516113413E+00 9.04958369788E+37 6.09584581104E-03
 1.55587921838E+14 6.32316468148E+32 1.02519718732E+00 9.10188969921E+37 6.10818327175E-03
 1.56491292223E+14 6.37280777563E+32 1.02523331474E+00 9.15449802580E+37 6.12054526678E-03
 1.57399916079E+14 6.42284061714E+32 1.02526951657E+00 9.20741042507E+37 6.13293184315E-03
 1.58313824025E+14 6.47326626592E+32 1.02530579293E+00 9.26062865455E+37 6.14534304796E-03
 1.59233046855E+14 6.52408780590E+32 1.02534214400E+00 9.31415448191E+37 6.15777892841E-03
 1.60157615544E+14 6.57530834521E+32 1.02537856991E+00 9.36798968505E+37 6.17023953177E-03
 1.61087561249E+14 6.62693101640E+32 1.02541507084E+00 9.42213605214E+37 6.18272490539E-03
 1.62022915307E+14 6.67895897659E+32 1.02545164692E+00 9.47659538168E+37 6.19523509673E-03
 1.62963709242E+14 6.73139540770E+32 1.02548829832E+00 9.53136948259E+37 6.20777015329E-03
 1.63909974758E+14 6.78424351664E+32 1.02552502519E+00 9.58646017421E+37 6.22033012268E-03
 1.64861743747E+14 6.83750653549E+32 1.02556182769E+00 9.64186928643E+37 6.23291505261E-03
 1.65819048286E+14 6.89118772169E+32 1.02559870597E+00 9.69759865968E+37 6.24552499084E-03
 1.66781920640E+14 6.94529035827E+32 1.02563566018E+00 9.75365014506E+37 6.25815998523E-03
 1.67750393263E+14 6.99981775404E+32 1.02567269050E+00 9.81002560436E+37 6.27082008373E-03
 1.68724498799E+14 7.05477324378E+32 1.02570979706E+00 9.86672691013E+37 6.28350533436E-03
 1.69704270082E+14 7.11016018844E+32 1.02574698003E+00 9.92375594573E+37 6.29621578524E-03
 1.70689740138E+14 7.16598197537E+32 1.02578423957E+00 9.98111460542E+37 6.30895148455E-03
 1.71680942186E+14 7.22224201853E+32 1.02582157582E+00 1.00388047944E+38 6.32171248059E-03
 1.72677909640E+14 7.27894375864E+32 1.02585898896E+00 1.00968284289E+38 6.33449882172E-03
 1.73680676108E+14 7.33609066347E+32 1.02589647914E+00 1.01551874362E+38 6.34731055639E-03
 1.74689275396E+14 7.39368622800E+32 1.02593404652E+00 1.02138837548E+38 6.36014773313E-03
 1.75703741507E+14 7.45173397465E+32 1.02597169126E+00 1.02729193342E+38 6.37301040056E-03
 1.76724108643E+14 7.51023745350E+32 1.02600941351E+00 1.03322961354E+38 6.38589860740E-03
 1.77750411205E+14 7.56920024251E+32 1.02604721343E+00 1.03920161307E+38 6.39881240243E-03
 1.78782683797E+14 7.62862594769E+32 1.02608509119E+00 1.04520813036E+38 6.41175183452E-03
 1.79820961223E+14 7.68851820342E+32 1.02612304695E+00 1.05124936493E+38 6.42471695265E-03
 1.80865278493E+14 7.74888067257E+32 1.02616108087E+00 1.05732551743E+38 6.43770780586E-03
 1.81915670819E+14 7.80971704677E+32 1.02619919310E+00 1.06343678970E+38 6.45072444327E-03
 1.82972173622E+14 7.87103104666E+32 1.02623738381E+00 1.06958338473E+38 6.46376691412E-03
 1.84034822527E+14 7.93282642207E+32 1.02627565316E+00 1.07576550667E+38 6.47683526771E-03
 1.85103653370E+14 7.99510695227E+32 1.02631400132E+00 1.08198336087E+38 6.48992955343E-03
 1.86178702196E+14 8.05787644620E+32 1.02635242844E+00 1.08823715386E+38 6.50304982075E-03
 1.87260005258E+14 8.12113874272E+32 1.02639093468E+00 1.09452709337E+38 6.51619611924E-03
 1.88347599025E+14 8.18489771081E+32 1.02642952022E+00 1.10085338832E+38 6.52936849856E-03
 1.89441520177E+14 8.24915724983E+32 1.02646818521E+00 1.10721624883E+38 6.54256700844E-03
 1.90541805609E+14 8.31392128977E+32 1.02650692982E+00 1.11361588626E+38 6.55579169870E-03
 1.91648492432E+14 8.37919379145E+32 1.02654575421E+00 1.12005251318E+38 6.56904261926E-03
 1.92761617974E+14 8.44497874680E+32 1.02658465854E+00 1.12652634338E+38 6.58231982011E-03
 1.93881219781E+14 8.51128017908E+32 1.02662364298E+00 1.13303759190E+38 6.59562335134E-03
 1.95007335619E+14 8.57810214316E+32 1.02666270770E+00 1.13958647500E+38 6.60895326312E-03
 1.96140003474E+14 8.64544872572E+32 1.02670185286E+00 1.14617321022E+38 6.62230960572E-03
 1.97279261556E+14 8.71332404553E+32 1.02674107863E+00 1.15279801634E+38 6.63569242947E-03
 1.98425148297E+14 8.78173225372E+32 1.02678038516E+00 1.15946111340E+38 6.64910178481E-03
 1.99577713503E+14 8.92023979732E+32 1.02685945541E+00 1.16616272273E+38 2.01401681191E-02
 2.00737064013E+14 9.13195170546E+32 1.02697970750E+00 1.17290306693E+38 2.04972852590E-02
 2.01903253252E+14 9.34868835879E+32 1.02710210619E+00 1.17968236987E+38 2.08606913405E-02
 2.03076324020E+14 9.57056901402E+32 1.02722668979E+00 1.18650085674E+38 2.12304955648E-02
 2.04256319438E+14 9.79771575828E+32 1.02735349730E+00 1.19335875401E+38 2.16068089736E-02
 2.05443282955E+14 1.00302535763E+33 1.02748256842E+00 1.20025628948E+38 2.19897444786E-02
 2.06637258357E+14 1.02683104192E+33 1.02761394357E+00 1.20719369226E+38 2.23794168907E-02
 2.07838289761E+14 1.05120172748E+33 1.02774766385E+00 1.21417119277E+38 2.27759429497E-02
 2.09046421628E+14 1.07615082398E+33 1.02788377115E+00 1.22118902278E+38 2.31794413549E-02
 2.10261698762E+14 1.10169205937E+33 1.02802230808E+00 1.22824741538E+38 2.35900327953E-02
 2.11484166315E+14 1.12783948740E+33 1.02816331799E+00 1.23534660503E+38 2.40078399808E-02
 2.12713869791E+14 1.15460749536E+33 1.02830684503E+00 1.24248682754E+38 2.44329876734E-02
 2.13950855051E+14 1.18201081204E+33 1.02845293415E+00 1.24966832006E+38 2.48656027195E-02
 2.15195168319E+14 1.21006451577E+33 1.02860163106E+00 1.25689132114E+38 2.53058140812E-02
 2.16446856181E+14 1.23878404276E+33 1.02875298234E+00 1.26415607069E+38 2.57537528699E-02
 2.17705965595E+14 1.26818519558E+33 1.02890703535E+00 1.27146281002E+38 2.62095523784E-02
 2.18972543891E+14 1.29828415185E+33 1.02906383832E+00 1.27881178182E+38 2.66733481151E-02
 2.20246638781E+14 1.32909747317E+33 1.02922344035E+00 1.28620323020E+38 2.71452778370E-02
 2.21528298358E+14 1.36064211418E+33 1.02938589139E+00 1.29363740067E+38 2.76254815845E-02
 2.22817571104E+14 1.39293543194E+33 1.02955124232E+00 1.30111454015E+38 2.81141017158E-02
 2.24114505894E+14 1.42599519546E+33 1.02971954488E+00 1.30863489702E+38 2.86112829421E-02
 2.25419152002E+14 1.45983959546E+33 1.02989085178E+00 1.31619872105E+38 2.91171723625E-02
 2.26731559105E+14 1.49448725442E+33 1.03006521663E+00 1.32380626349E+38 2.96319195006E-02
 2.28051777286E+14 1.52995723679E+33 1.03024269403E+00 1.33145777703E+38 3.01556763400E-02
 2.29379857045E+14 1.56626905949E+33 1.03042333954E+00 1.33915351581E+38 3.06885973616E-02
 2.30715849298E+14 1.60344270266E+33 1.03060720971E+00 1.34689373546E+38 3.12308395802E-02
 2.32059805388E+14 1.64149862065E+33 1.03079436211E+00 1.35467869308E+38 3.17825625820E-02
 2.33411777086E+14 1.68045775327E+33 1.03098485532E+00 1.36250864724E+38 3.23439285628E-02
 2.34771816598E+14 1.72034153729E+33 1.03117874898E+00 1.37038385802E+38 3.29151023659E-02
 2.36139976572E+14 1.76117191828E+33 1.03137610379E+00 1.37830458700E+38 3.34962515209E-02
 2.37516310105E+14 1.80297136268E+33 1.03157698154E+00 1.38627109728E+38 3.40875462826E-02
 2.38900870744E+14 1.84576287010E+33 1.03178144511E+00 1.39428365347E+38 3.46891596710E-02
 2.40293712497E+14 1.88956998606E+33 1.03198955851E+00 1.40234252171E+38 3.53012675104E-02
 2.41694889836E+14 1.93441681489E+33 1.03220138689E+00 1.41044796968E+38 3.59240484702E-02
 2.43104457707E+14 1.98032803301E+33 1.03241699658E+00 1.41860026661E+38 3.65576841051E-02
 2.44522471531E+14 2.02732890251E+33 1.03263645506E+00 1.42679968328E+38 3.72023588965E-02
 2.45948987217E+14 2.07544528504E+33 1.03285983105E+00 1.43504649204E+38 3.78582602936E-02
 2.47384061162E+14 2.12470365607E+33 1.03308719447E+00 1.44334096681E+38 3.85255787553E-02
 2.48827750265E+14 2.17513111939E+33 1.03331861651E+00 1.45168338311E+38 3.92045077923E-02
 2.50280111927E+14 2.22675542213E+33 1.03355416960E+00 1.46007401803E+38 3.98952440094E-02
 2.51741204064E+14 2.27960496991E+33 1.03379392750E+00 1.46851315027E+38 4.05979871486E-02
 2.53211085109E+14 2.33370884255E+33 1.03403796526E+00 1.47700106014E+38 4.13129401321E-02
 2.54689814023E+14 2.38909681007E+33 1.03428635928E+00 1.48553802957E+38 4.20403091059E-02
 2.56177450302E+14 2.44579934900E+33 1.03453918733E+00 1.49412434213E+38 4.27803034835E-02
 2.57674053985E+14 2.50384765923E+33 1.03479652856E+00 1.50276028301E+38 4.35331359905E-02
 2.59179685659E+14 2.56327368114E+33 1.03505846352E+00 1.51144613907E+38 4.42990227086E-02
 2.60694406470E+14 2.62411011317E+33 1.03532507422E+00 1.52018219880E+38 4.50781831205E-02
 2.62218278130E+14 2.68639042983E+33 1.03559644413E+00 1.52896875239E+38 4.58708401554E-02
 2.63751362925E+14 2.75014890010E+33 1.03587265820E+00 1.53780609168E+38 4.66772202338E-02
 2.65293723727E+14 2.81542060630E+33 1.03615380291E+00 1.54669451022E+38 4.74975533136E-02
 2.66845423995E+14 2.88224146340E+33 1.03643996626E+00 1.55563430323E+38 4.83320729360E-02
 2.68406527791E+14 2.95064823875E+33 1.03673123785E+00 1.56462576766E+38 4.91810162711E-02
 2.69977099788E+14 3.02067857236E+33 1.03702770887E+00 1.57366920216E+38 5.00446241652E-02
 2.71557205274E+14 3.09237099756E+33 1.03732947212E+00 1.58276490713E+38 5.09231411867E-02
 2.73146910169E+14 3.16576496224E+33 1.03763662207E+00 1.59191318467E+38 5.18168156731E-02
 2.74746281027E+14 3.24090085052E+33 1.03794925489E+00 1.60111433867E+38 5.27258997785E-02
 2.76355385053E+14 3.31782000502E+33 1.03826746845E+00 1.61036867472E+38 5.36506495200E-02
 2.77974290107E+14 3.39656474957E+33 1.03859136236E+00 1.61967650024E+38 5.45913248256E-02
 2.79603064718E+14 3.47717841249E+33 1.03892103803E+00 1.62903812437E+38 5.55481895816E-02
 2.81241778091E+14 3.55970535049E+33 1.03925659866E+00 1.63845385809E+38 5.65215116801E-02
 2.82890500122E+14 3.64419097299E+33 1.03959814931E+00 1.64792401412E+38 5.75115630668E-02
 2.84549301406E+14 3.73068176719E+33 1.03994579690E+00 1.65744890704E+38 5.85186197886E-02
 2.86218253247E+14 3.81922532359E+33 1.04029965026E+00 1.66702885321E+38 5.95429620418E-02
 2.87897427673E+14 3.90987036221E+33 1.04065982019E+00 1.67666417085E+38 6.05848742196E-02
 2.89586897443E+14 4.00266675936E+33 1.04102641942E+00 1.68635517999E+38 6.16446449600E-02
 2.91286736063E+14 4.09766557515E+33 1.04139956273E+00 1.69610220253E+38 6.27225671940E-02
 2.92997017796E+14 4.19491908151E+33 1.04177936694E+00 1.70590556223E+38 6.38189381931E-02
 2.94717817672E+14 4.29448079099E+33 1.04216595094E+00 1.71576558470E+38 6.49340596170E-02
 2.96449211506E+14 4.39640548622E+33 1.04255943577E+00 1.72568259745E+38 6.60682375614E-02
 2.98191275906E+14 4.50074925002E+33 1.04295994460E+00 1.73565692989E+38 6.72217826055E-02
 2.99944088288E+14 4.60756949627E+33 1.04336760283E+00 1.74568891331E+38 6.83950098593E-02
 3.01707726889E+14 4.71692500152E+33 1.04378253806E+00 1.75577888095E+38 6.95882390106E-02
 3.03482270781E+14 4.82887593729E+33 1.04420488022E+00 1.76592716794E+38 7.08017943721E-02
 3.05267799883E+14 4.94348390323E+33 1.04463476150E+00 1.77613411136E+38 7.20360049278E-02
 3.07064394981E+14 5.06081196097E+33 1.04507231650E+00 1.78640005024E+38 7.32912043797E-02
 3.08872137732E+14 5.18092466885E+33 1.04551768219E+00 1.79672532558E+38 7.45677311935E-02
 3.10691110690E+14 5.30388811743E+33 1.04597099800E+00 1.80711028034E+38 7.58659286443E-02
 3.12521397315E+14 5.42976996583E+33 1.04643240584E+00 1.81755525946E+38 7.71861448617E-02
 3.14363081989E+14 5.55863947902E+33 1.04690205017E+00 1.82806060987E+38 7.85287328747E-02
 3.16216250032E+14 5.69056756588E+33 1.04738007802E+00 1.83862668051E+38 7.98940506557E-02
 3.18080987720E+14 5.82562681822E+33 1.04786663903E+00 1.84925382236E+38 8.12824611644E-02
 3.19957382299E+14 5.96389155077E+33 1.04836188553E+00 1.85994238839E+38 8.26943323905E-02
 3.21845522003E+14 6.10543784199E+33 1.04886597256E+00 1.87069273363E+38 8.41300373964E-02
 3.23745496070E+14 6.25034357602E+33 1.04937905793E+00 1.88150521516E+38 8.55899543587E-02
 3.25657394764E+14 6.39868848547E+33 1.04990130227E+00 1.89238019213E+38 8.70744666092E-02
 3.27581309386E+14 6.55055419532E+33 1.05043286907E+00 1.90331802575E+38 8.85839626750E-02
 3.29517332297E+14 6.70602426783E+33 1.05097392475E+00 1.91431907934E+38 9.01188363176E-02
 3.31465556936E+14 6.86518424851E+33 1.05152463869E+00 1.92538371829E+38 9.16794865714E-02
 3.33426077837E+14 7.02812171320E+33 1.05208518330E+00 1.93651231013E+38 9.32663177810E-02
 3.35398990654E+14 7.19492631625E+33 1.05265573406E+00 1.94770522451E+38 9.48797396371E-02
 3.37384392174E+14 7.36568983987E+33 1.05323646960E+00 1.95896283320E+38 9.65201672123E-02
 3.39382380341E+14 7.54050624461E+33 1.05382757170E+00 1.97028551013E+38 9.81880209942E-02
 3.41393054277E+14 7.71947172106E+33 1.05442922544E+00 1.98167363139E+38 9.98837269189E-02
 3.43416514303E+14 7.90268474280E+33 1.05504161916E+00 1.99312757524E+38 1.01607716402E-01
 3.45452861962E+14 8.09024612056E+33 1.05566494458E+00 2.00464772214E+38 1.03360426368E-01
 3.47502200036E+14 8.28225905770E+33 1.05629939684E+00 2.01623445474E+38 1.05142299280E-01
 3.49564632576E+14 8.47882920701E+33 1.05694517455E+00 2.02788815789E+38 1.06953783166E-01
 3.51640264921E+14 8.68006472881E+33 1.05760247990E+00 2.03960921869E+38 1.08795331644E-01
 3.53729203723E+14 8.88607635050E+33 1.05827151866E+00 2.05139802644E+38 1.10667403946E-01
 3.55831556970E+14 9.09697742747E+33 1.05895250027E+00 2.06325497274E+38 1.12570464940E-01
 3.57947434012E+14 9.31288400545E+33 1.05964563793E+00 2.07518045141E+38 1.14504985147E-01
 3.60076945587E+14 9.53391488443E+33 1.06035114862E+00 2.08717485856E+38 1.16471440765E-01
 3.62220203845E+14 9.76019168394E+33 1.06106925323E+00 2.09923859260E+38 1.18470313679E-01
 3.64377322376E+14 9.99183891005E+33 1.06180017656E+00 2.11137205424E+38 1.20502091479E-01
 3.66548416237E+14 1.02289840238E+34 1.06254414743E+00 2.12357564649E+38 1.22567267466E-01
 3.68733601979E+14 1.04717575114E+34 1.06330139876E+00 2.13584977470E+38 1.24666340668E-01
 3.70932997677E+14 1.07202929561E+34 1.06407216760E+00 2.14819484657E+38 1.26799815842E-01
 3.73146722955E+14 1.09747271113E+34 1.06485669526E+00 2.16061127215E+38 1.28968203479E-01
 3.75374899021E+14 1.12351999765E+34 1.06565522735E+00 2.17309946386E+38 1.31172019805E-01
 3.77617648692E+14 1.15018548736E+34 1.06646801384E+00 2.18565983649E+38 1.33411786781E-01
 3.79875096431E+14 1.17748385263E+34 1.06729530921E+00 2.19829280726E+38 1.35688032099E-01
 3.82147368372E+14 1.20543011404E+34 1.06813737243E+00 2.21099879577E+38 1.38001289172E-01
 3.84434592356E+14 1.23403964869E+34 1.06899446712E+00 2.22377822406E+38 1.40352097126E-01
 3.86736897964E+14 1.26332819863E+34 1.06986686162E+00 2.23663151661E+38 1.42741000786E-01
 3.89054416551E+14 1.29331187952E+34 1.07075482903E+00 2.24955910036E+38 1.45168550659E-01
 3.91387281279E+14 1.32400718951E+34 1.07165864735E+00 2.26256140468E+38 1.47635302913E-01
 3.93735627152E+14 1.35543101834E+34 1.07257859951E+00 2.27563886148E+38 1.50141819353E-01
 3.96099591057E+14 1.38760065657E+34 1.07351497354E+00 2.28879190512E+38 1.52688667393E-01
 3.98479311793E+14 1.42053380517E+34 1.07446806255E+00 2.30202097249E+38 1.55276420026E-01
 4.00874930115E+14 1.45424858519E+34 1.07543816495E+00 2.31532650301E+38 1.57905655787E-01
 4.03286588772E+14 1.48876354777E+34 1.07642558441E+00 2.32870893862E+38 1.60576958711E-01
 4.05714432544E+14 1.52409768437E+34 1.07743063008E+00 2.34216872383E+38 1.63290918294E-01
 4.08158608281E+14 1.56027043715E+34 1.07845361658E+00 2.35570630572E+38 1.66048129442E-01
 4.10619264952E+14 1.59730170974E+34 1.07949486418E+00 2.36932213395E+38 1.68849192414E-01
 4.13096553679E+14 1.63521187813E+34 1.08055469885E+00 2.38301666077E+38 1.71694712772E-01
 4.15590627783E+14 1.67402180195E+34 1.08163345238E+00 2.39679034106E+38 1.74585301311E-01
 4.18101642829E+14 1.71375283587E+34 1.08273146250E+00 2.41064363232E+38 1.77521573998E-01
 4.20629756673E+14 1.75442684141E+34 1.08384907294E+00 2.42457699470E+38 1.80504151894E-01
 4.23175129502E+14 1.79606619895E+34 1.08498663359E+00 2.43859089100E+38 1.83533661077E-01
 4.25737923888E+14 1.83869382004E+34 1.08614450058E+00 2.45268578671E+38 1.86610732563E-01
 4.28318304833E+14 1.88233316001E+34 1.08732303638E+00 2.46686214998E+38 1.89736002209E-01
 4.30916439818E+14 1.92700823088E+34 1.08852260995E+00 2.48112045171E+38 1.92910110626E-01
 4.33532498856E+14 1.97274361455E+34 1.08974359683E+00 2.49546116549E+38 1.96133703075E-01
 4.36166654540E+14 2.01956447636E+34 1.09098637927E+00 2.50988476766E+38 1.99407429356E-01
 4.38819082100E+14 2.06749657893E+34 1.09225134634E+00 2.52439173731E+38 2.02731943704E-01
 4.41489959455E+14 2.11656629631E+34 1.09353889404E+00 2.53898255628E+38 2.06107904661E-01
 4.44179467268E+14 2.16680062851E+34 1.09484942546E+00 2.55365770924E+38 2.09535974956E-01
 4.46887789002E+14 2.21822721636E+34 1.09618335087E+00 2.56841768362E+38 2.13016821368E-01
 4.49615110982E+14 2.27087435673E+34 1.09754108788E+00 2.58326296969E+38 2.16551114589E-01
 4.52361622448E+14 2.32477101804E+34 1.09892306154E+00 2.59819406053E+38 2.20139529077E-01
 4.55127515620E+14 2.37994685629E+34 1.10032970449E+00 2.61321145211E+38 2.23782742902E-01
 4.57912985760E+14 2.43643223131E+34 1.10176145710E+00 2.62831564322E+38 2.27481437583E-01
 4.60718231233E+14 2.49425822349E+34 1.10321876760E+00 2.64350713557E+38 2.31236297923E-01
 4.63543453572E+14 2.55345665087E+34 1.10470209222E+00 2.65878643376E+38 2.35048011830E-01
 4.66388857547E+14 2.61406008668E+34 1.10621189532E+00 2.67415404528E+38 2.38917270133E-01
 4.69254651230E+14 2.67610187720E+34 1.10774864957E+00 2.68961048059E+38 2.42844766392E-01
 4.72141046066E+14 2.73961616019E+34 1.10931283606E+00 2.70515625309E+38 2.46831196695E-01
 4.75048256942E+14 2.80463788360E+34 1.11090494449E+00 2.72079187914E+38 2.50877259450E-01
 4.77976502264E+14 2.87120282484E+34 1.11252547328E+00 2.73651787808E+38 2.54983655170E-01
 4.80926004026E+14 2.93934761047E+34 1.11417492976E+00 2.75233477226E+38 2.59151086245E-01
 4.83896987890E+14 3.00910973631E+34 1.11585383030E+00 2.76824308706E+38 2.63380256709E-01
 4.86889683260E+14 3.08052758813E+34 1.11756270051E+00 2.78424335088E+38 2.67671871996E-01
 4.89904323365E+14 3.15364046274E+34 1.11930207538E+00 2.80033609517E+38 2.72026638690E-01
 4.92941145340E+14 3.22848858960E+34 1.12107249942E+00 2.81652185447E+38 2.76445264260E-01
 4.96000390307E+14 3.30511315298E+34 1.12287452689E+00 2.83280116640E+38 2.80928456793E-01
 4.99082303462E+14 3.38355631461E+34 1.12470872194E+00 2.84917457169E+38 2.85476924712E-01
 5.02187134162E+14 3.46386123689E+34 1.12657565879E+00 2.86564261419E+38 2.90091376488E-01
 5.05315136013E+14 3.54607210663E+34 1.12847592190E+00 2.88220584089E+38 2.94772520339E-01
 5.08466566963E+14 3.63023415935E+34 1.13041010616E+00 2.89886480197E+38 2.99521063924E-01
 5.11641689393E+14 3.71639370420E+34 1.13237881711E+00 2.91562005074E+38 3.04337714023E-01
 5.14840770216E+14 3.80459814942E+34 1.13438267106E+00 2.93247214376E+38 3.09223176208E-01
 5.18064080970E+14 3.89489602842E+34 1.13642229535E+00 2.94942164077E+38 3.14178154506E-01
 5.21311897924E+14 3.98733702652E+34 1.13849832850E+00 2.96646910477E+38 3.19203351050E-01
 5.24584502173E+14 4.08197200826E+34 1.14061142044E+00 2.98361510199E+38 3.24299465721E-01
 5.27881865606E+14 4.15906972368E+34 1.14232366655E+00 3.00086020195E+38 1.94321462858E-01
 5.31202324994E+14 4.21726464286E+34 1.14360820711E+00 3.01820497746E+38 1.95688078568E-01
 5.34545745059E+14 4.27627384236E+34 1.14490323615E+00 3.03565000464E+38 1.97062748670E-01
 5.37912311243E+14 4.33610871582E+34 1.14620883931E+00 3.05319586293E+38 1.98445498723E-01
 5.41302210800E+14 4.39678081632E+34 1.14752510294E+00 3.07084313514E+38 1.99836354051E-01
 5.44715632813E+14 4.45830185859E+34 1.14885211407E+00 3.08859240742E+38 2.01235339736E-01
 5.48152768216E+14 4.52068372126E+34 1.15018996047E+00 3.10644426933E+38 2.02642480615E-01
 5.51613809817E+14 4.58393844918E+34 1.15153873060E+00 3.12439931384E+38 2.04057801269E-01
 5.55098952319E+14 4.64807825575E+34 1.15289851367E+00 3.14245813733E+38 2.05481326027E-01
 5.58608392339E+14 4.71311552524E+34 1.15426939958E+00 3.16062133964E+38 2.06913078949E-01
 5.62142328434E+14 4.77906281521E+34 1.15565147900E+00 3.17888952407E+38 2.08353083832E-01
 5.65700961123E+14 4.84593285893E+34 1.15704484333E+00 3.19726329741E+38 2.09801364197E-01
 5.69284492905E+14 4.91373856786E+34 1.15844958470E+00 3.21574326995E+38 2.11257943285E-01
 5.72893128290E+14 4.98249303408E+34 1.15986579602E+00 3.23433005553E+38 2.12722844054E-01
 5.76527073814E+14 5.05220953288E+34 1.16129357093E+00 3.25302427151E+38 2.14196089170E-01
 5.80186538069E+14 5.12290152532E+34 1.16273300386E+00 3.27182653883E+38 2.15677701004E-01
 5.83871731723E+14 5.19458266077E+34 1.16418418999E+00 3.29073748203E+38 2.17167701625E-01
 5.87582867546E+14 5.26726677963E+34 1.16564722530E+00 3.30975772924E+38 2.18666112795E-01
 5.91320160435E+14 5.34096791591E+34 1.16712220653E+00 3.32888791224E+38 2.20172955963E-01
 5.95083827436E+14 5.41570030004E+34 1.16860923122E+00 3.34812866644E+38 2.21688252259E-01
 5.98874087772E+14 5.49147836153E+34 1.17010839771E+00 3.36748063094E+38 2.23212022488E-01
 6.02691162869E+14 5.56831673181E+34 1.17161980515E+00 3.38694444853E+38 2.24744287127E-01
 6.06535276378E+14 5.64623024702E+34 1.17314355347E+00 3.40652076571E+38 2.26285066315E-01
 6.10406654205E+14 5.72523395090E+34 1.17467974344E+00 3.42621023273E+38 2.27834379850E-01
 6.14305524535E+14 5.80534309770E+34 1.17622847666E+00 3.44601350357E+38 2.29392247182E-01
 6.18232117860E+14 5.88657315510E+34 1.17778985554E+00 3.46593123602E+38 2.30958687409E-01
 6.22186667006E+14 5.96893980721E+34 1.17936398333E+00 3.48596409166E+38 2.32533719269E-01
 6.26169407161E+14 6.05245895758E+34 1.18095096414E+00 3.50611273590E+38 2.34117361133E-01
 6.30180575901E+14 6.13714673232E+34 1.18255090290E+00 3.52637783798E+38 2.35709631003E-01
 6.34220413220E+14 6.22301948315E+34 1.18416390542E+00 3.54676007102E+38 2.37310546504E-01
 6.38289161560E+14 6.31009379061E+34 1.18579007837E+00 3.56726011204E+38 2.38920124878E-01
 6.42387065834E+14 6.39838646723E+34 1.18742952930E+00 3.58787864195E+38 2.40538382977E-01
 6.46514373463E+14 6.48791456079E+34 1.18908236660E+00 3.60861634561E+38 2.42165337259E-01
 6.50671334400E+14 6.57869535760E+34 1.19074869960E+00 3.62947391185E+38 2.43801003781E-01
 6.54858201164E+14 6.67074638585E+34 1.19242863847E+00 3.65045203345E+38 2.45445398194E-01
 6.59075228867E+14 6.76408541900E+34 1.19412229432E+00 3.67155140722E+38 2.47098535735E-01
 6.63322675246E+14 6.85873047917E+34 1.19582977915E+00 3.69277273399E+38 2.48760431222E-01
 6.67600800697E+14 6.95469984070E+34 1.19755120587E+00 3.71411671864E+38 2.50431099051E-01
 6.71909868303E+14 7.05201203358E+34 1.19928668832E+00 3.73558407012E+38 2.52110553183E-01
 6.76250143867E+14 7.15068584710E+34 1.20103634127E+00 3.75717550149E+38 2.53798807146E-01
 6.80621895948E+14 7.25074033346E+34 1.20280028042E+00 3.77889172992E+38 2.55495874022E-01
 6.85025395887E+14 7.35219481144E+34 1.20457862243E+00 3.80073347672E+38 2.57201766447E-01
 6.89460917848E+14 7.45506887013E+34 1.20637148488E+00 3.82270146740E+38 2.58916496600E-01
 6.93928738846E+14 7.55938237271E+34 1.20817898636E+00 3.84479643162E+38 2.60640076199E-01
 6.98429138783E+14 7.66515546031E+34 1.21000124638E+00 3.86701910329E+38 2.62372516498E-01
 7.02962400487E+14 7.77240855587E+34 1.21183838544E+00 3.88937022055E+38 2.64113828273E-01
 7.07528809738E+14 7.88116236809E+34 1.21369052506E+00 3.91185052580E+38 2.65864021826E-01
 7.12128655312E+14 7.99143789544E+34 1.21555778769E+00 3.93446076574E+38 2.67623106971E-01
 7.16762229015E+14 8.10325643020E+34 1.21744029683E+00 3.95720169139E+38 2.69391093033E-01
 7.21429825714E+14 8.21663956257E+34 1.21933817696E+00 3.98007405810E+38 2.71167988837E-01
 7.26131743384E+14 8.33160918488E+34 1.22125155360E+00 4.00307862559E+38 2.72953802707E-01
 7.30868283135E+14 8.44818749574E+34 1.22318055327E+00 4.02621615798E+38 2.74748542460E-01
 7.35639749260E+14 8.56639700440E+34 1.22512530353E+00 4.04948742379E+38 2.76552215394E-01
 7.40446449263E+14 8.68626053506E+34 1.22708593300E+00 4.07289319600E+38 2.78364828290E-01
 7.45288693907E+14 8.80780123127E+34 1.22906257134E+00 4.09643425203E+38 2.80186387399E-01
 7.50166797250E+14 8.93104256043E+34 1.23105534924E+00 4.12011137383E+38 2.82016898441E-01
 7.55081076683E+14 9.05600831828E+34 1.23306439851E+00 4.14392534784E+38 2.83856366598E-01
 7.60031852974E+14 9.18272263354E+34 1.23508985199E+00 4.16787696506E+38 2.85704796507E-01
 7.65019450307E+14 9.31120997254E+34 1.23713184363E+00 4.19196702106E+38 2.87562192254E-01
 7.70044196324E+14 9.44149514394E+34 1.23919050846E+00 4.21619631601E+38 2.89428557371E-01
 7.75106422168E+14 9.57360330354E+34 1.24126598263E+00 4.24056565469E+38 2.91303894825E-01
 7.80206462525E+14 9.70755995912E+34 1.24335840339E+00 4.26507584656E+38 2.93188207018E-01
 7.85344655666E+14 9.84339097537E+34 1.24546790911E+00 4.28972770574E+38 2.95081495778E-01
 7.90521343494E+14 9.98112257891E+34 1.24759463928E+00 4.31452205104E+38 2.96983762354E-01
 7.95736871585E+14 1.01207813633E+35 1.24973873455E+00 4.33945970604E+38 2.98895007412E-01
 8.00991589236E+14 1.02623942942E+35 1.25190033672E+00 4.36454149905E+38 3.00815231023E-01
 8.06285849508E+14 1.04059887147E+35 1.25407958871E+00 4.38976826318E+38 3.02744432668E-01
 8.11620009274E+14 1.05515923502E+35 1.25627663466E+00 4.41514083636E+38 3.04682611223E-01
 8.16994429265E+14 1.06992333144E+35 1.25849161985E+00 4.44066006135E+38 3.06629764958E-01
 8.22409474117E+14 1.08489401140E+35 1.26072469075E+00 4.46632678579E+38 3.08585891531E-01
 8.27865512421E+14 1.10007416550E+35 1.26297599505E+00 4.49214186222E+38 3.10550987981E-01
 8.33362916769E+14 1.11546672475E+35 1.26524568161E+00 4.51810614809E+38 3.12525050727E-01
 8.38902063806E+14 1.13107466119E+35 1.26753390053E+00 4.54422050584E+38 3.14508075555E-01
 8.44483334278E+14 1.14690098844E+35 1.26984080313E+00 4.57048580287E+38 3.16500057622E-01
 8.50107113082E+14 1.16294876229E+35 1.27216654198E+00 4.59690291160E+38 3.18500991443E-01
 8.55773789321E+14 1.17922108127E+35 1.27451127086E+00 4.62347270949E+38 3.20510870890E-01
 8.61483756352E+14 1.19572108730E+35 1.27687514483E+00 4.65019607906E+38 3.22529689187E-01
 8.67237411840E+14 1.21245196624E+35 1.27925832023E+00 4.67707390797E+38 3.24557438901E-01
 8.73035157813E+14 1.22941694852E+35 1.28166095464E+00 4.70410708896E+38 3.26594111942E-01
 8.78877400713E+14 1.24661930980E+35 1.28408320695E+00 4.73129651997E+38 3.28639699556E-01
 8.84764551453E+14 1.26406237154E+35 1.28652523735E+00 4.75864310412E+38 3.30694192319E-01
 8.90697025474E+14 1.28174950170E+35 1.28898720733E+00 4.78614774973E+38 3.32757580135E-01
 8.96675242797E+14 1.29968411536E+35 1.29146927969E+00 4.81381137039E+38 3.34829852227E-01
 9.02699628082E+14 1.31786967537E+35 1.29397161859E+00 4.84163488496E+38 3.36910997138E-01
 9.08770610687E+14 1.33630969305E+35 1.29649438948E+00 4.86961921763E+38 3.39001002722E-01
 9.14888624726E+14 1.35500772885E+35 1.29903775922E+00 4.89776529791E+38 3.41099856140E-01
 9.21054109128E+14 1.37396739303E+35 1.30160189599E+00 4.92607406070E+38 3.43207543857E-01
 9.27267507695E+14 1.39319234638E+35 1.30418696935E+00 4.95454644627E+38 3.45324051639E-01
 9.33529269166E+14 1.41268630089E+35 1.30679315026E+00 4.98318340038E+38 3.47449364545E-01
 9.39839847278E+14 1.43245302051E+35 1.30942061106E+00 5.01198587420E+38 3.49583466924E-01
 9.46199700829E+14 1.45249632184E+35 1.31206952551E+00 5.04095482443E+38 3.51726342415E-01
 9.52609293737E+14 1.47282007491E+35 1.31474006878E+00 5.07009121330E+38 3.53877973935E-01
 9.59069095110E+14 1.49342820387E+35 1.31743241748E+00 5.09939600859E+38 3.56038343685E-01
 9.65579579310E+14 1.51432468780E+35 1.32014674964E+00 5.12887018368E+38 3.58207433136E-01
 9.72141226014E+14 1.53551356144E+35 1.32288324476E+00 5.15851471758E+38 3.60385223033E-01
 9.78754520287E+14 1.55699891598E+35 1.32564208382E+00 5.18833059493E+38 3.62571693388E-01
 9.85419952646E+14 1.57878489989E+35 1.32842344925E+00 5.21831880611E+38 3.64766823478E-01
 9.92138019131E+14 1.60087571966E+35 1.33122752499E+00 5.24848034718E+38 3.66970591838E-01
 9.98909221371E+14 1.62327564063E+35 1.33405449646E+00 5.27881621999E+38 3.69182976262E-01
 1.00573406666E+15 1.64598898784E+35 1.33690455061E+00 5.30932743215E+38 3.71403953799E-01
 1.01261306802E+15 1.66902014684E+35 1.33977787593E+00 5.34001499713E+38 3.73633500748E-01
 1.01954674428E+15 1.69237356456E+35 1.34267466241E+00 5.37087993422E+38 3.75871592654E-01
 1.02653562015E+15 1.71605375012E+35 1.34559510163E+00 5.40192326862E+38 3.78118204309E-01
 1.03358022629E+15 1.74006527575E+35 1.34853938672E+00 5.43314603147E+38 3.80373309748E-01
 1.04068109940E+15 1.76441277767E+35 1.35150771237E+00 5.46454925984E+38 3.82636882243E-01
 1.04783878226E+15 1.78910095696E+35 1.35450027489E+00 5.49613399682E+38 3.84908894305E-01
 1.05505382385E+15 1.81413458046E+35 1.35751727218E+00 5.52790129151E+38 3.87189317679E-01
 1.06232677940E+15 1.83951848175E+35 1.36055890374E+00 5.55985219908E+38 3.89478123341E-01
 1.06965821050E+15 1.86525756199E+35 1.36362537071E+00 5.59198778081E+38 3.91775281498E-01
 1.07704868513E+15 1.89135679097E+35 1.36671687590E+00 5.62430910409E+38 3.94080761584E-01
 1.08449877780E+15 1.91782120800E+35 1.36983362372E+00 5.65681724251E+38 3.96394532260E-01
 1.09200906958E+15 1.94465592288E+35 1.37297582031E+00 5.68951327584E+38 3.98716561410E-01
 1.09958014822E+15 1.97186611693E+35 1.37614367344E+00 5.72239829010E+38 4.01046816141E-01
 1.10721260821E+15 1.99945704397E+35 1.37933739262E+00 5.75547337759E+38 4.03385262780E-01
 1.11490705091E+15 2.02743403133E+35 1.38255718903E+00 5.78873963692E+38 4.05731866874E-01
 1.12266408457E+15 2.05580248087E+35 1.38580327561E+00 5.82219817305E+38 4.08086593186E-01
 1.13048432447E+15 2.08456787005E+35 1.38907586701E+00 5.85585009733E+38 4.10449405698E-01
 1.13836839300E+15 2.11373575296E+35 1.39237517966E+00 5.88969652753E+38 4.12820267607E-01
 1.14631691972E+15 2.14331176141E+35 1.39570143174E+00 5.92373858788E+38 4.15199141324E-01
 1.15433054150E+15 2.17330160602E+35 1.39905484321E+00 5.95797740911E+38 4.17585988475E-01
 1.16240903973E+15 2.19949022071E+35 1.40196686749E+00 5.99241412849E+38 3.28705190992E-01
 1.17054991425E+15 2.22357940654E+35 1.40462961167E+00 6.02704988985E+38 3.29769232668E-01
 1.17875341896E+15 2.24793242118E+35 1.40730604904E+00 6.06188584364E+38 3.30834688560E-01
 1.18702008645E+15 2.27255215412E+35 1.40999625001E+00 6.09692314696E+38 3.31901547445E-01
 1.19535045425E+15 2.29744152650E+35 1.41270028537E+00 6.13216296361E+38 3.32969798032E-01
 1.20374506491E+15 2.32260349147E+35 1.41541822625E+00 6.16760646409E+38 3.34039428968E-01
 1.21220446601E+15 2.34804103450E+35 1.41815014418E+00 6.20325482568E+38 3.35110428831E-01
 1.22072921023E+15 2.37375717376E+35 1.42089611101E+00 6.23910923246E+38 3.36182786135E-01
 1.22931985538E+15 2.39975496050E+35 1.42365619901E+00 6.27517087537E+38 3.37256489328E-01
 1.23797696450E+15 2.42603747936E+35 1.42643048079E+00 6.31144095222E+38 3.38331526795E-01
 1.24670110585E+15 2.45260784877E+35 1.42921902935E+00 6.34792066773E+38 3.39407886856E-01
 1.25549285299E+15 2.47946922132E+35 1.43202191803E+00 6.38461123361E+38 3.40485557768E-01
 1.26435278487E+15 2.50662478413E+35 1.43483922061E+00 6.42151386857E+38 3.41564527724E-01
 1.27328148580E+15 2.53407775923E+35 1.43767101119E+00 6.45862979833E+38 3.42644784856E-01
 1.28227954558E+15 2.56183140391E+35 1.44051736427E+00 6.49596025574E+38 3.43726317231E-01
 1.29134755952E+15 2.58988901116E+35 1.44337835476E+00 6.53350648075E+38 3.44809112857E-01
 1.30048612850E+15 2.61825391003E+35 1.44625405792E+00 6.57126972048E+38 3.45893159679E-01
 1.30969585901E+15 2.64692946603E+35 1.44914454941E+00 6.60925122927E+38 3.46978445582E-01
 1.31897736325E+15 2.67591908154E+35 1.45204990529E+00 6.64745226869E+38 3.48064958391E-01
 1.32833125913E+15 2.70522619617E+35 1.45497020198E+00 6.68587410761E+38 3.49152685869E-01
 1.33775817038E+15 2.73485428724E+35 1.45790551633E+00 6.72451802225E+38 3.50241615721E-01
 1.34725872657E+15 2.76480687013E+35 1.46085592556E+00 6.76338529619E+38 3.51331735595E-01
 1.35683356318E+15 2.79508749873E+35 1.46382150730E+00 6.80247722043E+38 3.52423033078E-01
 1.36648332166E+15 2.82569976586E+35 1.46680233957E+00 6.84179509343E+38 3.53515495700E-01
 1.37620864952E+15 2.85664730368E+35 1.46979850080E+00 6.88134022116E+38 3.54609110933E-01
 1.38601020032E+15 2.88793378411E+35 1.47281006982E+00 6.92111391714E+38 3.55703866194E-01
 1.39588863378E+15 2.91956291933E+35 1.47583712587E+00 6.96111750248E+38 3.56799748842E-01
 1.40584461587E+15 2.95153846215E+35 1.47887974858E+00 7.00135230592E+38 3.57896746181E-01
 1.41587881879E+15 2.98386420647E+35 1.48193801800E+00 7.04181966389E+38 3.58994845460E-01
 1.42599192110E+15 3.01654398776E+35 1.48501201461E+00 7.08252092054E+38 3.60094033873E-01
 1.43618460776E+15 3.04958168351E+35 1.48810181927E+00 7.12345742780E+38 3.61194298560E-01
 1.44645757019E+15 3.08298121363E+35 1.49120751329E+00 7.16463054538E+38 3.62295626607E-01
 1.45681150636E+15 3.11674654102E+35 1.49432917837E+00 7.20604164089E+38 3.63398005047E-01
 1.46724712082E+15 3.15088167193E+35 1.49746689664E+00 7.24769208982E+38 3.64501420862E-01
 1.47776512478E+15 3.18539065653E+35 1.50062075066E+00 7.28958327561E+38 3.65605860981E-01
 1.48836623619E+15 3.22027758931E+35 1.50379082340E+00 7.33171658972E+38 3.66711312282E-01
 1.49905117979E+15 3.25554660963E+35 1.50697719827E+00 7.37409343163E+38 3.67817761591E-01
 1.50982068718E+15 3.29120190217E+35 1.51017995911E+00 7.41671520891E+38 3.68925195687E-01
 1.52067549693E+15 3.32724769746E+35 1.51339919018E+00 7.45958333727E+38 3.70033601297E-01
 1.53161635456E+15 3.36368827235E+35 1.51663497617E+00 7.50269924060E+38 3.71142965099E-01
 1.54264401271E+15 3.40052795053E+35 1.51988740223E+00 7.54606435104E+38 3.72253273725E-01
 1.55375923113E+15 3.43777110304E+35 1.52315655392E+00 7.58968010897E+38 3.73364513757E-01
 1.56496277683E+15 3.47542214881E+35 1.52644251725E+00 7.63354796313E+38 3.74476671731E-01
 1.57625542407E+15 3.51348555514E+35 1.52974537868E+00 7.67766937061E+38 3.75589734137E-01
 1.58763795449E+15 3.55196583828E+35 1.53306522511E+00 7.72204579694E+38 3.76703687418E-01
 1.59911115717E+15 3.59086756394E+35 1.53640214389E+00 7.76667871611E+38 3.77818517972E-01
 1.61067582870E+15 3.63019534783E+35 1.53975622280E+00 7.81156961063E+38 3.78934212153E-01
 1.62233277327E+15 3.66995385620E+35 1.54312755009E+00 7.85671997159E+38 3.80050756273E-01
 1.63408280272E+15 3.71014780642E+35 1.54651621447E+00 7.90213129867E+38 3.81168136596E-01
 1.64592673663E+15 3.75078196753E+35 1.54992230508E+00 7.94780510025E+38 3.82286339348E-01
 1.65786540242E+15 3.79186116079E+35 1.55334591156E+00 7.99374289341E+38 3.83405350711E-01
 1.66989963540E+15 3.83339026026E+35 1.55678712396E+00 8.03994620401E+38 3.84525156826E-01
 1.68203027885E+15 3.87537419339E+35 1.56024603283E+00 8.08641656672E+38 3.85645743793E-01
 1.69425818412E+15 3.91781794160E+35 1.56372272917E+00 8.13315552509E+38 3.86767097672E-01
 1.70658421071E+15 3.96072654087E+35 1.56721730446E+00 8.18016463157E+38 3.87889204485E-01
 1.71900922632E+15 4.00410508231E+35 1.57072985064E+00 8.22744544762E+38 3.89012050214E-01
 1.73153410699E+15 4.04795871281E+35 1.57426046012E+00 8.27499954368E+38 3.90135620805E-01
 1.74415973712E+15 4.09229263563E+35 1.57780922579E+00 8.32282849931E+38 3.91259902163E-01
 1.75688700961E+15 4.13711211100E+35 1.58137624103E+00 8.37093390316E+38 3.92384880160E-01
 1.76971682591E+15 4.18242245679E+35 1.58496159967E+00 8.41931735311E+38 3.93510540632E-01
 1.78265009612E+15 4.22822904909E+35 1.58856539606E+00 8.46798045622E+38 3.94636869377E-01
 1.79568773907E+15 4.27453732287E+35 1.59218772501E+00 8.51692482889E+38 3.95763852161E-01
 1.80883068243E+15 4.32135277263E+35 1.59582868182E+00 8.56615209683E+38 3.96891474717E-01
 1.82207986279E+15 4.36868095305E+35 1.59948836228E+00 8.61566389515E+38 3.98019722741E-01
 1.83543622571E+15 4.41652747964E+35 1.60316686269E+00 8.66546186843E+38 3.99148581901E-01
 1.84890072588E+15 4.46489802942E+35 1.60686427983E+00 8.71554767073E+38 4.00278037832E-01
 1.86247432718E+15 4.51379834157E+35 1.61058071096E+00 8.76592296569E+38 4.01408076136E-01
 1.87615800274E+15 4.56323421814E+35 1.61431625388E+00 8.81658942655E+38 4.02538682388E-01
 1.88995273510E+15 4.61321152472E+35 1.61807100687E+00 8.86754873624E+38 4.03669842131E-01
 1.90385951625E+15 4.66373619115E+35 1.62184506871E+00 8.91880258741E+38 4.04801540881E-01
 1.91787934776E+15 4.71481421220E+35 1.62563853870E+00 8.97035268248E+38 4.05933764125E-01
 1.93201324087E+15 4.76645164831E+35 1.62945151665E+00 9.02220073373E+38 4.07066497324E-01
 1.94626221656E+15 4.81865462627E+35 1.63328410288E+00 9.07434846332E+38 4.08199725910E-01
 1.96062730570E+15 4.87142934001E+35 1.63713639821E+00 9.12679760337E+38 4.09333435292E-01
 1.97510954911E+15 4.92478205127E+35 1.64100850402E+00 9.17954989601E+38 4.10467610852E-01
 1.98970999767E+15 4.97871909036E+35 1.64490052216E+00 9.23260709346E+38 4.11602237949E-01
 2.00442971244E+15 5.03324685696E+35 1.64881255505E+00 9.28597095803E+38 4.12737301918E-01
 2.01926976475E+15 5.08837182081E+35 1.65274470560E+00 9.33964326225E+38 4.13872788071E-01
 2.03423123629E+15 5.14410052250E+35 1.65669707728E+00 9.39362578887E+38 4.15008681697E-01
 2.04931521925E+15 5.20043957428E+35 1.66066977407E+00 9.44792033096E+38 4.16144968066E-01
 2.06452281639E+15 5.25739566081E+35 1.66466290049E+00 9.50252869195E+38 4.17281632426E-01
 2.07985514119E+15 5.31497553995E+35 1.66867656160E+00 9.55745268569E+38 4.18418660005E-01
 2.09531331791E+15 5.37318604359E+35 1.67271086301E+00 9.61269413652E+38 4.19556036013E-01
 2.11089848175E+15 5.43203407842E+35 1.67676591085E+00 9.66825487932E+38 4.20693745642E-01
 2.12661177892E+15 5.49152662681E+35 1.68084181181E+00 9.72413675957E+38 4.21831774064E-01
 2.14245436677E+15 5.55167074756E+35 1.68493867313E+00 9.78034163343E+38 4.22970106438E-01
 2.15842741391E+15 5.61247357681E+35 1.68905660260E+00 9.83687136779E+38 4.24108727903E-01
 2.17453210033E+15 5.67394232885E+35 1.69319570857E+00 9.89372784031E+38 4.25247623587E-01
 2.19076961748E+15 5.73608429697E+35 1.69735609993E+00 9.95091293951E+38 4.26386778601E-01
 2.20714116843E+15 5.79890685435E+35 1.70153788614E+00 1.00084285649E+39 4.27526178042E-01
 2.22364796797E+15 5.86241745491E+35 1.70574117723E+00 1.00662766267E+39 4.28665806997E-01
 2.24029124272E+15 5.92662363423E+35 1.70996608378E+00 1.01244590466E+39 4.29805650537E-01
 2.25707223127E+15 5.99153301039E+35 1.71421271696E+00 1.01829777571E+39 4.30945693726E-01
 2.27399218431E+15 6.05715328493E+35 1.71848118849E+00 1.02418347019E+39 4.32085921614E-01
 2.29105236471E+15 6.12349224372E+35 1.72277161068E+00 1.03010318360E+39 4.33226319243E-01
 2.30825404769E+15 6.19055775791E+35 1.72708409640E+00 1.03605711256E+39 4.34366871646E-01
 2.32559852093E+15 6.25835778487E+35 1.73141875913E+00 1.04204545485E+39 4.35507563848E-01
 2.34308708470E+15 6.32690036909E+35 1.73577571290E+00 1.04806840936E+39 4.36648380865E-01
 2.36072105198E+15 6.39619364319E+35 1.74015507235E+00 1.05412617615E+39 4.37789307709E-01
 2.37850174861E+15 6.46624582886E+35 1.74455695270E+00 1.06021895644E+39 4.38930329384E-01
 2.39643051338E+15 6.53706523781E+35 1.74898146976E+00 1.06634695259E+39 4.40071430891E-01
 2.41450869823E+15 6.60866027281E+35 1.75342873994E+00 1.07251036817E+39 4.41212597225E-01
 2.43273766832E+15 6.68103942864E+35 1.75789888026E+00 1.07870940789E+39 4.42353813378E-01
 2.45111880222E+15 6.75421129312E+35 1.76239200831E+00 1.08494427764E+39 4.43495064340E-01
 2.46965349199E+15 6.82818454814E+35 1.76690824232E+00 1.09121518454E+39 4.44636335100E-01
 2.48834314338E+15 6.90296797066E+35 1.77144770111E+00 1.09752233687E+39 4.45777610643E-01
 2.50718917590E+15 6.97857043376E+35 1.77601050411E+00 1.10386594412E+39 4.46918875957E-01
 2.52619302306E+15 7.05500090772E+35 1.78059677137E+00 1.11024621702E+39 4.48060116029E-01
 2.54535613240E+15 7.13226846105E+35 1.78520662355E+00 1.11666336747E+39 4.49201315846E-01
 2.56467996572E+15 7.21038226159E+35 1.78984018195E+00 1.12311760863E+39 4.50342460400E-01
 2.58416599920E+15 7.28935157757E+35 1.79449756846E+00 1.12960915488E+39 4.51483534685E-01
 2.60381572352E+15 7.36918577875E+35 1.79917890563E+00 1.13613822184E+39 4.52624523696E-01
 2.62363064407E+15 7.44989433749E+35 1.80388431662E+00 1.14270502638E+39 4.53765412437E-01
 2.64361228104E+15 7.53148682990E+35 1.80861392524E+00 1.14930978663E+39 4.54906185914E-01
 2.66376216960E+15 7.61397293698E+35 1.81336785591E+00 1.15595272195E+39 4.56046829139E-01
 2.68408186006E+15 7.69736244573E+35 1.81814623372E+00 1.16263405301E+39 4.57187327134E-01
 2.70457291803E+15 7.78166525038E+35 1.82294918438E+00 1.16935400172E+39 4.58327664924E-01
 2.72523692454E+15 7.86689135348E+35 1.82777683426E+00 1.17611279130E+39 4.59467827547E-01
 2.74607547625E+15 7.95305086716E+35 1.83262931038E+00 1.18291064623E+39 4.60607800047E-01
 2.76709018558E+15 8.04015401428E+35 1.83750674041E+00 1.18974779233E+39 4.61747567479E-01
 2.78828268087E+15 8.12821112969E+35 1.84240925267E+00 1.19662445668E+39 4.62887114910E-01
 2.80965460657E+15 8.21723266139E+35 1.84733697615E+00 1.20354086770E+39 4.64026427416E-01
 2.83120762338E+15 8.30722917183E+35 1.85229004049E+00 1.21049725512E+39 4.65165490088E-01
 2.85294340843E+15 8.39821133916E+35 1.85726857601E+00 1.21749385001E+39 4.66304288028E-01
 2.87486365545E+15 8.49018995845E+35 1.86227271371E+00 1.22453088476E+39 4.67442806354E-01
 2.89697007495E+15 8.58317594300E+35 1.86730258523E+00 1.23160859311E+39 4.68581030195E-01
 2.91926439437E+15 8.67718032565E+35 1.87235832291E+00 1.23872721015E+39 4.69718944700E-01
 2.94174835826E+15 8.77221426006E+35 1.87744005977E+00 1.24588697233E+39 4.70856535031E-01
 2.96442372849E+15 8.86828902207E+35 1.88254792952E+00 1.25308811746E+39 4.71993786369E-01
 2.98729228439E+15 8.96541601099E+35 1.88768206654E+00 1.26033088474E+39 4.73130683911E-01
 3.01035582295E+15 9.06360675098E+35 1.89284260590E+00 1.26761551475E+39 4.74267212873E-01
 3.03361615899E+15 9.16287289243E+35 1.89802968340E+00 1.27494224944E+39 4.75403358491E-01
 3.05707512536E+15 9.26322621331E+35 1.90324343548E+00 1.28231133217E+39 4.76539106021E-01
 3.08073457312E+15 9.36467862059E+35 1.90848399934E+00 1.28972300772E+39 4.77674440740E-01
 3.10459637172E+15 9.46724215165E+35 1.91375151286E+00 1.29717752228E+39 4.78809347944E-01
 3.12866240922E+15 9.57092897571E+35 1.91904611461E+00 1.30467512343E+39 4.79943812954E-01
 3.15293459244E+15 9.67575139526E+35 1.92436794390E+00 1.31221606023E+39 4.81077821114E-01
 3.17741484717E+15 9.78172184753E+35 1.92971714075E+00 1.31980058315E+39 4.82211357792E-01
 3.20210511841E+15 9.88885290597E+35 1.93509384590E+00 1.32742894412E+39 4.83344408377E-01
 3.22700737049E+15 9.99715728173E+35 1.94049820081E+00 1.33510139652E+39 4.84476958289E-01
 3.25212358735E+15 1.01066478252E+36 1.94593034767E+00 1.34281819518E+39 4.85608992969E-01
 3.27745577266E+15 1.02173375274E+36 1.95139042939E+00 1.35057959644E+39 4.86740497888E-01
 3.30300595013E+15 1.03292395219E+36 1.95687858964E+00 1.35838585809E+39 4.87871458542E-01
 3.32877616361E+15 1.04423670857E+36 1.96239497281E+00 1.36623723942E+39 4.89001860459E-01
 3.35476847737E+15 1.05567336416E+36 1.96793972403E+00 1.37413400122E+39 4.90131689192E-01
 3.38098497628E+15 1.06723527592E+36 1.97351298919E+00 1.38207640579E+39 4.91260930326E-01
 3.40742776606E+15 1.07892381568E+36 1.97911491492E+00 1.39006471694E+39 4.92389569475E-01
 3.43409897345E+15 1.09074037029E+36 1.98474564861E+00 1.39809920000E+39 4.93517592286E-01
 3.46100074644E+15 1.10268634178E+36 1.99040533840E+00 1.40618012184E+39 4.94644984437E-01
 3.48813525452E+15 1.11476314756E+36 1.99609413320E+00 1.41430775089E+39 4.95771731637E-01
 3.51550468889E+15 1.12697222054E+36 2.00181218269E+00 1.42248235710E+39 4.96897819631E-01
 3.54311126266E+15 1.13931500933E+36 2.00755963730E+00 1.43070421200E+39 4.98023234197E-01
 3.57095721112E+15 1.15179297842E+36 2.01333664825E+00 1.43897358868E+39 4.99147961146E-01
 3.59904479192E+15 1.16440760832E+36 2.01914336754E+00 1.44729076182E+39 5.00271986328E-01
 3.62737628536E+15 1.17716039576E+36 2.02497994794E+00 1.45565600767E+39 5.01395295625E-01
 3.65595399459E+15 1.19005285387E+36 2.03084654302E+00 1.46406960410E+39 5.02517874959E-01
 3.68478024586E+15 1.20308651234E+36 2.03674330711E+00 1.47253183057E+39 5.03639710288E-01
 3.71385738873E+15 1.21626291763E+36 2.04267039537E+00 1.48104296814E+39 5.04760787609E-01
 3.74318779638E+15 1.22958363311E+36 2.04862796375E+00 1.48960329954E+39 5.05881092956E-01
 3.77277386580E+15 1.24305023931E+36 2.05461616897E+00 1.49821310909E+39 5.07000612405E-01
 3.80261801804E+15 1.25666433404E+36 2.06063516860E+00 1.50687268278E+39 5.08119332070E-01
 3.83272269849E+15 1.27042753262E+36 2.06668512100E+00 1.51558230824E+39 5.09237238108E-01
 3.86309037711E+15 1.28434146805E+36 2.07276618533E+00 1.52434227476E+39 5.10354316716E-01
 3.89372354872E+15 1.29840779124E+36 2.07887852160E+00 1.53315287331E+39 5.11470554133E-01
 3.92462473319E+15 1.31262817116E+36 2.08502229062E+00 1.54201439655E+39 5.12585936642E-01
 3.95579647580E+15 1.32700429507E+36 2.09119765403E+00 1.55092713881E+39 5.13700450568E-01
 3.98724134741E+15 1.34153786870E+36 2.09740477430E+00 1.55989139614E+39 5.14814082283E-01
 4.01896194478E+15 1.35623061647E+36 2.10364381476E+00 1.56890746629E+39 5.15926818200E-01
 4.05096089084E+15 1.37108428167E+36 2.10991493954E+00 1.57797564873E+39 5.17038644779E-01
 4.08324083494E+15 1.38610062670E+36 2.11621831364E+00 1.58709624468E+39 5.18149548528E-01
 4.11580445315E+15 1.40128143327E+36 2.12255410291E+00 1.59626955707E+39 5.19259515998E-01
 4.14865444852E+15 1.41662850257E+36 2.12892247403E+00 1.60549589061E+39 5.20368533790E-01
 4.18179355138E+15 1.43214365556E+36 2.13532359456E+00 1.61477555175E+39 5.21476588552E-01
 4.21522451960E+15 1.44782873310E+36 2.14175763292E+00 1.62410884873E+39 5.22583666980E-01
 4.24895013891E+15 1.46368559624E+36 2.14822475839E+00 1.63349609155E+39 5.23689755820E-01
 4.28297322316E+15 1.47971612640E+36 2.15472514111E+00 1.64293759202E+39 5.24794841868E-01
 4.31729661464E+15 1.49592222562E+36 2.16125895212E+00 1.65243366374E+39 5.25898911968E-01
 4.35192318437E+15 1.51230581676E+36 2.16782636331E+00 1.66198462214E+39 5.27001953017E-01
 4.38685583238E+15 1.52886884374E+36 2.17442754748E+00 1.67159078445E+39 5.28103951963E-01
 4.42209748806E+15 1.54561327176E+36 2.18106267830E+00 1.68125246975E+39 5.29204895807E-01
 4.45765111041E+15 1.56254108757E+36 2.18773193035E+00 1.69096999896E+39 5.30304771600E-01
 4.49351968840E+15 1.57965429966E+36 2.19443547909E+00 1.70074369485E+39 5.31403566449E-01
 4.52970624125E+15 1.59695493852E+36 2.20117350090E+00 1.71057388206E+39 5.32501267512E-01
 4.56621381877E+15 1.61444505688E+36 2.20794617305E+00 1.72046088712E+39 5.33597862005E-01
 4.60304550167E+15 1.63212672994E+36 2.21475367373E+00 1.73040503841E+39 5.34693337194E-01
 4.64020440187E+15 1.65000205566E+36 2.22159618206E+00 1.74040666625E+39 5.35787680405E-01
 4.67769366286E+15 1.66807315494E+36 2.22847387804E+00 1.75046610284E+39 5.36880879018E-01
 4.71551646002E+15 1.68634217193E+36 2.23538694265E+00 1.76058368232E+39 5.37972920468E-01
 4.75367600092E+15 1.70481127426E+36 2.24233555777E+00 1.77075974074E+39 5.39063792250E-01
 4.79217552571E+15 1.72348265330E+36 2.24931990620E+00 1.78099461612E+39 5.40153481914E-01
 4.83101830742E+15 1.74235852441E+36 2.25634017171E+00 1.79128864840E+39 5.41241977069E-01
 4.87020765234E+15 1.76144112723E+36 2.26339653901E+00 1.80164217952E+39 5.42329265384E-01
 4.90974690034E+15 1.78073272591E+36 2.27048919375E+00 1.81205555337E+39 5.43415334583E-01
 4.94963942524E+15 1.80023560943E+36 2.27761832253E+00 1.82252911584E+39 5.44500172454E-01
 4.98988863516E+15 1.81995209179E+36 2.28478411293E+00 1.83306321482E+39 5.45583766843E-01
 5.03049797288E+15 1.83988451237E+36 2.29198675347E+00 1.84365820019E+39 5.46666105656E-01
 5.07147091620E+15 1.86003523617E+36 2.29922643367E+00 1.85431442389E+39 5.47747176861E-01
 5.11281097833E+15 1.88040665407E+36 2.30650334399E+00 1.86503223987E+39 5.48826968488E-01
 5.15452170824E+15 1.90100118316E+36 2.31381767590E+00 1.87581200412E+39 5.49905468627E-01
 5.19660669104E+15 1.92182126699E+36 2.32116962183E+00 1.88665407470E+39 5.50982665431E-01
 5.23906954834E+15 1.94286937587E+36 2.32855937521E+00 1.89755881174E+39 5.52058547119E-01
 5.28191393870E+15 1.96414800717E+36 2.33598713047E+00 1.90852657744E+39 5.53133101968E-01
 5.32514355795E+15 1.98565968560E+36 2.34345308304E+00 1.91955773611E+39 5.54206318323E-01
 5.36876213959E+15 2.00740696355E+36 2.35095742934E+00 1.93065265416E+39 5.55278184590E-01
 5.41277345524E+15 2.02939242133E+36 2.35850036682E+00 1.94181170011E+39 5.56348689244E-01
 5.45718131498E+15 2.05161866754E+36 2.36608209392E+00 1.95303524461E+39 5.57417820820E-01
 5.50198956779E+15 2.07408833932E+36 2.37370281013E+00 1.96432366047E+39 5.58485567922E-01
 5.54720210195E+15 2.09680410271E+36 2.38136271595E+00 1.97567732263E+39 5.59551919218E-01
 5.59282284543E+15 2.11976865296E+36 2.38906201292E+00 1.98709660821E+39 5.60616863443E-01
 5.63885576636E+15 2.14298471481E+36 2.39680090359E+00 1.99858189652E+39 5.61680389399E-01
 5.68530487342E+15 2.16645504287E+36 2.40457959158E+00 2.01013356904E+39 5.62742485954E-01
 5.73217421626E+15 2.19018242190E+36 2.41239828155E+00 2.02175200947E+39 5.63803142045E-01
 5.77946788595E+15 2.21416966716E+36 2.42025717922E+00 2.03343760373E+39 5.64862346676E-01
 5.82719001541E+15 2.23841962475E+36 2.42815649134E+00 2.04519073996E+39 5.65920088919E-01
 5.87534477984E+15 2.26293517195E+36 2.43609642575E+00 2.05701180854E+39 5.66976357915E-01
 5.92393639721E+15 2.28771921753E+36 2.44407719135E+00 2.06890120213E+39 5.68031142872E-01
 5.97296912863E+15 2.31277470214E+36 2.45209899812E+00 2.08085931563E+39 5.69084433072E-01
 6.02244727890E+15 2.33810459862E+36 2.46016205711E+00 2.09288654625E+39 5.70136217861E-01
 6.07237519689E+15 2.36371191237E+36 2.46826658046E+00 2.10498329347E+39 5.71186486659E-01
 6.12275727606E+15 2.38959968172E+36 2.47641278140E+00 2.11714995910E+39 5.72235228955E-01
 6.17359795490E+15 2.41577097826E+36 2.48460087425E+00 2.12938694727E+39 5.73282434308E-01
 6.22490171743E+15 2.44222890723E+36 2.49283107446E+00 2.14169466442E+39 5.74328092348E-01
 6.27667309364E+15 2.46897660787E+36 2.50110359855E+00 2.15407351937E+39 5.75372192778E-01
 6.32891666003E+15 2.49601725382E+36 2.50941866418E+00 2.16652392329E+39 5.76414725371E-01
 6.38163704005E+15 2.52335405347E+36 2.51777649011E+00 2.17904628973E+39 5.77455679972E-01
 6.43483890464E+15 2.55099025032E+36 2.52617729625E+00 2.19164103463E+39 5.78495046498E-01
 6.48852697269E+15 2.57892912344E+36 2.53462130361E+00 2.20430857633E+39 5.79532814940E-01
 6.54270601159E+15 2.60717398778E+36 2.54310873437E+00 2.21704933559E+39 5.80568975360E-01
 6.59738083771E+15 2.63572819462E+36 2.55163981182E+00 2.22986373561E+39 5.81603517893E-01
 6.65255631691E+15 2.66459513192E+36 2.56021476042E+00 2.24275220202E+39 5.82636432749E-01
 6.70823736511E+15 2.69377822476E+36 2.56883380578E+00 2.25571516292E+39 5.83667710210E-01
 6.76442894878E+15 2.72328093572E+36 2.57749717467E+00 2.26875304889E+39 5.84697340632E-01
 6.82113608548E+15 2.75310676533E+36 2.58620509501E+00 2.28186629299E+39 5.85725314445E-01
 6.87836384442E+15 2.78325925242E+36 2.59495779592E+00 2.29505533077E+39 5.86751622155E-01
 6.93611734697E+15 2.81374197461E+36 2.60375550768E+00 2.30832060034E+39 5.87776254340E-01
 6.99440176726E+15 2.84455854869E+36 2.61259846176E+00 2.32166254229E+39 5.88799201653E-01
 7.05322233269E+15 2.87571263105E+36 2.62148689082E+00 2.33508159979E+39 5.89820454825E-01
 7.11258432453E+15 2.90720791816E+36 2.63042102871E+00 2.34857821857E+39 5.90840004658E-01
 7.17249307848E+15 2.93904814692E+36 2.63940111050E+00 2.36215284692E+39 5.91857842033E-01
 7.23295398524E+15 2.97123709522E+36 2.64842737244E+00 2.37580593573E+39 5.92873957903E-01
 7.29397249109E+15 3.00377858227E+36 2.65750005202E+00 2.38953793850E+39 5.93888343300E-01
 7.35555409848E+15 3.03667646915E+36 2.66661938795E+00 2.40334931135E+39 5.94900989331E-01
 7.41770436666E+15 3.06993465921E+36 2.67578562015E+00 2.41724051303E+39 5.95911887179E-01
 7.48042891222E+15 3.10355709854E+36 2.68499898980E+00 2.43121200495E+39 5.96921028102E-01
 7.54373340974E+15 3.13754777647E+36 2.69425973928E+00 2.44526425117E+39 5.97928403436E-01
 7.60762359240E+15 3.17191072600E+36 2.70356811226E+00 2.45939771846E+39 5.98934004594E-01
 7.67210525259E+15 3.20665002432E+36 2.71292435364E+00 2.47361287627E+39 5.99937823065E-01
 7.73718424254E+15 3.24176979327E+36 2.72232870959E+00 2.48791019675E+39 6.00939850416E-01
 7.80286647496E+15 3.27727419981E+36 2.73178142752E+00 2.50229015481E+39 6.01940078288E-01
 7.86915792370E+15 3.31316745657E+36 2.74128275616E+00 2.51675322809E+39 6.02938498404E-01
 7.93606462434E+15 3.34945382230E+36 2.75083294546E+00 2.53129989699E+39 6.03935102560E-01
 8.00359267490E+15 3.38613760239E+36 2.76043224671E+00 2.54593064468E+39 6.04929882632E-01
 8.07174823651E+15 3.42322314939E+36 2.77008091247E+00 2.56064595713E+39 6.05922830574E-01
 8.14053753401E+15 3.46071486353E+36 2.77977919658E+00 2.57544632313E+39 6.06913938415E-01
 8.20996685671E+15 3.49861719321E+36 2.78952735421E+00 2.59033223427E+39 6.07903198265E-01
 8.28004255902E+15 3.53693463556E+36 2.79932564183E+00 2.60530418500E+39 6.08890602311E-01
 8.35077106115E+15 3.57567173696E+36 2.80917431725E+00 2.62036267263E+39 6.09876142815E-01
 8.42215884984E+15 3.61483309360E+36 2.81907363958E+00 2.63550819733E+39 6.10859812122E-01
 8.49421247900E+15 3.65442335199E+36 2.82902386927E+00 2.65074126217E+39 6.11841602651E-01
 8.56693857052E+15 3.69444720952E+36 2.83902526812E+00 2.66606237313E+39 6.12821506903E-01
 8.64034381490E+15 3.73490941506E+36 2.84907809925E+00 2.68147203911E+39 6.13799517454E-01
 8.71443497203E+15 3.77581476946E+36 2.85918262717E+00 2.69697077195E+39 6.14775626961E-01
 8.78921887191E+15 3.81716812616E+36 2.86933911773E+00 2.71255908645E+39 6.15749828156E-01
 8.86470241541E+15 3.85897439176E+36 2.87954783813E+00 2.72823750039E+39 6.16722113854E-01
 8.94089257501E+15 3.90123852660E+36 2.88980905699E+00 2.74400653453E+39 6.17692476946E-01
 9.01779639555E+15 3.94396554533E+36 2.90012304426E+00 2.75986671266E+39 6.18660910401E-01
 9.09542099504E+15 3.98716051753E+36 2.91049007131E+00 2.77581856158E+39 6.19627407267E-01
 9.17377356539E+15 4.03082856832E+36 2.92091041090E+00 2.79186261114E+39 6.20591960672E-01
 9.25286137323E+15 4.07497487892E+36 2.93138433719E+00 2.80799939426E+39 6.21554563822E-01
 9.33269176069E+15 4.11960468732E+36 2.94191212574E+00 2.82422944693E+39 6.22515210000E-01
 9.41327214621E+15 4.16472328887E+36 2.95249405356E+00 2.84055330824E+39 6.23473892570E-01
 9.49461002534E+15 4.21033603691E+36 2.96313039904E+00 2.85697152040E+39 6.24430604974E-01
 9.57671297159E+15 4.25644834342E+36 2.97382144203E+00 2.87348462875E+39 6.25385340731E-01
 9.65958863720E+15 4.30306567964E+36 2.98456746382E+00 2.89009318179E+39 6.26338093442E-01
 9.74324475407E+15 4.35019357675E+36 2.99536874713E+00 2.90679773118E+39 6.27288856782E-01
 9.82768913451E+15 4.39783762650E+36 3.00622557614E+00 2.92359883176E+39 6.28237624509E-01
 9.91292967217E+15 4.44600348187E+36 3.01713823651E+00 2.94049704161E+39 6.29184390458E-01
 9.99897434285E+15 4.49469685776E+36 3.02810701534E+00 2.95749292201E+39 6.30129148541E-01
 1.00858312054E+16 4.54392353168E+36 3.03913220122E+00 2.97458703748E+39 6.31071892750E-01
 1.01735084027E+16 4.59368934439E+36 3.05021408423E+00 2.99177995582E+39 6.32012617157E-01
 1.02620141624E+16 4.64400020062E+36 3.06135295593E+00 3.00907224810E+39 6.32951315908E-01
 1.03513567978E+16 4.69486206979E+36 3.07254910939E+00 3.02646448871E+39 6.33887983233E-01
 1.04415447089E+16 4.74628098669E+36 3.08380283917E+00 3.04395725532E+39 6.34822613435E-01
 1.05325863834E+16 4.79826305219E+36 3.09511444138E+00 3.06155112898E+39 6.35755200898E-01
 1.06244903973E+16 4.85081443398E+36 3.10648421360E+00 3.07924669407E+39 6.36685740085E-01
 1.07172654163E+16 4.90394136733E+36 3.11791245500E+00 3.09704453838E+39 6.37614225535E-01
 1.08109201962E+16 4.95765015576E+36 3.12939946624E+00 3.11494525305E+39 6.38540651865E-01
 1.09054635845E+16 5.01194717185E+36 3.14094554954E+00 3.13294943269E+39 6.39465013771E-01
 1.10009045207E+16 5.06683885797E+36 3.15255100870E+00 3.15105767531E+39 6.40387306028E-01
 1.10972520379E+16 5.12233172704E+36 3.16421614904E+00 3.16927058238E+39 6.41307523485E-01
 1.11945152635E+16 5.17843236333E+36 3.17594127748E+00 3.18758875887E+39 6.42225661072E-01
 1.12927034200E+16 5.23514742319E+36 3.18772670250E+00 3.20601281321E+39 6.43141713795E-01
 1.13918258265E+16 5.29248363590E+36 3.19957273420E+00 3.22454335739E+39 6.44055676738E-01
 1.14918918993E+16 5.35044780443E+36 3.21147968422E+00 3.24318100689E+39 6.44967545062E-01
 1.15929111533E+16 5.40904680626E+36 3.22344786586E+00 3.26192638079E+39 6.45877314004E-01
 1.16948932028E+16 5.46828759418E+36 3.23547759398E+00 3.28078010173E+39 6.46784978881E-01
 1.17978477624E+16 5.52817719715E+36 3.24756918511E+00 3.29974279593E+39 6.47690535083E-01
 1.19017846486E+16 5.58872272110E+36 3.25972295735E+00 3.31881509327E+39 6.48593978079E-01
 1.20067137804E+16 5.64993134978E+36 3.27193923049E+00 3.33799762724E+39 6.49495303415E-01
 1.21126451808E+16 5.71181034563E+36 3.28421832594E+00 3.35729103499E+39 6.50394506713E-01
 1.22195889775E+16 5.77436705062E+36 3.29656056675E+00 3.37669595739E+39 6.51291583670E-01
 1.23275554042E+16 5.83760888714E+36 3.30896627766E+00 3.39621303896E+39 6.52186530061E-01
 1.24365548018E+16 5.90154335886E+36 3.32143578506E+00 3.41584292799E+39 6.53079341735E-01
 1.25465976196E+16 5.96617805164E+36 3.33396941703E+00 3.43558627649E+39 6.53970014619E-01
 1.26576944162E+16 6.03152063441E+36 3.34656750332E+00 3.45544374025E+39 6.54858544715E-01
 1.27698558608E+16 6.09757886011E+36 3.35923037539E+00 3.47541597885E+39 6.55744928098E-01
 1.28830927345E+16 6.16436056659E+36 3.37195836641E+00 3.49550365568E+39 6.56629160922E-01
 1.29974159314E+16 6.23187367751E+36 3.38475181124E+00 3.51570743797E+39 6.57511239414E-01
 1.31128364596E+16 6.30012620334E+36 3.39761104650E+00 3.53602799680E+39 6.58391159876E-01
 1.32293654430E+16 6.36912624229E+36 3.41053641049E+00 3.55646600713E+39 6.59268918685E-01
 1.33470141219E+16 6.43888198124E+36 3.42352824330E+00 3.57702214783E+39 6.60144512293E-01
 1.34657938544E+16 6.50940169674E+36 3.43658688673E+00 3.59769710166E+39 6.61017937225E-01
 1.35857161180E+16 6.58069375600E+36 3.44971268437E+00 3.61849155538E+39 6.61889190082E-01
 1.37067925106E+16 6.65276661785E+36 3.46290598155E+00 3.63940619968E+39 6.62758267537E-01
 1.38290347517E+16 6.72562883377E+36 3.47616712539E+00 3.66044172926E+39 6.63625166337E-01
 1.39524546840E+16 6.79928904890E+36 3.48949646479E+00 3.68159884281E+39 6.64489883304E-01
 1.40770642744E+16 6.87375600306E+36 3.50289435046E+00 3.70287824310E+39 6.65352415332E-01
 1.42028756156E+16 6.94903853179E+36 3.51636113488E+00 3.72428063693E+39 6.66212759388E-01
 1.43299009273E+16 7.02514556741E+36 3.52989717237E+00 3.74580673520E+39 6.67070912512E-01
 1.44581525575E+16 7.10208614004E+36 3.54350281907E+00 3.76745725290E+39 6.67926871816E-01
 1.45876429840E+16 7.17986937874E+36 3.55717843294E+00 3.78923290918E+39 6.68780634486E-01
 1.47183848159E+16 7.25850451251E+36 3.57092437379E+00 3.81113442733E+39 6.69632197779E-01
 1.48503907947E+16 7.33800087146E+36 3.58474100328E+00 3.83316253482E+39 6.70481559022E-01
 1.49836737959E+16 7.41836788786E+36 3.59862868491E+00 3.85531796332E+39 6.71328715617E-01
 1.51182468303E+16 7.49961509731E+36 3.61258778409E+00 3.87760144876E+39 6.72173665035E-01
 1.52541230459E+16 7.58175213982E+36 3.62661866807E+00 3.90001373128E+39 6.73016404820E-01
 1.53913157286E+16 7.66478876101E+36 3.64072170602E+00 3.92255555532E+39 6.73856932583E-01
 1.55298383045E+16 7.74873481319E+36 3.65489726897E+00 3.94522766964E+39 6.74695246011E-01
 1.56697043406E+16 7.83360025662E+36 3.66914572989E+00 3.96803082729E+39 6.75531342856E-01
 1.58109275472E+16 7.91939516062E+36 3.68346746367E+00 3.99096578570E+39 6.76365220944E-01
 1.59535217785E+16 8.00612970480E+36 3.69786284710E+00 4.01403330666E+39 6.77196878169E-01
 1.60975010349E+16 8.09381418026E+36 3.71233225893E+00 4.03723415639E+39 6.78026312494E-01
 1.62428794642E+16 8.18245899080E+36 3.72687607986E+00 4.06056910551E+39 6.78853521953E-01
 1.63896713631E+16 8.27207465418E+36 3.74149469253E+00 4.08403892911E+39 6.79678504646E-01
 1.65378911791E+16 8.36267180333E+36 3.75618848155E+00 4.10764440675E+39 6.80501258745E-01
 1.66875535120E+16 8.45426118766E+36 3.77095783353E+00 4.13138632251E+39 6.81321782489E-01
 1.68386731152E+16 8.54685367428E+36 3.78580313705E+00 4.15526546498E+39 6.82140074183E-01
