        5000
 1.00003955062E+06 2.12473959915E+22 1.00006319154E+00 5.97040375333E+29
 1.00458396672E+06 2.13945390562E+22 1.00006335488E+00 5.99753403565E+29
 1.00914903398E+06 2.15426459200E+22 1.00006351856E+00 6.02478760146E+29
 1.01373484624E+06 2.16917228959E+22 1.00006368256E+00 6.05216501098E+29
 1.01834149778E+06 2.18417763380E+22 1.00006384689E+00 6.07966682696E+29
 1.02296908329E+06 2.19928126425E+22 1.00006401154E+00 6.10729361474E+29
 1.02761769792E+06 2.21448382470E+22 1.00006417653E+00 6.13504594219E+29
 1.03228743722E+06 2.22978596317E+22 1.00006434184E+00 6.16292437979E+29
 1.03697839719E+06 2.24518833189E+22 1.00006450749E+00 6.19092950059E+29
 1.04169067427E+06 2.26069158738E+22 1.00006467346E+00 6.21906188026E+29
 1.04642436533E+06 2.27629639045E+22 1.00006483977E+00 6.24732209708E+29
 1.05117956768E+06 2.29200340626E+22 1.00006500641E+00 6.27571073195E+29
 1.05595637907E+06 2.30781330431E+22 1.00006517338E+00 6.30422836844E+29
 1.06075489772E+06 2.32372675847E+22 1.00006534069E+00 6.33287559273E+29
 1.06557522226E+06 2.33974444706E+22 1.00006550833E+00 6.36165299370E+29
 1.07041745178E+06 2.35586705281E+22 1.00006567630E+00 6.39056116287E+29
 1.07528168584E+06 2.37209526294E+22 1.00006584461E+00 6.41960069448E+29
 1.08016802442E+06 2.38842976917E+22 1.00006601326E+00 6.44877218546E+29
 1.08507656799E+06 2.40487126775E+22 1.00006618224E+00 6.47807623544E+29
 1.09000741744E+06 2.42142045949E+22 1.00006635156E+00 6.50751344680E+29
 1.09496067414E+06 2.43807804978E+22 1.00006652122E+00 6.53708442462E+29
 1.09993643992E+06 2.45484474864E+22 1.00006669121E+00 6.56678977678E+29
 1.10493481708E+06 2.47172127075E+22 1.00006686155E+00 6.59663011387E+29
 1.10995590836E+06 2.48870833546E+22 1.00006703223E+00 6.62660604929E+29
 1.11499981698E+06 2.50580666682E+22 1.00006720324E+00 6.65671819921E+29
 1.12006664664E+06 2.52301699365E+22 1.00006737460E+00 6.68696718262E+29
 1.12515650150E+06 2.54034004952E+22 1.00006754630E+00 6.71735362130E+29
 1.13026948620E+06 2.55777657282E+22 1.00006771835E+00 6.74787813986E+29
 1.13540570584E+06 2.57532730677E+22 1.00006789073E+00 6.77854136576E+29
 1.14056526601E+06 2.59299299945E+22 1.00006806346E+00 6.80934392930E+29
 1.14574827278E+06 2.61077440386E+22 1.00006823654E+00 6.84028646364E+29
 1.15095483270E+06 2.62867227792E+22 1.00006840996E+00 6.87136960485E+29
 1.15618505281E+06 2.64668738452E+22 1.00006858373E+00 6.90259399184E+29
 1.16143904063E+06 2.66482049153E+22 1.00006875785E+00 6.93396026646E+29
 1.16671690416E+06 2.68307237187E+22 1.00006893231E+00 6.96546907347E+29
 1.17201875190E+06 2.70144380351E+22 1.00006910712E+00 6.99712106055E+29
 1.17734469286E+06 2.71993556953E+22 1.00006928228E+00 7.02891687833E+29
 1.18269483652E+06 2.73854845813E+22 1.00006945779E+00 7.06085718039E+29
 1.18806929286E+06 2.75728326266E+22 1.00006963365E+00 7.09294262329E+29
 1.19346817237E+06 2.77614078169E+22 1.00006980986E+00 7.12517386657E+29
 1.19889158604E+06 2.79512181900E+22 1.00006998643E+00 7.15755157276E+29
 1.20433964536E+06 2.81422718366E+22 1.00007016334E+00 7.19007640741E+29
 1.20981246233E+06 2.83345769001E+22 1.00007034061E+00 7.22274903909E+29
 1.21531014947E+06 2.85281415775E+22 1.00007051824E+00 7.25557013942E+29
 1.22083281978E+06 2.87229741192E+22 1.00007069622E+00 7.28854038304E+29
 1.22638058681E+06 2.89190828300E+22 1.00007087455E+00 7.32166044769E+29
 1.23195356459E+06 2.91164760689E+22 1.00007105324E+00 7.35493101417E+29
 1.23755186771E+06 2.93151622495E+22 1.00007123229E+00 7.38835276638E+29
 1.24317561124E+06 2.95151498409E+22 1.00007141169E+00 7.42192639133E+29
 1.24882491080E+06 2.97164473672E+22 1.00007159145E+00 7.45565257915E+29
 1.25449988252E+06 2.99190634088E+22 1.00007177157E+00 7.48953202311E+29
 1.26020064308E+06 3.01230066019E+22 1.00007195206E+00 7.52356541961E+29
 1.26592730965E+06 3.03282856396E+22 1.00007213290E+00 7.55775346825E+29
 1.27167999998E+06 3.05349092717E+22 1.00007231410E+00 7.59209687177E+29
 1.27745883232E+06 3.07428863055E+22 1.00007249566E+00 7.62659633613E+29
 1.28326392547E+06 3.09522256057E+22 1.00007267759E+00 7.66125257050E+29
 1.28909539878E+06 3.11629360955E+22 1.00007285988E+00 7.69606628725E+29
 1.29495337212E+06 3.13750267561E+22 1.00007304254E+00 7.73103820201E+29
 1.30083796591E+06 3.15885066279E+22 1.00007322555E+00 7.76616903364E+29
 1.30674930114E+06 3.18033848102E+22 1.00007340894E+00 7.80145950429E+29
 1.31268749933E+06 3.20196704621E+22 1.00007359269E+00 7.83691033938E+29
 1.31865268256E+06 3.22373728027E+22 1.00007377681E+00 7.87252226761E+29
 1.32464497344E+06 3.24565011113E+22 1.00007396129E+00 7.90829602103E+29
 1.33066449518E+06 3.26770647283E+22 1.00007414615E+00 7.94423233499E+29
 1.33671137151E+06 3.28990730548E+22 1.00007433137E+00 7.98033194817E+29
 1.34278572676E+06 3.31225355541E+22 1.00007451696E+00 8.01659560264E+29
 1.34888768579E+06 3.33474617509E+22 1.00007470292E+00 8.05302404382E+29
 1.35501737405E+06 3.35738612326E+22 1.00007488926E+00 8.08961802052E+29
 1.36117491755E+06 3.38017436494E+22 1.00007507597E+00 8.12637828496E+29
 1.36736044287E+06 3.40311187146E+22 1.00007526305E+00 8.16330559276E+29
 1.37357407718E+06 3.42619962052E+22 1.00007545050E+00 8.20040070300E+29
 1.37981594822E+06 3.44943859622E+22 1.00007563833E+00 8.23766437818E+29
 1.38608618430E+06 3.47282978910E+22 1.00007582653E+00 8.27509738430E+29
 1.39238491432E+06 3.49637419620E+22 1.00007601511E+00 8.31270049082E+29
 1.39871226778E+06 3.52007282109E+22 1.00007620406E+00 8.35047447068E+29
 1.40506837474E+06 3.54392667390E+22 1.00007639339E+00 8.38842010036E+29
 1.41145336589E+06 3.56793677139E+22 1.00007658310E+00 8.42653815987E+29
 1.41786737247E+06 3.59210413698E+22 1.00007677319E+00 8.46482943274E+29
 1.42431052635E+06 3.61642980078E+22 1.00007696366E+00 8.50329470607E+29
 1.43078295998E+06 3.64091479966E+22 1.00007715451E+00 8.54193477055E+29
 1.43728480643E+06 3.66556017728E+22 1.00007734574E+00 8.58075042046E+29
 1.44381619935E+06 3.69036698414E+22 1.00007753735E+00 8.61974245367E+29
 1.45037727302E+06 3.71533627760E+22 1.00007772935E+00 8.65891167169E+29
 1.45696816232E+06 3.74046912197E+22 1.00007792173E+00 8.69825887967E+29
 1.46358900274E+06 3.76576658851E+22 1.00007811449E+00 8.73778488643E+29
 1.47023993039E+06 3.79122975553E+22 1.00007830763E+00 8.77749050444E+29
 1.47692108201E+06 3.81685970836E+22 1.00007850117E+00 8.81737654989E+29
 1.48363259494E+06 3.84265753948E+22 1.00007869509E+00 8.85744384266E+29
 1.49037460715E+06 3.86862434849E+22 1.00007888939E+00 8.89769320635E+29
 1.49714725726E+06 3.89476124221E+22 1.00007908409E+00 8.93812546833E+29
 1.50395068448E+06 3.92106933473E+22 1.00007927917E+00 8.97874145971E+29
 1.51078502868E+06 3.94754974739E+22 1.00007947464E+00 9.01954201537E+29
 1.51765043037E+06 3.97420360891E+22 1.00007967051E+00 9.06052797401E+29
 1.52454703067E+06 4.00103205540E+22 1.00007986676E+00 9.10170017811E+29
 1.53147497138E+06 4.02803623040E+22 1.00008006341E+00 9.14305947400E+29
 1.53843439491E+06 4.05521728495E+22 1.00008026045E+00 9.18460671185E+29
 1.54542544433E+06 4.08257637762E+22 1.00008045788E+00 9.22634274569E+29
 1.55244826337E+06 4.11011467457E+22 1.00008065570E+00 9.26826843343E+29
 1.55950299640E+06 4.13783334962E+22 1.00008085393E+00 9.31038463689E+29
 1.56658978844E+06 4.16573358425E+22 1.00008105254E+00 9.35269222179E+29
 1.57370878520E+06 4.19381656769E+22 1.00008125156E+00 9.39519205780E+29
 1.58086013302E+06 4.22208349695E+22 1.00008145097E+00 9.43788501853E+29
 1.58804397892E+06 4.25053557692E+22 1.00008165078E+00 9.48077198156E+29
 1.59526047058E+06 4.27917402032E+22 1.00008185099E+00 9.52385382847E+29
 1.60250975635E+06 4.30800004786E+22 1.00008205160E+00 9.56713144483E+29
 1.60979198528E+06 4.33701488823E+22 1.00008225261E+00 9.61060572024E+29
 1.61710730706E+06 4.36621977817E+22 1.00008245402E+00 9.65427754834E+29
 1.62445587209E+06 4.39561596252E+22 1.00008265583E+00 9.69814782685E+29
 1.63183783143E+06 4.42520469428E+22 1.00008285804E+00 9.74221745755E+29
 1.63925333685E+06 4.45498723464E+22 1.00008306066E+00 9.78648734632E+29
 1.64670254078E+06 4.48496485306E+22 1.00008326369E+00 9.83095840315E+29
 1.65418559638E+06 4.51513882733E+22 1.00008346712E+00 9.87563154218E+29
 1.66170265748E+06 4.54551044360E+22 1.00008367095E+00 9.92050768170E+29
 1.66925387861E+06 4.57608099642E+22 1.00008387519E+00 9.96558774417E+29
 1.67683941500E+06 4.60685178885E+22 1.00008407985E+00 1.00108726562E+30
 1.68445942262E+06 4.63782413249E+22 1.00008428490E+00 1.00563633488E+30
 1.69211405809E+06 4.66899934750E+22 1.00008449037E+00 1.01020607569E+30
 1.69980347880E+06 4.70037876271E+22 1.00008469625E+00 1.01479658198E+30
 1.70752784282E+06 4.73196371565E+22 1.00008490254E+00 1.01940794813E+30
 1.71528730894E+06 4.76375555260E+22 1.00008510924E+00 1.02404026892E+30
 1.72308203668E+06 4.79575562868E+22 1.00008531636E+00 1.02869363957E+30
 1.73091218629E+06 4.82796530786E+22 1.00008552389E+00 1.03336815574E+30
 1.73877791875E+06 4.86038596307E+22 1.00008573183E+00 1.03806391351E+30
 1.74667939574E+06 4.89301897621E+22 1.00008594019E+00 1.04278100940E+30
 1.75461677972E+06 4.92586573825E+22 1.00008614896E+00 1.04751954039E+30
 1.76259023386E+06 4.95892764926E+22 1.00008635815E+00 1.05227960387E+30
 1.77059992208E+06 4.99220611847E+22 1.00008656776E+00 1.05706129769E+30
 1.77864600904E+06 5.02570256438E+22 1.00008677779E+00 1.06186472014E+30
 1.78672866015E+06 5.05941841473E+22 1.00008698824E+00 1.06668996996E+30
 1.79484804158E+06 5.09335510666E+22 1.00008719910E+00 1.07153714634E+30
 1.80300432024E+06 5.12751408668E+22 1.00008741039E+00 1.07640634891E+30
 1.81119766382E+06 5.16189681081E+22 1.00008762210E+00 1.08129767776E+30
 1.81942824074E+06 5.19650474458E+22 1.00008783423E+00 1.08621123344E+30
 1.82769622022E+06 5.23133936313E+22 1.00008804679E+00 1.09114711695E+30
 1.83600177223E+06 5.26640215128E+22 1.00008825977E+00 1.09610542974E+30
 1.84434506752E+06 5.30169460355E+22 1.00008847318E+00 1.10108627375E+30
 1.85272627760E+06 5.33721822426E+22 1.00008868701E+00 1.10608975136E+30
 1.86114557478E+06 5.37297452758E+22 1.00008890127E+00 1.11111596541E+30
 1.86960313214E+06 5.40896503760E+22 1.00008911595E+00 1.11616501922E+30
 1.87809912355E+06 5.44519128840E+22 1.00008933107E+00 1.12123701658E+30
 1.88663372369E+06 5.48165482409E+22 1.00008954662E+00 1.12633206175E+30
 1.89520710799E+06 5.51835719891E+22 1.00008976259E+00 1.13145025946E+30
 1.90381945271E+06 5.55529997728E+22 1.00008997900E+00 1.13659171492E+30
 1.91247093491E+06 5.59248473386E+22 1.00009019584E+00 1.14175653381E+30
 1.92116173244E+06 5.62991305362E+22 1.00009041311E+00 1.14694482231E+30
 1.92989202397E+06 5.66758653193E+22 1.00009063081E+00 1.15215668705E+30
 1.93866198898E+06 5.70550677460E+22 1.00009084896E+00 1.15739223518E+30
 1.94747180777E+06 5.74367539794E+22 1.00009106753E+00 1.16265157431E+30
 1.95632166143E+06 5.78209402888E+22 1.00009128654E+00 1.16793481256E+30
 1.96521173192E+06 5.82076430498E+22 1.00009150599E+00 1.17324205852E+30
 1.97414220200E+06 5.85968787454E+22 1.00009172588E+00 1.17857342129E+30
 1.98311325525E+06 5.89886639666E+22 1.00009194621E+00 1.18392901045E+30
 1.99212507611E+06 5.93830154129E+22 1.00009216698E+00 1.18930893610E+30
 2.00117784985E+06 5.97799498933E+22 1.00009238819E+00 1.19471330883E+30
 2.01027176256E+06 6.01794843269E+22 1.00009260984E+00 1.20014223972E+30
 2.01940700121E+06 6.05816357437E+22 1.00009283193E+00 1.20559584037E+30
 2.02858375360E+06 6.09864212849E+22 1.00009305446E+00 1.21107422288E+30
 2.03780220838E+06 6.13938582045E+22 1.00009327744E+00 1.21657749986E+30
 2.04706255508E+06 6.18039638691E+22 1.00009350087E+00 1.22210578445E+30
 2.05636498406E+06 6.22167557593E+22 1.00009372474E+00 1.22765919027E+30
 2.06570968657E+06 6.26322514699E+22 1.00009394906E+00 1.23323783148E+30
 2.07509685472E+06 6.30504687114E+22 1.00009417383E+00 1.23884182275E+30
 2.08452668149E+06 6.34714253098E+22 1.00009439904E+00 1.24447127929E+30
 2.09399936073E+06 6.38951392083E+22 1.00009462471E+00 1.25012631679E+30
 2.10351508720E+06 6.43216284674E+22 1.00009485082E+00 1.25580705151E+30
 2.11307405652E+06 6.47509112658E+22 1.00009507739E+00 1.26151360022E+30
 2.12267646520E+06 6.51830059016E+22 1.00009530441E+00 1.26724608023E+30
 2.13232251065E+06 6.56179307925E+22 1.00009553189E+00 1.27300460936E+30
 2.14201239118E+06 6.60557044769E+22 1.00009575981E+00 1.27878930598E+30
 2.15174630600E+06 6.64963456145E+22 1.00009598820E+00 1.28460028901E+30
 2.16152445520E+06 6.69398729876E+22 1.00009621703E+00 1.29043767790E+30
 2.17134703983E+06 6.73863055011E+22 1.00009644633E+00 1.29630159263E+30
 2.18121426181E+06 6.78356621839E+22 1.00009667608E+00 1.30219215374E+30
 2.19112632399E+06 6.82879621897E+22 1.00009690630E+00 1.30810948232E+30
 2.20108343015E+06 6.87432247973E+22 1.00009713697E+00 1.31405370000E+30
 2.21108578499E+06 6.92014694122E+22 1.00009736810E+00 1.32002492898E+30
 2.22113359415E+06 6.96627155666E+22 1.00009759970E+00 1.32602329198E+30
 2.23122706418E+06 7.01269829209E+22 1.00009783175E+00 1.33204891232E+30
 2.24136640259E+06 7.05942912643E+22 1.00009806427E+00 1.33810191385E+30
 2.25155181782E+06 7.10646605154E+22 1.00009829726E+00 1.34418242099E+30
 2.26178351928E+06 7.15381107234E+22 1.00009853071E+00 1.35029055875E+30
 2.27206171731E+06 7.20146620689E+22 1.00009876462E+00 1.35642645266E+30
 2.28238662321E+06 7.24943348645E+22 1.00009899900E+00 1.36259022887E+30
 2.29275844925E+06 7.29771495560E+22 1.00009923386E+00 1.36878201407E+30
 2.30317740864E+06 7.34631267232E+22 1.00009946918E+00 1.37500193554E+30
 2.31364371559E+06 7.39522870803E+22 1.00009970497E+00 1.38125012113E+30
 2.32415758526E+06 7.44446514777E+22 1.00009994123E+00 1.38752669928E+30
 2.33471923381E+06 7.49402409021E+22 1.00010017796E+00 1.39383179901E+30
 2.34532887836E+06 7.54390764775E+22 1.00010041516E+00 1.40016554992E+30
 2.35598673703E+06 7.59411794667E+22 1.00010065284E+00 1.40652808221E+30
 2.36669302893E+06 7.64465712713E+22 1.00010089100E+00 1.41291952666E+30
 2.37744797416E+06 7.69552734334E+22 1.00010112962E+00 1.41934001466E+30
 2.38825179382E+06 7.74673076362E+22 1.00010136873E+00 1.42578967818E+30
 2.39910471003E+06 7.79826957048E+22 1.00010160831E+00 1.43226864981E+30
 2.41000694589E+06 7.85014596072E+22 1.00010184837E+00 1.43877706271E+30
 2.42095872555E+06 7.90236214554E+22 1.00010208892E+00 1.44531505068E+30
 2.43196027416E+06 7.95492035064E+22 1.00010232994E+00 1.45188274811E+30
 2.44301181788E+06 8.00782281626E+22 1.00010257144E+00 1.45848028999E+30
 2.45411358392E+06 8.06107179734E+22 1.00010281342E+00 1.46510781196E+30
 2.46526580051E+06 8.11466956358E+22 1.00010305589E+00 1.47176545024E+30
 2.47646869693E+06 8.16861839957E+22 1.00010329884E+00 1.47845334168E+30
 2.48772250348E+06 8.22292060483E+22 1.00010354228E+00 1.48517162376E+30
 2.49902745154E+06 8.27757849396E+22 1.00010378620E+00 1.49192043458E+30
 2.51038377351E+06 8.33259439672E+22 1.00010403061E+00 1.49869991287E+30
 2.52179170285E+06 8.38797065812E+22 1.00010427551E+00 1.50551019797E+30
 2.53325147410E+06 8.44370963855E+22 1.00010452090E+00 1.51235142989E+30
 2.54476332285E+06 8.49981371385E+22 1.00010476678E+00 1.51922374924E+30
 2.55632748577E+06 8.55628527541E+22 1.00010501315E+00 1.52612729729E+30
 2.56794420059E+06 8.61312673031E+22 1.00010526001E+00 1.53306221596E+30
 2.57961370615E+06 8.67034050137E+22 1.00010550736E+00 1.54002864779E+30
 2.59133624234E+06 8.72792902729E+22 1.00010575521E+00 1.54702673598E+30
 2.60311205016E+06 8.78589476275E+22 1.00010600355E+00 1.55405662438E+30
 2.61494137171E+06 8.84424017850E+22 1.00010625239E+00 1.56111845750E+30
 2.62682445018E+06 8.90296776148E+22 1.00010650172E+00 1.56821238050E+30
 2.63876152986E+06 8.96208001492E+22 1.00010675156E+00 1.57533853919E+30
 2.65075285617E+06 9.02157945843E+22 1.00010700189E+00 1.58249708007E+30
 2.66279867562E+06 9.08146862815E+22 1.00010725272E+00 1.58968815027E+30
 2.67489923586E+06 9.14175007682E+22 1.00010750405E+00 1.59691189763E+30
 2.68705478566E+06 9.20242637388E+22 1.00010775589E+00 1.60416847062E+30
 2.69926557492E+06 9.26350010564E+22 1.00010800822E+00 1.61145801841E+30
 2.71153185468E+06 9.32497387532E+22 1.00010826107E+00 1.61878069085E+30
 2.72385387710E+06 9.38685030320E+22 1.00010851441E+00 1.62613663844E+30
 2.73623189552E+06 9.44913202673E+22 1.00010876826E+00 1.63352601242E+30
 2.74866616441E+06 9.51182170062E+22 1.00010902262E+00 1.64094896465E+30
 2.76115693939E+06 9.57492199699E+22 1.00010927749E+00 1.64840564774E+30
 2.77370447726E+06 9.63843560544E+22 1.00010953287E+00 1.65589621495E+30
 2.78630903598E+06 9.70236523320E+22 1.00010978875E+00 1.66342082026E+30
 2.79897087468E+06 9.76671360524E+22 1.00011004515E+00 1.67097961835E+30
 2.81169025366E+06 9.83148346436E+22 1.00011030206E+00 1.67857276459E+30
 2.82446743442E+06 9.89667757133E+22 1.00011055948E+00 1.68620041506E+30
 2.83730267964E+06 9.96229870502E+22 1.00011081741E+00 1.69386272655E+30
 2.85019625320E+06 1.00283496625E+23 1.00011107586E+00 1.70155985658E+30
 2.86314842016E+06 1.00948332591E+23 1.00011133483E+00 1.70929196335E+30
 2.87615944680E+06 1.01617523287E+23 1.00011159432E+00 1.71705920581E+30
 2.88922960062E+06 1.02291097237E+23 1.00011185432E+00 1.72486174361E+30
 2.90235915032E+06 1.02969083150E+23 1.00011211484E+00 1.73269973716E+30
 2.91554836581E+06 1.03651509927E+23 1.00011237588E+00 1.74057334755E+30
 2.92879751826E+06 1.04338406655E+23 1.00011263744E+00 1.74848273664E+30
 2.94210688005E+06 1.05029802613E+23 1.00011289953E+00 1.75642806701E+30
 2.95547672479E+06 1.05725727270E+23 1.00011316214E+00 1.76440950199E+30
 2.96890732736E+06 1.06426210290E+23 1.00011342527E+00 1.77242720563E+30
 2.98239896386E+06 1.07131281532E+23 1.00011368893E+00 1.78048134275E+30
 2.99595191168E+06 1.07840971047E+23 1.00011395311E+00 1.78857207890E+30
 3.00956644943E+06 1.08555309087E+23 1.00011421783E+00 1.79669958040E+30
 3.02324285701E+06 1.09274326099E+23 1.00011448307E+00 1.80486401431E+30
 3.03698141559E+06 1.09998052731E+23 1.00011474884E+00 1.81306554846E+30
 3.05078240763E+06 1.10726519832E+23 1.00011501514E+00 1.82130435143E+30
 3.06464611684E+06 1.11459758451E+23 1.00011528197E+00 1.82958059258E+30
 3.07857282825E+06 1.12197799843E+23 1.00011554934E+00 1.83789444204E+30
 3.09256282816E+06 1.12940675467E+23 1.00011581724E+00 1.84624607070E+30
 3.10661640421E+06 1.13688416986E+23 1.00011608567E+00 1.85463565023E+30
 3.12073384530E+06 1.14441056273E+23 1.00011635465E+00 1.86306335309E+30
 3.13491544169E+06 1.15198625409E+23 1.00011662415E+00 1.87152935252E+30
 3.14916148491E+06 1.15961156685E+23 1.00011689420E+00 1.88003382253E+30
 3.16347226785E+06 1.16728682602E+23 1.00011716478E+00 1.88857693795E+30
 3.17784808472E+06 1.17501235877E+23 1.00011743591E+00 1.89715887439E+30
 3.19228923107E+06 1.18278849439E+23 1.00011770758E+00 1.90577980825E+30
 3.20679600379E+06 1.19061556433E+23 1.00011797979E+00 1.91443991674E+30
 3.22136870112E+06 1.19849390221E+23 1.00011825254E+00 1.92313937788E+30
 3.23600762266E+06 1.20642384385E+23 1.00011852584E+00 1.93187837048E+30
 3.25071306936E+06 1.21440572726E+23 1.00011879968E+00 1.94065707420E+30
 3.26548534355E+06 1.22243989265E+23 1.00011907407E+00 1.94947566947E+30
 3.28032474893E+06 1.23052668248E+23 1.00011934901E+00 1.95833433757E+30
 3.29523159058E+06 1.23866644144E+23 1.00011962450E+00 1.96723326060E+30
 3.31020617497E+06 1.24685951649E+23 1.00011990054E+00 1.97617262148E+30
 3.32524880994E+06 1.25510625685E+23 1.00012017713E+00 1.98515260396E+30
 3.34035980477E+06 1.26340701402E+23 1.00012045427E+00 1.99417339264E+30
 3.35553947011E+06 1.27176214184E+23 1.00012073196E+00 2.00323517295E+30
 3.37078811804E+06 1.28017199642E+23 1.00012101021E+00 2.01233813115E+30
 3.38610606205E+06 1.28863693624E+23 1.00012128901E+00 2.02148245436E+30
 3.40149361707E+06 1.29715732210E+23 1.00012156838E+00 2.03066833055E+30
 3.41695109943E+06 1.30573351718E+23 1.00012184829E+00 2.03989594854E+30
 3.43247882693E+06 1.31436588704E+23 1.00012212877E+00 2.04916549802E+30
 3.44807711880E+06 1.32305479963E+23 1.00012240981E+00 2.05847716952E+30
 3.46374629573E+06 1.33180062530E+23 1.00012269141E+00 2.06783115445E+30
 3.47948667984E+06 1.34060373684E+23 1.00012297357E+00 2.07722764510E+30
 3.49529859475E+06 1.34946450948E+23 1.00012325630E+00 2.08666683460E+30
 3.51118236552E+06 1.35838332091E+23 1.00012353959E+00 2.09614891700E+30
 3.52713831872E+06 1.36736055128E+23 1.00012382344E+00 2.10567408720E+30
 3.54316678238E+06 1.37639658323E+23 1.00012410787E+00 2.11524254099E+30
 3.55926808601E+06 1.38549180193E+23 1.00012439286E+00 2.12485447507E+30
 3.57544256066E+06 1.39464659506E+23 1.00012467842E+00 2.13451008702E+30
 3.59169053884E+06 1.40386135283E+23 1.00012496454E+00 2.14420957531E+30
 3.60801235460E+06 1.41313646801E+23 1.00012525125E+00 2.15395313932E+30
 3.62440834349E+06 1.42247233595E+23 1.00012553852E+00 2.16374097933E+30
 3.64087884260E+06 1.43186935459E+23 1.00012582637E+00 2.17357329655E+30
 3.65742419054E+06 1.44132792447E+23 1.00012611479E+00 2.18345029309E+30
 3.67404472747E+06 1.45084844875E+23 1.00012640379E+00 2.19337217196E+30
 3.69074079509E+06 1.46043133324E+23 1.00012669336E+00 2.20333913713E+30
 3.70751273664E+06 1.47007698640E+23 1.00012698351E+00 2.21335139347E+30
 3.72436089695E+06 1.47978581938E+23 1.00012727425E+00 2.22340914679E+30
 3.74128562238E+06 1.48955824601E+23 1.00012756556E+00 2.23351260384E+30
 3.75828726091E+06 1.49939468283E+23 1.00012785746E+00 2.24366197229E+30
 3.77536616205E+06 1.50929554911E+23 1.00012814993E+00 2.25385746078E+30
 3.79252267694E+06 1.51926126687E+23 1.00012844299E+00 2.26409927888E+30
 3.80975715829E+06 1.52929226090E+23 1.00012873664E+00 2.27438763712E+30
 3.82706996043E+06 1.53938895875E+23 1.00012903088E+00 2.28472274698E+30
 3.84446143930E+06 1.54955179080E+23 1.00012932570E+00 2.29510482090E+30
 3.86193195243E+06 1.55978119022E+23 1.00012962111E+00 2.30553407231E+30
 3.87948185901E+06 1.57007759305E+23 1.00012991711E+00 2.31601071558E+30
 3.89711151984E+06 1.58044143816E+23 1.00013021370E+00 2.32653496606E+30
 3.91482129738E+06 1.59087316729E+23 1.00013051088E+00 2.33710704008E+30
 3.93261155572E+06 1.60137322510E+23 1.00013080866E+00 2.34772715498E+30
 3.95048266060E+06 1.61194205915E+23 1.00013110703E+00 2.35839552903E+30
 3.96843497944E+06 1.62258011991E+23 1.00013140599E+00 2.36911238156E+30
 3.98646888132E+06 1.63328786085E+23 1.00013170556E+00 2.37987793284E+30
 4.00458473701E+06 1.64406573836E+23 1.00013200572E+00 2.39069240416E+30
 4.02278291894E+06 1.65491421185E+23 1.00013230648E+00 2.40155601784E+30
 4.04106380125E+06 1.66583374372E+23 1.00013260784E+00 2.41246899717E+30
 4.05942775978E+06 1.67682479941E+23 1.00013290981E+00 2.42343156649E+30
 4.07787517207E+06 1.68788784742E+23 1.00013321237E+00 2.43444395112E+30
 4.09640641739E+06 1.69902335929E+23 1.00013351554E+00 2.44550637746E+30
 4.11502187672E+06 1.71023180968E+23 1.00013381932E+00 2.45661907287E+30
 4.13372193277E+06 1.72151367633E+23 1.00013412370E+00 2.46778226581E+30
 4.15250697001E+06 1.73286944012E+23 1.00013442869E+00 2.47899618573E+30
 4.17137737463E+06 1.74429958509E+23 1.00013473429E+00 2.49026106314E+30
 4.19033353459E+06 1.75580459844E+23 1.00013504050E+00 2.50157712960E+30
 4.20937583962E+06 1.76738497057E+23 1.00013534732E+00 2.51294461773E+30
 4.22850468121E+06 1.77904119508E+23 1.00013565476E+00 2.52436376118E+30
 4.24772045262E+06 1.79077376881E+23 1.00013596281E+00 2.53583479469E+30
 4.26702354892E+06 1.80258319186E+23 1.00013627147E+00 2.54735795405E+30
 4.28641436696E+06 1.81446996758E+23 1.00013658075E+00 2.55893347613E+30
 4.30589330541E+06 1.82643460266E+23 1.00013689065E+00 2.57056159887E+30
 4.32546076472E+06 1.83847760708E+23 1.00013720116E+00 2.58224256129E+30
 4.34511714719E+06 1.85059949415E+23 1.00013751230E+00 2.59397660351E+30
 4.36486285694E+06 1.86280078057E+23 1.00013782406E+00 2.60576396673E+30
 4.38469829993E+06 1.87508198641E+23 1.00013813644E+00 2.61760489324E+30
 4.40462388394E+06 1.88744363516E+23 1.00013844944E+00 2.62949962644E+30
 4.42464001865E+06 1.89988625370E+23 1.00013876307E+00 2.64144841084E+30
 4.44474711555E+06 1.91241037242E+23 1.00013907732E+00 2.65345149205E+30
 4.46494558804E+06 1.92501652513E+23 1.00013939220E+00 2.66550911681E+30
 4.48523585139E+06 1.93770524917E+23 1.00013970772E+00 2.67762153296E+30
 4.50561832273E+06 1.95047708539E+23 1.00014002386E+00 2.68978898949E+30
 4.52609342112E+06 1.96333257818E+23 1.00014034063E+00 2.70201173651E+30
 4.54666156752E+06 1.97627227549E+23 1.00014065804E+00 2.71429002526E+30
 4.56732318478E+06 1.98929672887E+23 1.00014097607E+00 2.72662410813E+30
 4.58807869769E+06 2.00240649348E+23 1.00014129475E+00 2.73901423866E+30
 4.60892853297E+06 2.01560212813E+23 1.00014161406E+00 2.75146067154E+30
 4.62987311928E+06 2.02888419525E+23 1.00014193401E+00 2.76396366261E+30
 4.65091288721E+06 2.04225326100E+23 1.00014225459E+00 2.77652346888E+30
 4.67204826934E+06 2.05570989521E+23 1.00014257582E+00 2.78914034852E+30
 4.69327970019E+06 2.06925467148E+23 1.00014289769E+00 2.80181456089E+30
 4.71460761627E+06 2.08288816714E+23 1.00014322020E+00 2.81454636651E+30
 4.73603245605E+06 2.09661096330E+23 1.00014354336E+00 2.82733602708E+30
 4.75755466001E+06 2.11042364490E+23 1.00014386716E+00 2.84018380553E+30
 4.77917467065E+06 2.12432680069E+23 1.00014419160E+00 2.85308996592E+30
 4.80089293245E+06 2.13832102328E+23 1.00014451670E+00 2.86605477357E+30
 4.82270989192E+06 2.15240690917E+23 1.00014484244E+00 2.87907849498E+30
 4.84462599760E+06 2.16658505876E+23 1.00014516884E+00 2.89216139785E+30
 4.86664170008E+06 2.18085607639E+23 1.00014549588E+00 2.90530375111E+30
 4.88875745198E+06 2.19522057034E+23 1.00014582358E+00 2.91850582491E+30
 4.91097370799E+06 2.20967915290E+23 1.00014615194E+00 2.93176789064E+30
 4.93329092486E+06 2.22423244036E+23 1.00014648095E+00 2.94509022089E+30
 4.95570956141E+06 2.23888105303E+23 1.00014681061E+00 2.95847308953E+30
 4.97823007855E+06 2.25362561532E+23 1.00014714094E+00 2.97191677165E+30
 5.00085293931E+06 2.26846675568E+23 1.00014747192E+00 2.98542154358E+30
 5.02357860878E+06 2.28340510673E+23 1.00014780357E+00 2.99898768293E+30
 5.04640755419E+06 2.29844130519E+23 1.00014813588E+00 3.01261546857E+30
 5.06934024489E+06 2.31357599198E+23 1.00014846885E+00 3.02630518062E+30
 5.09237715236E+06 2.32880981220E+23 1.00014880248E+00 3.04005710047E+30
 5.11551875023E+06 2.34414341518E+23 1.00014913679E+00 3.05387151082E+30
 5.13876551428E+06 2.35957745452E+23 1.00014947176E+00 3.06774869563E+30
 5.16211792244E+06 2.37511258807E+23 1.00014980740E+00 3.08168894015E+30
 5.18557645482E+06 2.39074947801E+23 1.00015014370E+00 3.09569253093E+30
 5.20914159373E+06 2.40648879085E+23 1.00015048069E+00 3.10975975583E+30
 5.23281382363E+06 2.42233119748E+23 1.00015081834E+00 3.12389090401E+30
 5.25659363124E+06 2.43827737316E+23 1.00015115667E+00 3.13808626594E+30
 5.28048150543E+06 2.45432799759E+23 1.00015149567E+00 3.15234613342E+30
 5.30447793734E+06 2.47048375492E+23 1.00015183535E+00 3.16667079958E+30
 5.32858342031E+06 2.48674533378E+23 1.00015217571E+00 3.18106055886E+30
 5.35279844995E+06 2.50311342730E+23 1.00015251675E+00 3.19551570705E+30
 5.37712352409E+06 2.51958873318E+23 1.00015285847E+00 3.21003654130E+30
 5.40155914286E+06 2.53617195364E+23 1.00015320087E+00 3.22462336008E+30
 5.42610580864E+06 2.55286379556E+23 1.00015354395E+00 3.23927646325E+30
 5.45076402609E+06 2.56966497040E+23 1.00015388773E+00 3.25399615200E+30
 5.47553430217E+06 2.58657619430E+23 1.00015423218E+00 3.26878272890E+30
 5.50041714615E+06 2.60359818810E+23 1.00015457733E+00 3.28363649792E+30
 5.52541306960E+06 2.62073167734E+23 1.00015492316E+00 3.29855776437E+30
 5.55052258644E+06 2.63797739234E+23 1.00015526969E+00 3.31354683497E+30
 5.57574621290E+06 2.65533606817E+23 1.00015561690E+00 3.32860401784E+30
 5.60108446756E+06 2.67280844475E+23 1.00015596481E+00 3.34372962249E+30
 5.62653787138E+06 2.69039526682E+23 1.00015631342E+00 3.35892395982E+30
 5.65210694765E+06 2.70809728400E+23 1.00015666272E+00 3.37418734218E+30
 5.67779222208E+06 2.72591525084E+23 1.00015701272E+00 3.38952008331E+30
 5.70359422273E+06 2.74384992682E+23 1.00015736341E+00 3.40492249839E+30
 5.72951348009E+06 2.76190207639E+23 1.00015771481E+00 3.42039490402E+30
 5.75555052704E+06 2.78007246900E+23 1.00015806691E+00 3.43593761825E+30
 5.78170589890E+06 2.79836187917E+23 1.00015841971E+00 3.45155096057E+30
 5.80798013341E+06 2.81677108647E+23 1.00015877322E+00 3.46723525193E+30
 5.83437377076E+06 2.83530087558E+23 1.00015912743E+00 3.48299081473E+30
 5.86088735359E+06 2.85395203631E+23 1.00015948235E+00 3.49881797283E+30
 5.88752142701E+06 2.87272536367E+23 1.00015983798E+00 3.51471705157E+30
 5.91427653861E+06 2.89162165785E+23 1.00016019432E+00 3.53068837777E+30
 5.94115323846E+06 2.91064172430E+23 1.00016055137E+00 3.54673227973E+30
 5.96815207914E+06 2.92978637373E+23 1.00016090914E+00 3.56284908724E+30
 5.99527361573E+06 2.94905642218E+23 1.00016126761E+00 3.57903913160E+30
 6.02251840584E+06 2.96845269102E+23 1.00016162681E+00 3.59530274560E+30
 6.04988700963E+06 2.98797600700E+23 1.00016198672E+00 3.61164026355E+30
 6.07737998977E+06 3.00762720229E+23 1.00016234735E+00 3.62805202129E+30
 6.10499791152E+06 3.02740711451E+23 1.00016270870E+00 3.64453835616E+30
 6.13274134269E+06 3.04731658677E+23 1.00016307077E+00 3.66109960706E+30
 6.16061085367E+06 3.06735646769E+23 1.00016343356E+00 3.67773611441E+30
 6.18860701747E+06 3.08752761147E+23 1.00016379708E+00 3.69444822019E+30
 6.21673040966E+06 3.10783087788E+23 1.00016416133E+00 3.71123626793E+30
 6.24498160846E+06 3.12826713235E+23 1.00016452630E+00 3.72810060272E+30
 6.27336119471E+06 3.14883724594E+23 1.00016489200E+00 3.74504157121E+30
 6.30186975188E+06 3.16954209546E+23 1.00016525843E+00 3.76205952164E+30
 6.33050786610E+06 3.19038256343E+23 1.00016562559E+00 3.77915480382E+30
 6.35927612617E+06 3.21135953816E+23 1.00016599349E+00 3.79632776917E+30
 6.38817512355E+06 3.23247391379E+23 1.00016636212E+00 3.81357877068E+30
 6.41720545240E+06 3.25372659030E+23 1.00016673149E+00 3.83090816296E+30
 6.44636770958E+06 3.27511847357E+23 1.00016710159E+00 3.84831630222E+30
 6.47566249466E+06 3.29665047542E+23 1.00016747244E+00 3.86580354631E+30
 6.50509040993E+06 3.31832351364E+23 1.00016784402E+00 3.88337025468E+30
 6.53465206042E+06 3.34013851203E+23 1.00016821635E+00 3.90101678843E+30
 6.56434805392E+06 3.36209640043E+23 1.00016858942E+00 3.91874351031E+30
 6.59417900097E+06 3.38419811479E+23 1.00016896323E+00 3.93655078468E+30
 6.62414551489E+06 3.40644459718E+23 1.00016933779E+00 3.95443897760E+30
 6.65424821179E+06 3.42883679585E+23 1.00016971310E+00 3.97240845677E+30
 6.68448771057E+06 3.45137566524E+23 1.00017008916E+00 3.99045959157E+30
 6.71486463296E+06 3.47406216606E+23 1.00017046597E+00 4.00859275304E+30
 6.74537960349E+06 3.49689726532E+23 1.00017084353E+00 4.02680831392E+30
 6.77603324956E+06 3.51988193633E+23 1.00017122185E+00 4.04510664866E+30
 6.80682620140E+06 3.54301715882E+23 1.00017160092E+00 4.06348813339E+30
 6.83775909210E+06 3.56630391889E+23 1.00017198075E+00 4.08195314594E+30
 6.86883255765E+06 3.58974320915E+23 1.00017236133E+00 4.10050206589E+30
 6.90004723691E+06 3.61333602866E+23 1.00017274268E+00 4.11913527451E+30
 6.93140377166E+06 3.63708338307E+23 1.00017312479E+00 4.13785315483E+30
 6.96290280657E+06 3.66098628458E+23 1.00017350766E+00 4.15665609160E+30
 6.99454498928E+06 3.68504575204E+23 1.00017389129E+00 4.17554447134E+30
 7.02633097034E+06 3.70926281098E+23 1.00017427570E+00 4.19451868230E+30
 7.05826140326E+06 3.73363849363E+23 1.00017466087E+00 4.21357911452E+30
 7.09033694455E+06 3.75817383899E+23 1.00017504680E+00 4.23272615979E+30
 7.12255825366E+06 3.78286989286E+23 1.00017543351E+00 4.25196021169E+30
 7.15492599307E+06 3.80772770789E+23 1.00017582099E+00 4.27128166561E+30
 7.18744082826E+06 3.83274834364E+23 1.00017620925E+00 4.29069091869E+30
 7.22010342774E+06 3.85793286660E+23 1.00017659828E+00 4.31018836991E+30
 7.25291446304E+06 3.88328235023E+23 1.00017698809E+00 4.32977442006E+30
 7.28587460876E+06 3.90879787504E+23 1.00017737867E+00 4.34944947174E+30
 7.31898454257E+06 3.93448052863E+23 1.00017777004E+00 4.36921392939E+30
 7.35224494520E+06 3.96033140568E+23 1.00017816219E+00 4.38906819927E+30
 7.38565650048E+06 3.98635160809E+23 1.00017855512E+00 4.40901268950E+30
 7.41921989538E+06 4.01254224495E+23 1.00017894883E+00 4.42904781007E+30
 7.45293581993E+06 4.03890443261E+23 1.00017934333E+00 4.44917397280E+30
 7.48680496736E+06 4.06543929475E+23 1.00017973862E+00 4.46939159140E+30
 7.52082803401E+06 4.09214796240E+23 1.00018013470E+00 4.48970108145E+30
 7.55500571940E+06 4.11903157400E+23 1.00018053157E+00 4.51010286045E+30
 7.58933872622E+06 4.14609127545E+23 1.00018092923E+00 4.53059734775E+30
 7.62382776036E+06 4.17332822015E+23 1.00018132768E+00 4.55118496463E+30
 7.65847353092E+06 4.20074356905E+23 1.00018172694E+00 4.57186613429E+30
 7.69327675023E+06 4.22833849073E+23 1.00018212698E+00 4.59264128185E+30
 7.72823813384E+06 4.25611416139E+23 1.00018252783E+00 4.61351083435E+30
 7.76335840056E+06 4.28407176496E+23 1.00018292948E+00 4.63447522078E+30
 7.79863827247E+06 4.31221249311E+23 1.00018333193E+00 4.65553487207E+30
 7.83407847493E+06 4.34053754532E+23 1.00018373518E+00 4.67669022113E+30
 7.86967973659E+06 4.36904812894E+23 1.00018413924E+00 4.69794170282E+30
 7.90544278943E+06 4.39774545920E+23 1.00018454411E+00 4.71928975397E+30
 7.94136836873E+06 4.42663075931E+23 1.00018494978E+00 4.74073481341E+30
 7.97745721314E+06 4.45570526050E+23 1.00018535627E+00 4.76227732196E+30
 8.01371006464E+06 4.48497020203E+23 1.00018576356E+00 4.78391772243E+30
 8.05012766861E+06 4.51442683132E+23 1.00018617167E+00 4.80565645967E+30
 8.08671077379E+06 4.54407640393E+23 1.00018658060E+00 4.82749398053E+30
 8.12346013235E+06 4.57392018366E+23 1.00018699034E+00 4.84943073389E+30
 8.16037649986E+06 4.60395944258E+23 1.00018740090E+00 4.87146717067E+30
 8.19746063533E+06 4.63419546110E+23 1.00018781227E+00 4.89360374386E+30
 8.23471330121E+06 4.66462952799E+23 1.00018822447E+00 4.91584090848E+30
 8.27213526343E+06 4.69526294051E+23 1.00018863750E+00 4.93817912164E+30
 8.30972729140E+06 4.72609700438E+23 1.00018905135E+00 4.96061884251E+30
 8.34749015802E+06 4.75713303388E+23 1.00018946602E+00 4.98316053236E+30
 8.38542463971E+06 4.78837235190E+23 1.00018988152E+00 5.00580465455E+30
 8.42353151640E+06 4.81981629000E+23 1.00019029786E+00 5.02855167454E+30
 8.46181157159E+06 4.85146618846E+23 1.00019071502E+00 5.05140205991E+30
 8.50026559233E+06 4.88332339634E+23 1.00019113302E+00 5.07435628037E+30
 8.53889436925E+06 4.91538927152E+23 1.00019155185E+00 5.09741480776E+30
 8.57769869655E+06 4.94766518080E+23 1.00019197152E+00 5.12057811606E+30
 8.61667937209E+06 4.98015249991E+23 1.00019239202E+00 5.14384668142E+30
 8.65583719730E+06 5.01285261361E+23 1.00019281337E+00 5.16722098212E+30
 8.69517297729E+06 5.04576691573E+23 1.00019323555E+00 5.19070149866E+30
 8.73468752082E+06 5.07889680920E+23 1.00019365858E+00 5.21428871368E+30
 8.77438164033E+06 5.11224370618E+23 1.00019408246E+00 5.23798311204E+30
 8.81425615193E+06 5.14580902805E+23 1.00019450718E+00 5.26178518079E+30
 8.85431187546E+06 5.17959420552E+23 1.00019493275E+00 5.28569540920E+30
 8.89454963450E+06 5.21360067865E+23 1.00019535917E+00 5.30971428877E+30
 8.93497025633E+06 5.24782989695E+23 1.00019578644E+00 5.33384231321E+30
 8.97557457202E+06 5.28228331942E+23 1.00019621456E+00 5.35807997850E+30
 9.01636341643E+06 5.31696241462E+23 1.00019664354E+00 5.38242778285E+30
 9.05733762818E+06 5.35186866072E+23 1.00019707338E+00 5.40688622676E+30
 9.09849804972E+06 5.38700354557E+23 1.00019750407E+00 5.43145581298E+30
 9.13984552734E+06 5.42236856679E+23 1.00019793562E+00 5.45613704657E+30
 9.18138091114E+06 5.45796523178E+23 1.00019836804E+00 5.48093043485E+30
 9.22310505513E+06 5.49379505782E+23 1.00019880132E+00 5.50583648747E+30
 9.26501881717E+06 5.52985957214E+23 1.00019923546E+00 5.53085571640E+30
 9.30712305903E+06 5.56616031198E+23 1.00019967047E+00 5.55598863592E+30
 9.34941864639E+06 5.60269882462E+23 1.00020010635E+00 5.58123576267E+30
 9.39190644887E+06 5.63947666749E+23 1.00020054310E+00 5.60659761560E+30
 9.43458734004E+06 5.67649540823E+23 1.00020098072E+00 5.63207471605E+30
 9.47746219745E+06 5.71375662475E+23 1.00020141922E+00 5.65766758772E+30
 9.52053190262E+06 5.75126190526E+23 1.00020185859E+00 5.68337675669E+30
 9.56379734110E+06 5.78901284843E+23 1.00020229884E+00 5.70920275143E+30
 9.60725940244E+06 5.82701106334E+23 1.00020273997E+00 5.73514610282E+30
 9.65091898025E+06 5.86525816966E+23 1.00020318198E+00 5.76120734412E+30
 9.69477697220E+06 5.90375579765E+23 1.00020362487E+00 5.78738701106E+30
 9.73883428003E+06 5.94250558824E+23 1.00020406865E+00 5.81368564177E+30
 9.78309180959E+06 5.98150919311E+23 1.00020451331E+00 5.84010377684E+30
 9.82755047084E+06 6.02076827478E+23 1.00020495886E+00 5.86664195931E+30
 9.87221117788E+06 6.06028450663E+23 1.00020540530E+00 5.89330073470E+30
 9.91707484895E+06 6.10005957302E+23 1.00020585263E+00 5.92008065099E+30
 9.96214240649E+06 6.14009516933E+23 1.00020630085E+00 5.94698225866E+30
 1.00074147771E+07 6.18039300207E+23 1.00020674997E+00 5.97400611070E+30
 1.00528928917E+07 6.22095478889E+23 1.00020719999E+00 6.00115276259E+30
 1.00985776852E+07 6.26178225873E+23 1.00020765091E+00 6.02842277236E+30
 1.01444700970E+07 6.30287715182E+23 1.00020810272E+00 6.05581670056E+30
 1.01905710706E+07 6.34424121981E+23 1.00020855544E+00 6.08333511030E+30
 1.02368815540E+07 6.38587622582E+23 1.00020900906E+00 6.11097856722E+30
 1.02834024994E+07 6.42778394451E+23 1.00020946359E+00 6.13874763957E+30
 1.03301348631E+07 6.46996616217E+23 1.00020991902E+00 6.16664289816E+30
 1.03770796061E+07 6.51242467680E+23 1.00021037537E+00 6.19466491638E+30
 1.04242376936E+07 6.55516129816E+23 1.00021083262E+00 6.22281427026E+30
 1.04716100951E+07 6.59817784787E+23 1.00021129079E+00 6.25109153842E+30
 1.05191977848E+07 6.64147615949E+23 1.00021174988E+00 6.27949730213E+30
 1.05670017410E+07 6.68505807858E+23 1.00021220988E+00 6.30803214528E+30
 1.06150229467E+07 6.72892546279E+23 1.00021267080E+00 6.33669665442E+30
 1.06632623891E+07 6.77308018194E+23 1.00021313264E+00 6.36549141878E+30
 1.07117210602E+07 6.81752411811E+23 1.00021359540E+00 6.39441703025E+30
 1.07603999562E+07 6.86225916568E+23 1.00021405909E+00 6.42347408342E+30
 1.08093000781E+07 6.90728723145E+23 1.00021452370E+00 6.45266317557E+30
 1.08584224313E+07 6.95261023473E+23 1.00021498924E+00 6.48198490672E+30
 1.09077680257E+07 6.99823010737E+23 1.00021545571E+00 6.51143987958E+30
 1.09573378760E+07 7.04414879390E+23 1.00021592311E+00 6.54102869962E+30
 1.10071330014E+07 7.09036825157E+23 1.00021639144E+00 6.57075197506E+30
 1.10571544257E+07 7.13689045045E+23 1.00021686071E+00 6.60061031689E+30
 1.11074031774E+07 7.18371737353E+23 1.00021733092E+00 6.63060433887E+30
 1.11578802896E+07 7.23085101677E+23 1.00021780206E+00 6.66073465754E+30
 1.12085868002E+07 7.27829338921E+23 1.00021827415E+00 6.69100189225E+30
 1.12595237518E+07 7.32604651307E+23 1.00021874718E+00 6.72140666516E+30
 1.13106921916E+07 7.37411242377E+23 1.00021922115E+00 6.75194960128E+30
 1.13620931718E+07 7.42249317011E+23 1.00021969607E+00 6.78263132842E+30
 1.14137277492E+07 7.47119081428E+23 1.00022017194E+00 6.81345247727E+30
 1.14655969855E+07 7.52020743199E+23 1.00022064876E+00 6.84441368139E+30
 1.15177019471E+07 7.56954511254E+23 1.00022112653E+00 6.87551557720E+30
 1.15700437054E+07 7.61920595892E+23 1.00022160525E+00 6.90675880403E+30
 1.16226233366E+07 7.66919208789E+23 1.00022208494E+00 6.93814400409E+30
 1.16754419217E+07 7.71950563009E+23 1.00022256557E+00 6.96967182254E+30
 1.17285005468E+07 7.77014873008E+23 1.00022304717E+00 7.00134290745E+30
 1.17818003028E+07 7.82112354651E+23 1.00022352973E+00 7.03315790984E+30
 1.18353422855E+07 7.87243225213E+23 1.00022401326E+00 7.06511748370E+30
 1.18891275960E+07 7.92407703397E+23 1.00022449775E+00 7.09722228596E+30
 1.19431573400E+07 7.97606009333E+23 1.00022498320E+00 7.12947297658E+30
 1.19974326285E+07 8.02838364597E+23 1.00022546963E+00 7.16187021848E+30
 1.20519545775E+07 8.08104992215E+23 1.00022595703E+00 7.19441467762E+30
 1.21067243079E+07 8.13406116672E+23 1.00022644540E+00 7.22710702296E+30
 1.21617429458E+07 8.18741963927E+23 1.00022693474E+00 7.25994792652E+30
 1.22170116227E+07 8.24112761416E+23 1.00022742507E+00 7.29293806337E+30
 1.22725314747E+07 8.29518738067E+23 1.00022791637E+00 7.32607811164E+30
 1.23283036435E+07 8.34960124306E+23 1.00022840865E+00 7.35936875255E+30
 1.23843292758E+07 8.40437152067E+23 1.00022890192E+00 7.39281067042E+30
 1.24406095236E+07 8.45950054808E+23 1.00022939617E+00 7.42640455266E+30
 1.24971455440E+07 8.51499067510E+23 1.00022989141E+00 7.46015108982E+30
 1.25539384995E+07 8.57084426698E+23 1.00023038763E+00 7.49405097559E+30
 1.26109895578E+07 8.62706370444E+23 1.00023088485E+00 7.52810490679E+30
 1.26682998920E+07 8.68365138379E+23 1.00023138306E+00 7.56231358344E+30
 1.27258706804E+07 8.74060971706E+23 1.00023188227E+00 7.59667770871E+30
 1.27837031068E+07 8.79794113206E+23 1.00023238247E+00 7.63119798899E+30
 1.28417983603E+07 8.85564807249E+23 1.00023288367E+00 7.66587513386E+30
 1.29001576353E+07 8.91373299809E+23 1.00023338588E+00 7.70070985613E+30
 1.29587821318E+07 8.97219838469E+23 1.00023388908E+00 7.73570287186E+30
 1.30176730553E+07 9.03104672433E+23 1.00023439329E+00 7.77085490036E+30
 1.30768316165E+07 9.09028052540E+23 1.00023489851E+00 7.80616666419E+30
 1.31362590319E+07 9.14990231269E+23 1.00023540473E+00 7.84163888921E+30
 1.31959565233E+07 9.20991462755E+23 1.00023591197E+00 7.87727230459E+30
 1.32559253182E+07 9.27032002796E+23 1.00023642022E+00 7.91306764279E+30
 1.33161666498E+07 9.33112108867E+23 1.00023692948E+00 7.94902563960E+30
 1.33766817565E+07 9.39232040128E+23 1.00023743977E+00 7.98514703418E+30
 1.34374718826E+07 9.45392057438E+23 1.00023795107E+00 8.02143256902E+30
 1.34985382782E+07 9.51592423363E+23 1.00023846339E+00 8.05788299000E+30
 1.35598821988E+07 9.57833402191E+23 1.00023897673E+00 8.09449904637E+30
 1.36215049057E+07 9.64115259938E+23 1.00023949110E+00 8.13128149082E+30
 1.36834076660E+07 9.70438264366E+23 1.00024000650E+00 8.16823107942E+30
 1.37455917524E+07 9.76802684988E+23 1.00024052292E+00 8.20534857170E+30
 1.38080584436E+07 9.83208793084E+23 1.00024104038E+00 8.24263473064E+30
 1.38708090240E+07 9.89656861710E+23 1.00024155887E+00 8.28009032268E+30
 1.39338447838E+07 9.96147165712E+23 1.00024207840E+00 8.31771611774E+30
 1.39971670191E+07 1.00267998173E+24 1.00024259896E+00 8.35551288926E+30
 1.40607770319E+07 1.00925558823E+24 1.00024312056E+00 8.39348141417E+30
 1.41246761302E+07 1.01587426549E+24 1.00024364321E+00 8.43162247293E+30
 1.41888656278E+07 1.02253629562E+24 1.00024416689E+00 8.46993684957E+30
 1.42533468445E+07 1.02924196260E+24 1.00024469163E+00 8.50842533167E+30
 1.43181211061E+07 1.03599155224E+24 1.00024521741E+00 8.54708871037E+30
 1.43831897445E+07 1.04278535224E+24 1.00024574424E+00 8.58592778044E+30
 1.44485540977E+07 1.04962365218E+24 1.00024627212E+00 8.62494334024E+30
 1.45142155096E+07 1.05650674355E+24 1.00024680106E+00 8.66413619176E+30
 1.45801753303E+07 1.06343491972E+24 1.00024733106E+00 8.70350714064E+30
 1.46464349160E+07 1.07040847602E+24 1.00024786211E+00 8.74305699616E+30
 1.47129956292E+07 1.07742770968E+24 1.00024839422E+00 8.78278657132E+30
 1.47798588385E+07 1.08449291989E+24 1.00024892740E+00 8.82269668278E+30
 1.48470259186E+07 1.09160440780E+24 1.00024946164E+00 8.86278815091E+30
 1.49144982506E+07 1.09876247654E+24 1.00024999694E+00 8.90306179983E+30
 1.49822772219E+07 1.10596743121E+24 1.00025053332E+00 8.94351845739E+30
 1.50503642261E+07 1.11321957892E+24 1.00025107076E+00 8.98415895520E+30
 1.51187606631E+07 1.12051922879E+24 1.00025160928E+00 9.02498412866E+30
 1.51874679394E+07 1.12786669196E+24 1.00025214888E+00 9.06599481696E+30
 1.52564874677E+07 1.13526228162E+24 1.00025268955E+00 9.10719186310E+30
 1.53258206671E+07 1.14270631299E+24 1.00025323130E+00 9.14857611391E+30
 1.53954689633E+07 1.15019910337E+24 1.00025377414E+00 9.19014842008E+30
 1.54654337882E+07 1.15774097214E+24 1.00025431806E+00 9.23190963616E+30
 1.55357165806E+07 1.16533224077E+24 1.00025486306E+00 9.27386062057E+30
 1.56063187855E+07 1.17297323282E+24 1.00025540915E+00 9.31600223564E+30
 1.56772418547E+07 1.18066427400E+24 1.00025595634E+00 9.35833534764E+30
 1.57484872465E+07 1.18840569212E+24 1.00025650461E+00 9.40086082674E+30
 1.58200564257E+07 1.19619781716E+24 1.00025705398E+00 9.44357954708E+30
 1.58919508640E+07 1.20404098125E+24 1.00025760445E+00 9.48649238678E+30
 1.59641720397E+07 1.21193551871E+24 1.00025815602E+00 9.52960022794E+30
 1.60367214377E+07 1.21988176603E+24 1.00025870869E+00 9.57290395668E+30
 1.61096005498E+07 1.22788006192E+24 1.00025926246E+00 9.61640446313E+30
 1.61828108746E+07 1.23593074731E+24 1.00025981733E+00 9.66010264147E+30
 1.62563539173E+07 1.24403416533E+24 1.00026037332E+00 9.70399938995E+30
 1.63302311901E+07 1.25219066141E+24 1.00026093042E+00 9.74809561090E+30
 1.64044442122E+07 1.26040058319E+24 1.00026148862E+00 9.79239221075E+30
 1.64789945094E+07 1.26866428064E+24 1.00026204795E+00 9.83689010004E+30
 1.65538836147E+07 1.27698210598E+24 1.00026260839E+00 9.88159019347E+30
 1.66291130679E+07 1.28535441375E+24 1.00026316995E+00 9.92649340987E+30
 1.67046844159E+07 1.29378156082E+24 1.00026373263E+00 9.97160067225E+30
 1.67805992125E+07 1.30226390639E+24 1.00026429643E+00 1.00169129078E+31
 1.68568590188E+07 1.31080181201E+24 1.00026486136E+00 1.00624310480E+31
 1.69334654027E+07 1.31939564162E+24 1.00026542742E+00 1.01081560285E+31
 1.70104199395E+07 1.32804576150E+24 1.00026599461E+00 1.01540887892E+31
 1.70877242115E+07 1.33675254038E+24 1.00026656293E+00 1.02002302743E+31
 1.71653798082E+07 1.34551634937E+24 1.00026713238E+00 1.02465814322E+31
 1.72433883264E+07 1.35433756202E+24 1.00026770298E+00 1.02931432157E+31
 1.73217513700E+07 1.36321655434E+24 1.00026827471E+00 1.03399165819E+31
 1.74004705504E+07 1.37215370477E+24 1.00026884758E+00 1.03869024924E+31
 1.74795474863E+07 1.38114939427E+24 1.00026942160E+00 1.04341019128E+31
 1.75589838035E+07 1.39020400628E+24 1.00026999677E+00 1.04815158135E+31
 1.76387811355E+07 1.39931792672E+24 1.00027057308E+00 1.05291451691E+31
 1.77189411231E+07 1.40849154409E+24 1.00027115054E+00 1.05769909585E+31
 1.77994654145E+07 1.41772524940E+24 1.00027172916E+00 1.06250541654E+31
 1.78803556655E+07 1.42701943624E+24 1.00027230893E+00 1.06733357777E+31
 1.79616135393E+07 1.43637450075E+24 1.00027288986E+00 1.07218367878E+31
 1.80432407068E+07 1.44579084170E+24 1.00027347195E+00 1.07705581928E+31
 1.81252388464E+07 1.45526886045E+24 1.00027405520E+00 1.08195009941E+31
 1.82076096442E+07 1.46480896099E+24 1.00027463962E+00 1.08686661978E+31
 1.82903547939E+07 1.47441154998E+24 1.00027522520E+00 1.09180548144E+31
 1.83734759968E+07 1.48407703670E+24 1.00027581196E+00 1.09676678593E+31
 1.84569749623E+07 1.49380583315E+24 1.00027639988E+00 1.10175063523E+31
 1.85408534071E+07 1.50359835401E+24 1.00027698898E+00 1.10675713178E+31
 1.86251130560E+07 1.51345501667E+24 1.00027757926E+00 1.11178637849E+31
 1.87097556417E+07 1.52337624128E+24 1.00027817071E+00 1.11683847874E+31
 1.87947829044E+07 1.53336245073E+24 1.00027876335E+00 1.12191353639E+31
 1.88801965926E+07 1.54341407065E+24 1.00027935716E+00 1.12701165576E+31
 1.89659984626E+07 1.55353152951E+24 1.00027995217E+00 1.13213294163E+31
 1.90521902786E+07 1.56371525855E+24 1.00028054836E+00 1.13727749928E+31
 1.91387738130E+07 1.57396569184E+24 1.00028114574E+00 1.14244543447E+31
 1.92257508460E+07 1.58428326631E+24 1.00028174432E+00 1.14763685342E+31
 1.93131231663E+07 1.59466842173E+24 1.00028234409E+00 1.15285186284E+31
 1.94008925703E+07 1.60512160076E+24 1.00028294506E+00 1.15809056994E+31
 1.94890608627E+07 1.61564324897E+24 1.00028354723E+00 1.16335308239E+31
 1.95776298566E+07 1.62623381483E+24 1.00028415060E+00 1.16863950838E+31
 1.96666013731E+07 1.63689374977E+24 1.00028475518E+00 1.17394995657E+31
 1.97559772417E+07 1.64762350814E+24 1.00028536096E+00 1.17928453611E+31
 1.98457593001E+07 1.65842354731E+24 1.00028596795E+00 1.18464335668E+31
 1.99359493946E+07 1.66929432761E+24 1.00028657616E+00 1.19002652841E+31
 2.00265493796E+07 1.68023631241E+24 1.00028718558E+00 1.19543416197E+31
 2.01175611180E+07 1.69124996811E+24 1.00028779621E+00 1.20086636850E+31
 2.02089864814E+07 1.70233576414E+24 1.00028840807E+00 1.20632325969E+31
 2.03008273496E+07 1.71349417305E+24 1.00028902115E+00 1.21180494769E+31
 2.03930856112E+07 1.72472567044E+24 1.00028963545E+00 1.21731154518E+31
 2.04857631631E+07 1.73603073505E+24 1.00029025098E+00 1.22284316536E+31
 2.05788619110E+07 1.74740984876E+24 1.00029086774E+00 1.22839992194E+31
 2.06723837694E+07 1.75886349659E+24 1.00029148573E+00 1.23398192913E+31
 2.07663306612E+07 1.77039216675E+24 1.00029210495E+00 1.23958930168E+31
 2.08607045183E+07 1.78199635064E+24 1.00029272541E+00 1.24522215485E+31
 2.09555072811E+07 1.79367654288E+24 1.00029334711E+00 1.25088060443E+31
 2.10507408992E+07 1.80543324133E+24 1.00029397005E+00 1.25656476673E+31
 2.11464073307E+07 1.81726694711E+24 1.00029459423E+00 1.26227475860E+31
 2.12425085428E+07 1.82917816463E+24 1.00029521967E+00 1.26801069740E+31
 2.13390465115E+07 1.84116740160E+24 1.00029584635E+00 1.27377270105E+31
 2.14360232221E+07 1.85323516904E+24 1.00029647428E+00 1.27956088798E+31
 2.15334406684E+07 1.86538198135E+24 1.00029710346E+00 1.28537537718E+31
 2.16313008538E+07 1.87760835626E+24 1.00029773390E+00 1.29121628817E+31
 2.17296057905E+07 1.88991481493E+24 1.00029836560E+00 1.29708374100E+31
 2.18283574999E+07 1.90230188191E+24 1.00029899857E+00 1.30297785630E+31
 2.19275580126E+07 1.91477008518E+24 1.00029963279E+00 1.30889875521E+31
 2.20272093684E+07 1.92731995621E+24 1.00030026828E+00 1.31484655945E+31
 2.21273136164E+07 1.93995202991E+24 1.00030090505E+00 1.32082139128E+31
 2.22278728151E+07 1.95266684472E+24 1.00030154308E+00 1.32682337351E+31
 2.23288890322E+07 1.96546494260E+24 1.00030218239E+00 1.33285262952E+31
 2.24303643450E+07 1.97834686907E+24 1.00030282297E+00 1.33890928324E+31
 2.25323008399E+07 1.99131317321E+24 1.00030346483E+00 1.34499345918E+31
 2.26347006131E+07 2.00436440770E+24 1.00030410798E+00 1.35110528240E+31
 2.27375657703E+07 2.01750112884E+24 1.00030475240E+00 1.35724487852E+31
 2.28408984266E+07 2.03072389657E+24 1.00030539812E+00 1.36341237376E+31
 2.29447007069E+07 2.04403327451E+24 1.00030604512E+00 1.36960789490E+31
 2.30489747456E+07 2.05742982996E+24 1.00030669342E+00 1.37583156927E+31
 2.31537226869E+07 2.07091413394E+24 1.00030734301E+00 1.38208352482E+31
 2.32589466847E+07 2.08448676121E+24 1.00030799390E+00 1.38836389007E+31
 2.33646489027E+07 2.09814829029E+24 1.00030864609E+00 1.39467279410E+31
 2.34708315145E+07 2.11189930350E+24 1.00030929958E+00 1.40101036660E+31
 2.35774967035E+07 2.12574038697E+24 1.00030995438E+00 1.40737673784E+31
 2.36846466630E+07 2.13967213067E+24 1.00031061048E+00 1.41377203870E+31
 2.37922835964E+07 2.15369512842E+24 1.00031126789E+00 1.42019640062E+31
 2.39004097170E+07 2.16780997795E+24 1.00031192662E+00 1.42664995567E+31
 2.40090272482E+07 2.18201728090E+24 1.00031258666E+00 1.43313283651E+31
 2.41181384234E+07 2.19631764283E+24 1.00031324802E+00 1.43964517639E+31
 2.42277454864E+07 2.21071167331E+24 1.00031391070E+00 1.44618710918E+31
 2.43378506911E+07 2.22519998585E+24 1.00031457470E+00 1.45275876935E+31
 2.44484563014E+07 2.23978319803E+24 1.00031524003E+00 1.45936029199E+31
 2.45595645918E+07 2.25446193143E+24 1.00031590669E+00 1.46599181280E+31
 2.46711778470E+07 2.26923681174E+24 1.00031657468E+00 1.47265346809E+31
 2.47832983622E+07 2.28410846871E+24 1.00031724400E+00 1.47934539480E+31
 2.48959284428E+07 2.29907753625E+24 1.00031791466E+00 1.48606773049E+31
 2.50090704050E+07 2.31414465240E+24 1.00031858666E+00 1.49282061333E+31
 2.51227265752E+07 2.32931045939E+24 1.00031926000E+00 1.49960418214E+31
 2.52368992905E+07 2.34457560365E+24 1.00031993469E+00 1.50641857636E+31
 2.53515908988E+07 2.35994073586E+24 1.00032061072E+00 1.51326393606E+31
 2.54668037585E+07 2.37540651093E+24 1.00032128811E+00 1.52014040196E+31
 2.55825402386E+07 2.39097358808E+24 1.00032196684E+00 1.52704811541E+31
 2.56988027192E+07 2.40664263087E+24 1.00032264693E+00 1.53398721839E+31
 2.58155935909E+07 2.42241430716E+24 1.00032332838E+00 1.54095785355E+31
 2.59329152553E+07 2.43828928921E+24 1.00032401119E+00 1.54796016417E+31
 2.60507701250E+07 2.45426825369E+24 1.00032469536E+00 1.55499429419E+31
 2.61691606235E+07 2.47035188169E+24 1.00032538090E+00 1.56206038820E+31
 2.62880891851E+07 2.48654085877E+24 1.00032606781E+00 1.56915859145E+31
 2.64075582556E+07 2.50283587496E+24 1.00032675609E+00 1.57628904985E+31
 2.65275702916E+07 2.51923762484E+24 1.00032744574E+00 1.58345190997E+31
 2.66481277608E+07 2.53574680752E+24 1.00032813678E+00 1.59064731904E+31
 2.67692331425E+07 2.55236412669E+24 1.00032882919E+00 1.59787542498E+31
 2.68908889268E+07 2.56909029065E+24 1.00032952298E+00 1.60513637637E+31
 2.70130976156E+07 2.58592601236E+24 1.00033021816E+00 1.61243032245E+31
 2.71358617217E+07 2.60287200941E+24 1.00033091473E+00 1.61975741316E+31
 2.72591837697E+07 2.61992900412E+24 1.00033161269E+00 1.62711779911E+31
 2.73830662954E+07 2.63709772354E+24 1.00033231204E+00 1.63451163160E+31
 2.75075118464E+07 2.65437889947E+24 1.00033301279E+00 1.64193906261E+31
 2.76325229815E+07 2.67177326851E+24 1.00033371494E+00 1.64940024483E+31
 2.77581022716E+07 2.68928157209E+24 1.00033441849E+00 1.65689533162E+31
 2.78842522990E+07 2.70690455648E+24 1.00033512344E+00 1.66442447705E+31
 2.80109756577E+07 2.72464297286E+24 1.00033582980E+00 1.67198783588E+31
 2.81382749536E+07 2.74249757731E+24 1.00033653758E+00 1.67958556359E+31
 2.82661528045E+07 2.76046913088E+24 1.00033724676E+00 1.68721781635E+31
 2.83946118399E+07 2.77855839958E+24 1.00033795737E+00 1.69488475105E+31
 2.85236547014E+07 2.79676615447E+24 1.00033866939E+00 1.70258652528E+31
 2.86532840426E+07 2.81509317164E+24 1.00033938283E+00 1.71032329737E+31
 2.87835025292E+07 2.83354023226E+24 1.00034009770E+00 1.71809522634E+31
 2.89143128390E+07 2.85210812264E+24 1.00034081400E+00 1.72590247196E+31
 2.90457176618E+07 2.87079763421E+24 1.00034153172E+00 1.73374519470E+31
 2.91777196998E+07 2.88960956361E+24 1.00034225088E+00 1.74162355579E+31
 2.93103216674E+07 2.90854471267E+24 1.00034297148E+00 1.74953771716E+31
 2.94435262915E+07 2.92760388851E+24 1.00034369351E+00 1.75748784150E+31
 2.95773363112E+07 2.94678790350E+24 1.00034441699E+00 1.76547409223E+31
 2.97117544782E+07 2.96609757535E+24 1.00034514191E+00 1.77349663351E+31
 2.98467835565E+07 2.98553372713E+24 1.00034586828E+00 1.78155563024E+31
 2.99824263230E+07 3.00509718729E+24 1.00034659610E+00 1.78965124810E+31
 3.01186855668E+07 3.02478878970E+24 1.00034732537E+00 1.79778365348E+31
 3.02555640900E+07 3.04460937372E+24 1.00034805610E+00 1.80595301355E+31
 3.03930647074E+07 3.06455978417E+24 1.00034878829E+00 1.81415949625E+31
 3.05311902465E+07 3.08464087144E+24 1.00034952193E+00 1.82240327027E+31
 3.06699435477E+07 3.10485349147E+24 1.00035025705E+00 1.83068450505E+31
 3.08093274642E+07 3.12519850581E+24 1.00035099363E+00 1.83900337083E+31
 3.09493448624E+07 3.14567678165E+24 1.00035173169E+00 1.84736003860E+31
 3.10899986215E+07 3.16628919187E+24 1.00035247121E+00 1.85575468014E+31
 3.12312916339E+07 3.18703661505E+24 1.00035321222E+00 1.86418746802E+31
 3.13732268052E+07 3.20791993555E+24 1.00035395470E+00 1.87265857557E+31
 3.15158070540E+07 3.22894004350E+24 1.00035469867E+00 1.88116817692E+31
 3.16590353125E+07 3.25009783486E+24 1.00035544412E+00 1.88971644699E+31
 3.18029145260E+07 3.27139421149E+24 1.00035619106E+00 1.89830356150E+31
 3.19474476531E+07 3.29283008112E+24 1.00035693949E+00 1.90692969697E+31
 3.20926376660E+07 3.31440635744E+24 1.00035768942E+00 1.91559503070E+31
 3.22384875505E+07 3.33612396013E+24 1.00035844084E+00 1.92429974083E+31
 3.23850003058E+07 3.35798381489E+24 1.00035919377E+00 1.93304400627E+31
 3.25321789448E+07 3.37998685348E+24 1.00035994820E+00 1.94182800678E+31
 3.26800264940E+07 3.40213401377E+24 1.00036070413E+00 1.95065192292E+31
 3.28285459939E+07 3.42442623976E+24 1.00036146158E+00 1.95951593607E+31
 3.29777404985E+07 3.44686448165E+24 1.00036222053E+00 1.96842022844E+31
 3.31276130760E+07 3.46944969585E+24 1.00036298101E+00 1.97736498305E+31
 3.32781668083E+07 3.49218284505E+24 1.00036374300E+00 1.98635038378E+31
 3.34294047914E+07 3.51506489822E+24 1.00036450651E+00 1.99537661532E+31
 3.35813301355E+07 3.53809683071E+24 1.00036527155E+00 2.00444386323E+31
 3.37339459646E+07 3.56127962424E+24 1.00036603811E+00 2.01355231387E+31
 3.38872554173E+07 3.58461426695E+24 1.00036680621E+00 2.02270215448E+31
 3.40412616463E+07 3.60810175347E+24 1.00036757584E+00 2.03189357315E+31
 3.41959678185E+07 3.63174308495E+24 1.00036834700E+00 2.04112675880E+31
 3.43513771153E+07 3.65553926907E+24 1.00036911971E+00 2.05040190124E+31
 3.45074927327E+07 3.67949132014E+24 1.00036989396E+00 2.05971919112E+31
 3.46643178811E+07 3.70360025909E+24 1.00037066975E+00 2.06907881995E+31
 3.48218557853E+07 3.72786711356E+24 1.00037144710E+00 2.07848098015E+31
 3.49801096852E+07 3.75229291791E+24 1.00037222600E+00 2.08792586497E+31
 3.51390828350E+07 3.77687871326E+24 1.00037300645E+00 2.09741366856E+31
 3.52987785039E+07 3.80162554758E+24 1.00037378846E+00 2.10694458596E+31
 3.54591999761E+07 3.82653447568E+24 1.00037457203E+00 2.11651881306E+31
 3.56203505504E+07 3.85160655929E+24 1.00037535717E+00 2.12613654669E+31
 3.57822335408E+07 3.87684286709E+24 1.00037614387E+00 2.13579798453E+31
 3.59448522763E+07 3.90224447477E+24 1.00037693215E+00 2.14550332519E+31
 3.61082101012E+07 3.92781246504E+24 1.00037772200E+00 2.15525276816E+31
 3.62723103747E+07 3.95354792774E+24 1.00037851343E+00 2.16504651386E+31
 3.64371564714E+07 3.97945195981E+24 1.00037930643E+00 2.17488476360E+31
 3.66027517815E+07 4.00552566541E+24 1.00038010102E+00 2.18476771961E+31
 3.67690997101E+07 4.03177015590E+24 1.00038089720E+00 2.19469558504E+31
 3.69362036783E+07 4.05818654995E+24 1.00038169497E+00 2.20466856397E+31
 3.71040671224E+07 4.08477597352E+24 1.00038249433E+00 2.21468686139E+31
 3.72726934945E+07 4.11153955999E+24 1.00038329529E+00 2.22475068325E+31
 3.74420862622E+07 4.13847845014E+24 1.00038409784E+00 2.23486023641E+31
 3.76122489091E+07 4.16559379221E+24 1.00038490200E+00 2.24501572868E+31
 3.77831849344E+07 4.19288674198E+24 1.00038570777E+00 2.25521736881E+31
 3.79548978535E+07 4.22035846279E+24 1.00038651514E+00 2.26546536651E+31
 3.81273911976E+07 4.24801012562E+24 1.00038732412E+00 2.27575993242E+31
 3.83006685138E+07 4.27584290909E+24 1.00038813473E+00 2.28610127817E+31
 3.84747333656E+07 4.30385799956E+24 1.00038894695E+00 2.29648961632E+31
 3.86495893326E+07 4.33205659116E+24 1.00038976079E+00 2.30692516042E+31
 3.88252400107E+07 4.36043988584E+24 1.00039057625E+00 2.31740812497E+31
 3.90016890119E+07 4.38900909340E+24 1.00039139335E+00 2.32793872545E+31
 3.91789399651E+07 4.41776543160E+24 1.00039221208E+00 2.33851717834E+31
 3.93569965152E+07 4.44671012617E+24 1.00039303244E+00 2.34914370109E+31
 3.95358623240E+07 4.47584441084E+24 1.00039385444E+00 2.35981851211E+31
 3.97155410698E+07 4.50516952745E+24 1.00039467808E+00 2.37054183085E+31
 3.98960364478E+07 4.53468672597E+24 1.00039550337E+00 2.38131387773E+31
 4.00773521696E+07 4.56439726454E+24 1.00039633030E+00 2.39213487418E+31
 4.02594919641E+07 4.59430240956E+24 1.00039715889E+00 2.40300504262E+31
 4.04424595769E+07 4.62440343572E+24 1.00039798913E+00 2.41392460651E+31
 4.06262587708E+07 4.65470162605E+24 1.00039882102E+00 2.42489379030E+31
 4.08108933256E+07 4.68519827200E+24 1.00039965458E+00 2.43591281947E+31
 4.09963670382E+07 4.71589467347E+24 1.00040048981E+00 2.44698192053E+31
 4.11826837229E+07 4.74679213886E+24 1.00040132670E+00 2.45810132101E+31
 4.13698472113E+07 4.77789198518E+24 1.00040216526E+00 2.46927124947E+31
 4.15578613524E+07 4.80919553802E+24 1.00040300550E+00 2.48049193552E+31
 4.17467300128E+07 4.84070413169E+24 1.00040384741E+00 2.49176360981E+31
 4.19364570764E+07 4.87241910921E+24 1.00040469101E+00 2.50308650404E+31
 4.21270464451E+07 4.90434182242E+24 1.00040553629E+00 2.51446085096E+31
 4.23185020384E+07 4.93647363201E+24 1.00040638326E+00 2.52588688437E+31
 4.25108277934E+07 4.96881590756E+24 1.00040723192E+00 2.53736483915E+31
 4.27040276655E+07 5.00137002766E+24 1.00040808227E+00 2.54889495123E+31
 4.28981056277E+07 5.03413737990E+24 1.00040893433E+00 2.56047745762E+31
 4.30930656714E+07 5.06711936096E+24 1.00040978808E+00 2.57211259641E+31
 4.32889118059E+07 5.10031737669E+24 1.00041064354E+00 2.58380060676E+31
 4.34856480588E+07 5.13373284213E+24 1.00041150071E+00 2.59554172894E+31
 4.36832784761E+07 5.16736718159E+24 1.00041235959E+00 2.60733620429E+31
 4.38818071219E+07 5.20122182872E+24 1.00041322018E+00 2.61918427525E+31
 4.40812380792E+07 5.23529822655E+24 1.00041408249E+00 2.63108618536E+31
 4.42815754493E+07 5.26959782755E+24 1.00041494653E+00 2.64304217929E+31
 4.44828233521E+07 5.30412209374E+24 1.00041581229E+00 2.65505250279E+31
 4.46849859264E+07 5.33887249669E+24 1.00041667978E+00 2.66711740274E+31
 4.48880673297E+07 5.37385051761E+24 1.00041754900E+00 2.67923712716E+31
 4.50920717385E+07 5.40905764742E+24 1.00041841995E+00 2.69141192515E+31
 4.52970033481E+07 5.44449538680E+24 1.00041929265E+00 2.70364204700E+31
 4.55028663730E+07 5.48016524626E+24 1.00042016709E+00 2.71592774409E+31
 4.57096650469E+07 5.51606874620E+24 1.00042104327E+00 2.72826926897E+31
 4.59174036227E+07 5.55220741700E+24 1.00042192121E+00 2.74066687532E+31
 4.61260863727E+07 5.58858279904E+24 1.00042280090E+00 2.75312081799E+31
 4.63357175884E+07 5.62519644279E+24 1.00042368234E+00 2.76563135298E+31
 4.65463015810E+07 5.66204990890E+24 1.00042456554E+00 2.77819873745E+31
 4.67578426813E+07 5.69914476821E+24 1.00042545051E+00 2.79082322973E+31
 4.69703452397E+07 5.73648260188E+24 1.00042633725E+00 2.80350508932E+31
 4.71838136265E+07 5.77406500139E+24 1.00042722575E+00 2.81624457692E+31
 4.73982522317E+07 5.81189356869E+24 1.00042811603E+00 2.82904195439E+31
 4.76136654654E+07 5.84996991619E+24 1.00042900809E+00 2.84189748478E+31
 4.78300577576E+07 5.88829566687E+24 1.00042990193E+00 2.85481143236E+31
 4.80474335587E+07 5.92687245434E+24 1.00043079755E+00 2.86778406257E+31
 4.82657973390E+07 5.96570192291E+24 1.00043169497E+00 2.88081564209E+31
 4.84851535894E+07 6.00478572766E+24 1.00043259417E+00 2.89390643878E+31
 4.87055068211E+07 6.04412553453E+24 1.00043349517E+00 2.90705672173E+31
 4.89268615657E+07 6.08372302033E+24 1.00043439797E+00 2.92026676125E+31
 4.91492223756E+07 6.12357987289E+24 1.00043530257E+00 2.93353682890E+31
 4.93725938239E+07 6.16369779109E+24 1.00043620898E+00 2.94686719744E+31
 4.95969805041E+07 6.20407848492E+24 1.00043711720E+00 2.96025814089E+31
 4.98223870312E+07 6.24472367559E+24 1.00043802723E+00 2.97370993451E+31
 5.00488180406E+07 6.28563509557E+24 1.00043893908E+00 2.98722285480E+31
 5.02762781892E+07 6.32681448868E+24 1.00043985275E+00 3.00079717955E+31
 5.05047721549E+07 6.36826361018E+24 1.00044076824E+00 3.01443318777E+31
 5.07343046368E+07 6.40998422680E+24 1.00044168557E+00 3.02813115976E+31
 5.09648803554E+07 6.45197811685E+24 1.00044260472E+00 3.04189137711E+31
 5.11965040527E+07 6.49424707032E+24 1.00044352571E+00 3.05571412264E+31
 5.14291804923E+07 6.53679288887E+24 1.00044444854E+00 3.06959968052E+31
 5.16629144594E+07 6.57961738600E+24 1.00044537321E+00 3.08354833615E+31
 5.18977107609E+07 6.62272238708E+24 1.00044629973E+00 3.09756037627E+31
 5.21335742256E+07 6.66610972943E+24 1.00044722810E+00 3.11163608889E+31
 5.23705097044E+07 6.70978126241E+24 1.00044815832E+00 3.12577576337E+31
 5.26085220699E+07 6.75373884749E+24 1.00044909040E+00 3.13997969035E+31
 5.28476162173E+07 6.79798435834E+24 1.00045002434E+00 3.15424816179E+31
 5.30877970636E+07 6.84251968088E+24 1.00045096015E+00 3.16858147101E+31
 5.33290695484E+07 6.88734671342E+24 1.00045189782E+00 3.18297991262E+31
 5.35714386339E+07 6.93246736668E+24 1.00045283737E+00 3.19744378261E+31
 5.38149093045E+07 6.97788356390E+24 1.00045377879E+00 3.21197337828E+31
 5.40594865675E+07 7.02359724090E+24 1.00045472210E+00 3.22656899830E+31
 5.43051754529E+07 7.06961034622E+24 1.00045566728E+00 3.24123094269E+31
 5.45519810136E+07 7.11592484113E+24 1.00045661436E+00 3.25595951285E+31
 5.47999083255E+07 7.16254269976E+24 1.00045756332E+00 3.27075501152E+31
 5.50489624874E+07 7.20946590915E+24 1.00045851418E+00 3.28561774284E+31
 5.52991486214E+07 7.25669646940E+24 1.00045946694E+00 3.30054801232E+31
 5.55504718730E+07 7.30423639367E+24 1.00046042160E+00 3.31554612687E+31
 5.58029374110E+07 7.35208770831E+24 1.00046137817E+00 3.33061239478E+31
 5.60565504275E+07 7.40025245297E+24 1.00046233665E+00 3.34574712575E+31
 5.63113161385E+07 7.44873268062E+24 1.00046329704E+00 3.36095063087E+31
 5.65672397835E+07 7.49753045773E+24 1.00046425935E+00 3.37622322269E+31
 5.68243266261E+07 7.54664786425E+24 1.00046522358E+00 3.39156521512E+31
 5.70825819534E+07 7.59608699378E+24 1.00046618974E+00 3.40697692354E+31
 5.73420110770E+07 7.64584995364E+24 1.00046715783E+00 3.42245866474E+31
 5.76026193322E+07 7.69593886495E+24 1.00046812785E+00 3.43801075697E+31
 5.78644120790E+07 7.74635586271E+24 1.00046909980E+00 3.45363351990E+31
 5.81273947014E+07 7.79710309592E+24 1.00047007370E+00 3.46932727468E+31
 5.83915726081E+07 7.84818272763E+24 1.00047104954E+00 3.48509234390E+31
 5.86569512323E+07 7.89959693510E+24 1.00047202733E+00 3.50092905161E+31
 5.89235360318E+07 7.95134790982E+24 1.00047300708E+00 3.51683772337E+31
 5.91913324895E+07 8.00343785764E+24 1.00047398878E+00 3.53281868617E+31
 5.94603461129E+07 8.05586899887E+24 1.00047497244E+00 3.54887226852E+31
 5.97305824348E+07 8.10864356834E+24 1.00047595806E+00 3.56499880042E+31
 6.00020470130E+07 8.16176381555E+24 1.00047694565E+00 3.58119861335E+31
 6.02747454306E+07 8.21523200471E+24 1.00047793522E+00 3.59747204031E+31
 6.05486832961E+07 8.26905041486E+24 1.00047892676E+00 3.61381941582E+31
 6.08238662434E+07 8.32322133998E+24 1.00047992028E+00 3.63024107591E+31
 6.11002999323E+07 8.37774708909E+24 1.00048091578E+00 3.64673735813E+31
 6.13779900479E+07 8.43262998629E+24 1.00048191328E+00 3.66330860157E+31
 6.16569423016E+07 8.48787237094E+24 1.00048291276E+00 3.67995514688E+31
 6.19371624303E+07 8.54347659771E+24 1.00048391424E+00 3.69667733623E+31
 6.22186561974E+07 8.59944503671E+24 1.00048491772E+00 3.71347551336E+31
 6.25014293923E+07 8.65578007354E+24 1.00048592321E+00 3.73035002356E+31
 6.27854878307E+07 8.71248410945E+24 1.00048693070E+00 3.74730121371E+31
 6.30708373549E+07 8.76955956142E+24 1.00048794020E+00 3.76432943225E+31
 6.33574838334E+07 8.82700886225E+24 1.00048895172E+00 3.78143502920E+31
 6.36454331618E+07 8.88483446069E+24 1.00048996526E+00 3.79861835618E+31
 6.39346912624E+07 8.94303882151E+24 1.00049098082E+00 3.81587976641E+31
 6.42252640841E+07 9.00162442564E+24 1.00049199841E+00 3.83321961471E+31
 6.45171576033E+07 9.06059377025E+24 1.00049301804E+00 3.85063825751E+31
 6.48103778234E+07 9.11994936887E+24 1.00049403970E+00 3.86813605286E+31
 6.51049307748E+07 9.17969375150E+24 1.00049506340E+00 3.88571336044E+31
 6.54008225159E+07 9.23982946471E+24 1.00049608914E+00 3.90337054157E+31
 6.56980591321E+07 9.30035907174E+24 1.00049711693E+00 3.92110795920E+31
 6.59966467367E+07 9.36128515263E+24 1.00049814678E+00 3.93892597794E+31
 6.62965914708E+07 9.42261030432E+24 1.00049917868E+00 3.95682496404E+31
 6.65978995035E+07 9.48433714075E+24 1.00050021264E+00 3.97480528544E+31
 6.69005770317E+07 9.54646829299E+24 1.00050124866E+00 3.99286731173E+31
 6.72046302807E+07 9.60900640934E+24 1.00050228676E+00 4.01101141419E+31
 6.75100655039E+07 9.67195415545E+24 1.00050332693E+00 4.02923796578E+31
 6.78168889834E+07 9.73531421443E+24 1.00050436917E+00 4.04754734117E+31
 6.81251070297E+07 9.79908928696E+24 1.00050541350E+00 4.06593991672E+31
 6.84347259818E+07 9.86328209142E+24 1.00050645991E+00 4.08441607049E+31
 6.87457522080E+07 9.92789536397E+24 1.00050750841E+00 4.10297618228E+31
 6.90581921050E+07 9.99293185873E+24 1.00050855900E+00 4.12162063361E+31
 6.93720520990E+07 1.00583943478E+25 1.00050961170E+00 4.14034980772E+31
 6.96873386453E+07 1.01242856216E+25 1.00051066649E+00 4.15916408960E+31
 7.00040582283E+07 1.01906084885E+25 1.00051172339E+00 4.17806386601E+31
 7.03222173623E+07 1.02573657757E+25 1.00051278240E+00 4.19704952542E+31
 7.06418225910E+07 1.03245603285E+25 1.00051384353E+00 4.21612145811E+31
 7.09628804878E+07 1.03921950111E+25 1.00051490677E+00 4.23528005612E+31
 7.12853976560E+07 1.04602727064E+25 1.00051597214E+00 4.25452571326E+31
 7.16093807290E+07 1.05287963161E+25 1.00051703964E+00 4.27385882514E+31
 7.19348363703E+07 1.05977687611E+25 1.00051810927E+00 4.29327978917E+31
 7.22617712738E+07 1.06671929812E+25 1.00051918103E+00 4.31278900455E+31
 7.25901921637E+07 1.07370719356E+25 1.00052025493E+00 4.33238687232E+31
 7.29201057948E+07 1.08074086029E+25 1.00052133098E+00 4.35207379532E+31
 7.32515189526E+07 1.08782059810E+25 1.00052240918E+00 4.37185017823E+31
 7.35844384536E+07 1.09494670878E+25 1.00052348953E+00 4.39171642756E+31
 7.39188711451E+07 1.10211949606E+25 1.00052457204E+00 4.41167295169E+31
 7.42548239055E+07 1.10933926568E+25 1.00052565670E+00 4.43172016083E+31
 7.45923036448E+07 1.11660632539E+25 1.00052674354E+00 4.45185846706E+31
 7.49313173040E+07 1.12392098492E+25 1.00052783254E+00 4.47208828435E+31
 7.52718718558E+07 1.13128355607E+25 1.00052892372E+00 4.49241002853E+31
 7.56139743048E+07 1.13869435267E+25 1.00053001708E+00 4.51282411732E+31
 7.59576316873E+07 1.14615369058E+25 1.00053111262E+00 4.53333097036E+31
 7.63028510715E+07 1.15366188777E+25 1.00053221035E+00 4.55393100918E+31
 7.66496395578E+07 1.16121926426E+25 1.00053331027E+00 4.57462465722E+31
 7.69980042789E+07 1.16882614218E+25 1.00053441239E+00 4.59541233986E+31
 7.73479523999E+07 1.17648284577E+25 1.00053551671E+00 4.61629448440E+31
 7.76994911186E+07 1.18418970140E+25 1.00053662323E+00 4.63727152010E+31
 7.80526276654E+07 1.19194703756E+25 1.00053773197E+00 4.65834387814E+31
 7.84073693036E+07 1.19975518490E+25 1.00053884292E+00 4.67951199168E+31
 7.87637233294E+07 1.20761447624E+25 1.00053995608E+00 4.70077629585E+31
 7.91216970724E+07 1.21552524658E+25 1.00054107147E+00 4.72213722776E+31
 7.94812978954E+07 1.22348783312E+25 1.00054218909E+00 4.74359522649E+31
 7.98425331947E+07 1.23150257524E+25 1.00054330893E+00 4.76515073312E+31
 8.02054104002E+07 1.23956981458E+25 1.00054443102E+00 4.78680419075E+31
 8.05699369756E+07 1.24768989499E+25 1.00054555534E+00 4.80855604447E+31
 8.09361204185E+07 1.25586316259E+25 1.00054668191E+00 4.83040674141E+31
 8.13039682607E+07 1.26408996576E+25 1.00054781073E+00 4.85235673073E+31
 8.16734880680E+07 1.27237065517E+25 1.00054894181E+00 4.87440646362E+31
 8.20446874410E+07 1.28070558376E+25 1.00055007514E+00 4.89655639333E+31
 8.24175740143E+07 1.28909510681E+25 1.00055121073E+00 4.91880697518E+31
 8.27921554578E+07 1.29753958193E+25 1.00055234860E+00 4.94115866652E+31
 8.31684394759E+07 1.30603936904E+25 1.00055348873E+00 4.96361192683E+31
 8.35464338081E+07 1.31459483045E+25 1.00055463114E+00 4.98616721764E+31
 8.39261462291E+07 1.32320633084E+25 1.00055577584E+00 5.00882500259E+31
 8.43075845490E+07 1.33187423725E+25 1.00055692282E+00 5.03158574742E+31
 8.46907566134E+07 1.34059891915E+25 1.00055807209E+00 5.05444992001E+31
 8.50756703035E+07 1.34938074844E+25 1.00055922365E+00 5.07741799034E+31
 8.54623335363E+07 1.35822009942E+25 1.00056037751E+00 5.10049043054E+31
 8.58507542649E+07 1.36711734887E+25 1.00056153368E+00 5.12366771487E+31
 8.62409404786E+07 1.37607287603E+25 1.00056269216E+00 5.14695031975E+31
 8.66329002029E+07 1.38508706262E+25 1.00056385295E+00 5.17033872379E+31
 8.70266414998E+07 1.39416029287E+25 1.00056501606E+00 5.19383340775E+31
 8.74221724681E+07 1.40329295352E+25 1.00056618149E+00 5.21743485457E+31
 8.78195012432E+07 1.41248543383E+25 1.00056734924E+00 5.24114354939E+31
 8.82186359976E+07 1.42173812565E+25 1.00056851933E+00 5.26495997958E+31
 8.86195849410E+07 1.43105142335E+25 1.00056969176E+00 5.28888463469E+31
 8.90223563204E+07 1.44042572391E+25 1.00057086653E+00 5.31291800650E+31
 8.94269584202E+07 1.44986142690E+25 1.00057204364E+00 5.33706058905E+31
 8.98333995627E+07 1.45935893451E+25 1.00057322310E+00 5.36131287860E+31
 9.02416881077E+07 1.46891865158E+25 1.00057440492E+00 5.38567537367E+31
 9.06518324533E+07 1.47854098557E+25 1.00057558910E+00 5.41014857504E+31
 9.10638410356E+07 1.48822634663E+25 1.00057677565E+00 5.43473298580E+31
 9.14777223292E+07 1.49797514759E+25 1.00057796456E+00 5.45942911127E+31
 9.18934848471E+07 1.50778780400E+25 1.00057915585E+00 5.48423745912E+31
 9.23111371411E+07 1.51766473411E+25 1.00058034951E+00 5.50915853929E+31
 9.27306878019E+07 1.52760635891E+25 1.00058154556E+00 5.53419286405E+31
 9.31521454590E+07 1.53761310217E+25 1.00058274400E+00 5.55934094800E+31
 9.35755187816E+07 1.54768539041E+25 1.00058394483E+00 5.58460330808E+31
 9.40008164779E+07 1.55782365296E+25 1.00058514806E+00 5.60998046357E+31
 9.44280472959E+07 1.56802832195E+25 1.00058635369E+00 5.63547293612E+31
 9.48572200233E+07 1.57829983236E+25 1.00058756173E+00 5.66108124974E+31
 9.52883434878E+07 1.58863862200E+25 1.00058877218E+00 5.68680593083E+31
 9.57214265572E+07 1.59904513156E+25 1.00058998505E+00 5.71264750818E+31
 9.61564781396E+07 1.60951980460E+25 1.00059120034E+00 5.73860651298E+31
 9.65935071836E+07 1.62006308760E+25 1.00059241806E+00 5.76468347883E+31
 9.70325226787E+07 1.63067542997E+25 1.00059363821E+00 5.79087894177E+31
 9.74735336549E+07 1.64135728404E+25 1.00059486079E+00 5.81719344027E+31
 9.79165491836E+07 1.65210910513E+25 1.00059608582E+00 5.84362751522E+31
 9.83615783771E+07 1.66293135152E+25 1.00059731329E+00 5.87018171002E+31
 9.88086303895E+07 1.67382448451E+25 1.00059854322E+00 5.89685657048E+31
 9.92577144163E+07 1.68478896841E+25 1.00059977560E+00 5.92365264495E+31
 9.97088396948E+07 1.69582527057E+25 1.00060101044E+00 5.95057048422E+31
 1.00162015504E+08 1.70693386141E+25 1.00060224775E+00 5.97761064161E+31
 1.00617251167E+08 1.71811521442E+25 1.00060348752E+00 6.00477367296E+31
 1.01074556046E+08 1.72936980621E+25 1.00060472978E+00 6.03206013661E+31
 1.01533939547E+08 1.74069811650E+25 1.00060597451E+00 6.05947059347E+31
 1.01995411122E+08 1.75210062813E+25 1.00060722173E+00 6.08700560696E+31
 1.02458980260E+08 1.76357782715E+25 1.00060847144E+00 6.11466574309E+31
 1.02924656499E+08 1.77513020276E+25 1.00060972365E+00 6.14245157044E+31
 1.03392449417E+08 1.78675824737E+25 1.00061097835E+00 6.17036366017E+31
 1.03862368635E+08 1.79846245662E+25 1.00061223556E+00 6.19840258601E+31
 1.04334423821E+08 1.81024332940E+25 1.00061349529E+00 6.22656892434E+31
 1.04808624683E+08 1.82210136785E+25 1.00061475752E+00 6.25486325414E+31
 1.05284980977E+08 1.83403707742E+25 1.00061602228E+00 6.28328615700E+31
 1.05763502500E+08 1.84605096686E+25 1.00061728957E+00 6.31183821720E+31
 1.06244199097E+08 1.85814354825E+25 1.00061855938E+00 6.34052002162E+31
 1.06727080653E+08 1.87031533704E+25 1.00061983173E+00 6.36933215985E+31
 1.07212157103E+08 1.88256685204E+25 1.00062110662E+00 6.39827522414E+31
 1.07699438425E+08 1.89489861546E+25 1.00062238406E+00 6.42734980944E+31
 1.08188934640E+08 1.90731115293E+25 1.00062366404E+00 6.45655651339E+31
 1.08680655819E+08 1.91980499354E+25 1.00062494659E+00 6.48589593636E+31
 1.09174612077E+08 1.93238066982E+25 1.00062623169E+00 6.51536868144E+31
 1.09670813572E+08 1.94503871781E+25 1.00062751936E+00 6.54497535447E+31
 1.10169270514E+08 1.95777967704E+25 1.00062880961E+00 6.57471656402E+31
 1.10669993154E+08 1.97060409060E+25 1.00063010242E+00 6.60459292145E+31
 1.11172991792E+08 1.98351250511E+25 1.00063139782E+00 6.63460504089E+31
 1.11678276776E+08 1.99650547078E+25 1.00063269581E+00 6.66475353927E+31
 1.12185858499E+08 2.00958354144E+25 1.00063399639E+00 6.69503903629E+31
 1.12695747402E+08 2.02274727453E+25 1.00063529957E+00 6.72546215451E+31
 1.13207953973E+08 2.03599723115E+25 1.00063660534E+00 6.75602351929E+31
 1.13722488749E+08 2.04933397605E+25 1.00063791373E+00 6.78672375884E+31
 1.14239362314E+08 2.06275807773E+25 1.00063922473E+00 6.81756350422E+31
 1.14758585300E+08 2.07627010837E+25 1.00064053834E+00 6.84854338937E+31
 1.15280168387E+08 2.08987064390E+25 1.00064185458E+00 6.87966405111E+31
 1.15804122304E+08 2.10356026406E+25 1.00064317345E+00 6.91092612913E+31
 1.16330457830E+08 2.11733955234E+25 1.00064449495E+00 6.94233026606E+31
 1.16859185791E+08 2.13120909608E+25 1.00064581909E+00 6.97387710742E+31
 1.17390317064E+08 2.14516948647E+25 1.00064714588E+00 7.00556730169E+31
 1.17923862573E+08 2.15922131855E+25 1.00064847531E+00 7.03740150027E+31
 1.18459833295E+08 2.17336519128E+25 1.00064980740E+00 7.06938035754E+31
 1.18998240254E+08 2.18760170752E+25 1.00065114215E+00 7.10150453086E+31
 1.19539094525E+08 2.20193147411E+25 1.00065247956E+00 7.13377468054E+31
 1.20082407235E+08 2.21635510183E+25 1.00065381965E+00 7.16619146994E+31
 1.20628189559E+08 2.23087320550E+25 1.00065516241E+00 7.19875556540E+31
 1.21176452725E+08 2.24548640392E+25 1.00065650785E+00 7.23146763629E+31
 1.21727208011E+08 2.26019531999E+25 1.00065785598E+00 7.26432835504E+31
 1.22280466745E+08 2.27500058066E+25 1.00065920680E+00 7.29733839712E+31
 1.22836240309E+08 2.28990281699E+25 1.00066056032E+00 7.33049844108E+31
 1.23394540136E+08 2.30490266418E+25 1.00066191654E+00 7.36380916853E+31
 1.23955377709E+08 2.32000076159E+25 1.00066327547E+00 7.39727126422E+31
 1.24518764567E+08 2.33519775278E+25 1.00066463711E+00 7.43088541598E+31
 1.25084712298E+08 2.35049428549E+25 1.00066600147E+00 7.46465231476E+31
 1.25653232544E+08 2.36589101174E+25 1.00066736856E+00 7.49857265467E+31
 1.26224337000E+08 2.38138858780E+25 1.00066873837E+00 7.53264713296E+31
 1.26798037414E+08 2.39698767425E+25 1.00067011092E+00 7.56687645007E+31
 1.27374345588E+08 2.41268893599E+25 1.00067148622E+00 7.60126130959E+31
 1.27953273377E+08 2.42849304227E+25 1.00067286426E+00 7.63580241834E+31
 1.28534832690E+08 2.44440066673E+25 1.00067424505E+00 7.67050048633E+31
 1.29119035490E+08 2.46041248744E+25 1.00067562859E+00 7.70535622680E+31
 1.29705893795E+08 2.47652918687E+25 1.00067701490E+00 7.74037035624E+31
 1.30295419677E+08 2.49275145200E+25 1.00067840398E+00 7.77554359438E+31
 1.30887625263E+08 2.50907997428E+25 1.00067979583E+00 7.81087666424E+31
 1.31482522736E+08 2.52551544972E+25 1.00068119047E+00 7.84637029211E+31
 1.32080124333E+08 2.54205857886E+25 1.00068258788E+00 7.88202520759E+31
 1.32680442348E+08 2.55871006685E+25 1.00068398809E+00 7.91784214359E+31
 1.33283489130E+08 2.57547062344E+25 1.00068539109E+00 7.95382183635E+31
 1.33889277084E+08 2.59234096304E+25 1.00068679690E+00 7.98996502547E+31
 1.34497818672E+08 2.60932180474E+25 1.00068820551E+00 8.02627245388E+31
 1.35109126413E+08 2.62641387234E+25 1.00068961694E+00 8.06274486791E+31
 1.35723212882E+08 2.64361789438E+25 1.00069103118E+00 8.09938301729E+31
 1.36340090711E+08 2.66093460416E+25 1.00069244825E+00 8.13618765512E+31
 1.36959772591E+08 2.67836473980E+25 1.00069386814E+00 8.17315953796E+31
 1.37582271269E+08 2.69590904425E+25 1.00069529088E+00 8.21029942579E+31
 1.38207599551E+08 2.71356826533E+25 1.00069671645E+00 8.24760808205E+31
 1.38835770301E+08 2.73134315574E+25 1.00069814487E+00 8.28508627364E+31
 1.39466796442E+08 2.74923447313E+25 1.00069957614E+00 8.32273477095E+31
 1.40100690954E+08 2.76724298011E+25 1.00070101027E+00 8.36055434787E+31
 1.40737466877E+08 2.78536944428E+25 1.00070244727E+00 8.39854578181E+31
 1.41377137312E+08 2.80361463827E+25 1.00070388713E+00 8.43670985372E+31
 1.42019715417E+08 2.82197933977E+25 1.00070532987E+00 8.47504734807E+31
 1.42665214410E+08 2.84046433155E+25 1.00070677549E+00 8.51355905293E+31
 1.43313647572E+08 2.85907040154E+25 1.00070822400E+00 8.55224575992E+31
 1.43965028242E+08 2.87779834281E+25 1.00070967540E+00 8.59110826429E+31
 1.44619369819E+08 2.89664895362E+25 1.00071112970E+00 8.63014736487E+31
 1.45276685764E+08 2.91562303746E+25 1.00071258690E+00 8.66936386415E+31
 1.45936989600E+08 2.93472140310E+25 1.00071404701E+00 8.70875856824E+31
 1.46600294911E+08 2.95394486459E+25 1.00071551004E+00 8.74833228693E+31
 1.47266615341E+08 2.97329424132E+25 1.00071697599E+00 8.78808583369E+31
 1.47935964598E+08 2.99277035805E+25 1.00071844486E+00 8.82802002567E+31
 1.48608356453E+08 3.01237404493E+25 1.00071991667E+00 8.86813568376E+31
 1.49283804737E+08 3.03210613755E+25 1.00072139142E+00 8.90843363256E+31
 1.49962323345E+08 3.05196747699E+25 1.00072286911E+00 8.94891470041E+31
 1.50643926237E+08 3.07195890982E+25 1.00072434976E+00 8.98957971945E+31
 1.51328627434E+08 3.09208128817E+25 1.00072583336E+00 9.03042952556E+31
 1.52016441022E+08 3.11233546974E+25 1.00072731992E+00 9.07146495844E+31
 1.52707381151E+08 3.13272231784E+25 1.00072880945E+00 9.11268686160E+31
 1.53401462035E+08 3.15324270147E+25 1.00073030196E+00 9.15409608240E+31
 1.54098697952E+08 3.17389749527E+25 1.00073179744E+00 9.19569347201E+31
 1.54799103247E+08 3.19468757966E+25 1.00073329592E+00 9.23747988552E+31
 1.55502692329E+08 3.21561384080E+25 1.00073479738E+00 9.27945618186E+31
 1.56209479671E+08 3.23667717066E+25 1.00073630185E+00 9.32162322388E+31
 1.56919479813E+08 3.25787846704E+25 1.00073780931E+00 9.36398187837E+31
 1.57632707364E+08 3.27921863364E+25 1.00073931979E+00 9.40653301603E+31
 1.58349176994E+08 3.30069858007E+25 1.00074083328E+00 9.44927751153E+31
 1.59068903445E+08 3.32231922190E+25 1.00074234980E+00 9.49221624351E+31
 1.59791901521E+08 3.34408148070E+25 1.00074386935E+00 9.53535009462E+31
 1.60518186098E+08 3.36598628407E+25 1.00074539192E+00 9.57867995149E+31
 1.61247772116E+08 3.38803456568E+25 1.00074691754E+00 9.62220670480E+31
 1.61980674585E+08 3.41022726534E+25 1.00074844621E+00 9.66593124927E+31
 1.62716908583E+08 3.43256532899E+25 1.00074997793E+00 9.70985448370E+31
 1.63456489257E+08 3.45504970878E+25 1.00075151270E+00 9.75397731095E+31
 1.64199431820E+08 3.47768136308E+25 1.00075305055E+00 9.79830063800E+31
 1.64945751558E+08 3.50046125657E+25 1.00075459146E+00 9.84282537594E+31
 1.65695463824E+08 3.52339036022E+25 1.00075613545E+00 9.88755244003E+31
 1.66448584042E+08 3.54646965136E+25 1.00075768252E+00 9.93248274964E+31
 1.67205127707E+08 3.56970011374E+25 1.00075923268E+00 9.97761722835E+31
 1.67965110381E+08 3.59308273755E+25 1.00076078594E+00 1.00229568039E+32
 1.68728547700E+08 3.61661851944E+25 1.00076234230E+00 1.00685024084E+32
 1.69495455371E+08 3.64030846263E+25 1.00076390177E+00 1.01142549779E+32
 1.70265849170E+08 3.66415357687E+25 1.00076546435E+00 1.01602154530E+32
 1.71039744947E+08 3.68815487856E+25 1.00076703005E+00 1.02063847784E+32
 1.71817158624E+08 3.71231339073E+25 1.00076859888E+00 1.02527639032E+32
 1.72598106194E+08 3.73663014312E+25 1.00077017084E+00 1.02993537806E+32
 1.73382603723E+08 3.76110617222E+25 1.00077174594E+00 1.03461553685E+32
 1.74170667352E+08 3.78574252131E+25 1.00077332418E+00 1.03931696288E+32
 1.74962313293E+08 3.81054024050E+25 1.00077490558E+00 1.04403975279E+32
 1.75757557832E+08 3.83550038676E+25 1.00077649014E+00 1.04878400367E+32
 1.76556417331E+08 3.86062402402E+25 1.00077807785E+00 1.05354981303E+32
 1.77358908225E+08 3.88591222315E+25 1.00077966874E+00 1.05833727885E+32
 1.78165047024E+08 3.91136606205E+25 1.00078126281E+00 1.06314649952E+32
 1.78974850312E+08 3.93698662566E+25 1.00078286006E+00 1.06797757391E+32
 1.79788334750E+08 3.96277500606E+25 1.00078446050E+00 1.07283060133E+32
 1.80605517074E+08 3.98873230245E+25 1.00078606413E+00 1.07770568152E+32
 1.81426414096E+08 4.01485962124E+25 1.00078767097E+00 1.08260291471E+32
 1.82251042705E+08 4.04115807610E+25 1.00078928101E+00 1.08752240155E+32
 1.83078150984E+08 4.02163109714E+25 1.00078116274E+00 1.09246424318E+32
 1.83910285641E+08 4.04796045441E+25 1.00078276013E+00 1.09742854116E+32
 1.84746202960E+08 4.07444173260E+25 1.00078435946E+00 1.10241539756E+32
 1.85585920137E+08 4.10107580830E+25 1.00078596075E+00 1.10742491487E+32
 1.86429454448E+08 4.12786356313E+25 1.00078756399E+00 1.11245719608E+32
 1.87276823246E+08 4.15480588385E+25 1.00078916919E+00 1.11751234461E+32
 1.88128043962E+08 4.18190366230E+25 1.00079077635E+00 1.12259046440E+32
 1.88983134109E+08 4.20915779546E+25 1.00079238547E+00 1.12769165981E+32
 1.89842111277E+08 4.23656918552E+25 1.00079399655E+00 1.13281603571E+32
 1.90704993138E+08 4.26413873984E+25 1.00079560960E+00 1.13796369743E+32
 1.91571797444E+08 4.29186737104E+25 1.00079722462E+00 1.14313475079E+32
 1.92442542025E+08 4.31975599700E+25 1.00079884161E+00 1.14832930208E+32
 1.93317244795E+08 4.34780554088E+25 1.00080046057E+00 1.15354745807E+32
 1.94195923750E+08 4.37601693119E+25 1.00080208151E+00 1.15878932605E+32
 1.95078596966E+08 4.40439110179E+25 1.00080370442E+00 1.16405501374E+32
 1.95965282601E+08 4.43292899191E+25 1.00080532932E+00 1.16934462939E+32
 1.96855998896E+08 4.46163154622E+25 1.00080695620E+00 1.17465828174E+32
 1.97750764176E+08 4.49049971485E+25 1.00080858506E+00 1.17999608001E+32
 1.98649596849E+08 4.51953445339E+25 1.00081021591E+00 1.18535813392E+32
 1.99552515404E+08 4.54873672294E+25 1.00081184876E+00 1.19074455369E+32
 2.00459538419E+08 4.57810749017E+25 1.00081348359E+00 1.19615545005E+32
 2.01370684552E+08 4.60764772731E+25 1.00081512042E+00 1.20159093421E+32
 2.02285972548E+08 4.63735841221E+25 1.00081675925E+00 1.20705111791E+32
 2.03205421237E+08 4.66724052836E+25 1.00081840008E+00 1.21253611339E+32
 2.04129049534E+08 4.69729506491E+25 1.00082004291E+00 1.21804603340E+32
 2.05056876441E+08 4.72752301673E+25 1.00082168774E+00 1.22358099119E+32
 2.05988921046E+08 4.75792538443E+25 1.00082333458E+00 1.22914110054E+32
 2.06925202522E+08 4.78850317441E+25 1.00082498343E+00 1.23472647574E+32
 2.07865740133E+08 4.81925739884E+25 1.00082663430E+00 1.24033723161E+32
 2.08810553226E+08 4.85018907576E+25 1.00082828718E+00 1.24597348347E+32
 2.09759661241E+08 4.88129922907E+25 1.00082994207E+00 1.25163534718E+32
 2.10713083701E+08 4.91258888858E+25 1.00083159899E+00 1.25732293913E+32
 2.11670840222E+08 4.94405909005E+25 1.00083325792E+00 1.26303637623E+32
 2.12632950508E+08 4.97571087522E+25 1.00083491889E+00 1.26877577592E+32
 2.13599434352E+08 5.00754529181E+25 1.00083658187E+00 1.27454125619E+32
 2.14570311637E+08 5.03956339362E+25 1.00083824689E+00 1.28033293553E+32
 2.15545602336E+08 5.07176624052E+25 1.00083991394E+00 1.28615093302E+32
 2.16525326515E+08 5.10415489848E+25 1.00084158303E+00 1.29199536823E+32
 2.17509504328E+08 5.13673043964E+25 1.00084325415E+00 1.29786636130E+32
 2.18498156024E+08 5.16949394233E+25 1.00084492731E+00 1.30376403292E+32
 2.19491301942E+08 5.20244649108E+25 1.00084660251E+00 1.30968850433E+32
 2.20488962513E+08 5.23558917669E+25 1.00084827976E+00 1.31563989729E+32
 2.21491158263E+08 5.26892309626E+25 1.00084995905E+00 1.32161833414E+32
 2.22497909809E+08 5.30244935320E+25 1.00085164039E+00 1.32762393778E+32
 2.23509237864E+08 5.33616905732E+25 1.00085332379E+00 1.33365683166E+32
 2.24525163233E+08 5.37008332480E+25 1.00085500924E+00 1.33971713978E+32
 2.25545706817E+08 5.40419327828E+25 1.00085669674E+00 1.34580498673E+32
 2.26570889613E+08 5.43850004687E+25 1.00085838631E+00 1.35192049763E+32
 2.27600732710E+08 5.47300476620E+25 1.00086007793E+00 1.35806379820E+32
 2.28635257296E+08 5.50770857845E+25 1.00086177162E+00 1.36423501471E+32
 2.29674484655E+08 5.54261263238E+25 1.00086346738E+00 1.37043427403E+32
 2.30718436166E+08 5.57771808340E+25 1.00086516521E+00 1.37666170358E+32
 2.31767133307E+08 5.61302609358E+25 1.00086686511E+00 1.38291743137E+32
 2.32820597653E+08 5.64853783167E+25 1.00086856708E+00 1.38920158599E+32
 2.33878850878E+08 5.68425447320E+25 1.00087027113E+00 1.39551429662E+32
 2.34941914752E+08 5.72017720046E+25 1.00087197726E+00 1.40185569302E+32
 2.36009811146E+08 5.75630720258E+25 1.00087368548E+00 1.40822590553E+32
 2.37082562031E+08 5.79264567553E+25 1.00087539577E+00 1.41462506511E+32
 2.38160189477E+08 5.82919382218E+25 1.00087710816E+00 1.42105330330E+32
 2.39242715653E+08 5.86595285238E+25 1.00087882263E+00 1.42751075223E+32
 2.40330162831E+08 5.90292398291E+25 1.00088053920E+00 1.43399754463E+32
 2.41422553384E+08 5.94010843760E+25 1.00088225786E+00 1.44051381386E+32
 2.42519909786E+08 5.97750744733E+25 1.00088397862E+00 1.44705969384E+32
 2.43622254612E+08 6.01512225009E+25 1.00088570148E+00 1.45363531915E+32
 2.44729610542E+08 6.05295409102E+25 1.00088742644E+00 1.46024082495E+32
 2.45842000359E+08 6.09100422242E+25 1.00088915350E+00 1.46687634701E+32
 2.46959446947E+08 6.12927390383E+25 1.00089088268E+00 1.47354202174E+32
 2.48081973296E+08 6.16776440207E+25 1.00089261396E+00 1.48023798616E+32
 2.49209602502E+08 6.20647699125E+25 1.00089434736E+00 1.48696437789E+32
 2.50342357762E+08 6.24541295284E+25 1.00089608287E+00 1.49372133522E+32
 2.51480262382E+08 6.28457357571E+25 1.00089782050E+00 1.50050899702E+32
 2.52623339773E+08 6.32396015615E+25 1.00089956025E+00 1.50732750284E+32
 2.53771613451E+08 6.36357399794E+25 1.00090130212E+00 1.51417699282E+32
 2.54925107042E+08 6.40341641239E+25 1.00090304612E+00 1.52105760777E+32
 2.56083844276E+08 6.44348871836E+25 1.00090479225E+00 1.52796948911E+32
 2.57247848993E+08 6.48379224234E+25 1.00090654050E+00 1.53491277893E+32
 2.58417145140E+08 6.52432831845E+25 1.00090829090E+00 1.54188761996E+32
 2.59591756775E+08 6.56509828853E+25 1.00091004342E+00 1.54889415556E+32
 2.60771708063E+08 6.60610350215E+25 1.00091179809E+00 1.55593252975E+32
 2.61957023281E+08 6.64734531667E+25 1.00091355490E+00 1.56300288723E+32
 2.63147726815E+08 6.68882509728E+25 1.00091531385E+00 1.57010537331E+32
 2.64343843163E+08 6.73054421705E+25 1.00091707495E+00 1.57724013401E+32
 2.65545396932E+08 6.77250405697E+25 1.00091883820E+00 1.58440731598E+32
 2.66752412843E+08 6.81470600600E+25 1.00092060359E+00 1.59160706654E+32
 2.67964915730E+08 6.85715146112E+25 1.00092237115E+00 1.59883953370E+32
 2.69182930539E+08 6.89984182736E+25 1.00092414086E+00 1.60610486612E+32
 2.70406482327E+08 6.94277851787E+25 1.00092591273E+00 1.61340321314E+32
 2.71635596270E+08 6.98596295393E+25 1.00092768676E+00 1.62073472479E+32
 2.72870297654E+08 7.02939656505E+25 1.00092946296E+00 1.62809955177E+32
 2.74110611882E+08 7.07308078897E+25 1.00093124132E+00 1.63549784547E+32
 2.75356564473E+08 7.11701707173E+25 1.00093302186E+00 1.64292975797E+32
 2.76608181060E+08 7.16120686772E+25 1.00093480457E+00 1.65039544204E+32
 2.77865487395E+08 7.20565163971E+25 1.00093658945E+00 1.65789505113E+32
 2.79128509344E+08 7.25035285892E+25 1.00093837651E+00 1.66542873941E+32
 2.80397272895E+08 7.29531200506E+25 1.00094016575E+00 1.67299666174E+32
 2.81671804150E+08 7.34053056636E+25 1.00094195718E+00 1.68059897368E+32
 2.82952129332E+08 7.38601003967E+25 1.00094375079E+00 1.68823583151E+32
 2.84238274782E+08 7.43175193044E+25 1.00094554659E+00 1.69590739220E+32
 2.85530266962E+08 7.47775775283E+25 1.00094734459E+00 1.70361381344E+32
 2.86828132453E+08 7.52402902973E+25 1.00094914477E+00 1.71135525366E+32
 2.88131897958E+08 7.57056729282E+25 1.00095094716E+00 1.71913187198E+32
 2.89441590300E+08 7.61737408262E+25 1.00095275174E+00 1.72694382825E+32
 2.90757236427E+08 7.66445094852E+25 1.00095455852E+00 1.73479128305E+32
 2.92078863406E+08 7.71179944888E+25 1.00095636751E+00 1.74267439769E+32
 2.93406498429E+08 7.75942115103E+25 1.00095817871E+00 1.75059333423E+32
 2.94740168810E+08 7.80731763135E+25 1.00095999212E+00 1.75854825543E+32
 2.96079901990E+08 7.85549047532E+25 1.00096180774E+00 1.76653932481E+32
 2.97425725532E+08 7.90394127755E+25 1.00096362558E+00 1.77456670664E+32
 2.98777667127E+08 7.95267164188E+25 1.00096544563E+00 1.78263056593E+32
 3.00135754589E+08 8.00168318138E+25 1.00096726791E+00 1.79073106843E+32
 3.01500015859E+08 8.05097751844E+25 1.00096909241E+00 1.79886838065E+32
 3.02870479008E+08 8.10055628480E+25 1.00097091914E+00 1.80704266987E+32
 3.04247172232E+08 8.15042112164E+25 1.00097274809E+00 1.81525410411E+32
 3.05630123855E+08 8.20057367957E+25 1.00097457928E+00 1.82350285216E+32
 3.07019362332E+08 8.25101561877E+25 1.00097641270E+00 1.83178908358E+32
 3.08414916244E+08 8.30174860895E+25 1.00097824836E+00 1.84011296870E+32
 3.09816814305E+08 8.35277432950E+25 1.00098008626E+00 1.84847467863E+32
 3.11225085358E+08 8.40409446948E+25 1.00098192640E+00 1.85687438525E+32
 3.12639758379E+08 8.45571072768E+25 1.00098376879E+00 1.86531226121E+32
 3.14060862473E+08 8.50762481273E+25 1.00098561343E+00 1.87378847996E+32
 3.15488426878E+08 8.55983844307E+25 1.00098746032E+00 1.88230321574E+32
 3.16922480968E+08 8.61235334711E+25 1.00098930946E+00 1.89085664358E+32
 3.18363054246E+08 8.66517126318E+25 1.00099116086E+00 1.89944893929E+32
 3.19810176353E+08 8.71829393969E+25 1.00099301452E+00 1.90808027950E+32
 3.21263877063E+08 8.77172313509E+25 1.00099487044E+00 1.91675084162E+32
 3.22724186284E+08 8.82546061802E+25 1.00099672862E+00 1.92546080390E+32
 3.24191134064E+08 8.87950816729E+25 1.00099858907E+00 1.93421034537E+32
 3.25664750583E+08 8.93386757200E+25 1.00100045179E+00 1.94299964587E+32
 3.27145066161E+08 8.98854063156E+25 1.00100231679E+00 1.95182888609E+32
 3.28632111256E+08 9.04352915575E+25 1.00100418406E+00 1.96069824751E+32
 3.30125916464E+08 9.09883496483E+25 1.00100605361E+00 1.96960791245E+32
 3.31626512518E+08 9.15445988953E+25 1.00100792545E+00 1.97855806406E+32
 3.33133930295E+08 9.21040577115E+25 1.00100979956E+00 1.98754888630E+32
 3.34648200808E+08 9.26667446162E+25 1.00101167596E+00 1.99658056399E+32
 3.36169355215E+08 9.32326782356E+25 1.00101355466E+00 2.00565328279E+32
 3.37697424812E+08 9.38018773032E+25 1.00101543564E+00 2.01476722919E+32
 3.39232441040E+08 9.43743606608E+25 1.00101731893E+00 2.02392259054E+32
 3.40774435483E+08 9.49501472588E+25 1.00101920450E+00 2.03311955502E+32
 3.42323439866E+08 9.55292561569E+25 1.00102109239E+00 2.04235831170E+32
 3.43879486060E+08 9.61117065248E+25 1.00102298257E+00 2.05163905047E+32
 3.45442606082E+08 9.66975176430E+25 1.00102487506E+00 2.06096196211E+32
 3.47012832092E+08 9.72867089030E+25 1.00102676986E+00 2.07032723826E+32
 3.48590196399E+08 9.78792998083E+25 1.00102866697E+00 2.07973507143E+32
 3.50174731457E+08 9.84753099749E+25 1.00103056640E+00 2.08918565500E+32
 3.51766469868E+08 9.90747591321E+25 1.00103246815E+00 2.09867918324E+32
 3.53365444382E+08 9.96776671228E+25 1.00103437222E+00 2.10821585130E+32
 3.54971687900E+08 1.00284053905E+26 1.00103627861E+00 2.11779585519E+32
 3.56585233469E+08 1.00893939550E+26 1.00103818732E+00 2.12741939186E+32
 3.58206114289E+08 1.01507344248E+26 1.00104009837E+00 2.13708665912E+32
 3.59834363711E+08 1.02124288304E+26 1.00104201175E+00 2.14679785568E+32
 3.61470015235E+08 1.02744792138E+26 1.00104392746E+00 2.15655318117E+32
 3.63113102517E+08 1.03368876293E+26 1.00104584551E+00 2.16635283611E+32
 3.64763659363E+08 1.03996561425E+26 1.00104776590E+00 2.17619702194E+32
 3.66421719734E+08 1.04627868313E+26 1.00104968864E+00 2.18608594102E+32
 3.68087317746E+08 1.05262817854E+26 1.00105161372E+00 2.19601979662E+32
 3.69760487669E+08 1.05901431067E+26 1.00105354115E+00 2.20599879294E+32
 3.71441263929E+08 1.06543729091E+26 1.00105547094E+00 2.21602313510E+32
 3.73129681110E+08 1.07189733187E+26 1.00105740307E+00 2.22609302916E+32
 3.74825773951E+08 1.07839464740E+26 1.00105933757E+00 2.23620868211E+32
 3.76529577351E+08 1.08492945256E+26 1.00106127443E+00 2.24637030189E+32
 3.78241126365E+08 1.09150196368E+26 1.00106321365E+00 2.25657809737E+32
 3.79960456212E+08 1.09811239833E+26 1.00106515523E+00 2.26683227839E+32
 3.81687602265E+08 1.10476097531E+26 1.00106709919E+00 2.27713305573E+32
 3.83422600064E+08 1.11144791471E+26 1.00106904552E+00 2.28748064113E+32
 3.85165485307E+08 1.11817343789E+26 1.00107099422E+00 2.29787524728E+32
 3.86916293855E+08 1.12493776747E+26 1.00107294531E+00 2.30831708786E+32
 3.88675061731E+08 1.13174112736E+26 1.00107489877E+00 2.31880637751E+32
 3.90441825125E+08 1.13858374278E+26 1.00107685462E+00 2.32934333184E+32
 3.92216620388E+08 1.14546584023E+26 1.00107881285E+00 2.33992816744E+32
 3.93999484039E+08 1.15238764751E+26 1.00108077347E+00 2.35056110190E+32
 3.95790452761E+08 1.15934939376E+26 1.00108273649E+00 2.36124235377E+32
 3.97589563406E+08 1.16635130943E+26 1.00108470190E+00 2.37197214263E+32
 3.99396852990E+08 1.17339362629E+26 1.00108666971E+00 2.38275068903E+32
 4.01212358702E+08 1.18047657745E+26 1.00108863992E+00 2.39357821454E+32
 4.03036117897E+08 1.18760039739E+26 1.00109061254E+00 2.40445494170E+32
 4.04868168101E+08 1.19476532191E+26 1.00109258756E+00 2.41538109412E+32
 4.06708547009E+08 1.20197158818E+26 1.00109456499E+00 2.42635689638E+32
 4.08557292489E+08 1.20921943476E+26 1.00109654484E+00 2.43738257409E+32
 4.10414442582E+08 1.21650910155E+26 1.00109852710E+00 2.44845835390E+32
 4.12280035500E+08 1.22384082987E+26 1.00110051179E+00 2.45958446348E+32
 4.14154109629E+08 1.23121486240E+26 1.00110249889E+00 2.47076113153E+32
 4.16036703532E+08 1.23863144325E+26 1.00110448842E+00 2.48198858780E+32
 4.17927855943E+08 1.24609081792E+26 1.00110648037E+00 2.49326706307E+32
 4.19827605777E+08 1.25359323333E+26 1.00110847476E+00 2.50459678919E+32
 4.21735992123E+08 1.26113893783E+26 1.00111047158E+00 2.51597799903E+32
 4.23653054247E+08 1.26872818119E+26 1.00111247084E+00 2.52741092656E+32
 4.25578831597E+08 1.27636121464E+26 1.00111447254E+00 2.53889580678E+32
 4.27513363797E+08 1.28403829084E+26 1.00111647668E+00 2.55043287578E+32
 4.29456690652E+08 1.29175966392E+26 1.00111848327E+00 2.56202237069E+32
 4.31408852150E+08 1.29952558948E+26 1.00112049230E+00 2.57366452977E+32
 4.33369888459E+08 1.30733632459E+26 1.00112250379E+00 2.58535959231E+32
 4.35339839929E+08 1.31519212779E+26 1.00112451773E+00 2.59710779872E+32
 4.37318747095E+08 1.32309325914E+26 1.00112653413E+00 2.60890939048E+32
 4.39306650676E+08 1.33103998017E+26 1.00112855299E+00 2.62076461020E+32
 4.41303591577E+08 1.33903255393E+26 1.00113057431E+00 2.63267370157E+32
 4.43309610886E+08 1.34707124501E+26 1.00113259810E+00 2.64463690937E+32
 4.45324749880E+08 1.35515631950E+26 1.00113462436E+00 2.65665447953E+32
 4.47349050026E+08 1.36328804502E+26 1.00113665310E+00 2.66872665907E+32
 4.49382552974E+08 1.37146669077E+26 1.00113868430E+00 2.68085369615E+32
 4.51425300569E+08 1.37969252746E+26 1.00114071799E+00 2.69303584005E+32
 4.53477334842E+08 1.38796582739E+26 1.00114275416E+00 2.70527334117E+32
 4.55538698018E+08 1.39628686443E+26 1.00114479281E+00 2.71756645107E+32
 4.57609432512E+08 1.40465591402E+26 1.00114683396E+00 2.72991542244E+32
 4.59689580934E+08 1.41307325319E+26 1.00114887759E+00 2.74232050913E+32
 4.61779186086E+08 1.42153916058E+26 1.00115092372E+00 2.75478196613E+32
 4.63878290964E+08 1.43005391642E+26 1.00115297234E+00 2.76730004959E+32
 4.65986938763E+08 1.43861780257E+26 1.00115502346E+00 2.77987501683E+32
 4.68105172871E+08 1.44723110252E+26 1.00115707709E+00 2.79250712634E+32
 4.70233036875E+08 1.45589410138E+26 1.00115913322E+00 2.80519663777E+32
 4.72370574559E+08 1.46460708591E+26 1.00116119186E+00 2.81794381198E+32
 4.74517829907E+08 1.47337034454E+26 1.00116325302E+00 2.83074891099E+32
 4.76674847103E+08 1.48218416734E+26 1.00116531669E+00 2.84361219802E+32
 4.78841670531E+08 1.49104884608E+26 1.00116738288E+00 2.85653393747E+32
 4.81018344779E+08 1.49996467419E+26 1.00116945159E+00 2.86951439497E+32
 4.83204914635E+08 1.50893194680E+26 1.00117152282E+00 2.88255383734E+32
 4.85401425092E+08 1.51795096076E+26 1.00117359658E+00 2.89565253261E+32
 4.87607921349E+08 1.52702201461E+26 1.00117567287E+00 2.90881075004E+32
 4.89824448808E+08 1.53614540862E+26 1.00117775170E+00 2.92202876009E+32
 4.92051053079E+08 1.54532144479E+26 1.00117983306E+00 2.93530683449E+32
 4.94287779979E+08 1.55455042688E+26 1.00118191697E+00 2.94864524616E+32
 4.96534675533E+08 1.56383266038E+26 1.00118400341E+00 2.96204426929E+32
 4.98791785976E+08 1.57316845254E+26 1.00118609240E+00 2.97550417931E+32
 5.01059157752E+08 1.58255811242E+26 1.00118818395E+00 2.98902525288E+32
 5.03336837519E+08 1.59200195082E+26 1.00119027804E+00 3.00260776795E+32
 5.05624872144E+08 1.60150028035E+26 1.00119237469E+00 3.01625200372E+32
 5.07923308709E+08 1.61105341544E+26 1.00119447390E+00 3.02995824065E+32
 5.10232194509E+08 1.62066167230E+26 1.00119657567E+00 3.04372676048E+32
 5.12551577055E+08 1.63032536900E+26 1.00119868000E+00 3.05755784624E+32
 5.14881504074E+08 1.64004482542E+26 1.00120078691E+00 3.07145178223E+32
 5.17222023509E+08 1.64982036330E+26 1.00120289638E+00 3.08540885405E+32
 5.19573183522E+08 1.65965230623E+26 1.00120500843E+00 3.09942934860E+32
 5.21935032493E+08 1.66954097966E+26 1.00120712305E+00 3.11351355408E+32
 5.24307619025E+08 1.67948671094E+26 1.00120924026E+00 3.12766176000E+32
 5.26690991937E+08 1.68948982928E+26 1.00121136005E+00 3.14187425719E+32
 5.29085200275E+08 1.69955066582E+26 1.00121348243E+00 3.15615133779E+32
 5.31490293304E+08 1.70966955358E+26 1.00121560739E+00 3.17049329528E+32
 5.33906320517E+08 1.71984682753E+26 1.00121773495E+00 3.18490042447E+32
 5.36333331628E+08 1.73008282454E+26 1.00121986511E+00 3.19937302151E+32
 5.38771376580E+08 1.74037788347E+26 1.00122199787E+00 3.21391138389E+32
 5.41220505542E+08 1.75073234509E+26 1.00122413323E+00 3.22851581045E+32
 5.43680768912E+08 1.76114655216E+26 1.00122627119E+00 3.24318660141E+32
 5.46152217314E+08 1.77162084942E+26 1.00122841176E+00 3.25792405833E+32
 5.48634901608E+08 1.78215558357E+26 1.00123055495E+00 3.27272848415E+32
 5.51128872879E+08 1.79275110336E+26 1.00123270075E+00 3.28760018319E+32
 5.53634182450E+08 1.80340775950E+26 1.00123484917E+00 3.30253946113E+32
 5.56150881873E+08 1.81412590476E+26 1.00123700021E+00 3.31754662508E+32
 5.58679022936E+08 1.82490589393E+26 1.00123915388E+00 3.33262198351E+32
 5.61218657663E+08 1.83574808386E+26 1.00124131017E+00 3.34776584630E+32
 5.63769838315E+08 1.84665283344E+26 1.00124346910E+00 3.36297852476E+32
 5.66332617389E+08 1.85762050363E+26 1.00124563066E+00 3.37826033158E+32
 5.68907047622E+08 1.86865145751E+26 1.00124779486E+00 3.39361158090E+32
 5.71493181990E+08 1.87974606021E+26 1.00124996170E+00 3.40903258827E+32
 5.74091073711E+08 1.89090467898E+26 1.00125213118E+00 3.42452367068E+32
 5.76700776244E+08 1.90212768321E+26 1.00125430332E+00 3.44008514656E+32
 5.79322343292E+08 1.91341544440E+26 1.00125647810E+00 3.45571733578E+32
 5.81955828801E+08 1.92476833619E+26 1.00125865554E+00 3.47142055969E+32
 5.84601286963E+08 1.93618673440E+26 1.00126083563E+00 3.48719514106E+32
 5.87258772217E+08 1.94767101699E+26 1.00126301838E+00 3.50304140416E+32
 5.89928339249E+08 1.95922156412E+26 1.00126520380E+00 3.51895967471E+32
 5.92610042994E+08 1.97083875813E+26 1.00126739189E+00 3.53495027994E+32
 5.95303938636E+08 1.98252298359E+26 1.00126958264E+00 3.55101354853E+32
 5.98010081610E+08 1.99427462726E+26 1.00127177607E+00 3.56714981067E+32
 6.00728527605E+08 2.00609407815E+26 1.00127397218E+00 3.58335939807E+32
 6.03459332561E+08 2.01798172751E+26 1.00127617096E+00 3.59964264392E+32
 6.06202552674E+08 2.02993796884E+26 1.00127837243E+00 3.61599988293E+32
 6.08958244395E+08 2.04196319792E+26 1.00128057658E+00 3.63243145134E+32
 6.11726464430E+08 2.05405781281E+26 1.00128278343E+00 3.64893768690E+32
 6.14507269746E+08 2.06622221387E+26 1.00128499297E+00 3.66551892893E+32
 6.17300717566E+08 2.07845680377E+26 1.00128720520E+00 3.68217551825E+32
 6.20106865377E+08 2.09076198749E+26 1.00128942014E+00 3.69890779725E+32
 6.22925770923E+08 2.10313817237E+26 1.00129163777E+00 3.71571610988E+32
 6.25757492214E+08 2.11558576808E+26 1.00129385812E+00 3.73260080164E+32
 6.28602087523E+08 2.12810518667E+26 1.00129608117E+00 3.74956221962E+32
 6.31459615386E+08 2.14069684255E+26 1.00129830694E+00 3.76660071245E+32
 6.34330134608E+08 2.15336115254E+26 1.00130053542E+00 3.78371663039E+32
 6.37213704260E+08 2.16609853585E+26 1.00130276662E+00 3.80091032527E+32
 6.40110383682E+08 2.17890941411E+26 1.00130500054E+00 3.81818215050E+32
 6.43020232483E+08 2.19179421140E+26 1.00130723719E+00 3.83553246113E+32
 6.45943310545E+08 2.20475335422E+26 1.00130947657E+00 3.85296161380E+32
 6.48879678021E+08 2.21778727155E+26 1.00131171869E+00 3.87046996678E+32
 6.51829395337E+08 2.23089639485E+26 1.00131396354E+00 3.88805787996E+32
 6.54792523194E+08 2.24408115805E+26 1.00131621113E+00 3.90572571489E+32
 6.57769122572E+08 2.25734199760E+26 1.00131846146E+00 3.92347383473E+32
 6.60759254723E+08 2.27067935245E+26 1.00132071453E+00 3.94130260431E+32
 6.63762981182E+08 2.28409366411E+26 1.00132297036E+00 3.95921239011E+32
 6.66780363763E+08 2.29758537661E+26 1.00132522894E+00 3.97720356028E+32
 6.69811464558E+08 2.31115493657E+26 1.00132749028E+00 3.99527648464E+32
 6.72856345947E+08 2.32480279315E+26 1.00132975437E+00 4.01343153469E+32
 6.75915070587E+08 2.33852939814E+26 1.00133202123E+00 4.03166908362E+32
 6.78987701427E+08 2.35233520591E+26 1.00133429086E+00 4.04998950632E+32
 6.82074301696E+08 2.36622067347E+26 1.00133656325E+00 4.06839317938E+32
 6.85174934914E+08 2.38018626045E+26 1.00133883842E+00 4.08688048110E+32
 6.88289664890E+08 2.39423242915E+26 1.00134111637E+00 4.10545179149E+32
 6.91418555721E+08 2.40835964452E+26 1.00134339709E+00 4.12410749230E+32
 6.94561671799E+08 2.42256837421E+26 1.00134568060E+00 4.14284796701E+32
 6.97719077804E+08 2.43685908854E+26 1.00134796689E+00 4.16167360086E+32
 7.00890838714E+08 2.45123226059E+26 1.00135025598E+00 4.18058478080E+32
 7.04077019802E+08 2.46568836612E+26 1.00135254786E+00 4.19958189558E+32
 7.07277686637E+08 2.48022788367E+26 1.00135484253E+00 4.21866533568E+32
 7.10492905085E+08 2.49485129453E+26 1.00135714001E+00 4.23783549340E+32
 7.13722741315E+08 2.50955908276E+26 1.00135944028E+00 4.25709276277E+32
 7.16967261793E+08 2.52435173521E+26 1.00136174337E+00 4.27643753966E+32
 7.20226533290E+08 2.53922974157E+26 1.00136404927E+00 4.29587022170E+32
 7.23500622880E+08 2.55419359432E+26 1.00136635798E+00 4.31539120834E+32
 7.26789597942E+08 2.56924378880E+26 1.00136866951E+00 4.33500090085E+32
 7.30093526160E+08 2.58438082320E+26 1.00137098385E+00 4.35469970233E+32
 7.33412475529E+08 2.59960519860E+26 1.00137330103E+00 4.37448801770E+32
 7.36746514350E+08 2.61491741894E+26 1.00137562103E+00 4.39436625372E+32
 7.40095711236E+08 2.63031799109E+26 1.00137794386E+00 4.41433481900E+32
 7.43460135113E+08 2.64580742486E+26 1.00138026953E+00 4.43439412400E+32
 7.46839855218E+08 2.66138623296E+26 1.00138259803E+00 4.45454458107E+32
 7.50234941105E+08 2.67705493110E+26 1.00138492938E+00 4.47478660440E+32
 7.53645462644E+08 2.69281403794E+26 1.00138726357E+00 4.49512061009E+32
 7.57071490022E+08 2.70866407514E+26 1.00138960061E+00 4.51554701612E+32
 7.60513093746E+08 2.72460556737E+26 1.00139194050E+00 4.53606624236E+32
 7.63970344643E+08 2.74063904233E+26 1.00139428325E+00 4.55667871061E+32
 7.67443313863E+08 2.75676503075E+26 1.00139662886E+00 4.57738484456E+32
 7.70932072878E+08 2.77298406646E+26 1.00139897732E+00 4.59818506984E+32
 7.74436693487E+08 2.78929668632E+26 1.00140132866E+00 4.61907981403E+32
 7.77957247814E+08 2.80570343032E+26 1.00140368286E+00 4.64006950662E+32
 7.81493808311E+08 2.82220484156E+26 1.00140603994E+00 4.66115457907E+32
 7.85046447762E+08 2.83880146627E+26 1.00140839989E+00 4.68233546480E+32
 7.88615239278E+08 2.85549385384E+26 1.00141076273E+00 4.70361259920E+32
 7.92200256306E+08 2.87228255682E+26 1.00141312845E+00 4.72498641963E+32
 7.95801572625E+08 2.88916813095E+26 1.00141549705E+00 4.74645736545E+32
 7.99419262350E+08 2.90615113517E+26 1.00141786854E+00 4.76802587801E+32
 8.03053399934E+08 2.92323213167E+26 1.00142024293E+00 4.78969240066E+32
 8.06704060168E+08 2.94041168586E+26 1.00142262022E+00 4.81145737878E+32
 8.10371318182E+08 2.95769036642E+26 1.00142500041E+00 4.83332125976E+32
 8.14055249449E+08 2.97506874531E+26 1.00142738350E+00 4.85528449303E+32
 8.17755929786E+08 2.99254739779E+26 1.00142976950E+00 4.87734753005E+32
 8.21473435352E+08 3.01012690244E+26 1.00143215841E+00 4.89951082434E+32
 8.25207842656E+08 3.02780784119E+26 1.00143455024E+00 4.92177483150E+32
 8.28959228552E+08 3.04559079931E+26 1.00143694498E+00 4.94414000917E+32
 8.32727670245E+08 3.06347636544E+26 1.00143934265E+00 4.96660681708E+32
 8.36513245290E+08 3.08146513166E+26 1.00144174325E+00 4.98917571705E+32
 8.40316031596E+08 3.09955769341E+26 1.00144414677E+00 5.01184717301E+32
 8.44136107427E+08 3.11775464960E+26 1.00144655323E+00 5.03462165098E+32
 8.47973551400E+08 3.13605660259E+26 1.00144896262E+00 5.05749961911E+32
 8.51828442492E+08 3.15446415821E+26 1.00145137496E+00 5.08048154766E+32
 8.55700860038E+08 3.17297792580E+26 1.00145379023E+00 5.10356790905E+32
 8.59590883736E+08 3.19159851819E+26 1.00145620846E+00 5.12675917784E+32
 8.63498593643E+08 3.21032655178E+26 1.00145862964E+00 5.15005583073E+32
 8.67424070182E+08 3.22916264649E+26 1.00146105377E+00 5.17345834661E+32
 8.71367394143E+08 3.24810742584E+26 1.00146348086E+00 5.19696720653E+32
 8.75328646680E+08 3.26716151694E+26 1.00146591091E+00 5.22058289374E+32
 8.79307909320E+08 3.28632555054E+26 1.00146834393E+00 5.24430589366E+32
 8.83305263959E+08 3.30560016098E+26 1.00147077991E+00 5.26813669394E+32
 8.87320792864E+08 3.32498598631E+26 1.00147321887E+00 5.29207578445E+32
 8.91354578679E+08 3.34448366825E+26 1.00147566081E+00 5.31612365726E+32
 8.95406704422E+08 3.36409385219E+26 1.00147810572E+00 5.34028080670E+32
 8.99477253488E+08 3.38381718728E+26 1.00148055362E+00 5.36454772933E+32
 9.03566309654E+08 3.40365432642E+26 1.00148300451E+00 5.38892492397E+32
 9.07673957075E+08 3.42360592624E+26 1.00148545838E+00 5.41341289173E+32
 9.11800280291E+08 3.44367264718E+26 1.00148791526E+00 5.43801213595E+32
 9.15945364226E+08 3.46385515351E+26 1.00149037513E+00 5.46272316231E+32
 9.20109294188E+08 3.48415411330E+26 1.00149283800E+00 5.48754647875E+32
 9.24292155876E+08 3.50457019850E+26 1.00149530387E+00 5.51248259553E+32
 9.28494035378E+08 3.52510408491E+26 1.00149777276E+00 5.53753202523E+32
 9.32715019172E+08 3.54575645225E+26 1.00150024466E+00 5.56269528275E+32
 9.36955194132E+08 3.56652798417E+26 1.00150271958E+00 5.58797288536E+32
 9.41214647524E+08 3.58741936824E+26 1.00150519751E+00 5.61336535264E+32
 9.45493467013E+08 3.60843129601E+26 1.00150767847E+00 5.63887320656E+32
 9.49791740662E+08 3.62956446302E+26 1.00151016246E+00 5.66449697145E+32
 9.54109556935E+08 3.65081956883E+26 1.00151264948E+00 5.69023717402E+32
 9.58447004698E+08 3.67219731702E+26 1.00151513953E+00 5.71609434338E+32
 9.62804173221E+08 3.69369841524E+26 1.00151763263E+00 5.74206901104E+32
 9.67181152180E+08 3.71532357523E+26 1.00152012876E+00 5.76816171093E+32
 9.71578031660E+08 3.73707351282E+26 1.00152262794E+00 5.79437297941E+32
 9.75994902154E+08 3.75894894798E+26 1.00152513018E+00 5.82070335526E+32
 9.80431854568E+08 3.78095060485E+26 1.00152763546E+00 5.84715337972E+32
 9.84888980220E+08 3.80307921171E+26 1.00153014380E+00 5.87372359649E+32
 9.89366370844E+08 3.82533550107E+26 1.00153265521E+00 5.90041455175E+32
 9.93864118593E+08 3.84772020966E+26 1.00153516967E+00 5.92722679414E+32
 9.98382316036E+08 3.87023407847E+26 1.00153768721E+00 5.95416087480E+32
 1.00292105616E+09 3.89287785275E+26 1.00154020782E+00 5.98121734739E+32
 1.00748043239E+09 3.91565228206E+26 1.00154273151E+00 6.00839676808E+32
 1.01206053856E+09 3.93855812028E+26 1.00154525827E+00 6.03569969554E+32
 1.01666146894E+09 3.96159612564E+26 1.00154778812E+00 6.06312669102E+32
 1.02128331821E+09 3.98476706076E+26 1.00155032105E+00 6.09067831829E+32
 1.02592618152E+09 4.00807169263E+26 1.00155285708E+00 6.11835514369E+32
 1.03059015440E+09 4.03151079269E+26 1.00155539620E+00 6.14615773615E+32
 1.03527533287E+09 4.05508513682E+26 1.00155793842E+00 6.17408666717E+32
 1.03998181334E+09 4.07879550539E+26 1.00156048374E+00 6.20214251084E+32
 1.04470969269E+09 4.10264268325E+26 1.00156303217E+00 6.23032584387E+32
 1.04945906822E+09 4.12662745981E+26 1.00156558371E+00 6.25863724559E+32
 1.05423003768E+09 4.15075062901E+26 1.00156813836E+00 6.28707729796E+32
 1.05902269928E+09 4.17501298937E+26 1.00157069613E+00 6.31564658558E+32
 1.06383715164E+09 4.19941534404E+26 1.00157325702E+00 6.34434569572E+32
 1.06867349388E+09 4.22395850078E+26 1.00157582104E+00 6.37317521831E+32
 1.07353182551E+09 4.24864327202E+26 1.00157838819E+00 6.40213574595E+32
 1.07841224655E+09 4.27347047488E+26 1.00158095846E+00 6.43122787395E+32
 1.08331485744E+09 4.29844093120E+26 1.00158353188E+00 6.46045220033E+32
 1.08823975908E+09 4.32355546755E+26 1.00158610843E+00 6.48980932580E+32
 1.09318705285E+09 4.34881491527E+26 1.00158868813E+00 6.51929985383E+32
 1.09815684056E+09 4.37422011051E+26 1.00159127098E+00 6.54892439060E+32
 1.10314922451E+09 4.39977189423E+26 1.00159385698E+00 6.57868354508E+32
 1.10816430745E+09 4.42547111226E+26 1.00159644614E+00 6.60857792899E+32
 1.11320219260E+09 4.45131861528E+26 1.00159903845E+00 6.63860815682E+32
 1.11826298365E+09 4.47731525891E+26 1.00160163393E+00 6.66877484586E+32
 1.12334678477E+09 4.50346190369E+26 1.00160423258E+00 6.69907861622E+32
 1.12845370060E+09 4.52975941513E+26 1.00160683439E+00 6.72952009081E+32
 1.13358383624E+09 4.55620866374E+26 1.00160943939E+00 6.76009989537E+32
 1.13873729729E+09 4.58281052504E+26 1.00161204756E+00 6.79081865850E+32
 1.14391418982E+09 4.60956587960E+26 1.00161465891E+00 6.82167701164E+32
 1.14911462038E+09 4.63647561310E+26 1.00161727345E+00 6.85267558910E+32
 1.15433869601E+09 4.66354061629E+26 1.00161989118E+00 6.88381502808E+32
 1.15958652424E+09 4.69076178510E+26 1.00162251211E+00 6.91509596868E+32
 1.16485821307E+09 4.71814002058E+26 1.00162513624E+00 6.94651905389E+32
 1.17015387102E+09 4.74567622904E+26 1.00162776356E+00 6.97808492964E+32
 1.17547360708E+09 4.77337132196E+26 1.00163039410E+00 7.00979424479E+32
 1.18081753075E+09 4.80122621612E+26 1.00163302784E+00 7.04164765115E+32
 1.18618575202E+09 4.82924183358E+26 1.00163566480E+00 7.07364580348E+32
 1.19157838138E+09 4.85741910170E+26 1.00163830497E+00 7.10578935952E+32
 1.19699552983E+09 4.88575895322E+26 1.00164094837E+00 7.13807898002E+32
 1.20243730887E+09 4.91426232626E+26 1.00164359499E+00 7.17051532871E+32
 1.20790383051E+09 4.94293016432E+26 1.00164624485E+00 7.20309907234E+32
 1.21339520726E+09 4.97176341637E+26 1.00164889793E+00 7.23583088068E+32
 1.21891155215E+09 5.00076303687E+26 1.00165155426E+00 7.26871142658E+32
 1.22445297873E+09 5.02992998575E+26 1.00165421382E+00 7.30174138590E+32
 1.23001960105E+09 5.05926522851E+26 1.00165687663E+00 7.33492143760E+32
 1.23561153370E+09 5.08876973621E+26 1.00165954270E+00 7.36825226372E+32
 1.24122889176E+09 5.11844448550E+26 1.00166221201E+00 7.40173454941E+32
 1.24687179087E+09 5.14829045869E+26 1.00166488458E+00 7.43536898290E+32
 1.25254034717E+09 5.17830864373E+26 1.00166756042E+00 7.46915625559E+32
 1.25823467735E+09 5.20850003430E+26 1.00167023952E+00 7.50309706199E+32
 1.26395489860E+09 5.23886562980E+26 1.00167292188E+00 7.53719209977E+32
 1.26970112866E+09 5.26940643539E+26 1.00167560753E+00 7.57144206979E+32
 1.27547348583E+09 5.30012346203E+26 1.00167829645E+00 7.60584767608E+32
 1.28127208890E+09 5.33101772653E+26 1.00168098865E+00 7.64040962587E+32
 1.28709705723E+09 5.36209025155E+26 1.00168368413E+00 7.67512862960E+32
 1.29294851072E+09 5.39334206566E+26 1.00168638291E+00 7.71000540094E+32
 1.29882656982E+09 5.42477420336E+26 1.00168908498E+00 7.74504065683E+32
 1.30473135551E+09 5.45638770512E+26 1.00169179034E+00 7.78023511741E+32
 1.31066298934E+09 5.48818361741E+26 1.00169449901E+00 7.81558950616E+32
 1.31662159339E+09 5.52016299275E+26 1.00169721099E+00 7.85110454979E+32
 1.32260729033E+09 5.55232688972E+26 1.00169992627E+00 7.88678097834E+32
 1.32862020335E+09 5.58467637302E+26 1.00170264486E+00 7.92261952518E+32
 1.33466045622E+09 5.61721251348E+26 1.00170536678E+00 7.95862092698E+32
 1.34072817328E+09 5.64993638812E+26 1.00170809202E+00 7.99478592378E+32
 1.34682347942E+09 5.68284908017E+26 1.00171082058E+00 8.03111525897E+32
 1.35294650009E+09 5.71595167911E+26 1.00171355247E+00 8.06760967933E+32
 1.35909736135E+09 5.74924528070E+26 1.00171628769E+00 8.10426993503E+32
 1.36527618980E+09 5.78273098704E+26 1.00171902626E+00 8.14109677965E+32
 1.37148311261E+09 5.81640990657E+26 1.00172176816E+00 8.17809097019E+32
 1.37771825756E+09 5.85028315413E+26 1.00172451341E+00 8.21525326708E+32
 1.38398175298E+09 5.88435185101E+26 1.00172726202E+00 8.25258443423E+32
 1.39027372781E+09 5.91861712495E+26 1.00173001397E+00 8.29008523900E+32
 1.39659431155E+09 5.95308011020E+26 1.00173276929E+00 8.32775645225E+32
 1.40294363431E+09 5.98774194756E+26 1.00173552796E+00 8.36559884834E+32
 1.40932182679E+09 6.02260378441E+26 1.00173829000E+00 8.40361320514E+32
 1.41572902027E+09 6.05766677476E+26 1.00174105542E+00 8.44180030407E+32
 1.42216534664E+09 6.09293207926E+26 1.00174382421E+00 8.48016093008E+32
 1.42863093839E+09 6.12840086527E+26 1.00174659637E+00 8.51869587171E+32
 1.43512592860E+09 6.16407430688E+26 1.00174937192E+00 8.55740592107E+32
 1.44165045097E+09 6.19995358495E+26 1.00175215086E+00 8.59629187388E+32
 1.44820463981E+09 6.23603988718E+26 1.00175493319E+00 8.63535452945E+32
 1.45478863001E+09 6.27233440809E+26 1.00175771891E+00 8.67459469075E+32
 1.46140255712E+09 6.30883834911E+26 1.00176050804E+00 8.71401316439E+32
 1.46804655728E+09 6.34555291859E+26 1.00176330057E+00 8.75361076064E+32
 1.47472076724E+09 6.38247933188E+26 1.00176609650E+00 8.79338829346E+32
 1.48142532439E+09 6.41961881130E+26 1.00176889585E+00 8.83334658050E+32
 1.48816036675E+09 6.45697258626E+26 1.00177169861E+00 8.87348644314E+32
 1.49492603294E+09 6.49454189324E+26 1.00177450480E+00 8.91380870648E+32
 1.50172246224E+09 6.53232797587E+26 1.00177731440E+00 8.95431419936E+32
 1.50854979455E+09 6.57033208495E+26 1.00178012744E+00 8.99500375441E+32
 1.51540817041E+09 6.60855547850E+26 1.00178294391E+00 9.03587820804E+32
 1.52229773099E+09 6.64699942179E+26 1.00178576382E+00 9.07693840043E+32
 1.52921861811E+09 6.68566518740E+26 1.00178858717E+00 9.11818517562E+32
 1.53617097424E+09 6.72455405525E+26 1.00179141396E+00 9.15961938146E+32
 1.54315494249E+09 6.76366731263E+26 1.00179424420E+00 9.20124186966E+32
 1.55017066662E+09 6.80300625430E+26 1.00179707790E+00 9.24305349579E+32
 1.55721829104E+09 6.84257218243E+26 1.00179991506E+00 9.28505511933E+32
 1.56429796085E+09 6.88236640677E+26 1.00180275567E+00 9.32724760365E+32
 1.57140982176E+09 6.92239024456E+26 1.00180559976E+00 9.36963181604E+32
 1.57855402018E+09 6.96264502070E+26 1.00180844731E+00 9.41220862775E+32
 1.58573070316E+09 7.00313206770E+26 1.00181129834E+00 9.45497891396E+32
 1.59294001844E+09 7.04385272577E+26 1.00181415285E+00 9.49794355385E+32
 1.60018211443E+09 7.08480834285E+26 1.00181701084E+00 9.54110343059E+32
 1.60745714020E+09 7.12600027465E+26 1.00181987232E+00 9.58445943135E+32
 1.61476524551E+09 7.16742988472E+26 1.00182273730E+00 9.62801244736E+32
 1.62210658079E+09 7.20909854446E+26 1.00182560576E+00 9.67176337388E+32
 1.62948129718E+09 7.25100763320E+26 1.00182847773E+00 9.71571311023E+32
 1.63688954647E+09 7.29315853822E+26 1.00183135321E+00 9.75986255983E+32
 1.64433148118E+09 7.33555265479E+26 1.00183423219E+00 9.80421263021E+32
 1.65180725449E+09 7.37819138627E+26 1.00183711469E+00 9.84876423301E+32
 1.65931702029E+09 7.42107614407E+26 1.00184000070E+00 9.89351828402E+32
 1.66686093319E+09 7.46420834779E+26 1.00184289024E+00 9.93847570319E+32
 1.67443914846E+09 7.50758942517E+26 1.00184578330E+00 9.98363741466E+32
 1.68205182211E+09 7.55122081224E+26 1.00184867989E+00 1.00290043468E+33
 1.68969911086E+09 7.59510395327E+26 1.00185158002E+00 1.00745774320E+33
 1.69738117212E+09 7.63924030091E+26 1.00185448369E+00 1.01203576072E+33
 1.70509816403E+09 7.68363131615E+26 1.00185739090E+00 1.01663458135E+33
 1.71285024546E+09 7.72827846843E+26 1.00186030165E+00 1.02125429960E+33
 1.72063757598E+09 7.77318323567E+26 1.00186321596E+00 1.02589501045E+33
 1.72846031590E+09 7.81834710431E+26 1.00186613383E+00 1.03055680928E+33
 1.73631862626E+09 7.86377156938E+26 1.00186905526E+00 1.03523979193E+33
 1.74421266882E+09 7.90945813451E+26 1.00187198025E+00 1.03994405466E+33
 1.75214260609E+09 7.95540831203E+26 1.00187490881E+00 1.04466969416E+33
 1.76010860132E+09 8.00162362299E+26 1.00187784095E+00 1.04941680757E+33
 1.76811081849E+09 8.04810559722E+26 1.00188077666E+00 1.05418549247E+33
 1.77614942233E+09 8.09485577336E+26 1.00188371596E+00 1.05897584690E+33
 1.78422457832E+09 8.14187569895E+26 1.00188665884E+00 1.06378796931E+33
 1.79233645271E+09 8.18916693045E+26 1.00188960532E+00 1.06862195862E+33
 1.80048521247E+09 8.23673103329E+26 1.00189255539E+00 1.07347791420E+33
 1.80867102536E+09 8.28456958195E+26 1.00189550906E+00 1.07835593587E+33
 1.81689405990E+09 8.33268416000E+26 1.00189846634E+00 1.08325612389E+33
 1.82515448536E+09 8.38107636011E+26 1.00190142722E+00 1.08817857900E+33
 1.83345247179E+09 8.42974778419E+26 1.00190439172E+00 1.09312340238E+33
 1.84178819002E+09 8.47870004335E+26 1.00190735983E+00 1.09809069568E+33
 1.85016181165E+09 8.52793475802E+26 1.00191033157E+00 1.10308056099E+33
 1.85857350906E+09 8.57745355798E+26 1.00191330693E+00 1.10809310089E+33
 1.86702345540E+09 8.62725808240E+26 1.00191628593E+00 1.11312841842E+33
 1.87551182465E+09 8.67734997991E+26 1.00191926856E+00 1.11818661707E+33
 1.88403879153E+09 8.72773090867E+26 1.00192225483E+00 1.12326780084E+33
 1.89260453160E+09 8.77840253640E+26 1.00192524474E+00 1.12837207415E+33
 1.90120922118E+09 8.82936654042E+26 1.00192823831E+00 1.13349954194E+33
 1.90985303742E+09 8.88062460776E+26 1.00193123552E+00 1.13865030960E+33
 1.91853615827E+09 8.93217843518E+26 1.00193423640E+00 1.14382448302E+33
 1.92725876247E+09 8.98402972920E+26 1.00193724093E+00 1.14902216854E+33
 1.93602102960E+09 9.03618020622E+26 1.00194024914E+00 1.15424347301E+33
 1.94482314004E+09 9.08863159253E+26 1.00194326101E+00 1.15948850376E+33
 1.95366527500E+09 9.14138562439E+26 1.00194627656E+00 1.16475736861E+33
 1.96254761651E+09 9.19444404806E+26 1.00194929579E+00 1.17005017585E+33
 1.97147034742E+09 9.24780861989E+26 1.00195231870E+00 1.17536703430E+33
 1.98043365142E+09 9.30148110637E+26 1.00195534530E+00 1.18070805323E+33
 1.98943771305E+09 9.35546328416E+26 1.00195837560E+00 1.18607334243E+33
 1.99848271767E+09 9.40975694019E+26 1.00196140960E+00 1.19146301220E+33
 2.00756885147E+09 9.46436387170E+26 1.00196444729E+00 1.19687717333E+33
 2.01669630153E+09 9.51928588629E+26 1.00196748870E+00 1.20231593710E+33
 2.02586525574E+09 9.57452480199E+26 1.00197053381E+00 1.20777941531E+33
 2.03507590287E+09 9.63008244734E+26 1.00197358264E+00 1.21326772026E+33
 2.04432843254E+09 9.68596066142E+26 1.00197663519E+00 1.21878096478E+33
 2.05362303522E+09 9.74216129389E+26 1.00197969147E+00 1.22431926220E+33
 2.06295990227E+09 9.79868620514E+26 1.00198275148E+00 1.22988272635E+33
 2.07233922591E+09 9.85553726625E+26 1.00198581522E+00 1.23547147159E+33
 2.08176119922E+09 9.91271635912E+26 1.00198888270E+00 1.24108561281E+33
 2.09122601619E+09 9.97022537649E+26 1.00199195392E+00 1.24672526541E+33
 2.10073387166E+09 1.00280662220E+27 1.00199502890E+00 1.25239054532E+33
 2.11028496138E+09 1.00862408104E+27 1.00199810762E+00 1.25808156899E+33
 2.11987948197E+09 1.01447510673E+27 1.00200119010E+00 1.26379845340E+33
 2.12951763097E+09 1.02035989296E+27 1.00200427634E+00 1.26954131607E+33
 2.13919960680E+09 1.02627863452E+27 1.00200736635E+00 1.27531027505E+33
 2.14892560878E+09 1.03223152733E+27 1.00201046013E+00 1.28110544891E+33
 2.15869583715E+09 1.03821876846E+27 1.00201355769E+00 1.28692695679E+33
 2.16851049305E+09 1.04424055609E+27 1.00201665902E+00 1.29277491836E+33
 2.17836977855E+09 1.05029708955E+27 1.00201976414E+00 1.29864945381E+33
 2.18827389661E+09 1.05638856933E+27 1.00202287305E+00 1.30455068391E+33
 2.19822305115E+09 1.06251519707E+27 1.00202598576E+00 1.31047872995E+33
 2.20821744699E+09 1.06867717557E+27 1.00202910226E+00 1.31643371380E+33
 2.21825728990E+09 1.07487470881E+27 1.00203222256E+00 1.32241575786E+33
 2.22834278657E+09 1.08110800195E+27 1.00203534668E+00 1.32842498510E+33
 2.23847414464E+09 1.08737726130E+27 1.00203847460E+00 1.33446151903E+33
 2.24865157269E+09 1.09368269441E+27 1.00204160635E+00 1.34052548376E+33
 2.25887528026E+09 1.10002451000E+27 1.00204474191E+00 1.34661700392E+33
 2.26914547782E+09 1.10640291798E+27 1.00204788130E+00 1.35273620473E+33
 2.27946237683E+09 1.11281812951E+27 1.00205102452E+00 1.35888321198E+33
 2.28982618968E+09 1.11927035694E+27 1.00205417158E+00 1.36505815202E+33
 2.30023712974E+09 1.12575981384E+27 1.00205732248E+00 1.37126115178E+33
 2.31069541136E+09 1.13228671505E+27 1.00206047722E+00 1.37749233876E+33
 2.32120124985E+09 1.13885127660E+27 1.00206363582E+00 1.38375184107E+33
 2.33175486151E+09 1.14545371580E+27 1.00206679826E+00 1.39003978735E+33
 2.34235646361E+09 1.15209425121E+27 1.00206996457E+00 1.39635630688E+33
 2.35300627443E+09 1.15877310264E+27 1.00207313474E+00 1.40270152948E+33
 2.36370451323E+09 1.16549049117E+27 1.00207630878E+00 1.40907558558E+33
 2.37445140026E+09 1.17224663918E+27 1.00207948670E+00 1.41547860622E+33
 2.38524715678E+09 1.17904177029E+27 1.00208266849E+00 1.42191072301E+33
 2.39609200506E+09 1.18587610944E+27 1.00208585416E+00 1.42837206816E+33
 2.40698616838E+09 1.19274988286E+27 1.00208904373E+00 1.43486277449E+33
 2.41792987104E+09 1.19966331810E+27 1.00209223718E+00 1.44138297543E+33
 2.42892333834E+09 1.20661664399E+27 1.00209543453E+00 1.44793280500E+33
 2.43996679663E+09 1.21361009071E+27 1.00209863579E+00 1.45451239784E+33
 2.45106047328E+09 1.22064388976E+27 1.00210184095E+00 1.46112188920E+33
 2.46220459668E+09 1.22771827397E+27 1.00210505002E+00 1.46776141493E+33
 2.47339939628E+09 1.23483347752E+27 1.00210826301E+00 1.47443111152E+33
 2.48464510258E+09 1.24198973593E+27 1.00211147991E+00 1.48113111607E+33
 2.49594194709E+09 1.24918728610E+27 1.00211470075E+00 1.48786156631E+33
 2.50729016241E+09 1.25642636627E+27 1.00211792551E+00 1.49462260057E+33
 2.51868998219E+09 1.26370721608E+27 1.00212115421E+00 1.50141435784E+33
 2.53014164113E+09 1.27103007654E+27 1.00212438685E+00 1.50823697773E+33
 2.54164537502E+09 1.27839519005E+27 1.00212762344E+00 1.51509060049E+33
 2.55320142070E+09 1.28580280042E+27 1.00213086398E+00 1.52197536698E+33
 2.56481001609E+09 1.29325315284E+27 1.00213410846E+00 1.52889141874E+33
 2.57647140021E+09 1.30074649394E+27 1.00213735691E+00 1.53583889793E+33
 2.58818581316E+09 1.30828307177E+27 1.00214060933E+00 1.54281794736E+33
 2.59995349612E+09 1.31586313581E+27 1.00214386571E+00 1.54982871049E+33
 2.61177469138E+09 1.32348693696E+27 1.00214712607E+00 1.55687133142E+33
 2.62364964233E+09 1.33115472760E+27 1.00215039040E+00 1.56394595493E+33
 2.63557859347E+09 1.33886676155E+27 1.00215365872E+00 1.57105272644E+33
 2.64756179039E+09 1.34662329408E+27 1.00215693103E+00 1.57819179203E+33
 2.65959947983E+09 1.35442458196E+27 1.00216020733E+00 1.58536329846E+33
 2.67169190964E+09 1.36227088343E+27 1.00216348763E+00 1.59256739313E+33
 2.68383932879E+09 1.37016245821E+27 1.00216677193E+00 1.59980422413E+33
 2.69604198739E+09 1.37809956754E+27 1.00217006024E+00 1.60707394023E+33
 2.70830013669E+09 1.38608247415E+27 1.00217335256E+00 1.61437669085E+33
 2.72061402907E+09 1.39411144228E+27 1.00217664890E+00 1.62171262610E+33
 2.73298391807E+09 1.40218673772E+27 1.00217994927E+00 1.62908189679E+33
 2.74541005838E+09 1.41030862778E+27 1.00218325366E+00 1.63648465440E+33
 2.75789270586E+09 1.41847738131E+27 1.00218656208E+00 1.64392105108E+33
 2.77043211751E+09 1.42669326870E+27 1.00218987454E+00 1.65139123971E+33
 2.78302855152E+09 1.43495656193E+27 1.00219319104E+00 1.65889537384E+33
 2.79568226725E+09 1.44326753453E+27 1.00219651159E+00 1.66643360771E+33
 2.80839352523E+09 1.45162646160E+27 1.00219983620E+00 1.67400609629E+33
 2.82116258718E+09 1.46003361985E+27 1.00220316486E+00 1.68161299524E+33
 2.83398971602E+09 1.46848928757E+27 1.00220649758E+00 1.68925446091E+33
 2.84687517586E+09 1.47699374466E+27 1.00220983437E+00 1.69693065038E+33
 2.85981923201E+09 1.48554727264E+27 1.00221317523E+00 1.70464172144E+33
 2.87282215099E+09 1.49415015464E+27 1.00221652017E+00 1.71238783260E+33
 2.88588420052E+09 1.50280267545E+27 1.00221986919E+00 1.72016914309E+33
 2.89900564956E+09 1.51150512147E+27 1.00222322229E+00 1.72798581285E+33
 2.91218676828E+09 1.52025778078E+27 1.00222657949E+00 1.73583800257E+33
 2.92542782807E+09 1.52906094310E+27 1.00222994079E+00 1.74372587364E+33
 2.93872910158E+09 1.53791489985E+27 1.00223330618E+00 1.75164958822E+33
 2.95209086269E+09 1.54681994411E+27 1.00223667569E+00 1.75960930917E+33
 2.96551338651E+09 1.55577637065E+27 1.00224004931E+00 1.76760520012E+33
 2.97899694941E+09 1.56478447594E+27 1.00224342704E+00 1.77563742543E+33
 2.99254182904E+09 1.57384455819E+27 1.00224680889E+00 1.78370615019E+33
 3.00614830428E+09 1.58295691729E+27 1.00225019488E+00 1.79181154029E+33
 3.01981665530E+09 1.59212185488E+27 1.00225358499E+00 1.79995376231E+33
 3.03354716353E+09 1.60133967435E+27 1.00225697924E+00 1.80813298365E+33
 3.04734011170E+09 1.61061068082E+27 1.00226037764E+00 1.81634937241E+33
 3.06119578381E+09 1.61993518118E+27 1.00226378018E+00 1.82460309750E+33
 3.07511446516E+09 1.62931348409E+27 1.00226718687E+00 1.83289432858E+33
 3.08909644234E+09 1.63874590000E+27 1.00227059772E+00 1.84122323608E+33
 3.10314200324E+09 1.64823274113E+27 1.00227401274E+00 1.84958999121E+33
 3.11725143709E+09 1.65777432153E+27 1.00227743192E+00 1.85799476594E+33
 3.13142503440E+09 1.66737095703E+27 1.00228085527E+00 1.86643773306E+33
 3.14566308701E+09 1.67702296532E+27 1.00228428280E+00 1.87491906610E+33
 3.15996588811E+09 1.68673066588E+27 1.00228771452E+00 1.88343893941E+33
 3.17433373220E+09 1.69649438007E+27 1.00229115042E+00 1.89199752812E+33
 3.18876691513E+09 1.70631443109E+27 1.00229459051E+00 1.90059500816E+33
 3.20326573410E+09 1.71619114399E+27 1.00229803481E+00 1.90923155625E+33
 3.21783048764E+09 1.72612484573E+27 1.00230148330E+00 1.91790734993E+33
 3.23246147566E+09 1.73611586512E+27 1.00230493601E+00 1.92662256753E+33
 3.24715899944E+09 1.74616453289E+27 1.00230839292E+00 1.93537738820E+33
 3.26192336160E+09 1.75627118168E+27 1.00231185406E+00 1.94417199189E+33
 3.27675486617E+09 1.76643614603E+27 1.00231531942E+00 1.95300655940E+33
 3.29165381855E+09 1.77665976242E+27 1.00231878901E+00 1.96188127232E+33
 3.30662052552E+09 1.78694236929E+27 1.00232226283E+00 1.97079631308E+33
 3.32165529527E+09 1.79728430700E+27 1.00232574090E+00 1.97975186493E+33
 3.33675843739E+09 1.80768591790E+27 1.00232922320E+00 1.98874811196E+33
 3.35193026287E+09 1.81814754631E+27 1.00233270976E+00 1.99778523909E+33
 3.36717108413E+09 1.82866953851E+27 1.00233620057E+00 2.00686343209E+33
 3.38248121499E+09 1.83925224282E+27 1.00233969564E+00 2.01598287756E+33
 3.39786097071E+09 1.84989600955E+27 1.00234319498E+00 2.02514376297E+33
 3.41331066799E+09 1.86060119102E+27 1.00234669859E+00 2.03434627662E+33
 3.42883062496E+09 1.87136814160E+27 1.00235020647E+00 2.04359060767E+33
 3.44442116120E+09 1.88219721770E+27 1.00235371863E+00 2.05287694615E+33
 3.46008259776E+09 1.89308877779E+27 1.00235723508E+00 2.06220548295E+33
 3.47581525712E+09 1.90404318240E+27 1.00236075582E+00 2.07157640982E+33
 3.49161946326E+09 1.91506079413E+27 1.00236428086E+00 2.08098991939E+33
 3.50749554161E+09 1.92614197771E+27 1.00236781020E+00 2.09044620515E+33
 3.52344381909E+09 1.93728709994E+27 1.00237134384E+00 2.09994546149E+33
 3.53946462410E+09 1.94849652974E+27 1.00237488180E+00 2.10948788368E+33
 3.55555828655E+09 1.95977063818E+27 1.00237842408E+00 2.11907366785E+33
 3.57172513784E+09 1.97110979844E+27 1.00238197068E+00 2.12870301107E+33
 3.58796551087E+09 1.98251438589E+27 1.00238552160E+00 2.13837611125E+33
 3.60427974008E+09 1.99398477803E+27 1.00238907686E+00 2.14809316725E+33
 3.62066816140E+09 2.00552135457E+27 1.00239263646E+00 2.15785437880E+33
 3.63713111231E+09 2.01712449738E+27 1.00239620041E+00 2.16765994655E+33
 3.65366893183E+09 2.02879459056E+27 1.00239976870E+00 2.17751007206E+33
 3.67028196049E+09 2.04053202040E+27 1.00240334134E+00 2.18740495781E+33
 3.68697054041E+09 2.05233717546E+27 1.00240691835E+00 2.19734480719E+33
 3.70373501525E+09 2.06421044649E+27 1.00241049972E+00 2.20732982453E+33
 3.72057573021E+09 2.07615222653E+27 1.00241408546E+00 2.21736021507E+33
 3.73749303210E+09 2.08816291088E+27 1.00241767558E+00 2.22743618499E+33
 3.75448726929E+09 2.10024289711E+27 1.00242127008E+00 2.23755794141E+33
 3.77155879173E+09 2.11239258511E+27 1.00242486897E+00 2.24772569240E+33
 3.78870795097E+09 2.12461237705E+27 1.00242847224E+00 2.25793964695E+33
 3.80593510015E+09 2.13690267743E+27 1.00243207992E+00 2.26820001503E+33
 3.82324059404E+09 2.14926389310E+27 1.00243569200E+00 2.27850700754E+33
 3.84062478899E+09 2.16169643322E+27 1.00243930848E+00 2.28886083635E+33
 3.85808804300E+09 2.17420070934E+27 1.00244292938E+00 2.29926171429E+33
 3.87563071569E+09 2.18677713539E+27 1.00244655470E+00 2.30970985515E+33
 3.89325316830E+09 2.19942612767E+27 1.00245018444E+00 2.32020547371E+33
 3.91095576375E+09 2.21214810488E+27 1.00245381861E+00 2.33074878571E+33
 3.92873886657E+09 2.22494348816E+27 1.00245745722E+00 2.34134000788E+33
 3.94660284298E+09 2.23781270105E+27 1.00246110026E+00 2.35197935792E+33
 3.96454806084E+09 2.25075616955E+27 1.00246474776E+00 2.36266705454E+33
 3.98257488972E+09 2.26377432213E+27 1.00246839970E+00 2.37340331742E+33
 4.00068370083E+09 2.27686758971E+27 1.00247205610E+00 2.38418836726E+33
 4.01887486710E+09 2.29003640570E+27 1.00247571696E+00 2.39502242576E+33
 4.03714876315E+09 2.30328120602E+27 1.00247938229E+00 2.40590571561E+33
 4.05550576528E+09 2.31660242911E+27 1.00248305209E+00 2.41683846053E+33
 4.07394625154E+09 2.33000051591E+27 1.00248672638E+00 2.42782088525E+33
 4.09247060168E+09 2.34347590995E+27 1.00249040514E+00 2.43885321551E+33
 4.11107919717E+09 2.35702905728E+27 1.00249408839E+00 2.44993567811E+33
 4.12977242124E+09 2.37066040653E+27 1.00249777614E+00 2.46106850084E+33
 4.14855065884E+09 2.38437040894E+27 1.00250146839E+00 2.47225191255E+33
 4.16741429668E+09 2.39815951834E+27 1.00250516515E+00 2.48348614311E+33
 4.18636372324E+09 2.41202819118E+27 1.00250886642E+00 2.49477142347E+33
 4.20539932875E+09 2.42597688653E+27 1.00251257220E+00 2.50610798559E+33
 4.22452150522E+09 2.44000606614E+27 1.00251628250E+00 2.51749606251E+33
 4.24373064647E+09 2.45411619439E+27 1.00251999734E+00 2.52893588831E+33
 4.26302714806E+09 2.46830773836E+27 1.00252371671E+00 2.54042769816E+33
 4.28241140740E+09 2.48258116782E+27 1.00252744061E+00 2.55197172826E+33
 4.30188382369E+09 2.49693695525E+27 1.00253116906E+00 2.56356821592E+33
 4.32144479792E+09 2.51137557587E+27 1.00253490206E+00 2.57521739951E+33
 4.34109473296E+09 2.52589750761E+27 1.00253863962E+00 2.58691951850E+33
 4.36083403345E+09 2.54050323119E+27 1.00254238174E+00 2.59867481341E+33
 4.38066310593E+09 2.55519323008E+27 1.00254612842E+00 2.61048352589E+33
 4.40058235875E+09 2.56996799056E+27 1.00254987968E+00 2.62234589869E+33
 4.42059220213E+09 2.58482800170E+27 1.00255363551E+00 2.63426217563E+33
 4.44069304816E+09 2.59977375540E+27 1.00255739593E+00 2.64623260166E+33
 4.46088531081E+09 2.61480574640E+27 1.00256116093E+00 2.65825742285E+33
 4.48116940591E+09 2.62992447229E+27 1.00256493053E+00 2.67033688638E+33
 4.50154575121E+09 2.64513043352E+27 1.00256870473E+00 2.68247124054E+33
 4.52201476635E+09 2.66042413346E+27 1.00257248354E+00 2.69466073476E+33
 4.54257687287E+09 2.67580607835E+27 1.00257626696E+00 2.70690561961E+33
 4.56323249424E+09 2.69127677736E+27 1.00258005500E+00 2.71920614680E+33
 4.58398205586E+09 2.70683674262E+27 1.00258384765E+00 2.73156256916E+33
 4.60482598505E+09 2.72248648919E+27 1.00258764494E+00 2.74397514069E+33
 4.62576471109E+09 2.73822653510E+27 1.00259144686E+00 2.75644411655E+33
 4.64679866520E+09 2.75405740140E+27 1.00259525342E+00 2.76896975303E+33
 4.66792828058E+09 2.76997961210E+27 1.00259906463E+00 2.78155230762E+33
 4.68915399238E+09 2.78599369429E+27 1.00260288048E+00 2.79419203895E+33
 4.71047623775E+09 2.80210017804E+27 1.00260670100E+00 2.80688920685E+33
 4.73189545581E+09 2.81829959653E+27 1.00261052617E+00 2.81964407231E+33
 4.75341208769E+09 2.83459248598E+27 1.00261435602E+00 2.83245689752E+33
 4.77502657652E+09 2.85097938573E+27 1.00261819053E+00 2.84532794586E+33
 4.79673936747E+09 2.86746083822E+27 1.00262202973E+00 2.85825748189E+33
 4.81855090770E+09 2.88403738901E+27 1.00262587361E+00 2.87124577140E+33
 4.84046164642E+09 2.90070958684E+27 1.00262972218E+00 2.88429308136E+33
 4.86247203490E+09 2.91747798358E+27 1.00263357545E+00 2.89739967998E+33
 4.88458252644E+09 2.93434313430E+27 1.00263743342E+00 2.91056583667E+33
 4.90679357641E+09 2.95130559728E+27 1.00264129610E+00 2.92379182207E+33
 4.92910564226E+09 2.96836593400E+27 1.00264516350E+00 2.93707790804E+33
 4.95151918351E+09 2.98552470921E+27 1.00264903561E+00 2.95042436770E+33
 4.97403466178E+09 3.00278249090E+27 1.00265291245E+00 2.96383147539E+33
 4.99665254078E+09 3.02013985032E+27 1.00265679402E+00 2.97729950670E+33
 5.01937328635E+09 3.03759736206E+27 1.00266068033E+00 2.99082873847E+33
 5.04219736642E+09 3.05515560399E+27 1.00266457137E+00 3.00441944882E+33
 5.06512525108E+09 3.07281515732E+27 1.00266846717E+00 3.01807191709E+33
 5.08815741254E+09 3.09057660663E+27 1.00267236772E+00 3.03178642394E+33
 5.11129432517E+09 3.10844053985E+27 1.00267627304E+00 3.04556325128E+33
 5.13453646548E+09 3.12640754833E+27 1.00268018311E+00 3.05940268228E+33
 5.15788431216E+09 3.14447822680E+27 1.00268409796E+00 3.07330500144E+33
 5.18133834610E+09 3.16265317345E+27 1.00268801759E+00 3.08727049453E+33
 5.20489905034E+09 3.18093298990E+27 1.00269194200E+00 3.10129944861E+33
 5.22856691013E+09 3.19931828125E+27 1.00269587120E+00 3.11539215207E+33
 5.25234241295E+09 3.21780965610E+27 1.00269980519E+00 3.12954889458E+33
 5.27622604848E+09 3.23640772656E+27 1.00270374399E+00 3.14376996715E+33
 5.30021830861E+09 3.25511310825E+27 1.00270768759E+00 3.15805566210E+33
 5.32431968751E+09 3.27392642036E+27 1.00271163600E+00 3.17240627309E+33
 5.34853068157E+09 3.29284828566E+27 1.00271558923E+00 3.18682209509E+33
 5.37285178944E+09 3.31187933050E+27 1.00271954729E+00 3.20130342445E+33
 5.39728351206E+09 3.33102018485E+27 1.00272351018E+00 3.21585055883E+33
 5.42182635261E+09 3.35027148231E+27 1.00272747790E+00 3.23046379726E+33
 5.44648081661E+09 3.36963386013E+27 1.00273145047E+00 3.24514344012E+33
 5.47124741184E+09 3.38910795927E+27 1.00273542788E+00 3.25988978916E+33
 5.49612664841E+09 3.40869442434E+27 1.00273941015E+00 3.27470314752E+33
 5.52111903874E+09 3.42839390371E+27 1.00274339727E+00 3.28958381968E+33
 5.54622509759E+09 3.44820704946E+27 1.00274738927E+00 3.30453211152E+33
 5.57144534207E+09 3.46813451747E+27 1.00275138613E+00 3.31954833033E+33
 5.59678029163E+09 3.48817696735E+27 1.00275538787E+00 3.33463278476E+33
 5.62223046808E+09 3.50833506258E+27 1.00275939450E+00 3.34978578490E+33
 5.64779639562E+09 3.52860947041E+27 1.00276340601E+00 3.36500764221E+33
 5.67347860082E+09 3.54900086198E+27 1.00276742242E+00 3.38029866961E+33
 5.69927761267E+09 3.56950991229E+27 1.00277144373E+00 3.39565918139E+33
 5.72519396253E+09 3.59013730022E+27 1.00277546995E+00 3.41108949332E+33
 5.75122818421E+09 3.61088370860E+27 1.00277950108E+00 3.42658992257E+33
 5.77738081394E+09 3.63174982416E+27 1.00278353713E+00 3.44216078777E+33
 5.80365239039E+09 3.65273633763E+27 1.00278757811E+00 3.45780240897E+33
 5.83004345467E+09 3.67384394369E+27 1.00279162402E+00 3.47351510772E+33
 5.85655455036E+09 3.69507334107E+27 1.00279567486E+00 3.48929920699E+33
 5.88318622354E+09 3.71642523249E+27 1.00279973065E+00 3.50515503123E+33
 5.90993902272E+09 3.73790032475E+27 1.00280379139E+00 3.52108290638E+33
 5.93681349895E+09 3.75949932871E+27 1.00280785708E+00 3.53708315984E+33
 5.96381020579E+09 3.78122295937E+27 1.00281192774E+00 3.55315612051E+33
 5.99092969927E+09 3.80307193580E+27 1.00281600336E+00 3.56930211878E+33
 6.01817253802E+09 3.82504698126E+27 1.00282008396E+00 3.58552148654E+33
 6.04553928315E+09 3.84714882317E+27 1.00282416954E+00 3.60181455720E+33
 6.07303049835E+09 3.86937819315E+27 1.00282826010E+00 3.61818166566E+33
 6.10064674989E+09 3.89173582704E+27 1.00283235565E+00 3.63462314837E+33
 6.12838860660E+09 3.91422246492E+27 1.00283645621E+00 3.65113934329E+33
 6.15625663989E+09 3.93683885115E+27 1.00284056176E+00 3.66773058992E+33
 6.18425142378E+09 3.95958573437E+27 1.00284467233E+00 3.68439722931E+33
 6.21237353491E+09 3.98246386757E+27 1.00284878791E+00 3.70113960406E+33
 6.24062355254E+09 4.00547400805E+27 1.00285290852E+00 3.71795805830E+33
 6.26900205855E+09 4.02861691750E+27 1.00285703415E+00 3.73485293777E+33
 6.29750963749E+09 4.05189336200E+27 1.00286116482E+00 3.75182458974E+33
 6.32614687656E+09 4.07530411205E+27 1.00286530053E+00 3.76887336308E+33
 6.35491436564E+09 4.09884994259E+27 1.00286944129E+00 3.78599960824E+33
 6.38381269727E+09 4.12253163304E+27 1.00287358709E+00 3.80320367725E+33
 6.41284246672E+09 4.14634996731E+27 1.00287773796E+00 3.82048592377E+33
 6.44200427194E+09 4.17030573385E+27 1.00288189390E+00 3.83784670304E+33
 6.47129871363E+09 4.19439972564E+27 1.00288605490E+00 3.85528637192E+33
 6.50072639520E+09 4.21863274025E+27 1.00289022099E+00 3.87280528890E+33
 6.53028792282E+09 4.24300557982E+27 1.00289439216E+00 3.89040381409E+33
 6.55998390540E+09 4.26751905117E+27 1.00289856841E+00 3.90808230925E+33
 6.58981495464E+09 4.29217396574E+27 1.00290274977E+00 3.92584113776E+33
 6.61978168502E+09 4.31697113966E+27 1.00290693623E+00 3.94368066466E+33
 6.64988471381E+09 4.34191139376E+27 1.00291112779E+00 3.96160125668E+33
 6.68012466110E+09 4.36699555362E+27 1.00291532447E+00 3.97960328216E+33
 6.71050214978E+09 4.39222444959E+27 1.00291952628E+00 3.99768711117E+33
 6.74101780561E+09 4.41759891679E+27 1.00292373321E+00 4.01585311541E+33
 6.77167225716E+09 4.44311979517E+27 1.00292794527E+00 4.03410166832E+33
 6.80246613589E+09 4.46878792952E+27 1.00293216248E+00 4.05243314500E+33
 6.83340007612E+09 4.49460416953E+27 1.00293638483E+00 4.07084792227E+33
 6.86447471505E+09 4.52056936975E+27 1.00294061233E+00 4.08934637865E+33
 6.89569069279E+09 4.54668438969E+27 1.00294484499E+00 4.10792889439E+33
 6.92704865237E+09 4.57295009382E+27 1.00294908282E+00 4.12659585148E+33
 6.95854923974E+09 4.59936735159E+27 1.00295332582E+00 4.14534763362E+33
 6.99019310377E+09 4.62593703746E+27 1.00295757400E+00 4.16418462627E+33
 7.02198089631E+09 4.65266003094E+27 1.00296182736E+00 4.18310721664E+33
 7.05391327218E+09 4.67953721663E+27 1.00296608592E+00 4.20211579368E+33
 7.08599088914E+09 4.70656948422E+27 1.00297034966E+00 4.22121074815E+33
 7.11821440799E+09 4.73375772853E+27 1.00297461862E+00 4.24039247255E+33
 7.15058449252E+09 4.76110284955E+27 1.00297889278E+00 4.25966136116E+33
 7.18310180953E+09 4.78860575246E+27 1.00298317216E+00 4.27901781009E+33
 7.21576702886E+09 4.81626734767E+27 1.00298745676E+00 4.29846221721E+33
 7.24858082341E+09 4.84408855083E+27 1.00299174659E+00 4.31799498221E+33
 7.28154386913E+09 4.87207028289E+27 1.00299604165E+00 4.33761650661E+33
 7.31465684505E+09 4.90021347011E+27 1.00300034196E+00 4.35732719374E+33
 7.34792043330E+09 4.92851904407E+27 1.00300464751E+00 4.37712744877E+33
 7.38133531909E+09 4.95698794176E+27 1.00300895832E+00 4.39701767870E+33
 7.41490219077E+09 4.98562110556E+27 1.00301327439E+00 4.41699829239E+33
 7.44862173983E+09 5.01441948328E+27 1.00301759572E+00 4.43706970056E+33
 7.48249466087E+09 5.04338402821E+27 1.00302192233E+00 4.45723231579E+33
 7.51652165169E+09 5.07251569915E+27 1.00302625422E+00 4.47748655254E+33
 7.55070341325E+09 5.10181546040E+27 1.00303059140E+00 4.49783282714E+33
 7.58504064969E+09 5.13128428186E+27 1.00303493387E+00 4.51827155783E+33
 7.61953406837E+09 5.16092313901E+27 1.00303928163E+00 4.53880316474E+33
 7.65418437987E+09 5.19073301296E+27 1.00304363471E+00 4.55942806991E+33
 7.68899229800E+09 5.22071489047E+27 1.00304799309E+00 4.58014669731E+33
 7.72395853980E+09 5.25086976401E+27 1.00305235680E+00 4.60095947281E+33
 7.75908382561E+09 5.28119863177E+27 1.00305672583E+00 4.62186682423E+33
 7.79436887902E+09 5.31170249771E+27 1.00306110019E+00 4.64286918135E+33
 7.82981442691E+09 5.34238237155E+27 1.00306547989E+00 4.66396697589E+33
 7.86542119951E+09 5.37323926888E+27 1.00306986493E+00 4.68516064151E+33
 7.90118993031E+09 5.40427421113E+27 1.00307425533E+00 4.70645061387E+33
 7.93712135620E+09 5.43548822560E+27 1.00307865108E+00 4.72783733061E+33
 7.97321621737E+09 5.46688234556E+27 1.00308305220E+00 4.74932123134E+33
 8.00947525743E+09 5.49845761022E+27 1.00308745869E+00 4.77090275767E+33
 8.04589922333E+09 5.53021506479E+27 1.00309187056E+00 4.79258235324E+33
 8.08248886544E+09 5.56215576050E+27 1.00309628781E+00 4.81436046367E+33
 8.11924493755E+09 5.59428075466E+27 1.00310071045E+00 4.83623753664E+33
 8.15616819686E+09 5.62659111068E+27 1.00310513848E+00 4.85821402185E+33
 8.19325940405E+09 5.65908789809E+27 1.00310957193E+00 4.88029037102E+33
 8.23051932323E+09 5.69177219262E+27 1.00311401078E+00 4.90246703797E+33
 8.26794872201E+09 5.72464507617E+27 1.00311845505E+00 4.92474447854E+33
 8.30554837147E+09 5.75770763692E+27 1.00312290474E+00 4.94712315066E+33
 8.34331904621E+09 5.79096096930E+27 1.00312735986E+00 4.96960351435E+33
 8.38126152438E+09 5.82440617408E+27 1.00313182042E+00 4.99218603171E+33
 8.41937658763E+09 5.85804435835E+27 1.00313628642E+00 5.01487116692E+33
 8.45766502119E+09 5.89187663561E+27 1.00314075788E+00 5.03765938631E+33
 8.49612761387E+09 5.92590412579E+27 1.00314523479E+00 5.06055115829E+33
 8.53476515805E+09 5.96012795526E+27 1.00314971716E+00 5.08354695343E+33
 8.57357844974E+09 5.99454925691E+27 1.00315420500E+00 5.10664724442E+33
 8.61256828855E+09 6.02916917015E+27 1.00315869832E+00 5.12985250610E+33
 8.65173547775E+09 6.06398884099E+27 1.00316319713E+00 5.15316321548E+33
 8.69108082424E+09 6.09900942202E+27 1.00316770142E+00 5.17657985172E+33
 8.73060513863E+09 6.13423207250E+27 1.00317221121E+00 5.20010289616E+33
 8.77030923518E+09 6.16965795837E+27 1.00317672650E+00 5.22373283234E+33
 8.81019393188E+09 6.20528825231E+27 1.00318124731E+00 5.24747014599E+33
 8.85026005043E+09 6.24112413376E+27 1.00318577363E+00 5.27131532504E+33
 8.89050841629E+09 6.27716678895E+27 1.00319030547E+00 5.29526885965E+33
 8.93093985866E+09 6.31341741099E+27 1.00319484285E+00 5.31933124221E+33
 8.97155521051E+09 6.34987719983E+27 1.00319938576E+00 5.34350296732E+33
 9.01235530861E+09 6.38654736239E+27 1.00320393422E+00 5.36778453187E+33
 9.05334099355E+09 6.42342911251E+27 1.00320848822E+00 5.39217643496E+33
 9.09451310972E+09 6.46052367106E+27 1.00321304779E+00 5.41667917800E+33
 9.13587250537E+09 6.49783226596E+27 1.00321761291E+00 5.44129326465E+33
 9.17742003261E+09 6.53535613219E+27 1.00322218361E+00 5.46601920088E+33
 9.21915654742E+09 6.57309651187E+27 1.00322675989E+00 5.49085749494E+33
 9.26108290969E+09 6.61105465430E+27 1.00323134175E+00 5.51580865740E+33
 9.30319998321E+09 6.64923181597E+27 1.00323592921E+00 5.54087320115E+33
 9.34550863571E+09 6.68762926062E+27 1.00324052226E+00 5.56605164141E+33
 9.38800973886E+09 6.72624825929E+27 1.00324512091E+00 5.59134449574E+33
 9.43070416831E+09 6.76509009035E+27 1.00324972518E+00 5.61675228406E+33
 9.47359280369E+09 6.80415603955E+27 1.00325433507E+00 5.64227552863E+33
 9.51667652863E+09 6.84344740005E+27 1.00325895058E+00 5.66791475411E+33
 9.55995623079E+09 6.88296547249E+27 1.00326357173E+00 5.69367048752E+33
 9.60343280185E+09 6.92271156499E+27 1.00326819851E+00 5.71954325830E+33
 9.64710713758E+09 6.96268699324E+27 1.00327283095E+00 5.74553359827E+33
 9.69098013781E+09 7.00289308050E+27 1.00327746903E+00 5.77164204169E+33
 9.73505270646E+09 7.04333115769E+27 1.00328211277E+00 5.79786912524E+33
 9.77932575158E+09 7.08400256339E+27 1.00328676219E+00 5.82421538802E+33
 9.82380018533E+09 7.12490864391E+27 1.00329141727E+00 5.85068137161E+33
 9.86847692404E+09 7.16605075333E+27 1.00329607804E+00 5.87726762004E+33
 9.91335688822E+09 7.20743025354E+27 1.00330074449E+00 5.90397467979E+33
 9.95844100254E+09 7.24904851429E+27 1.00330541664E+00 5.93080309986E+33
 1.00037301959E+10 7.29090691323E+27 1.00331009449E+00 5.95775343172E+33
 1.00492254014E+10 7.33300683597E+27 1.00331477805E+00 5.98482622935E+33
 1.00949275565E+10 7.37534967610E+27 1.00331946732E+00 6.01202204925E+33
 1.01408376027E+10 7.41793683526E+27 1.00332416232E+00 6.03934145046E+33
 1.01869564860E+10 7.46076972318E+27 1.00332886305E+00 6.06678499454E+33
 1.02332851567E+10 7.50384975772E+27 1.00333356951E+00 6.09435324561E+33
 1.02798245692E+10 7.54717836491E+27 1.00333828172E+00 6.12204677036E+33
 1.03265756825E+10 7.59075697903E+27 1.00334299967E+00 6.14986613805E+33
 1.03735394599E+10 7.63458704262E+27 1.00334772339E+00 6.17781192052E+33
 1.04207168689E+10 7.67867000655E+27 1.00335245287E+00 6.20588469222E+33
 1.04681088817E+10 7.72300733006E+27 1.00335718812E+00 6.23408503020E+33
 1.05157164747E+10 7.76760048081E+27 1.00336192915E+00 6.26241351415E+33
 1.05635406288E+10 7.81245093492E+27 1.00336667596E+00 6.29087072637E+33
 1.06115823294E+10 7.85756017705E+27 1.00337142857E+00 6.31945725182E+33
 1.06598425665E+10 7.90292970041E+27 1.00337618698E+00 6.34817367811E+33
 1.07083223343E+10 7.94856100682E+27 1.00338095119E+00 6.37702059554E+33
 1.07570226318E+10 7.99445560677E+27 1.00338572122E+00 6.40599859708E+33
 1.08059444624E+10 8.04061501948E+27 1.00339049707E+00 6.43510827837E+33
 1.08550888342E+10 8.08704077292E+27 1.00339527875E+00 6.46435023781E+33
 1.09044567597E+10 8.13373440389E+27 1.00340006626E+00 6.49372507646E+33
 1.09540492561E+10 8.18069745803E+27 1.00340485962E+00 6.52323339816E+33
 1.10038673454E+10 8.22793148993E+27 1.00340965882E+00 6.55287580947E+33
 1.10539120540E+10 8.27543806314E+27 1.00341446389E+00 6.58265291970E+33
 1.11041844131E+10 8.32321875022E+27 1.00341927481E+00 6.61256534096E+33
 1.11546854585E+10 8.37127513282E+27 1.00342409161E+00 6.64261368810E+33
 1.12054162308E+10 8.41960880170E+27 1.00342891428E+00 6.67279857879E+33
 1.12563777754E+10 8.46822135681E+27 1.00343374284E+00 6.70312063351E+33
 1.13075711423E+10 8.51711440733E+27 1.00343857730E+00 6.73358047555E+33
 1.13589973863E+10 8.56628957173E+27 1.00344341765E+00 6.76417873102E+33
 1.14106575671E+10 8.61574847781E+27 1.00344826391E+00 6.79491602890E+33
 1.14625527492E+10 8.66549276276E+27 1.00345311608E+00 6.82579300101E+33
 1.15146840020E+10 8.71552407322E+27 1.00345797418E+00 6.85681028206E+33
 1.15670523995E+10 8.76584406534E+27 1.00346283820E+00 6.88796850962E+33
 1.16196590210E+10 8.81645440482E+27 1.00346770816E+00 6.91926832417E+33
 1.16725049503E+10 8.86735676697E+27 1.00347258406E+00 6.95071036910E+33
 1.17255912764E+10 8.91855283676E+27 1.00347746591E+00 6.98229529073E+33
 1.17789190931E+10 8.97004430889E+27 1.00348235372E+00 7.01402373830E+33
 1.18324894995E+10 9.02183288784E+27 1.00348724750E+00 7.04589636402E+33
 1.18863035992E+10 9.07392028792E+27 1.00349214724E+00 7.07791382305E+33
 1.19403625013E+10 9.12630823334E+27 1.00349705297E+00 7.11007677353E+33
 1.19946673196E+10 9.17899845824E+27 1.00350196468E+00 7.14238587659E+33
 1.20492191731E+10 9.23199270680E+27 1.00350688239E+00 7.17484179636E+33
 1.21040191860E+10 9.28529273322E+27 1.00351180610E+00 7.20744520002E+33
 1.21590684875E+10 9.33890030186E+27 1.00351673582E+00 7.24019675773E+33
 1.22143682118E+10 9.39281718723E+27 1.00352167155E+00 7.27309714272E+33
 1.22699194987E+10 9.44704517411E+27 1.00352661330E+00 7.30614703130E+33
 1.23257234927E+10 9.50158605755E+27 1.00353156109E+00 7.33934710283E+33
 1.23817813437E+10 9.55644164298E+27 1.00353651492E+00 7.37269803974E+33
 1.24380942070E+10 9.61161374622E+27 1.00354147479E+00 7.40620052760E+33
 1.24946632430E+10 9.66710419360E+27 1.00354644071E+00 7.43985525508E+33
 1.25514896172E+10 9.72291482197E+27 1.00355141269E+00 7.47366291396E+33
 1.26085745009E+10 9.77904747877E+27 1.00355639074E+00 7.50762419919E+33
 1.26659190702E+10 9.83550402212E+27 1.00356137487E+00 7.54173980887E+33
 1.27235245069E+10 9.89228632085E+27 1.00356636508E+00 7.57601044427E+33
 1.27813919980E+10 9.94939625458E+27 1.00357136137E+00 7.61043680984E+33
 1.28395227360E+10 1.00068357138E+28 1.00357636377E+00 7.64501961324E+33
 1.28979179188E+10 1.00646065998E+28 1.00358137227E+00 7.67975956534E+33
 1.29565787497E+10 1.01227108249E+28 1.00358638688E+00 7.71465738026E+33
 1.30155064376E+10 1.01811503126E+28 1.00359140761E+00 7.74971377533E+33
 1.30747021969E+10 1.02399269973E+28 1.00359643447E+00 7.78492947117E+33
 1.31341672473E+10 1.02990428247E+28 1.00360146746E+00 7.82030519166E+33
 1.31939028143E+10 1.03584997515E+28 1.00360650660E+00 7.85584166397E+33
 1.32539101289E+10 1.04182997460E+28 1.00361155188E+00 7.89153961858E+33
 1.33141904277E+10 1.04784447877E+28 1.00361660332E+00 7.92739978929E+33
 1.33747449528E+10 1.05389368675E+28 1.00362166093E+00 7.96342291323E+33
 1.34355749523E+10 1.05997779877E+28 1.00362672471E+00 7.99960973087E+33
 1.34966816795E+10 1.06609701624E+28 1.00363179466E+00 8.03596098606E+33
 1.35580663939E+10 1.07225154172E+28 1.00363687081E+00 8.07247742603E+33
 1.36197303604E+10 1.07844157894E+28 1.00364195315E+00 8.10915980140E+33
 1.36816748498E+10 1.08466733279E+28 1.00364704169E+00 8.14600886620E+33
 1.37439011385E+10 1.09092900937E+28 1.00365213644E+00 8.18302537789E+33
 1.38064105091E+10 1.09722681594E+28 1.00365723741E+00 8.22021009736E+33
 1.38692042495E+10 1.10356096099E+28 1.00366234460E+00 8.25756378899E+33
 1.39322836540E+10 1.10993165417E+28 1.00366745803E+00 8.29508722059E+33
 1.39956500224E+10 1.11633910639E+28 1.00367257769E+00 8.33278116349E+33
 1.40593046607E+10 1.12278352973E+28 1.00367770361E+00 8.37064639251E+33
 1.41232488806E+10 1.12926513752E+28 1.00368283578E+00 8.40868368600E+33
 1.41874839999E+10 1.13578414432E+28 1.00368797421E+00 8.44689382584E+33
 1.42520113424E+10 1.14234076591E+28 1.00369311891E+00 8.48527759747E+33
 1.43168322379E+10 1.14893521935E+28 1.00369826989E+00 8.52383578990E+33
 1.43819480222E+10 1.15556772291E+28 1.00370342716E+00 8.56256919571E+33
 1.44473600374E+10 1.16223849615E+28 1.00370859072E+00 8.60147861109E+33
 1.45130696314E+10 1.16894775988E+28 1.00371376058E+00 8.64056483587E+33
 1.45790781585E+10 1.17569573620E+28 1.00371893675E+00 8.67982867347E+33
 1.46453869789E+10 1.18248264848E+28 1.00372411924E+00 8.71927093100E+33
 1.47119974593E+10 1.18930872137E+28 1.00372930805E+00 8.75889241922E+33
 1.47789109724E+10 1.19617418084E+28 1.00373450320E+00 8.79869395257E+33
 1.48461288973E+10 1.20307925415E+28 1.00373970468E+00 8.83867634922E+33
 1.49136526191E+10 1.21002416987E+28 1.00374491251E+00 8.87884043101E+33
 1.49814835296E+10 1.21700915790E+28 1.00375012670E+00 8.91918702355E+33
 1.50496230266E+10 1.22403444944E+28 1.00375534725E+00 8.95971695620E+33
 1.51180725145E+10 1.23110027705E+28 1.00376057417E+00 9.00043106208E+33
 1.51868334040E+10 1.23820687463E+28 1.00376580747E+00 9.04133017808E+33
 1.52559071121E+10 1.24535447743E+28 1.00377104716E+00 9.08241514493E+33
 1.53252950624E+10 1.25254332203E+28 1.00377629324E+00 9.12368680715E+33
 1.53949986851E+10 1.25977364640E+28 1.00378154572E+00 9.16514601311E+33
 1.54650194165E+10 1.26704568990E+28 1.00378680462E+00 9.20679361503E+33
 1.55353587000E+10 1.27435969322E+28 1.00379206993E+00 9.24863046901E+33
 1.56060179850E+10 1.28171589850E+28 1.00379734166E+00 9.29065743504E+33
 1.56769987279E+10 1.28911454922E+28 1.00380261983E+00 9.33287537700E+33
 1.57483023916E+10 1.29655589031E+28 1.00380790444E+00 9.37528516272E+33
 1.58199304456E+10 1.30404016808E+28 1.00381319550E+00 9.41788766395E+33
 1.58918843662E+10 1.31156763029E+28 1.00381849302E+00 9.46068375643E+33
 1.59641656364E+10 1.31913852610E+28 1.00382379700E+00 9.50367431986E+33
 1.60367757458E+10 1.32675310613E+28 1.00382910745E+00 9.54686023794E+33
 1.61097161910E+10 1.33441162244E+28 1.00383442438E+00 9.59024239838E+33
 1.61829884754E+10 1.34211432854E+28 1.00383974781E+00 9.63382169293E+33
 1.62565941089E+10 1.34986147941E+28 1.00384507773E+00 9.67759901741E+33
 1.63305346088E+10 1.35765333149E+28 1.00385041415E+00 9.72157527167E+33
 1.64048114988E+10 1.36549014271E+28 1.00385575709E+00 9.76575135969E+33
 1.64794263100E+10 1.37337217250E+28 1.00386110654E+00 9.81012818953E+33
 1.65543805802E+10 1.38129968175E+28 1.00386646253E+00 9.85470667339E+33
 1.66296758542E+10 1.38927293288E+28 1.00387182505E+00 9.89948772762E+33
 1.67053136838E+10 1.39729218984E+28 1.00387719411E+00 9.94447227271E+33
 1.67812956281E+10 1.40535771806E+28 1.00388256973E+00 9.98966123336E+33
 1.68576232531E+10 1.41346978455E+28 1.00388795190E+00 1.00350555385E+34
 1.69342981320E+10 1.42162865782E+28 1.00389334065E+00 1.00806561211E+34
 1.70113218451E+10 1.42983460795E+28 1.00389873597E+00 1.01264639187E+34
 1.70886959799E+10 1.43808790658E+28 1.00390413788E+00 1.01724798728E+34
 1.71664221313E+10 1.44638882691E+28 1.00390954637E+00 1.02187049293E+34
 1.72445019011E+10 1.45473764371E+28 1.00391496147E+00 1.02651400384E+34
 1.73229368989E+10 1.46313463335E+28 1.00392038318E+00 1.03117861546E+34
 1.74017287411E+10 1.47158007378E+28 1.00392581150E+00 1.03586442367E+34
 1.74808790518E+10 1.48007424458E+28 1.00393124644E+00 1.04057152481E+34
 1.75603894624E+10 1.48861742691E+28 1.00393668802E+00 1.04530001561E+34
 1.76402616117E+10 1.49720990357E+28 1.00394213624E+00 1.05004999328E+34
 1.77204971460E+10 1.50585195900E+28 1.00394759111E+00 1.05482155547E+34
 1.78010977191E+10 1.51454387926E+28 1.00395305264E+00 1.05961480024E+34
 1.78820649923E+10 1.52328595207E+28 1.00395852083E+00 1.06442982614E+34
 1.79634006345E+10 1.53207846681E+28 1.00396399569E+00 1.06926673213E+34
 1.80451063221E+10 1.54092171454E+28 1.00396947724E+00 1.07412561764E+34
 1.81271837393E+10 1.54981598798E+28 1.00397496547E+00 1.07900658256E+34
 1.82096345778E+10 1.55876158156E+28 1.00398046040E+00 1.08390972721E+34
 1.82924605372E+10 1.56775879140E+28 1.00398596204E+00 1.08883515238E+34
 1.83756633245E+10 1.57680791531E+28 1.00399147039E+00 1.09378295931E+34
 1.84592446548E+10 1.58590925285E+28 1.00399698546E+00 1.09875324971E+34
 1.85432062510E+10 1.59506310528E+28 1.00400250727E+00 1.10374612576E+34
 1.86275498436E+10 1.60426977563E+28 1.00400803581E+00 1.10876169007E+34
 1.87122771711E+10 1.61352956865E+28 1.00401357110E+00 1.11380004575E+34
 1.87973899801E+10 1.62284279086E+28 1.00401911314E+00 1.11886129637E+34
 1.88828900248E+10 1.63220975054E+28 1.00402466195E+00 1.12394554596E+34
 1.89687790677E+10 1.64163075778E+28 1.00403021753E+00 1.12905289904E+34
 1.90550588792E+10 1.65110612441E+28 1.00403577988E+00 1.13418346058E+34
 1.91417312376E+10 1.66063616409E+28 1.00404134903E+00 1.13933733606E+34
 1.92287979296E+10 1.67022119229E+28 1.00404692497E+00 1.14451463141E+34
 1.93162607499E+10 1.67986152630E+28 1.00405250772E+00 1.14971545305E+34
 1.94041215013E+10 1.68955748522E+28 1.00405809728E+00 1.15493990790E+34
 1.94923819949E+10 1.69930939002E+28 1.00406369366E+00 1.16018810334E+34
 1.95810440501E+10 1.70911756351E+28 1.00406929687E+00 1.16546014726E+34
 1.96701094943E+10 1.71898233035E+28 1.00407490692E+00 1.17075614802E+34
 1.97595801635E+10 1.72890401710E+28 1.00408052381E+00 1.17607621449E+34
 1.98494579021E+10 1.73888295217E+28 1.00408614756E+00 1.18142045603E+34
 1.99397445627E+10 1.74891946590E+28 1.00409177818E+00 1.18678898248E+34
 2.00304420063E+10 1.75901389051E+28 1.00409741566E+00 1.19218190422E+34
 2.01215521027E+10 1.76916656016E+28 1.00410306002E+00 1.19759933208E+34
 2.02130767299E+10 1.77937781090E+28 1.00410871127E+00 1.20304137743E+34
 2.03050177744E+10 1.78964798077E+28 1.00411436942E+00 1.20850815213E+34
 2.03973771317E+10 1.79997740973E+28 1.00412003447E+00 1.21399976856E+34
 2.04901567056E+10 1.81036643969E+28 1.00412570644E+00 1.21951633960E+34
 2.05833584085E+10 1.82081541457E+28 1.00413138533E+00 1.22505797866E+34
 2.06769841618E+10 1.83132468024E+28 1.00413707114E+00 1.23062479963E+34
 2.07710358954E+10 1.84189458458E+28 1.00414276390E+00 1.23621691695E+34
 2.08655155482E+10 1.85252547747E+28 1.00414846361E+00 1.24183444557E+34
 2.09604250676E+10 1.86321771084E+28 1.00415417026E+00 1.24747750096E+34
 2.10557664104E+10 1.87397163860E+28 1.00415988389E+00 1.25314619912E+34
 2.11515415417E+10 1.88478761674E+28 1.00416560448E+00 1.25884065658E+34
 2.12477524359E+10 1.89566600328E+28 1.00417133206E+00 1.26456099038E+34
 2.13444010765E+10 1.90660715834E+28 1.00417706663E+00 1.27030731812E+34
 2.14414894556E+10 1.91761144408E+28 1.00418280819E+00 1.27607975791E+34
 2.15390195749E+10 1.92867922476E+28 1.00418855676E+00 1.28187842840E+34
 2.16369934447E+10 1.93981086676E+28 1.00419431235E+00 1.28770344880E+34
 2.17354130848E+10 1.95100673856E+28 1.00420007496E+00 1.29355493885E+34
 2.18342805241E+10 1.96226721076E+28 1.00420584460E+00 1.29943301881E+34
 2.19335978008E+10 1.97359265611E+28 1.00421162129E+00 1.30533780953E+34
 2.20333669622E+10 1.98498344950E+28 1.00421740502E+00 1.31126943237E+34
 2.21335900651E+10 1.99643996800E+28 1.00422319581E+00 1.31722800927E+34
 2.22342691755E+10 2.00796259084E+28 1.00422899367E+00 1.32321366271E+34
 2.23354063690E+10 2.01955169944E+28 1.00423479861E+00 1.32922651573E+34
 2.24370037306E+10 2.03120767743E+28 1.00424061062E+00 1.33526669193E+34
 2.25390633547E+10 2.04293091064E+28 1.00424642973E+00 1.34133431547E+34
 2.26415873453E+10 2.05472178715E+28 1.00425225595E+00 1.34742951106E+34
 2.27445778159E+10 2.06658069724E+28 1.00425808927E+00 1.35355240401E+34
 2.28480368898E+10 2.07850803349E+28 1.00426392971E+00 1.35970312017E+34
 2.29519666999E+10 2.09050419070E+28 1.00426977728E+00 1.36588178598E+34
 2.30563693886E+10 2.10256956597E+28 1.00427563198E+00 1.37208852844E+34
 2.31612471083E+10 2.11470455871E+28 1.00428149383E+00 1.37832347513E+34
 2.32666020212E+10 2.12690957059E+28 1.00428736283E+00 1.38458675422E+34
 2.33724362992E+10 2.13918500563E+28 1.00429323899E+00 1.39087849446E+34
 2.34787521243E+10 2.15153127018E+28 1.00429912233E+00 1.39719882518E+34
 2.35855516881E+10 2.16394877292E+28 1.00430501284E+00 1.40354787629E+34
 2.36928371926E+10 2.17643792490E+28 1.00431091055E+00 1.40992577830E+34
 2.38006108494E+10 2.18899913953E+28 1.00431681545E+00 1.41633266233E+34
 2.39088748805E+10 2.20163283263E+28 1.00432272756E+00 1.42276866005E+34
 2.40176315179E+10 2.21433942238E+28 1.00432864688E+00 1.42923390378E+34
 2.41268830037E+10 2.22711932941E+28 1.00433457342E+00 1.43572852641E+34
 2.42366315904E+10 2.23997297676E+28 1.00434050720E+00 1.44225266144E+34
 2.43468795405E+10 2.25290078991E+28 1.00434644822E+00 1.44880644297E+34
 2.44576291270E+10 2.26590319679E+28 1.00435239649E+00 1.45539000574E+34
 2.45688826331E+10 2.27898062783E+28 1.00435835202E+00 1.46200348505E+34
 2.46806423526E+10 2.29213351590E+28 1.00436431481E+00 1.46864701687E+34
 2.47929105895E+10 2.30536229640E+28 1.00437028488E+00 1.47532073775E+34
 2.49056896585E+10 2.31866740722E+28 1.00437626224E+00 1.48202478488E+34
 2.50189818848E+10 2.33204928880E+28 1.00438224689E+00 1.48875929606E+34
 2.51327896040E+10 2.34550838411E+28 1.00438823885E+00 1.49552440972E+34
 2.52471151626E+10 2.35904513866E+28 1.00439423812E+00 1.50232026493E+34
 2.53619609177E+10 2.37266000055E+28 1.00440024471E+00 1.50914700138E+34
 2.54773292369E+10 2.38635342047E+28 1.00440625863E+00 1.51600475940E+34
 2.55932224990E+10 2.40012585169E+28 1.00441227988E+00 1.52289367995E+34
 2.57096430933E+10 2.41397775012E+28 1.00441830849E+00 1.52981390464E+34
 2.58265934202E+10 2.42790957428E+28 1.00442434445E+00 1.53676557573E+34
 2.59440758907E+10 2.44192178534E+28 1.00443038778E+00 1.54374883610E+34
 2.60620929273E+10 2.45601484713E+28 1.00443643849E+00 1.55076382930E+34
 2.61806469630E+10 2.47018922617E+28 1.00444249658E+00 1.55781069954E+34
 2.62997404422E+10 2.48444539167E+28 1.00444856206E+00 1.56488959165E+34
 2.64193758204E+10 2.49878381552E+28 1.00445463494E+00 1.57200065117E+34
 2.65395555641E+10 2.51320497236E+28 1.00446071523E+00 1.57914402425E+34
 2.66602821514E+10 2.52770933956E+28 1.00446680295E+00 1.58631985774E+34
 2.67815580712E+10 2.54229739726E+28 1.00447289809E+00 1.59352829914E+34
 2.69033858240E+10 2.55696962833E+28 1.00447900067E+00 1.60076949663E+34
 2.70257679218E+10 2.57172651847E+28 1.00448511070E+00 1.60804359904E+34
 2.71487068879E+10 2.58656855616E+28 1.00449122819E+00 1.61535075592E+34
 2.72722052570E+10 2.60149623271E+28 1.00449735314E+00 1.62269111745E+34
 2.73962655755E+10 2.61651004224E+28 1.00450348556E+00 1.63006483453E+34
 2.75208904013E+10 2.63161048176E+28 1.00450962547E+00 1.63747205873E+34
 2.76460823041E+10 2.64679805111E+28 1.00451577287E+00 1.64491294231E+34
 2.77718438650E+10 2.66207325304E+28 1.00452192778E+00 1.65238763822E+34
 2.78981776772E+10 2.67743659319E+28 1.00452809019E+00 1.65989630011E+34
 2.80250863455E+10 2.69288858012E+28 1.00453426013E+00 1.66743908232E+34
 2.81525724866E+10 2.70842972531E+28 1.00454043759E+00 1.67501613991E+34
 2.82806387291E+10 2.72406054323E+28 1.00454662259E+00 1.68262762862E+34
 2.84092877137E+10 2.73978155128E+28 1.00455281515E+00 1.69027370491E+34
 2.85385220930E+10 2.75559326986E+28 1.00455901525E+00 1.69795452596E+34
 2.86683445316E+10 2.77149622236E+28 1.00456522293E+00 1.70567024965E+34
 2.87987577065E+10 2.78749093522E+28 1.00457143818E+00 1.71342103457E+34
 2.89297643066E+10 2.80357793790E+28 1.00457766101E+00 1.72120704006E+34
 2.90613670333E+10 2.81975776290E+28 1.00458389144E+00 1.72902842616E+34
 2.91935686001E+10 2.83603094581E+28 1.00459012947E+00 1.73688535365E+34
 2.93263717330E+10 2.85239802531E+28 1.00459637512E+00 1.74477798402E+34
 2.94597791702E+10 2.86885954318E+28 1.00460262838E+00 1.75270647952E+34
 2.95937936628E+10 2.88541604434E+28 1.00460888928E+00 1.76067100312E+34
 2.97284179739E+10 2.90206807684E+28 1.00461515782E+00 1.76867171855E+34
 2.98636548795E+10 2.91881619190E+28 1.00462143401E+00 1.77670879025E+34
 2.99995071683E+10 2.93566094392E+28 1.00462771785E+00 1.78478238344E+34
 3.01359776415E+10 2.95260289050E+28 1.00463400937E+00 1.79289266407E+34
 3.02730691131E+10 2.96964259244E+28 1.00464030856E+00 1.80103979886E+34
 3.04107844100E+10 2.98678061380E+28 1.00464661544E+00 1.80922395529E+34
 3.05491263719E+10 3.00401752189E+28 1.00465293002E+00 1.81744530156E+34
 3.06880978515E+10 3.02135388728E+28 1.00465925230E+00 1.82570400670E+34
 3.08277017144E+10 3.03879028384E+28 1.00466558230E+00 1.83400024045E+34
 3.09679408393E+10 3.05632728876E+28 1.00467192002E+00 1.84233417336E+34
 3.11088181181E+10 3.07396548254E+28 1.00467826548E+00 1.85070597672E+34
 3.12503364557E+10 3.09170544906E+28 1.00468461868E+00 1.85911582264E+34
 3.13924987703E+10 3.10954777553E+28 1.00469097963E+00 1.86756388398E+34
 3.15353079935E+10 3.12749305259E+28 1.00469734835E+00 1.87605033440E+34
 3.16787670701E+10 3.14554187425E+28 1.00470372484E+00 1.88457534834E+34
 3.18228789584E+10 3.16369483797E+28 1.00471010911E+00 1.89313910104E+34
 3.19676466301E+10 3.18195254465E+28 1.00471650117E+00 1.90174176853E+34
 3.21130730705E+10 3.20031559867E+28 1.00472290103E+00 1.91038352765E+34
 3.22591612784E+10 3.21878460787E+28 1.00472930870E+00 1.91906455603E+34
 3.24059142664E+10 3.23736018362E+28 1.00473572419E+00 1.92778503212E+34
 3.25533350607E+10 3.25604294082E+28 1.00474214751E+00 1.93654513518E+34
 3.27014267015E+10 3.27483349789E+28 1.00474857867E+00 1.94534504527E+34
 3.28501922424E+10 3.29373247686E+28 1.00475501768E+00 1.95418494329E+34
 3.29996347515E+10 3.31274050330E+28 1.00476146455E+00 1.96306501094E+34
 3.31497573103E+10 3.33185820644E+28 1.00476791928E+00 1.97198543075E+34
 3.33005630146E+10 3.35108621911E+28 1.00477438189E+00 1.98094638611E+34
 3.34520549745E+10 3.37042517780E+28 1.00478085238E+00 1.98994806119E+34
 3.36042363139E+10 3.38987572266E+28 1.00478733078E+00 1.99899064104E+34
 3.37571101712E+10 3.40943849755E+28 1.00479381707E+00 2.00807431154E+34
 3.39106796988E+10 3.42911415004E+28 1.00480031129E+00 2.01719925941E+34
 3.40649480639E+10 3.44890333144E+28 1.00480681343E+00 2.02636567221E+34
 3.42199184476E+10 3.46880669681E+28 1.00481332350E+00 2.03557373837E+34
 3.43755940459E+10 3.48882490500E+28 1.00481984152E+00 2.04482364717E+34
 3.45319780691E+10 3.50895861864E+28 1.00482636749E+00 2.05411558875E+34
 3.46890737424E+10 3.52920850421E+28 1.00483290143E+00 2.06344975410E+34
 3.48468843054E+10 3.54957523203E+28 1.00483944334E+00 2.07282633509E+34
 3.50054130126E+10 3.57005947627E+28 1.00484599323E+00 2.08224552448E+34
 3.51646631333E+10 3.59066191501E+28 1.00485255112E+00 2.09170751587E+34
 3.53246379517E+10 3.61138323023E+28 1.00485911701E+00 2.10121250377E+34
 3.54853407669E+10 3.63222410785E+28 1.00486569091E+00 2.11076068356E+34
 3.56467748932E+10 3.65318523775E+28 1.00487227284E+00 2.12035225151E+34
 3.58089436597E+10 3.67426731379E+28 1.00487886279E+00 2.12998740477E+34
 3.59718504109E+10 3.69547103382E+28 1.00488546079E+00 2.13966634141E+34
 3.61354985065E+10 3.71679709975E+28 1.00489206684E+00 2.14938926038E+34
 3.62998913215E+10 3.73824621750E+28 1.00489868095E+00 2.15915636154E+34
 3.64650322461E+10 3.75981909708E+28 1.00490530314E+00 2.16896784567E+34
 3.66309246862E+10 3.78151645261E+28 1.00491193340E+00 2.17882391444E+34
 3.67975720630E+10 3.80333900231E+28 1.00491857176E+00 2.18872477046E+34
 3.69649778135E+10 3.82528746856E+28 1.00492521822E+00 2.19867061724E+34
 3.71331453902E+10 3.84736257790E+28 1.00493187279E+00 2.20866165922E+34
 3.73020782613E+10 3.86956506106E+28 1.00493853548E+00 2.21869810179E+34
 3.74717799109E+10 3.89189565298E+28 1.00494520630E+00 2.22878015124E+34
 3.76422538389E+10 3.91435509287E+28 1.00495188526E+00 2.23890801482E+34
 3.78135035612E+10 3.93694412417E+28 1.00495857237E+00 2.24908190071E+34
 3.79855326096E+10 3.95966349464E+28 1.00496526764E+00 2.25930201805E+34
 3.81583445321E+10 3.98251395632E+28 1.00497197108E+00 2.26956857692E+34
 3.83319428929E+10 4.00549626562E+28 1.00497868271E+00 2.27988178835E+34
 3.85063312723E+10 4.02861118330E+28 1.00498540252E+00 2.29024186434E+34
 3.86815132670E+10 4.05185947452E+28 1.00499213053E+00 2.30064901785E+34
 3.88574924900E+10 4.07524190885E+28 1.00499886676E+00 2.31110346280E+34
 3.90342725708E+10 4.09875926028E+28 1.00500561120E+00 2.32160541409E+34
 3.92118571556E+10 4.12241230730E+28 1.00501236388E+00 2.33215508760E+34
 3.93902499068E+10 4.14620183288E+28 1.00501912480E+00 2.34275270018E+34
 3.95694545040E+10 4.17012862448E+28 1.00502589396E+00 2.35339846968E+34
 3.97494746431E+10 4.19419347416E+28 1.00503267139E+00 2.36409261492E+34
 3.99303140371E+10 4.21839717849E+28 1.00503945709E+00 2.37483535573E+34
 4.01119764158E+10 4.24274053868E+28 1.00504625107E+00 2.38562691294E+34
 4.02944655261E+10 4.26722436055E+28 1.00505305334E+00 2.39646750838E+34
 4.04777851318E+10 4.29184945455E+28 1.00505986391E+00 2.40735736487E+34
 4.06619390140E+10 4.31661663584E+28 1.00506668279E+00 2.41829670627E+34
 4.08469309710E+10 4.34152672426E+28 1.00507351000E+00 2.42928575744E+34
 4.10327648183E+10 4.36658054438E+28 1.00508034553E+00 2.44032474428E+34
 4.12194443889E+10 4.39177892554E+28 1.00508718941E+00 2.45141389369E+34
 4.14069735332E+10 4.41712270187E+28 1.00509404164E+00 2.46255343362E+34
 4.15953561190E+10 4.44261271229E+28 1.00510090223E+00 2.47374359305E+34
 4.17845960321E+10 4.46824980057E+28 1.00510777120E+00 2.48498460201E+34
 4.19746971756E+10 4.49403481537E+28 1.00511464854E+00 2.49627669155E+34
 4.21656634706E+10 4.51996861021E+28 1.00512153428E+00 2.50762009381E+34
 4.23574988560E+10 4.54605204357E+28 1.00512842842E+00 2.51901504194E+34
 4.25502072887E+10 4.57228597886E+28 1.00513533098E+00 2.53046177018E+34
 4.27437927434E+10 4.59867128448E+28 1.00514224196E+00 2.54196051383E+34
 4.29382592133E+10 4.62520883383E+28 1.00514916137E+00 2.55351150924E+34
 4.31336107093E+10 4.65189950537E+28 1.00515608923E+00 2.56511499387E+34
 4.33298512611E+10 4.67874418263E+28 1.00516302554E+00 2.57677120622E+34
 4.35269849164E+10 4.70574375420E+28 1.00516997032E+00 2.58848038590E+34
 4.37250157414E+10 4.73289911384E+28 1.00517692357E+00 2.60024277359E+34
 4.39239478208E+10 4.76021116044E+28 1.00518388530E+00 2.61205861109E+34
 4.41237852581E+10 4.78768079810E+28 1.00519085553E+00 2.62392814127E+34
 4.43245321752E+10 4.81530893611E+28 1.00519783427E+00 2.63585160813E+34
 4.45261927131E+10 4.84309648903E+28 1.00520482153E+00 2.64782925675E+34
 4.47287710314E+10 4.87104437668E+28 1.00521181731E+00 2.65986133334E+34
 4.49322713087E+10 4.89915352420E+28 1.00521882163E+00 2.67194808524E+34
 4.51366977427E+10 4.92742486207E+28 1.00522583449E+00 2.68408976090E+34
 4.53420545503E+10 4.95585932611E+28 1.00523285592E+00 2.69628660988E+34
 4.55483459674E+10 4.98445785758E+28 1.00523988591E+00 2.70853888292E+34
 4.57555762493E+10 5.01322140315E+28 1.00524692448E+00 2.72084683187E+34
 4.59637496708E+10 5.04215091494E+28 1.00525397164E+00 2.73321070971E+34
 4.61728705259E+10 5.07124735060E+28 1.00526102740E+00 2.74563077061E+34
 4.63829431285E+10 5.10051167327E+28 1.00526809178E+00 2.75810726986E+34
 4.65939718118E+10 5.12994485166E+28 1.00527516477E+00 2.77064046393E+34
 4.68059609291E+10 5.15954786008E+28 1.00528224639E+00 2.78323061044E+34
 4.70189148532E+10 5.18932167844E+28 1.00528933666E+00 2.79587796820E+34
 4.72328379771E+10 5.21926729233E+28 1.00529643558E+00 2.80858279717E+34
 4.74477347135E+10 5.24938569301E+28 1.00530354316E+00 2.82134535853E+34
 4.76636094955E+10 5.27967787746E+28 1.00531065942E+00 2.83416591460E+34
 4.78804667763E+10 5.31014484842E+28 1.00531778436E+00 2.84704472893E+34
 4.80983110293E+10 5.34078761441E+28 1.00532491799E+00 2.85998206624E+34
 4.83171467483E+10 5.37160718977E+28 1.00533206033E+00 2.87297819248E+34
 4.85369784477E+10 5.40260459469E+28 1.00533921139E+00 2.88603337479E+34
 4.87578106624E+10 5.43378085526E+28 1.00534637117E+00 2.89914788153E+34
 4.89796479479E+10 5.46513700347E+28 1.00535353969E+00 2.91232198227E+34
 4.92024948805E+10 5.49667407727E+28 1.00536071696E+00 2.92555594782E+34
 4.94263560573E+10 5.52839312063E+28 1.00536790299E+00 2.93885005021E+34
 4.96512360964E+10 5.56029518349E+28 1.00537509779E+00 2.95220456271E+34
 4.98771396370E+10 5.59238132190E+28 1.00538230137E+00 2.96561975983E+34
 5.01040713392E+10 5.62465259796E+28 1.00538951373E+00 2.97909591733E+34
 5.03320358846E+10 5.65711007992E+28 1.00539673490E+00 2.99263331223E+34
 5.05610379761E+10 5.68975484221E+28 1.00540396489E+00 3.00623222279E+34
 5.07910823377E+10 5.72258796542E+28 1.00541120369E+00 3.01989292854E+34
 5.10221737153E+10 5.75561053640E+28 1.00541845133E+00 3.03361571030E+34
 5.12543168763E+10 5.78882364828E+28 1.00542570781E+00 3.04740085015E+34
 5.14875166098E+10 5.82222840048E+28 1.00543297315E+00 3.06124863144E+34
 5.17217777267E+10 5.85582589876E+28 1.00544024736E+00 3.07515933883E+34
 5.19571050598E+10 5.88961725527E+28 1.00544753044E+00 3.08913325827E+34
 5.21935034639E+10 5.92360358859E+28 1.00545482241E+00 3.10317067699E+34
 5.24309778161E+10 5.95778602372E+28 1.00546212328E+00 3.11727188355E+34
 5.26695330156E+10 5.99216569219E+28 1.00546943306E+00 3.13143716780E+34
 5.29091739838E+10 6.02674373203E+28 1.00547675176E+00 3.14566682092E+34
 5.31499056647E+10 6.06152128785E+28 1.00548407939E+00 3.15996113542E+34
 5.33917330247E+10 6.09649951085E+28 1.00549141596E+00 3.17432040512E+34
 5.36346610530E+10 6.13167955890E+28 1.00549876148E+00 3.18874492519E+34
 5.38786947613E+10 6.16706259653E+28 1.00550611597E+00 3.20323499214E+34
 5.41238391842E+10 6.20264979499E+28 1.00551347944E+00 3.21779090381E+34
 5.43700993794E+10 6.23844233229E+28 1.00552085189E+00 3.23241295941E+34
 5.46174804275E+10 6.27444139325E+28 1.00552823334E+00 3.24710145952E+34
 5.48659874323E+10 6.31064816950E+28 1.00553562379E+00 3.26185670606E+34
 5.51156255207E+10 6.34706385958E+28 1.00554302327E+00 3.27667900233E+34
 5.53663998432E+10 6.38368966891E+28 1.00555043177E+00 3.29156865303E+34
 5.56183155736E+10 6.42052680989E+28 1.00555784932E+00 3.30652596421E+34
 5.58713779093E+10 6.45757650191E+28 1.00556527591E+00 3.32155124334E+34
 5.61255920714E+10 6.49483997139E+28 1.00557271158E+00 3.33664479927E+34
 5.63809633049E+10 6.53231845183E+28 1.00558015631E+00 3.35180694226E+34
 5.66374968785E+10 6.57001318384E+28 1.00558761013E+00 3.36703798397E+34
 5.68951980849E+10 6.60792541522E+28 1.00559507305E+00 3.38233823750E+34
 5.71540722412E+10 6.64605640092E+28 1.00560254507E+00 3.39770801735E+34
 5.74141246883E+10 6.68440740317E+28 1.00561002621E+00 3.41314763945E+34
 5.76753607919E+10 6.72297969147E+28 1.00561751648E+00 3.42865742118E+34
 5.79377859417E+10 6.76177454263E+28 1.00562501589E+00 3.44423768135E+34
 5.82014055523E+10 6.80079324086E+28 1.00563252446E+00 3.45988874023E+34
 5.84662250627E+10 6.84003707776E+28 1.00564004218E+00 3.47561091953E+34
 5.87322499370E+10 6.87950735238E+28 1.00564756909E+00 3.49140454244E+34
 5.89994856638E+10 6.91920537127E+28 1.00565510517E+00 3.50726993360E+34
 5.92679377571E+10 6.95913244852E+28 1.00566265045E+00 3.52320741914E+34
 5.95376117558E+10 6.99928990579E+28 1.00567020495E+00 3.53921732666E+34
 5.98085132240E+10 7.03967907240E+28 1.00567776866E+00 3.55529998526E+34
 6.00806477512E+10 7.08030128530E+28 1.00568534160E+00 3.57145572552E+34
 6.03540209526E+10 7.12115788918E+28 1.00569292378E+00 3.58768487955E+34
 6.06286384686E+10 7.16225023648E+28 1.00570051521E+00 3.60398778094E+34
 6.09045059655E+10 7.20357968744E+28 1.00570811591E+00 3.62036476481E+34
 6.11816291354E+10 7.24514761016E+28 1.00571572589E+00 3.63681616781E+34
 6.14600136964E+10 7.28695538061E+28 1.00572334515E+00 3.65334232809E+34
 6.17396653925E+10 7.32900438274E+28 1.00573097371E+00 3.66994358537E+34
 6.20205899940E+10 7.37129600844E+28 1.00573861158E+00 3.68662028089E+34
 6.23027932975E+10 7.41383165767E+28 1.00574625877E+00 3.70337275747E+34
 6.25862811258E+10 7.45661273844E+28 1.00575391529E+00 3.72020135945E+34
 6.28710593286E+10 7.49964066690E+28 1.00576158115E+00 3.73710643277E+34
 6.31571337819E+10 7.54291686736E+28 1.00576925638E+00 3.75408832491E+34
 6.34445103886E+10 7.58644277236E+28 1.00577694096E+00 3.77114738495E+34
 6.37331950787E+10 7.63021982270E+28 1.00578463493E+00 3.78828396356E+34
 6.40231938088E+10 7.67424946749E+28 1.00579233828E+00 3.80549841298E+34
 6.43145125630E+10 7.71853316421E+28 1.00580005104E+00 3.82279108707E+34
 6.46071573525E+10 7.76307237874E+28 1.00580777320E+00 3.84016234130E+34
 6.49011342160E+10 7.80786858543E+28 1.00581550479E+00 3.85761253274E+34
 6.51964492196E+10 7.85292326712E+28 1.00582324582E+00 3.87514202009E+34
 6.54931084570E+10 7.89823791522E+28 1.00583099629E+00 3.89275116369E+34
 6.57911180499E+10 7.94381402974E+28 1.00583875622E+00 3.91044032550E+34
 6.60904841477E+10 7.98965311936E+28 1.00584652563E+00 3.92820986914E+34
 6.63912129278E+10 8.03575670143E+28 1.00585430451E+00 3.94606015987E+34
 6.66933105959E+10 8.08212630209E+28 1.00586209288E+00 3.96399156461E+34
 6.69967833858E+10 8.12876345626E+28 1.00586989076E+00 3.98200445196E+34
 6.73016375599E+10 8.17566970775E+28 1.00587769816E+00 4.00009919219E+34
 6.76078794090E+10 8.22284660924E+28 1.00588551508E+00 4.01827615725E+34
 6.79155152526E+10 8.27029572239E+28 1.00589334155E+00 4.03653572077E+34
 6.82245514390E+10 8.31801861787E+28 1.00590117756E+00 4.05487825810E+34
 6.85349943453E+10 8.36601687541E+28 1.00590902314E+00 4.07330414627E+34
 6.88468503779E+10 8.41429208385E+28 1.00591687829E+00 4.09181376405E+34
 6.91601259723E+10 8.46284584120E+28 1.00592474302E+00 4.11040749191E+34
 6.94748275932E+10 8.51167975470E+28 1.00593261736E+00 4.12908571206E+34
 6.97909617349E+10 8.56079544085E+28 1.00594050130E+00 4.14784880845E+34
 7.01085349213E+10 8.61019452549E+28 1.00594839487E+00 4.16669716676E+34
 7.04275537059E+10 8.65987864383E+28 1.00595629807E+00 4.18563117443E+34
 7.07480246721E+10 8.70984944053E+28 1.00596421091E+00 4.20465122067E+34
 7.10699544334E+10 8.76010856971E+28 1.00597213341E+00 4.22375769644E+34
 7.13933496333E+10 8.81065769508E+28 1.00598006557E+00 4.24295099450E+34
 7.17182169458E+10 8.86149848990E+28 1.00598800742E+00 4.26223150937E+34
 7.20445630751E+10 8.91263263712E+28 1.00599595896E+00 4.28159963738E+34
 7.23723947559E+10 8.96406182939E+28 1.00600392020E+00 4.30105577665E+34
 7.27017187538E+10 9.01578776912E+28 1.00601189116E+00 4.32060032712E+34
 7.30325418650E+10 9.06781216856E+28 1.00601987185E+00 4.34023369054E+34
 7.33648709170E+10 9.12013674981E+28 1.00602786227E+00 4.35995627049E+34
 7.36987127681E+10 9.17276324495E+28 1.00603586245E+00 4.37976847238E+34
 7.40340743080E+10 9.22569339600E+28 1.00604387239E+00 4.39967070346E+34
 7.43709624576E+10 9.27892895508E+28 1.00605189210E+00 4.41966337284E+34
 7.47093841698E+10 9.33247168440E+28 1.00605992160E+00 4.43974689148E+34
 7.50493464286E+10 9.38632335634E+28 1.00606796090E+00 4.45992167221E+34
 7.53908562502E+10 9.44048575349E+28 1.00607601001E+00 4.48018812974E+34
 7.57339206827E+10 9.49496066875E+28 1.00608406894E+00 4.50054668066E+34
 7.60785468063E+10 9.54974990536E+28 1.00609213771E+00 4.52099774344E+34
 7.64247417334E+10 9.60485527695E+28 1.00610021632E+00 4.54154173849E+34
 7.67725126090E+10 9.66027860764E+28 1.00610830480E+00 4.56217908810E+34
 7.71218666105E+10 9.71602173205E+28 1.00611640314E+00 4.58291021647E+34
 7.74728109479E+10 9.77208649539E+28 1.00612451137E+00 4.60373554976E+34
 7.78253528644E+10 9.82847475354E+28 1.00613262949E+00 4.62465551604E+34
 7.81794996358E+10 9.88518837306E+28 1.00614075752E+00 4.64567054533E+34
 7.85352585715E+10 9.94222923129E+28 1.00614889546E+00 4.66678106962E+34
 7.88926370138E+10 9.99959921641E+28 1.00615704334E+00 4.68798752285E+34
 7.92516423387E+10 1.00573002275E+29 1.00616520116E+00 4.70929034092E+34
 7.96122819557E+10 1.01153341745E+29 1.00617336894E+00 4.73068996175E+34
 7.99745633082E+10 1.01737029786E+29 1.00618154668E+00 4.75218682520E+34
 8.03384938733E+10 1.02324085719E+29 1.00618973441E+00 4.77378137316E+34
 8.07040811625E+10 1.02914528976E+29 1.00619793212E+00 4.79547404952E+34
 8.10713327212E+10 1.03508379102E+29 1.00620613984E+00 4.81726530020E+34
 8.14402561294E+10 1.04105655756E+29 1.00621435758E+00 4.83915557312E+34
 8.18108590015E+10 1.04706378707E+29 1.00622258534E+00 4.86114531825E+34
 8.21831489867E+10 1.05310567842E+29 1.00623082315E+00 4.88323498762E+34
 8.25571337691E+10 1.05918243160E+29 1.00623907101E+00 4.90542503528E+34
 8.29328210677E+10 1.06529424777E+29 1.00624732893E+00 4.92771591737E+34
 8.33102186368E+10 1.07144132924E+29 1.00625559693E+00 4.95010809209E+34
 8.36893342658E+10 1.07762387950E+29 1.00626387502E+00 4.97260201974E+34
 8.40701757800E+10 1.08384210319E+29 1.00627216321E+00 4.99519816269E+34
 8.44527510399E+10 1.09009620615E+29 1.00628046152E+00 5.01789698541E+34
 8.48370679422E+10 1.09638639542E+29 1.00628876996E+00 5.04069895451E+34
 8.52231344195E+10 1.10271287920E+29 1.00629708853E+00 5.06360453868E+34
 8.56109584403E+10 1.10907586692E+29 1.00630541725E+00 5.08661420877E+34
 8.60005480098E+10 1.11547556920E+29 1.00631375614E+00 5.10972843777E+34
 8.63919111693E+10 1.12191219790E+29 1.00632210521E+00 5.13294770079E+34
 8.67850559972E+10 1.12838596607E+29 1.00633046446E+00 5.15627247513E+34
 8.71799906083E+10 1.13489708801E+29 1.00633883392E+00 5.17970324024E+34
 8.75767231545E+10 1.14144577925E+29 1.00634721359E+00 5.20324047776E+34
 8.79752618250E+10 1.14803225658E+29 1.00635560348E+00 5.22688467151E+34
 8.83756148463E+10 1.15465673801E+29 1.00636400361E+00 5.25063630752E+34
 8.87777904821E+10 1.16131944283E+29 1.00637241400E+00 5.27449587402E+34
 8.91817970341E+10 1.16802059158E+29 1.00638083465E+00 5.29846386146E+34
 8.95876428417E+10 1.17476040610E+29 1.00638926557E+00 5.32254076252E+34
 8.99953362823E+10 1.18153910949E+29 1.00639770678E+00 5.34672707210E+34
 9.04048857715E+10 1.18835692613E+29 1.00640615830E+00 5.37102328739E+34
 9.08162997633E+10 1.19521408170E+29 1.00641462013E+00 5.39542990781E+34
 9.12295867502E+10 1.20211080320E+29 1.00642309228E+00 5.41994743504E+34
 9.16447552633E+10 1.20904731892E+29 1.00643157477E+00 5.44457637308E+34
 9.20618138727E+10 1.21602385848E+29 1.00644006762E+00 5.46931722817E+34
 9.24807711876E+10 1.22304065280E+29 1.00644857083E+00 5.49417050889E+34
 9.29016358563E+10 1.23009793417E+29 1.00645708441E+00 5.51913672611E+34
 9.33244165667E+10 1.23719593619E+29 1.00646560839E+00 5.54421639304E+34
 9.37491220461E+10 1.24433489383E+29 1.00647414276E+00 5.56941002519E+34
 9.41757610616E+10 1.25151504339E+29 1.00648268756E+00 5.59471814045E+34
 9.46043424204E+10 1.25873662256E+29 1.00649124278E+00 5.62014125904E+34
 9.50348749698E+10 1.26599987039E+29 1.00649980844E+00 5.64567990355E+34
 9.54673675974E+10 1.27330502730E+29 1.00650838455E+00 5.67133459894E+34
 9.59018292312E+10 1.28065233511E+29 1.00651697113E+00 5.69710587257E+34
 9.63382688401E+10 1.28804203703E+29 1.00652556819E+00 5.72299425418E+34
 9.67766954336E+10 1.29547437768E+29 1.00653417574E+00 5.74900027593E+34
 9.72171180626E+10 1.30294960309E+29 1.00654279379E+00 5.77512447238E+34
 9.76595458191E+10 1.31046796069E+29 1.00655142236E+00 5.80136738053E+34
 9.81039878364E+10 1.31802969937E+29 1.00656006146E+00 5.82772953984E+34
 9.85504532896E+10 1.32563506943E+29 1.00656871110E+00 5.85421149219E+34
 9.89989513956E+10 1.33328432262E+29 1.00657737130E+00 5.88081378193E+34
 9.94494914133E+10 1.34097771216E+29 1.00658604207E+00 5.90753695590E+34
 9.99020826438E+10 1.34871549271E+29 1.00659472342E+00 5.93438156341E+34
 1.00356734431E+11 1.35649792041E+29 1.00660341536E+00 5.96134815627E+34
 1.00813456160E+11 1.36432525287E+29 1.00661211791E+00 5.98843728879E+34
 1.01272257260E+11 1.37219774920E+29 1.00662083108E+00 6.01564951782E+34
 1.01733147203E+11 1.38011566998E+29 1.00662955488E+00 6.04298540271E+34
 1.02196135504E+11 1.38807927733E+29 1.00663828933E+00 6.07044550537E+34
 1.02661231722E+11 1.39608883485E+29 1.00664703444E+00 6.09803039028E+34
 1.03128445458E+11 1.40414460767E+29 1.00665579022E+00 6.12574062444E+34
 1.03597786358E+11 1.41224686247E+29 1.00666455668E+00 6.15357677748E+34
 1.04069264112E+11 1.42039586743E+29 1.00667333385E+00 6.18153942157E+34
 1.04542888453E+11 1.42859189232E+29 1.00668212172E+00 6.20962913152E+34
 1.05018669160E+11 1.43683520844E+29 1.00669092032E+00 6.23784648471E+34
 1.05496616055E+11 1.44512608865E+29 1.00669972966E+00 6.26619206119E+34
 1.05976739007E+11 1.45346480740E+29 1.00670854974E+00 6.29466644361E+34
 1.06459047928E+11 1.46185164073E+29 1.00671738059E+00 6.32327021729E+34
 1.06943552774E+11 1.47028686626E+29 1.00672622222E+00 6.35200397019E+34
 1.07430263550E+11 1.47877076320E+29 1.00673507463E+00 6.38086829296E+34
 1.07919190305E+11 1.48730361240E+29 1.00674393785E+00 6.40986377893E+34
 1.08410343132E+11 1.49588569631E+29 1.00675281189E+00 6.43899102411E+34
 1.08903732172E+11 1.50451729901E+29 1.00676169675E+00 6.46825062724E+34
 1.09399367612E+11 1.51319870624E+29 1.00677059246E+00 6.49764318976E+34
 1.09897259686E+11 1.52193020535E+29 1.00677949903E+00 6.52716931587E+34
 1.10397418672E+11 1.53071208539E+29 1.00678841646E+00 6.55682961250E+34
 1.10899854898E+11 1.53954463705E+29 1.00679734477E+00 6.58662468932E+34
 1.11404578738E+11 1.54842815272E+29 1.00680628398E+00 6.61655515881E+34
 1.11911600612E+11 1.55736292644E+29 1.00681523410E+00 6.64662163619E+34
 1.12420930989E+11 1.56634925398E+29 1.00682419515E+00 6.67682473952E+34
 1.12932580385E+11 1.57538743282E+29 1.00683316712E+00 6.70716508963E+34
 1.13446559365E+11 1.58447776213E+29 1.00684215005E+00 6.73764331019E+34
 1.13962878541E+11 1.59362054281E+29 1.00685114394E+00 6.76826002771E+34
 1.14481548573E+11 1.60281607753E+29 1.00686014880E+00 6.79901587153E+34
 1.15002580172E+11 1.61206467066E+29 1.00686916465E+00 6.82991147385E+34
 1.15525984094E+11 1.62136662836E+29 1.00687819151E+00 6.86094746977E+34
 1.16051771148E+11 1.63072225854E+29 1.00688722938E+00 6.89212449724E+34
 1.16579952190E+11 1.64013187089E+29 1.00689627828E+00 6.92344319713E+34
 1.17110538125E+11 1.64959577690E+29 1.00690533823E+00 6.95490421323E+34
 1.17643539910E+11 1.65911428982E+29 1.00691440923E+00 6.98650819222E+34
 1.18178968550E+11 1.66868772476E+29 1.00692349130E+00 7.01825578376E+34
 1.18716835101E+11 1.67831639861E+29 1.00693258445E+00 7.05014764044E+34
 1.19257150669E+11 1.68800063010E+29 1.00694168870E+00 7.08218441781E+34
 1.19799926411E+11 1.69774073980E+29 1.00695080406E+00 7.11436677442E+34
 1.20345173535E+11 1.70753705012E+29 1.00695993054E+00 7.14669537180E+34
 1.20892903299E+11 1.71738988535E+29 1.00696906816E+00 7.17917087447E+34
 1.21443127013E+11 1.72729957164E+29 1.00697821694E+00 7.21179395001E+34
 1.21995856039E+11 1.73726643701E+29 1.00698737687E+00 7.24456526900E+34
 1.22551101791E+11 1.74729081139E+29 1.00699654799E+00 7.27748550508E+34
 1.23108875734E+11 1.75737302662E+29 1.00700573030E+00 7.31055533494E+34
 1.23669189386E+11 1.76751341643E+29 1.00701492381E+00 7.34377543836E+34
 1.24232054317E+11 1.77771231648E+29 1.00702412854E+00 7.37714649820E+34
 1.24797482150E+11 1.78797006440E+29 1.00703334451E+00 7.41066920043E+34
 1.25365484561E+11 1.79828699972E+29 1.00704257172E+00 7.44434423413E+34
 1.25936073279E+11 1.80866346397E+29 1.00705181019E+00 7.47817229151E+34
 1.26509260087E+11 1.81909980062E+29 1.00706105994E+00 7.51215406793E+34
 1.27085056822E+11 1.82959635514E+29 1.00707032097E+00 7.54629026192E+34
 1.27663475373E+11 1.84015347499E+29 1.00707959331E+00 7.58058157516E+34
 1.28244527686E+11 1.85077150963E+29 1.00708887696E+00 7.61502871253E+34
 1.28828225759E+11 1.86145081055E+29 1.00709817194E+00 7.64963238213E+34
 1.29414581646E+11 1.87219173124E+29 1.00710747826E+00 7.68439329525E+34
 1.30003607456E+11 1.88299462726E+29 1.00711679595E+00 7.71931216643E+34
 1.30595315353E+11 1.89385985620E+29 1.00712612500E+00 7.75438971345E+34
 1.31189717555E+11 1.90478777773E+29 1.00713546543E+00 7.78962665735E+34
 1.31786826339E+11 1.91577875359E+29 1.00714481727E+00 7.82502372246E+34
 1.32386654035E+11 1.92683314760E+29 1.00715418052E+00 7.86058163639E+34
 1.32989213031E+11 1.93795132568E+29 1.00716355519E+00 7.89630113004E+34
 1.33594515769E+11 1.94913365586E+29 1.00717294130E+00 7.93218293767E+34
 1.34202574752E+11 1.96038050832E+29 1.00718233887E+00 7.96822779684E+34
 1.34813402535E+11 1.97169225534E+29 1.00719174791E+00 8.00443644849E+34
 1.35427011734E+11 1.98306927136E+29 1.00720116843E+00 8.04080963691E+34
 1.36043415021E+11 1.99451193300E+29 1.00721060044E+00 8.07734810978E+34
 1.36662625125E+11 2.00602061902E+29 1.00722004397E+00 8.11405261816E+34
 1.37284654836E+11 2.01759571038E+29 1.00722949902E+00 8.15092391655E+34
 1.37909516999E+11 2.02923759026E+29 1.00723896561E+00 8.18796276286E+34
 1.38537224519E+11 2.04094664401E+29 1.00724844375E+00 8.22516991844E+34
 1.39167790360E+11 2.05272325924E+29 1.00725793345E+00 8.26254614813E+34
 1.39801227544E+11 2.06456782577E+29 1.00726743474E+00 8.30009222021E+34
 1.40437549155E+11 2.07648073568E+29 1.00727694762E+00 8.33780890647E+34
 1.41076768333E+11 2.08846238332E+29 1.00728647212E+00 8.37569698221E+34
 1.41718898280E+11 2.10051316531E+29 1.00729600823E+00 8.41375722623E+34
 1.42363952260E+11 2.11263348055E+29 1.00730555598E+00 8.45199042089E+34
 1.43011943593E+11 2.12482373025E+29 1.00731511539E+00 8.49039735210E+34
 1.43662885663E+11 2.13708431794E+29 1.00732468646E+00 8.52897880935E+34
 1.44316791915E+11 2.14941564946E+29 1.00733426921E+00 8.56773558570E+34
 1.44973675853E+11 2.16181813300E+29 1.00734386365E+00 8.60666847783E+34
 1.45633551045E+11 2.17429217913E+29 1.00735346980E+00 8.64577828602E+34
 1.46296431120E+11 2.18683820075E+29 1.00736308768E+00 8.68506581421E+34
 1.46962329769E+11 2.19945661316E+29 1.00737271729E+00 8.72453186998E+34
 1.47631260745E+11 2.21214783407E+29 1.00738235866E+00 8.76417726459E+34
 1.48303237865E+11 2.22491228357E+29 1.00739201179E+00 8.80400281296E+34
 1.48978275008E+11 2.23775038420E+29 1.00740167670E+00 8.84400933375E+34
 1.49656386116E+11 2.25066256092E+29 1.00741135340E+00 8.88419764931E+34
 1.50337585195E+11 2.26364924117E+29 1.00742104192E+00 8.92456858574E+34
 1.51021886315E+11 2.27671085481E+29 1.00743074225E+00 8.96512297290E+34
 1.51709303611E+11 2.28984783423E+29 1.00744045443E+00 9.00586164441E+34
 1.52399851280E+11 2.30306061428E+29 1.00745017845E+00 9.04678543768E+34
 1.53093543586E+11 2.31634963234E+29 1.00745991435E+00 9.08789519393E+34
 1.53790394858E+11 2.32971532829E+29 1.00746966212E+00 9.12919175819E+34
 1.54490419489E+11 2.34315814457E+29 1.00747942179E+00 9.17067597936E+34
 1.55193631938E+11 2.35667852618E+29 1.00748919337E+00 9.21234871016E+34
 1.55900046730E+11 2.37027692065E+29 1.00749897688E+00 9.25421080721E+34
 1.56609678457E+11 2.38395377813E+29 1.00750877232E+00 9.29626313100E+34
 1.57322541777E+11 2.39770955135E+29 1.00751857972E+00 9.33850654597E+34
 1.58038651415E+11 2.41154469566E+29 1.00752839909E+00 9.38094192044E+34
 1.58758022162E+11 2.42545966902E+29 1.00753823044E+00 9.42357012672E+34
 1.59480668878E+11 2.43945493206E+29 1.00754807378E+00 9.46639204104E+34
 1.60206606490E+11 2.45353094805E+29 1.00755792914E+00 9.50940854364E+34
 1.60935849993E+11 2.46768818292E+29 1.00756779653E+00 9.55262051877E+34
 1.61668414451E+11 2.48192710533E+29 1.00757767596E+00 9.59602885467E+34
 1.62404314996E+11 2.49624818660E+29 1.00758756744E+00 9.63963444362E+34
 1.63143566829E+11 2.51065190079E+29 1.00759747100E+00 9.68343818198E+34
 1.63886185222E+11 2.52513872470E+29 1.00760738664E+00 9.72744097016E+34
 1.64632185513E+11 2.53970913787E+29 1.00761731438E+00 9.77164371267E+34
 1.65381583114E+11 2.55436362262E+29 1.00762725424E+00 9.81604731812E+34
 1.66134393504E+11 2.56910266404E+29 1.00763720623E+00 9.86065269926E+34
 1.66890632235E+11 2.58392675002E+29 1.00764717036E+00 9.90546077299E+34
 1.67650314929E+11 2.59883637127E+29 1.00765714665E+00 9.95047246037E+34
 1.68413457279E+11 2.61383202133E+29 1.00766713512E+00 9.99568868665E+34
 1.69180075050E+11 2.62891419659E+29 1.00767713577E+00 1.00411103813E+35
 1.69950184077E+11 2.64408339631E+29 1.00768714863E+00 1.00867384779E+35
 1.70723800271E+11 2.65934012261E+29 1.00769717371E+00 1.01325739145E+35
 1.71500939612E+11 2.67468488052E+29 1.00770721102E+00 1.01786176332E+35
 1.72281618155E+11 2.69011817799E+29 1.00771726059E+00 1.02248705805E+35
 1.73065852028E+11 2.70564052589E+29 1.00772732241E+00 1.02713337071E+35
 1.73853657431E+11 2.72125243806E+29 1.00773739652E+00 1.03180079681E+35
 1.74645050638E+11 2.73695443126E+29 1.00774748292E+00 1.03648943230E+35
 1.75440048001E+11 2.75274702528E+29 1.00775758162E+00 1.04119937355E+35
 1.76238665941E+11 2.76863074288E+29 1.00776769266E+00 1.04593071738E+35
 1.77040920958E+11 2.78460610985E+29 1.00777781603E+00 1.05068356104E+35
 1.77846829625E+11 2.80067365500E+29 1.00778795175E+00 1.05545800224E+35
 1.78656408592E+11 2.81683391021E+29 1.00779809985E+00 1.06025413911E+35
 1.79469674584E+11 2.83308741041E+29 1.00780826032E+00 1.06507207024E+35
 1.80286644403E+11 2.84943469364E+29 1.00781843320E+00 1.06991189468E+35
 1.81107334926E+11 2.86587630101E+29 1.00782861849E+00 1.07477371189E+35
 1.81931763110E+11 2.88241277678E+29 1.00783881621E+00 1.07965762183E+35
 1.82759945987E+11 2.89904466835E+29 1.00784902638E+00 1.08456372489E+35
 1.83591900666E+11 2.91577252627E+29 1.00785924901E+00 1.08949212190E+35
 1.84427644336E+11 2.93259690426E+29 1.00786948411E+00 1.09444291419E+35
 1.85267194264E+11 2.94951835924E+29 1.00787973170E+00 1.09941620351E+35
 1.86110567795E+11 2.96653745136E+29 1.00788999180E+00 1.10441209210E+35
 1.86957782354E+11 2.98365474397E+29 1.00790026441E+00 1.10943068265E+35
 1.87808855443E+11 3.00087080371E+29 1.00791054957E+00 1.11447207832E+35
 1.88663804648E+11 3.01818620045E+29 1.00792084727E+00 1.11953638275E+35
 1.89522647632E+11 3.03560150738E+29 1.00793115755E+00 1.12462370002E+35
 1.90385402140E+11 3.05311730098E+29 1.00794148040E+00 1.12973413471E+35
 1.91252085996E+11 3.07073416105E+29 1.00795181585E+00 1.13486779188E+35
 1.92122717108E+11 3.08845267076E+29 1.00796216392E+00 1.14002477704E+35
 1.92997313464E+11 3.10627341662E+29 1.00797252461E+00 1.14520519621E+35
 1.93875893135E+11 3.12419698854E+29 1.00798289795E+00 1.15040915587E+35
 1.94758474273E+11 3.14222397982E+29 1.00799328394E+00 1.15563676300E+35
 1.95645075113E+11 3.16035498721E+29 1.00800368261E+00 1.16088812504E+35
 1.96535713976E+11 3.17859061087E+29 1.00801409397E+00 1.16616334994E+35
 1.97430409262E+11 3.19693145444E+29 1.00802451804E+00 1.17146254615E+35
 1.98329179459E+11 3.21537812504E+29 1.00803495482E+00 1.17678582258E+35
 1.99232043137E+11 3.23393123330E+29 1.00804540435E+00 1.18213328867E+35
 2.00139018951E+11 3.25259139336E+29 1.00805586662E+00 1.18750505433E+35
 2.01050125641E+11 3.27135922292E+29 1.00806634166E+00 1.19290122998E+35
 2.01965382034E+11 3.29023534323E+29 1.00807682949E+00 1.19832192655E+35
 2.02884807040E+11 3.30922037913E+29 1.00808733011E+00 1.20376725547E+35
 2.03808419659E+11 3.32831495906E+29 1.00809784355E+00 1.20923732865E+35
 2.04736238974E+11 3.34751971510E+29 1.00810836982E+00 1.21473225856E+35
 2.05668284158E+11 3.36683528297E+29 1.00811890894E+00 1.22025215813E+35
 2.06604574469E+11 3.38626230205E+29 1.00812946091E+00 1.22579714083E+35
 2.07545129254E+11 3.40580141541E+29 1.00814002577E+00 1.23136732065E+35
 2.08489967948E+11 3.42545326985E+29 1.00815060351E+00 1.23696281208E+35
 2.09439110075E+11 3.44521851588E+29 1.00816119417E+00 1.24258373015E+35
 2.10392575249E+11 3.46509780777E+29 1.00817179774E+00 1.24823019039E+35
 2.11350383171E+11 3.48509180357E+29 1.00818241426E+00 1.25390230887E+35
 2.12312553633E+11 3.50520116513E+29 1.00819304374E+00 1.25960020218E+35
 2.13279106518E+11 3.52542655810E+29 1.00820368618E+00 1.26532398746E+35
 2.14250061799E+11 3.54576865199E+29 1.00821434162E+00 1.27107378235E+35
 2.15225439541E+11 3.56622812017E+29 1.00822501005E+00 1.27684970505E+35
 2.16205259898E+11 3.58680563989E+29 1.00823569151E+00 1.28265187429E+35
 2.17189543119E+11 3.60750189230E+29 1.00824638600E+00 1.28848040932E+35
 2.18178309544E+11 3.62831756251E+29 1.00825709354E+00 1.29433542997E+35
 2.19171579606E+11 3.64925333955E+29 1.00826781415E+00 1.30021705659E+35
 2.20169373830E+11 3.67030991643E+29 1.00827854784E+00 1.30612541008E+35
 2.21171712836E+11 3.69148799019E+29 1.00828929464E+00 1.31206061188E+35
 2.22178617338E+11 3.71278826185E+29 1.00830005454E+00 1.31802278400E+35
 2.23190108144E+11 3.73421143651E+29 1.00831082758E+00 1.32401204900E+35
 2.24206206157E+11 3.75575822331E+29 1.00832161376E+00 1.33002852999E+35
 2.25226932376E+11 3.77742933549E+29 1.00833241311E+00 1.33607235064E+35
 2.26252307894E+11 3.79922549043E+29 1.00834322563E+00 1.34214363520E+35
 2.27282353903E+11 3.82114740961E+29 1.00835405135E+00 1.34824250844E+35
 2.28317091688E+11 3.84319581871E+29 1.00836489028E+00 1.35436909576E+35
 2.29356542635E+11 3.86537144756E+29 1.00837574244E+00 1.36052352307E+35
 2.30400728226E+11 3.88767503024E+29 1.00838660784E+00 1.36670591689E+35
 2.31449670039E+11 3.91010730503E+29 1.00839748650E+00 1.37291640431E+35
 2.32503389752E+11 3.93266901449E+29 1.00840837844E+00 1.37915511298E+35
 2.33561909144E+11 3.95536090547E+29 1.00841928367E+00 1.38542217114E+35
 2.34625250091E+11 3.97818372911E+29 1.00843020221E+00 1.39171770762E+35
 2.35693434567E+11 4.00113824089E+29 1.00844113407E+00 1.39804185183E+35
 2.36766484651E+11 4.02422520067E+29 1.00845207927E+00 1.40439473376E+35
 2.37844422518E+11 4.04744537266E+29 1.00846303783E+00 1.41077648401E+35
 2.38927270448E+11 4.07079952551E+29 1.00847400976E+00 1.41718723374E+35
 2.40015050820E+11 4.09428843228E+29 1.00848499508E+00 1.42362711475E+35
 2.41107786116E+11 4.11791287052E+29 1.00849599381E+00 1.43009625941E+35
 2.42205498921E+11 4.14167362223E+29 1.00850700596E+00 1.43659480069E+35
 2.43308211922E+11 4.16557147396E+29 1.00851803155E+00 1.44312287218E+35
 2.44415947911E+11 4.18960721676E+29 1.00852907059E+00 1.44968060807E+35
 2.45528729781E+11 4.21378164628E+29 1.00854012311E+00 1.45626814315E+35
 2.46646580533E+11 4.23809556274E+29 1.00855118911E+00 1.46288561284E+35
 2.47769523272E+11 4.26254977098E+29 1.00856226862E+00 1.46953315316E+35
 2.48897581206E+11 4.28714508049E+29 1.00857336165E+00 1.47621090075E+35
 2.50030777652E+11 4.31188230543E+29 1.00858446821E+00 1.48291899290E+35
 2.51169136032E+11 4.33676226465E+29 1.00859558833E+00 1.48965756747E+35
 2.52312679874E+11 4.36178578172E+29 1.00860672202E+00 1.49642676299E+35
 2.53461432814E+11 4.38695368499E+29 1.00861786930E+00 1.50322671861E+35
 2.54615418598E+11 4.41226680756E+29 1.00862903018E+00 1.51005757411E+35
 2.55774661076E+11 4.43772598735E+29 1.00864020468E+00 1.51691946988E+35
 2.56939184210E+11 4.46333206712E+29 1.00865139282E+00 1.52381254700E+35
 2.58109012071E+11 4.48908589448E+29 1.00866259461E+00 1.53073694714E+35
 2.59284168839E+11 4.51498832193E+29 1.00867381007E+00 1.53769281265E+35
 2.60464678805E+11 4.54104020691E+29 1.00868503922E+00 1.54468028650E+35
 2.61650566369E+11 4.56724241178E+29 1.00869628207E+00 1.55169951234E+35
 2.62841856045E+11 4.59359580389E+29 1.00870753864E+00 1.55875063443E+35
 2.64038572458E+11 4.62010125561E+29 1.00871880895E+00 1.56583379774E+35
 2.65240740343E+11 4.64675964430E+29 1.00873009301E+00 1.57294914785E+35
 2.66448384551E+11 4.67357185243E+29 1.00874139084E+00 1.58009683102E+35
 2.67661530045E+11 4.70053876754E+29 1.00875270246E+00 1.58727699419E+35
 2.68880201902E+11 4.72766128228E+29 1.00876402788E+00 1.59448978494E+35
 2.70104425313E+11 4.75494029447E+29 1.00877536713E+00 1.60173535154E+35
 2.71334225585E+11 4.78237670711E+29 1.00878672021E+00 1.60901384293E+35
 2.72569628140E+11 4.80997142839E+29 1.00879808715E+00 1.61632540871E+35
 2.73810658514E+11 4.83772537177E+29 1.00880946795E+00 1.62367019919E+35
 2.75057342363E+11 4.86563945595E+29 1.00882086265E+00 1.63104836535E+35
 2.76309705458E+11 4.89371460495E+29 1.00883227125E+00 1.63846005884E+35
 2.77567773687E+11 4.92195174812E+29 1.00884369378E+00 1.64590543201E+35
 2.78831573059E+11 4.95035182017E+29 1.00885513024E+00 1.65338463793E+35
 2.80101129697E+11 4.97891576120E+29 1.00886658066E+00 1.66089783031E+35
 2.81376469848E+11 5.00764451674E+29 1.00887804506E+00 1.66844516361E+35
 2.82657619875E+11 5.03653903777E+29 1.00888952344E+00 1.67602679295E+35
 2.83944606264E+11 5.06560028077E+29 1.00890101583E+00 1.68364287420E+35
 2.85237455621E+11 5.09482920771E+29 1.00891252225E+00 1.69129356390E+35
 2.86536194672E+11 5.12422678614E+29 1.00892404271E+00 1.69897901932E+35
 2.87840850267E+11 5.15379398919E+29 1.00893557723E+00 1.70669939844E+35
 2.89151449376E+11 5.18353179559E+29 1.00894712582E+00 1.71445485995E+35
 2.90468019096E+11 5.21344118972E+29 1.00895868851E+00 1.72224556327E+35
 2.91790586643E+11 5.24352316165E+29 1.00897026531E+00 1.73007166856E+35
 2.93119179360E+11 5.27377870716E+29 1.00898185623E+00 1.73793333667E+35
 2.94453824715E+11 5.30420882777E+29 1.00899346130E+00 1.74583072921E+35
 2.95794550300E+11 5.33481453078E+29 1.00900508053E+00 1.75376400852E+35
 2.97141383834E+11 5.36559682931E+29 1.00901671395E+00 1.76173333767E+35
 2.98494353160E+11 5.39655674231E+29 1.00902836155E+00 1.76973888048E+35
 2.99853486252E+11 5.42769529463E+29 1.00904002338E+00 1.77778080150E+35
 3.01218811208E+11 5.45901351701E+29 1.00905169943E+00 1.78585926605E+35
 3.02590356256E+11 5.49051244617E+29 1.00906338973E+00 1.79397444017E+35
 3.03968149754E+11 5.52219312477E+29 1.00907509430E+00 1.80212649070E+35
 3.05352220186E+11 5.55405660151E+29 1.00908681316E+00 1.81031558518E+35
 3.06742596168E+11 5.58610393115E+29 1.00909854631E+00 1.81854189197E+35
 3.08139306448E+11 5.61833617452E+29 1.00911029378E+00 1.82680558015E+35
 3.09542379903E+11 5.65075439858E+29 1.00912205559E+00 1.83510681960E+35
 3.10951845542E+11 5.68335967644E+29 1.00913383175E+00 1.84344578094E+35
 3.12367732506E+11 5.71615308740E+29 1.00914562229E+00 1.85182263559E+35
 3.13790070071E+11 5.74913571699E+29 1.00915742721E+00 1.86023755575E+35
 3.15218887646E+11 5.78230865701E+29 1.00916924654E+00 1.86869071439E+35
 3.16654214771E+11 5.81567300556E+29 1.00918108029E+00 1.87718228527E+35
 3.18096081125E+11 5.84922986706E+29 1.00919292848E+00 1.88571244294E+35
 3.19544516521E+11 5.88298035232E+29 1.00920479113E+00 1.89428136275E+35
 3.20999550907E+11 5.91692557856E+29 1.00921666826E+00 1.90288922082E+35
 3.22461214368E+11 5.95106666942E+29 1.00922855988E+00 1.91153619411E+35
 3.23929537128E+11 5.98540475506E+29 1.00924046602E+00 1.92022246036E+35
 3.25404549546E+11 6.01994097214E+29 1.00925238668E+00 1.92894819812E+35
 3.26886282122E+11 6.05467646388E+29 1.00926432189E+00 1.93771358675E+35
 3.28374765495E+11 6.08961238009E+29 1.00927627167E+00 1.94651880644E+35
 3.29870030442E+11 6.12474987724E+29 1.00928823603E+00 1.95536403817E+35
 3.31372107882E+11 6.16009011845E+29 1.00930021498E+00 1.96424946378E+35
 3.32881028875E+11 6.19563427355E+29 1.00931220856E+00 1.97317526590E+35
 3.34396824621E+11 6.23138351914E+29 1.00932421678E+00 1.98214162802E+35
 3.35919526465E+11 6.26733903858E+29 1.00933623965E+00 1.99114873444E+35
 3.37462799317E+11 6.38964352377E+29 1.00941758066E+00 2.00019677030E+35
 3.38999513397E+11 6.42565553988E+29 1.00942951378E+00 2.00928592161E+35
 3.40543228635E+11 6.46136822222E+29 1.00944129419E+00 2.01841637519E+35
 3.42093976695E+11 6.49678405885E+29 1.00945292383E+00 2.02758831872E+35
 3.43651789386E+11 6.53190551719E+29 1.00946440463E+00 2.03680194075E+35
 3.45216698661E+11 6.56673504412E+29 1.00947573851E+00 2.04605743065E+35
 3.46788736622E+11 6.60127506619E+29 1.00948692733E+00 2.05535497870E+35
 3.48367935516E+11 6.63552798977E+29 1.00949797295E+00 2.06469477599E+35
 3.49954327740E+11 6.66949620125E+29 1.00950887722E+00 2.07407701453E+35
 3.51547945837E+11 6.70318206716E+29 1.00951964193E+00 2.08350188717E+35
 3.53148822500E+11 6.73658793438E+29 1.00953026887E+00 2.09296958764E+35
 3.54756990573E+11 6.76971613027E+29 1.00954075981E+00 2.10248031055E+35
 3.56372483048E+11 6.80256896286E+29 1.00955111649E+00 2.11203425142E+35
 3.57995333070E+11 6.83514872096E+29 1.00956134062E+00 2.12163160662E+35
 3.59625573935E+11 6.86745767441E+29 1.00957143390E+00 2.13127257343E+35
 3.61263239092E+11 6.89949807413E+29 1.00958139801E+00 2.14095735004E+35
 3.62908362142E+11 6.93127215235E+29 1.00959123460E+00 2.15068613552E+35
 3.64560976841E+11 6.96278212277E+29 1.00960094530E+00 2.16045912985E+35
 3.66221117099E+11 6.99403018065E+29 1.00961053172E+00 2.17027653393E+35
 3.67888816981E+11 7.02501850303E+29 1.00961999545E+00 2.18013854955E+35
 3.69564110708E+11 7.05574924884E+29 1.00962933807E+00 2.19004537943E+35
 3.71247032659E+11 7.08622455908E+29 1.00963856112E+00 2.19999722723E+35
 3.72937617367E+11 7.11644655693E+29 1.00964766613E+00 2.20999429750E+35
 3.74635899527E+11 7.14641734794E+29 1.00965665462E+00 2.22003679575E+35
 3.76341913989E+11 7.17613902015E+29 1.00966552807E+00 2.23012492840E+35
 3.78055695765E+11 7.20561364426E+29 1.00967428796E+00 2.24025890282E+35
 3.79777280027E+11 7.23484327375E+29 1.00968293574E+00 2.25043892732E+35
 3.81506702106E+11 7.26382994501E+29 1.00969147284E+00 2.26066521116E+35
 3.83243997496E+11 7.29257567753E+29 1.00969990069E+00 2.27093796456E+35
 3.84989201853E+11 7.32108247401E+29 1.00970822068E+00 2.28125739866E+35
 3.86742350996E+11 7.34935232050E+29 1.00971643419E+00 2.29162372560E+35
 3.88503480908E+11 7.37738718653E+29 1.00972454258E+00 2.30203715846E+35
 3.90272627737E+11 7.40518902529E+29 1.00973254720E+00 2.31249791130E+35
 3.92049827794E+11 7.43275977369E+29 1.00974044937E+00 2.32300619915E+35
 3.93835117559E+11 7.46010135258E+29 1.00974825042E+00 2.33356223800E+35
 3.95628533677E+11 7.48721566682E+29 1.00975595162E+00 2.34416624486E+35
 3.97430112960E+11 7.51410460546E+29 1.00976355427E+00 2.35481843769E+35
 3.99239892389E+11 7.54077004182E+29 1.00977105962E+00 2.36551903544E+35
 4.01057909115E+11 7.56721383367E+29 1.00977846891E+00 2.37626825810E+35
 4.02884200457E+11 7.59343782333E+29 1.00978578338E+00 2.38706632660E+35
 4.04718803906E+11 7.61944383780E+29 1.00979300424E+00 2.39791346291E+35
 4.06561757123E+11 7.64523368891E+29 1.00980013269E+00 2.40880989001E+35
 4.08413097941E+11 7.67080917342E+29 1.00980716990E+00 2.41975583187E+35
 4.10272864367E+11 7.69617207316E+29 1.00981411706E+00 2.43075151349E+35
 4.12141094581E+11 7.72132415514E+29 1.00982097530E+00 2.44179716091E+35
 4.14017826938E+11 7.74626717169E+29 1.00982774577E+00 2.45289300117E+35
 4.15903099966E+11 7.77100286057E+29 1.00983442959E+00 2.46403926236E+35
 4.17796952372E+11 7.79553294510E+29 1.00984102788E+00 2.47523617359E+35
 4.19699423038E+11 7.81985913427E+29 1.00984754171E+00 2.48648396503E+35
 4.21610551023E+11 7.84398312288E+29 1.00985397219E+00 2.49778286787E+35
 4.23530375566E+11 7.86790659163E+29 1.00986032036E+00 2.50913311438E+35
 4.25458936084E+11 7.89163120724E+29 1.00986658730E+00 2.52053493787E+35
 4.27396272174E+11 7.91515862260E+29 1.00987277403E+00 2.53198857272E+35
 4.29342423615E+11 7.93849047684E+29 1.00987888158E+00 2.54349425435E+35
 4.31297430365E+11 7.96162839549E+29 1.00988491096E+00 2.55505221928E+35
 4.33261332568E+11 7.98457399053E+29 1.00989086318E+00 2.56666270509E+35
 4.35234170548E+11 8.00732886058E+29 1.00989673923E+00 2.57832595044E+35
 4.37215984814E+11 8.02989459094E+29 1.00990254007E+00 2.59004219507E+35
 4.39206816061E+11 8.05227275377E+29 1.00990826667E+00 2.60181167983E+35
 4.41206705169E+11 8.07446490813E+29 1.00991391999E+00 2.61363464664E+35
 4.43215693203E+11 8.09647260014E+29 1.00991950095E+00 2.62551133853E+35
 4.45233821419E+11 8.11829736305E+29 1.00992501049E+00 2.63744199964E+35
 4.47261131257E+11 8.13994071738E+29 1.00993044952E+00 2.64942687520E+35
 4.49297664349E+11 8.16140417101E+29 1.00993581893E+00 2.66146621158E+35
 4.51343462516E+11 8.18268921928E+29 1.00994111963E+00 2.67356025625E+35
 4.53398567771E+11 8.20379734511E+29 1.00994635249E+00 2.68570925782E+35
 4.55463022315E+11 8.22473001908E+29 1.00995151839E+00 2.69791346601E+35
 4.57536868547E+11 8.24548869957E+29 1.00995661816E+00 2.71017313169E+35
 4.59620149054E+11 8.26607483281E+29 1.00996165267E+00 2.72248850687E+35
 4.61712906620E+11 8.28648985302E+29 1.00996662275E+00 2.73485984470E+35
 4.63815184226E+11 8.30673518252E+29 1.00997152922E+00 2.74728739948E+35
 4.65927025044E+11 8.32681223176E+29 1.00997637290E+00 2.75977142667E+35
 4.68048472447E+11 8.34672239952E+29 1.00998115459E+00 2.77231218287E+35
 4.70179570005E+11 8.36646707291E+29 1.00998587508E+00 2.78490992589E+35
 4.72320361486E+11 8.38604762754E+29 1.00999053516E+00 2.79756491468E+35
 4.74470890857E+11 8.40546542757E+29 1.00999513560E+00 2.81027740935E+35
 4.76631202288E+11 8.42472182582E+29 1.00999967717E+00 2.82304767124E+35
 4.78801340146E+11 8.44381816387E+29 1.01000416061E+00 2.83587596284E+35
 4.80981349005E+11 8.46275577215E+29 1.01000858667E+00 2.84876254785E+35
 4.83171273640E+11 8.48153597004E+29 1.01001295609E+00 2.86170769116E+35
 4.85371159030E+11 8.50016006593E+29 1.01001726958E+00 2.87471165886E+35
 4.87581050359E+11 8.51862935736E+29 1.01002152788E+00 2.88777471826E+35
 4.89800993017E+11 8.53694513106E+29 1.01002573167E+00 2.90089713789E+35
 4.92031032603E+11 8.55510866309E+29 1.01002988166E+00 2.91407918747E+35
 4.94271214920E+11 8.57312121888E+29 1.01003397855E+00 2.92732113799E+35
 4.96521585983E+11 8.59098405336E+29 1.01003802300E+00 2.94062326163E+35
 4.98782192016E+11 8.60869841102E+29 1.01004201569E+00 2.95398583183E+35
 5.01053079452E+11 8.62626552600E+29 1.01004595728E+00 2.96740912327E+35
 5.03334294938E+11 8.64368662220E+29 1.01004984842E+00 2.98089341187E+35
 5.05625885332E+11 8.66096291333E+29 1.01005368977E+00 2.99443897481E+35
 5.07927897705E+11 8.67809560302E+29 1.01005748196E+00 3.00804609053E+35
 5.10240379346E+11 8.69508588488E+29 1.01006122561E+00 3.02171503874E+35
 5.12563377755E+11 8.71193494263E+29 1.01006492135E+00 3.03544610040E+35
 5.14896940650E+11 8.72864395013E+29 1.01006856980E+00 3.04923955777E+35
 5.17241115969E+11 8.74521407147E+29 1.01007217155E+00 3.06309569439E+35
 5.19595951865E+11 8.76164646109E+29 1.01007572720E+00 3.07701479507E+35
 5.21961496711E+11 8.77794226383E+29 1.01007923735E+00 3.09099714594E+35
 5.24337799103E+11 8.79410261499E+29 1.01008270258E+00 3.10504303441E+35
 5.26724907854E+11 8.81012864046E+29 1.01008612346E+00 3.11915274919E+35
 5.29122872004E+11 8.82602145677E+29 1.01008950056E+00 3.13332658034E+35
 5.31531740814E+11 8.84178217115E+29 1.01009283444E+00 3.14756481920E+35
 5.33951563768E+11 8.85741188164E+29 1.01009612565E+00 3.16186775845E+35
 5.36388869675E+11 8.87753872167E+29 1.01011252129E+00 3.17623569209E+35
 5.38830782165E+11 8.89335945533E+29 1.01011582264E+00 3.19066891547E+35
 5.41283799043E+11 8.90927962911E+29 1.01011912971E+00 3.20516772527E+35
 5.43747970820E+11 8.92529986805E+29 1.01012244251E+00 3.21973241953E+35
 5.46223348235E+11 8.94142080110E+29 1.01012576105E+00 3.23436329763E+35
 5.48709982261E+11 8.95764306116E+29 1.01012908535E+00 3.24906066033E+35
 5.51207924098E+11 8.97396728512E+29 1.01013241541E+00 3.26382480973E+35
 5.53717225184E+11 8.99039411386E+29 1.01013575124E+00 3.27865604932E+35
 5.56237937188E+11 9.00692419230E+29 1.01013909285E+00 3.29355468397E+35
 5.58770112016E+11 9.02355816941E+29 1.01014244026E+00 3.30852101993E+35
 5.61313801808E+11 9.04029669824E+29 1.01014579346E+00 3.32355536485E+35
 5.63869058943E+11 9.05714043593E+29 1.01014915248E+00 3.33865802777E+35
 5.66435936038E+11 9.07409004378E+29 1.01015251733E+00 3.35382931912E+35
 5.69014485950E+11 9.09114618721E+29 1.01015588800E+00 3.36906955078E+35
 5.71604761774E+11 9.10830953586E+29 1.01015926452E+00 3.38437903601E+35
 5.74206816850E+11 9.12558076356E+29 1.01016264689E+00 3.39975808951E+35
 5.76820704758E+11 9.14296054836E+29 1.01016603513E+00 3.41520702740E+35
 5.79446479324E+11 9.16044957261E+29 1.01016942924E+00 3.43072616725E+35
 5.82084194617E+11 9.17804852291E+29 1.01017282923E+00 3.44631582807E+35
 5.84733904954E+11 9.19575809020E+29 1.01017623511E+00 3.46197633032E+35
 5.87395664898E+11 9.21357896975E+29 1.01017964690E+00 3.47770799590E+35
 5.90069529259E+11 9.23151186121E+29 1.01018306461E+00 3.49351114819E+35
 5.92755553099E+11 9.24955746863E+29 1.01018648823E+00 3.50938611204E+35
 5.95453791730E+11 9.26771650046E+29 1.01018991780E+00 3.52533321376E+35
 5.98164300714E+11 9.28598966964E+29 1.01019335330E+00 3.54135278116E+35
 6.00887135867E+11 9.30437769357E+29 1.01019679477E+00 3.55744514354E+35
 6.03622353259E+11 9.32288129415E+29 1.01020024219E+00 3.57361063169E+35
 6.06370009216E+11 9.34150119783E+29 1.01020369560E+00 3.58984957788E+35
 6.09130160318E+11 9.36023813564E+29 1.01020715499E+00 3.60616231594E+35
 6.11902863405E+11 9.37909284317E+29 1.01021062037E+00 3.62254918118E+35
 6.14688175574E+11 9.39806606067E+29 1.01021409177E+00 3.63901051044E+35
 6.17486154183E+11 9.41715853302E+29 1.01021756918E+00 3.65554664210E+35
 6.20296856850E+11 9.43637100979E+29 1.01022105262E+00 3.67215791606E+35
 6.23120341456E+11 9.45570424526E+29 1.01022454209E+00 3.68884467379E+35
 6.25956666144E+11 9.47515899845E+29 1.01022803762E+00 3.70560725830E+35
 6.28805889323E+11 9.49473603314E+29 1.01023153920E+00 3.72244601414E+35
 6.31668069669E+11 9.51443611794E+29 1.01023504686E+00 3.73936128745E+35
 6.34543266121E+11 9.53426002626E+29 1.01023856059E+00 3.75635342595E+35
 6.37431537891E+11 9.55420853639E+29 1.01024208042E+00 3.77342277890E+35
 6.40332944456E+11 9.57428243150E+29 1.01024560634E+00 3.79056969719E+35
 6.43247545567E+11 9.59448249970E+29 1.01024913838E+00 3.80779453327E+35
 6.46175401245E+11 9.61480953403E+29 1.01025267654E+00 3.82509764123E+35
 6.49116571786E+11 9.63526433254E+29 1.01025622084E+00 3.84247937674E+35
 6.52071117758E+11 9.65584769827E+29 1.01025977128E+00 3.85994009709E+35
 6.55039100007E+11 9.67656043933E+29 1.01026332787E+00 3.87748016119E+35
 6.58020579654E+11 9.69740336889E+29 1.01026689063E+00 3.89509992960E+35
 6.61015618099E+11 9.71837730525E+29 1.01027045956E+00 3.91279976451E+35
 6.64024277022E+11 9.73948307184E+29 1.01027403468E+00 3.93058002974E+35
 6.67046618382E+11 9.76072149727E+29 1.01027761600E+00 3.94844109078E+35
 6.70082704422E+11 9.78209341536E+29 1.01028120352E+00 3.96638331478E+35
 6.73132597667E+11 9.80359966517E+29 1.01028479727E+00 3.98440707056E+35
 6.76196360926E+11 9.82524109102E+29 1.01028839724E+00 4.00251272859E+35
 6.79274057296E+11 9.84701854257E+29 1.01029200346E+00 4.02070066107E+35
 6.82365750159E+11 9.86893287479E+29 1.01029561592E+00 4.03897124185E+35
 6.85471503187E+11 9.89098494803E+29 1.01029923465E+00 4.05732484649E+35
 6.88591380341E+11 9.91317562805E+29 1.01030285965E+00 4.07576185228E+35
 6.91725445872E+11 9.93550578607E+29 1.01030649093E+00 4.09428263819E+35
 6.94873764326E+11 9.95797629875E+29 1.01031012851E+00 4.11288758494E+35
 6.98036400541E+11 9.98058804830E+29 1.01031377239E+00 4.13157707495E+35
 7.01213419649E+11 1.00033419224E+30 1.01031742259E+00 4.15035149241E+35
 7.04404887081E+11 1.00262388145E+30 1.01032107912E+00 4.16921122324E+35
 7.07610868565E+11 1.00492796233E+30 1.01032474198E+00 4.18815665510E+35
 7.10831430127E+11 1.00724652536E+30 1.01032841120E+00 4.20718817745E+35
 7.14066638094E+11 1.00957966156E+30 1.01033208677E+00 4.22630618148E+35
 7.17316559095E+11 1.01192746253E+30 1.01033576872E+00 4.24551106018E+35
 7.20581260063E+11 1.01429002043E+30 1.01033945705E+00 4.26480320832E+35
 7.23860808235E+11 1.01666742803E+30 1.01034315177E+00 4.28418302246E+35
 7.27155271153E+11 1.01905977866E+30 1.01034685290E+00 4.30365090097E+35
 7.30464716668E+11 1.02146716625E+30 1.01035056044E+00 4.32320724402E+35
 7.33789212940E+11 1.02388968530E+30 1.01035427441E+00 4.34285245360E+35
 7.37128828436E+11 1.02632743093E+30 1.01035799481E+00 4.36258693355E+35
 7.40483631938E+11 1.02878049885E+30 1.01036172167E+00 4.38241108951E+35
 7.43853692541E+11 1.03124898535E+30 1.01036545499E+00 4.40232532898E+35
 7.47239079652E+11 1.03373298735E+30 1.01036919477E+00 4.42233006132E+35
 7.50639862996E+11 1.03623260238E+30 1.01037294104E+00 4.44242569774E+35
 7.54056112615E+11 1.03874792857E+30 1.01037669381E+00 4.46261265131E+35
 7.57487898868E+11 1.04127906466E+30 1.01038045308E+00 4.48289133699E+35
 7.60935292438E+11 1.04382611004E+30 1.01038421886E+00 4.50326217163E+35
 7.64398364325E+11 1.04638916469E+30 1.01038799118E+00 4.52372557396E+35
 7.67877185855E+11 1.04896832925E+30 1.01039177003E+00 4.54428196462E+35
 7.71371828680E+11 1.05156370497E+30 1.01039555543E+00 4.56493176616E+35
 7.74882364774E+11 1.05417539374E+30 1.01039934740E+00 4.58567540306E+35
 7.78408866441E+11 1.05680349811E+30 1.01040314593E+00 4.60651330171E+35
 7.81951406315E+11 1.05944812124E+30 1.01040695106E+00 4.62744589045E+35
 7.85510057359E+11 1.06210936697E+30 1.01041076277E+00 4.64847359956E+35
 7.89084892868E+11 1.06478733977E+30 1.01041458110E+00 4.66959686129E+35
 7.92675986472E+11 1.06748214479E+30 1.01041840604E+00 4.69081610984E+35
 7.96283412135E+11 1.07019388782E+30 1.01042223762E+00 4.71213178138E+35
 7.99907244158E+11 1.07292267532E+30 1.01042607583E+00 4.73354431407E+35
 8.03547557179E+11 1.07566861443E+30 1.01042992070E+00 4.75505414806E+35
 8.07204426177E+11 1.07843181295E+30 1.01043377224E+00 4.77666172551E+35
 8.10877926474E+11 1.08121237937E+30 1.01043763045E+00 4.79836749057E+35
 8.14568133730E+11 1.08401042284E+30 1.01044149535E+00 4.82017188941E+35
 8.18275123955E+11 1.08682605322E+30 1.01044536694E+00 4.84207537024E+35
 8.21998973500E+11 1.08965938105E+30 1.01044924525E+00 4.86407838331E+35
 8.25739759066E+11 1.09251051757E+30 1.01045313029E+00 4.88618138090E+35
 8.29497557704E+11 1.09537957471E+30 1.01045702205E+00 4.90838481735E+35
 8.33272446814E+11 1.09826666511E+30 1.01046092056E+00 4.93068914907E+35
 8.37064504147E+11 1.10117190212E+30 1.01046482583E+00 4.95309483455E+35
 8.40873807813E+11 1.10409539980E+30 1.01046873787E+00 4.97560233434E+35
 8.44700436271E+11 1.10703727292E+30 1.01047265669E+00 4.99821211110E+35
 8.48544468342E+11 1.10999763697E+30 1.01047658231E+00 5.02092462959E+35
 8.52405983203E+11 1.11297660820E+30 1.01048051473E+00 5.04374035669E+35
 8.56285060394E+11 1.11597430354E+30 1.01048445396E+00 5.06665976139E+35
 8.60181779814E+11 1.11899084069E+30 1.01048840003E+00 5.08968331480E+35
 8.64096221728E+11 1.12202633808E+30 1.01049235293E+00 5.11281149021E+35
 8.68028466765E+11 1.12508091487E+30 1.01049631268E+00 5.13604476302E+35
 8.71978595921E+11 1.12815469100E+30 1.01050027930E+00 5.15938361081E+35
 8.75946690562E+11 1.13124778713E+30 1.01050425280E+00 5.18282851332E+35
 8.79932832423E+11 1.13436032471E+30 1.01050823318E+00 5.20637995248E+35
 8.83937103611E+11 1.13749242593E+30 1.01051222047E+00 5.23003841241E+35
 8.87959586609E+11 1.14064421375E+30 1.01051621466E+00 5.25380437943E+35
 8.92000364272E+11 1.14381581192E+30 1.01052021578E+00 5.27767834205E+35
 8.96059519834E+11 1.14700734495E+30 1.01052422383E+00 5.30166079103E+35
 9.00137136908E+11 1.15021893814E+30 1.01052823883E+00 5.32575221935E+35
 9.04233299487E+11 1.15345071758E+30 1.01053226080E+00 5.34995312221E+35
 9.08348091947E+11 1.15670281015E+30 1.01053628973E+00 5.37426399708E+35
 9.12481599047E+11 1.15997534351E+30 1.01054032565E+00 5.39868534370E+35
 9.16633905932E+11 1.16326844617E+30 1.01054436856E+00 5.42321766405E+35
 9.20805098136E+11 1.16658224739E+30 1.01054841848E+00 5.44786146243E+35
 9.24995261582E+11 1.16991687728E+30 1.01055247542E+00 5.47261724539E+35
 9.29204482581E+11 1.17327246676E+30 1.01055653939E+00 5.49748552181E+35
 9.33432847841E+11 1.17664914756E+30 1.01056061041E+00 5.52246680288E+35
 9.37680444463E+11 1.18004705226E+30 1.01056468849E+00 5.54756160210E+35
 9.41947359944E+11 1.18346631425E+30 1.01056877363E+00 5.57277043532E+35
 9.46233682179E+11 1.18690706778E+30 1.01057286586E+00 5.59809382071E+35
 9.50539499465E+11 1.19036944793E+30 1.01057696518E+00 5.62353227883E+35
 9.54864900499E+11 1.19385359062E+30 1.01058107160E+00 5.64908633257E+35
 9.59209974382E+11 1.19735963266E+30 1.01058518514E+00 5.67475650721E+35
 9.63574810623E+11 1.20088771169E+30 1.01058930582E+00 5.70054333043E+35
 9.67959499134E+11 1.20443796621E+30 1.01059343363E+00 5.72644733229E+35
 9.72364130240E+11 1.20801053561E+30 1.01059756861E+00 5.75246904527E+35
 9.76788794676E+11 1.21160556015E+30 1.01060171074E+00 5.77860900425E+35
 9.81233583590E+11 1.21522318096E+30 1.01060586006E+00 5.80486774657E+35
 9.85698588544E+11 1.21886354009E+30 1.01061001658E+00 5.83124581199E+35
 9.90183901518E+11 1.22252678044E+30 1.01061418029E+00 5.85774374273E+35
 9.94689614911E+11 1.22621304583E+30 1.01061835123E+00 5.88436208348E+35
 9.99215821541E+11 1.22992248100E+30 1.01062252939E+00 5.91110138139E+35
 1.00376261465E+12 1.23365523156E+30 1.01062671480E+00 5.93796218610E+35
 1.00833008790E+12 1.23741144407E+30 1.01063090746E+00 5.96494504977E+35
 1.01291833539E+12 1.24119126599E+30 1.01063510739E+00 5.99205052704E+35
 1.01752745164E+12 1.24499484572E+30 1.01063931460E+00 6.01927917508E+35
 1.02215753160E+12 1.24882233259E+30 1.01064352910E+00 6.04663155360E+35
 1.02680867064E+12 1.25267387687E+30 1.01064775091E+00 6.07410822484E+35
 1.03148096460E+12 1.25654962976E+30 1.01065198004E+00 6.10170975362E+35
 1.03617450972E+12 1.26044974342E+30 1.01065621650E+00 6.12943670728E+35
 1.04088940269E+12 1.26437437099E+30 1.01066046030E+00 6.15728965579E+35
 1.04562574064E+12 1.26832366653E+30 1.01066471145E+00 6.18526917168E+35
 1.05038362116E+12 1.27229778509E+30 1.01066896998E+00 6.21337583009E+35
 1.05516314225E+12 1.27629688271E+30 1.01067323589E+00 6.24161020877E+35
 1.05996440238E+12 1.28032111637E+30 1.01067750919E+00 6.26997288809E+35
 1.06478750047E+12 1.28437064408E+30 1.01068178990E+00 6.29846445108E+35
 1.06963253587E+12 1.28844562482E+30 1.01068607803E+00 6.32708548339E+35
 1.07449960841E+12 1.29254621856E+30 1.01069037360E+00 6.35583657335E+35
 1.07938881835E+12 1.29667258631E+30 1.01069467661E+00 6.38471831196E+35
 1.08430026641E+12 1.30082489005E+30 1.01069898707E+00 6.41373129291E+35
 1.08923405378E+12 1.30500329282E+30 1.01070330502E+00 6.44287611257E+35
 1.09419028212E+12 1.30920795864E+30 1.01070763044E+00 6.47215337004E+35
 1.09916905351E+12 1.31343905261E+30 1.01071196336E+00 6.50156366713E+35
 1.10417047054E+12 1.31769674082E+30 1.01071630380E+00 6.53110760840E+35
 1.10919463625E+12 1.32198119044E+30 1.01072065176E+00 6.56078580113E+35
 1.11424165415E+12 1.32629256967E+30 1.01072500725E+00 6.59059885538E+35
 1.11931162821E+12 1.33063104778E+30 1.01072937030E+00 6.62054738399E+35
 1.12440466289E+12 1.33499679509E+30 1.01073374090E+00 6.65063200256E+35
 1.12952086311E+12 1.33938998301E+30 1.01073811909E+00 6.68085332951E+35
 1.13466033429E+12 1.34381078400E+30 1.01074250486E+00 6.71121198605E+35
 1.13982318231E+12 1.34825937164E+30 1.01074689824E+00 6.74170859623E+35
 1.14500951354E+12 1.35273592056E+30 1.01075129923E+00 6.77234378693E+35
 1.15021943482E+12 1.35724060653E+30 1.01075570785E+00 6.80311818787E+35
 1.15545305351E+12 1.36177360639E+30 1.01076012411E+00 6.83403243165E+35
 1.16071047742E+12 1.36633509811E+30 1.01076454803E+00 6.86508715373E+35
 1.16599181488E+12 1.37092526077E+30 1.01076897961E+00 6.89628299246E+35
 1.17129717470E+12 1.37554427458E+30 1.01077341888E+00 6.92762058909E+35
 1.17662666618E+12 1.38019232088E+30 1.01077786584E+00 6.95910058779E+35
 1.18198039913E+12 1.38486958216E+30 1.01078232051E+00 6.99072363565E+35
 1.18735848385E+12 1.38957624204E+30 1.01078678291E+00 7.02249038270E+35
 1.19276103115E+12 1.39431248531E+30 1.01079125303E+00 7.05440148194E+35
 1.19818815235E+12 1.39907849790E+30 1.01079573091E+00 7.08645758932E+35
 1.20363995925E+12 1.40387446694E+30 1.01080021655E+00 7.11865936377E+35
 1.20911656419E+12 1.40870058072E+30 1.01080470996E+00 7.15100746722E+35
 1.21461808001E+12 1.41355702870E+30 1.01080921117E+00 7.18350256462E+35
 1.22014462005E+12 1.41844400154E+30 1.01081372017E+00 7.21614532391E+35
 1.22569629818E+12 1.42336169112E+30 1.01081823700E+00 7.24893641610E+35
 1.23127322880E+12 1.42831029050E+30 1.01082276165E+00 7.28187651523E+35
 1.23687552680E+12 1.43328999396E+30 1.01082729414E+00 7.31496629841E+35
 1.24250330763E+12 1.43830099700E+30 1.01083183449E+00 7.34820644582E+35
 1.24815668723E+12 1.44334349635E+30 1.01083638271E+00 7.38159764073E+35
 1.25383578208E+12 1.44841768999E+30 1.01084093882E+00 7.41514056952E+35
 1.25954070921E+12 1.45352377712E+30 1.01084550282E+00 7.44883592169E+35
 1.26527158617E+12 1.45866195820E+30 1.01085007474E+00 7.48268438988E+35
 1.27102853102E+12 1.46383243498E+30 1.01085465458E+00 7.51668666986E+35
 1.27681166239E+12 1.46903541042E+30 1.01085924236E+00 7.55084346057E+35
 1.28262109945E+12 1.47427108881E+30 1.01086383809E+00 7.58515546413E+35
 1.28845696189E+12 1.47953967570E+30 1.01086844179E+00 7.61962338584E+35
 1.29431936996E+12 1.48484137792E+30 1.01087305346E+00 7.65424793423E+35
 1.30020844445E+12 1.49017640363E+30 1.01087767314E+00 7.68902982101E+35
 1.30612430672E+12 1.49554496228E+30 1.01088230082E+00 7.72396976116E+35
 1.31206707866E+12 1.50094726463E+30 1.01088693652E+00 7.75906847289E+35
 1.31803688271E+12 1.50638352278E+30 1.01089158025E+00 7.79432667768E+35
 1.32403384189E+12 1.51185395015E+30 1.01089623204E+00 7.82974510028E+35
 1.33005807977E+12 1.51735876152E+30 1.01090089189E+00 7.86532446875E+35
 1.33610972049E+12 1.52289817300E+30 1.01090555982E+00 7.90106551445E+35
 1.34218888873E+12 1.52847240207E+30 1.01091023584E+00 7.93696897205E+35
 1.34829570977E+12 1.53408166758E+30 1.01091491996E+00 7.97303557958E+35
 1.35443030943E+12 1.53972618973E+30 1.01091961221E+00 8.00926607841E+35
 1.36059281413E+12 1.54540619014E+30 1.01092431258E+00 8.04566121329E+35
 1.36678335086E+12 1.55112189180E+30 1.01092902111E+00 8.08222173234E+35
 1.37300204717E+12 1.55687351911E+30 1.01093373780E+00 8.11894838709E+35
 1.37924903121E+12 1.56266129787E+30 1.01093846266E+00 8.15584193248E+35
 1.38552443170E+12 1.56848545532E+30 1.01094319571E+00 8.19290312689E+35
 1.39182837795E+12 1.57434622011E+30 1.01094793697E+00 8.23013273213E+35
 1.39816099988E+12 1.58024382234E+30 1.01095268645E+00 8.26753151348E+35
 1.40452242796E+12 1.58617849353E+30 1.01095744416E+00 8.30510023970E+35
 1.41091279330E+12 1.59215046669E+30 1.01096221012E+00 8.34283968305E+35
 1.41733222756E+12 1.59815997628E+30 1.01096698433E+00 8.38075061927E+35
 1.42378086304E+12 1.60420725822E+30 1.01097176683E+00 8.41883382767E+35
 1.43025883261E+12 1.61029254994E+30 1.01097655761E+00 8.45709009106E+35
 1.43676626978E+12 1.61641609034E+30 1.01098135670E+00 8.49552019583E+35
 1.44330330864E+12 1.62257811983E+30 1.01098616411E+00 8.53412493194E+35
 1.44987008389E+12 1.62877888033E+30 1.01099097985E+00 8.57290509294E+35
 1.45646673087E+12 1.63501861529E+30 1.01099580394E+00 8.61186147597E+35
 1.46309338550E+12 1.64129756967E+30 1.01100063639E+00 8.65099488181E+35
 1.46975018435E+12 1.64761598998E+30 1.01100547721E+00 8.69030611489E+35
 1.47643726460E+12 1.65397412429E+30 1.01101032643E+00 8.72979598326E+35
 1.48315476405E+12 1.66037222221E+30 1.01101518406E+00 8.76946529867E+35
 1.48990282113E+12 1.66681053494E+30 1.01102005010E+00 8.80931487655E+35
 1.49668157490E+12 1.67328931524E+30 1.01102492458E+00 8.84934553603E+35
 1.50349116506E+12 1.67980881746E+30 1.01102980751E+00 8.88955809998E+35
 1.51033173194E+12 1.68636929757E+30 1.01103469890E+00 8.92995339499E+35
 1.51720341651E+12 1.69297101312E+30 1.01103959878E+00 8.97053225142E+35
 1.52410636038E+12 1.69961422330E+30 1.01104450714E+00 9.01129550338E+35
 1.53104070581E+12 1.70629918891E+30 1.01104942402E+00 9.05224398881E+35
 1.53800659571E+12 1.71302617242E+30 1.01105434941E+00 9.09337854942E+35
 1.54500417362E+12 1.71979543792E+30 1.01105928335E+00 9.13470003076E+35
 1.55203358375E+12 1.72660725117E+30 1.01106422583E+00 9.17620928222E+35
 1.55909497098E+12 1.73346187961E+30 1.01106917689E+00 9.21790715706E+35
 1.56618848083E+12 1.74035959234E+30 1.01107413653E+00 9.25979451240E+35
 1.57331425948E+12 1.74730066016E+30 1.01107910476E+00 9.30187220928E+35
 1.58047245379E+12 1.75428535559E+30 1.01108408161E+00 9.34414111261E+35
 1.58766321128E+12 1.76131395284E+30 1.01108906708E+00 9.38660209128E+35
 1.59488668015E+12 1.76838672785E+30 1.01109406120E+00 9.42925601810E+35
 1.60214300926E+12 1.77550395831E+30 1.01109906397E+00 9.47210376984E+35
 1.60943234816E+12 1.78266592362E+30 1.01110407541E+00 9.51514622728E+35
 1.61675484708E+12 1.78987290498E+30 1.01110909554E+00 9.55838427518E+35
 1.62411065692E+12 1.79712518531E+30 1.01111412438E+00 9.60181880233E+35
 1.63149992930E+12 1.80442304936E+30 1.01111916193E+00 9.64545070155E+35
 1.63892281649E+12 1.81176678363E+30 1.01112420821E+00 9.68928086973E+35
 1.64637947149E+12 1.81915667643E+30 1.01112926324E+00 9.73331020783E+35
 1.65387004796E+12 1.82659301789E+30 1.01113432703E+00 9.77753962091E+35
 1.66139470029E+12 1.83407609997E+30 1.01113939960E+00 9.82197001813E+35
 1.66895358357E+12 1.84160621644E+30 1.01114448096E+00 9.86660231278E+35
 1.67654685357E+12 1.84918366294E+30 1.01114957114E+00 9.91143742232E+35
 1.68417466680E+12 1.85680873696E+30 1.01115467013E+00 9.95647626837E+35
 1.69183718047E+12 1.86448173785E+30 1.01115977796E+00 1.00017197767E+36
 1.69953455250E+12 1.87220296687E+30 1.01116489465E+00 1.00471688774E+36
 1.70726694154E+12 1.87997272713E+30 1.01117002021E+00 1.00928245046E+36
 1.71503450696E+12 1.88779132369E+30 1.01117515465E+00 1.01386875969E+36
 1.72283740885E+12 1.89565906349E+30 1.01118029799E+00 1.01847590969E+36
 1.73067580803E+12 1.90357625544E+30 1.01118545025E+00 1.02310399518E+36
 1.73854986607E+12 1.91154321034E+30 1.01119061144E+00 1.02775311128E+36
 1.74645974524E+12 1.91956024099E+30 1.01119578157E+00 1.03242335357E+36
 1.75440560858E+12 1.92762766214E+30 1.01120096067E+00 1.03711481803E+36
 1.76238761986E+12 1.93574579050E+30 1.01120614874E+00 1.04182760112E+36
 1.77040594361E+12 1.94391494481E+30 1.01121134581E+00 1.04656179969E+36
 1.77846074508E+12 1.95213544576E+30 1.01121655189E+00 1.05131751108E+36
 1.78655219029E+12 1.96040761611E+30 1.01122176699E+00 1.05609483302E+36
 1.79468044603E+12 1.96873178062E+30 1.01122699113E+00 1.06089386374E+36
 1.80284567983E+12 1.97710826608E+30 1.01123222433E+00 1.06571470186E+36
 1.81104805999E+12 1.98553740137E+30 1.01123746659E+00 1.07055744649E+36
 1.81928775556E+12 1.99401951741E+30 1.01124271795E+00 1.07542219718E+36
 1.82756493640E+12 2.00255494720E+30 1.01124797841E+00 1.08030905392E+36
 1.83587977310E+12 2.01114402585E+30 1.01125324798E+00 1.08521811717E+36
 1.84423243704E+12 2.01978709056E+30 1.01125852669E+00 1.09014948783E+36
 1.85262310041E+12 2.02848448066E+30 1.01126381455E+00 1.09510326727E+36
 1.86105193614E+12 2.03723653760E+30 1.01126911158E+00 1.10007955732E+36
 1.86951911797E+12 2.04604360499E+30 1.01127441779E+00 1.10507846028E+36
 1.87802482043E+12 2.05490602860E+30 1.01127973320E+00 1.11010007889E+36
 1.88656921885E+12 2.06382415636E+30 1.01128505782E+00 1.11514451638E+36
 1.89515248934E+12 2.07279833840E+30 1.01129039167E+00 1.12021187645E+36
 1.90377480884E+12 2.08182892704E+30 1.01129573476E+00 1.12530226325E+36
 1.91243635506E+12 2.09091627682E+30 1.01130108712E+00 1.13041578142E+36
 1.92113730656E+12 2.10006074451E+30 1.01130644876E+00 1.13555253608E+36
 1.92987784268E+12 2.10926268913E+30 1.01131181969E+00 1.14071263281E+36
 1.93865814359E+12 2.11852247193E+30 1.01131719993E+00 1.14589617769E+36
 1.94747839028E+12 2.12784045646E+30 1.01132258950E+00 1.15110327725E+36
 1.95633876456E+12 2.13721700853E+30 1.01132798840E+00 1.15633403855E+36
 1.96523944908E+12 2.14665249628E+30 1.01133339667E+00 1.16158856910E+36
 1.97418062731E+12 2.15614729014E+30 1.01133881432E+00 1.16686697692E+36
 1.98316248357E+12 2.16570176287E+30 1.01134424135E+00 1.17216937049E+36
 1.99218520299E+12 2.17531628958E+30 1.01134967779E+00 1.17749585883E+36
 2.00124897157E+12 2.18499124773E+30 1.01135512365E+00 1.18284655141E+36
 2.01035397615E+12 2.19472701716E+30 1.01136057896E+00 1.18822155823E+36
 2.01950040442E+12 2.20452398011E+30 1.01136604372E+00 1.19362098977E+36
 2.02868844493E+12 2.21438252118E+30 1.01137151795E+00 1.19904495702E+36
 2.03791828708E+12 2.22430302744E+30 1.01137700168E+00 1.20449357148E+36
 2.04719012113E+12 2.23428588835E+30 1.01138249490E+00 1.20996694514E+36
 2.05650413822E+12 2.24433149585E+30 1.01138799766E+00 1.21546519051E+36
 2.06586053035E+12 2.25444024433E+30 1.01139350994E+00 1.22098842062E+36
 2.07525949040E+12 2.26461253064E+30 1.01139903179E+00 1.22653674900E+36
 2.08470121213E+12 2.27484875416E+30 1.01140456320E+00 1.23211028969E+36
 2.09418589017E+12 2.28514931675E+30 1.01141010421E+00 1.23770915727E+36
 2.10371372005E+12 2.29551462282E+30 1.01141565482E+00 1.24333346682E+36
 2.11328489818E+12 2.30594507931E+30 1.01142121505E+00 1.24898333396E+36
 2.12289962188E+12 2.31644109571E+30 1.01142678492E+00 1.25465887482E+36
 2.13255808936E+12 2.32700308410E+30 1.01143236444E+00 1.26036020607E+36
 2.14226049973E+12 2.33763145914E+30 1.01143795364E+00 1.26608744490E+36
 2.15200705300E+12 2.34832663810E+30 1.01144355252E+00 1.27184070904E+36
 2.16179795010E+12 2.35908904087E+30 1.01144916111E+00 1.27762011676E+36
 2.17163339289E+12 2.36991908998E+30 1.01145477942E+00 1.28342578684E+36
 2.18151358412E+12 2.38081721061E+30 1.01146040747E+00 1.28925783864E+36
 2.19143872749E+12 2.39178383063E+30 1.01146604528E+00 1.29511639203E+36
 2.20140902761E+12 2.40281938059E+30 1.01147169286E+00 1.30100156744E+36
 2.21142469002E+12 2.41392429373E+30 1.01147735023E+00 1.30691348584E+36
 2.22148592121E+12 2.42509900604E+30 1.01148301740E+00 1.31285226876E+36
 2.23159292861E+12 2.43634395623E+30 1.01148869440E+00 1.31881803827E+36
 2.24174592058E+12 2.44765958578E+30 1.01149438124E+00 1.32481091701E+36
 2.25194510645E+12 2.45904633894E+30 1.01150007794E+00 1.33083102816E+36
 2.26219069648E+12 2.47050466276E+30 1.01150578451E+00 1.33687849547E+36
 2.27248290190E+12 2.48203500707E+30 1.01151150097E+00 1.34295344324E+36
 2.28282193491E+12 2.49363782457E+30 1.01151722735E+00 1.34905599636E+36
 2.29320800866E+12 2.50531357078E+30 1.01152296365E+00 1.35518628027E+36
 2.30364133728E+12 2.51706270409E+30 1.01152870989E+00 1.36134442098E+36
 2.31412213588E+12 2.52888568577E+30 1.01153446609E+00 1.36753054506E+36
 2.32465062055E+12 2.54078297998E+30 1.01154023227E+00 1.37374477970E+36
 2.33522700834E+12 2.55275505381E+30 1.01154600845E+00 1.37998725261E+36
 2.34585151732E+12 2.56480237729E+30 1.01155179464E+00 1.38625809212E+36
 2.35652436654E+12 2.57692542339E+30 1.01155759086E+00 1.39255742713E+36
 2.36724577604E+12 2.58912466805E+30 1.01156339713E+00 1.39888538714E+36
 2.37801596688E+12 2.60140059023E+30 1.01156921346E+00 1.40524210220E+36
 2.38883516111E+12 2.61375367188E+30 1.01157503987E+00 1.41162770300E+36
 2.39970358181E+12 2.62618439796E+30 1.01158087638E+00 1.41804232078E+36
 2.41062145305E+12 2.63869325652E+30 1.01158672301E+00 1.42448608742E+36
 2.42158899995E+12 2.65128073864E+30 1.01159257978E+00 1.43095913536E+36
 2.43260644864E+12 2.66394733852E+30 1.01159844669E+00 1.43746159766E+36
 2.44367402627E+12 2.67669355343E+30 1.01160432378E+00 1.44399360799E+36
 2.45479196104E+12 2.68951988380E+30 1.01161021106E+00 1.45055530061E+36
 2.46596048220E+12 2.70242683319E+30 1.01161610854E+00 1.45714681040E+36
 2.47717982001E+12 2.71541490832E+30 1.01162201624E+00 1.46376827287E+36
 2.48845020581E+12 2.72848461909E+30 1.01162793418E+00 1.47041982411E+36
 2.49977187198E+12 2.74163647863E+30 1.01163386238E+00 1.47710160085E+36
 2.51114505196E+12 2.75487100328E+30 1.01163980086E+00 1.48381374045E+36
 2.52256998026E+12 2.76818871262E+30 1.01164574963E+00 1.49055638087E+36
 2.53404689245E+12 2.78159012951E+30 1.01165170871E+00 1.49732966072E+36
 2.54557602517E+12 2.79507578007E+30 1.01165767813E+00 1.50413371922E+36
 2.55715761615E+12 2.80864619377E+30 1.01166365789E+00 1.51096869624E+36
 2.56879190420E+12 2.82230190336E+30 1.01166964801E+00 1.51783473228E+36
 2.58047912921E+12 2.83604344497E+30 1.01167564852E+00 1.52473196846E+36
 2.59221953216E+12 2.84987135810E+30 1.01168165943E+00 1.53166054657E+36
 2.60401335516E+12 2.86378618562E+30 1.01168768076E+00 1.53862060903E+36
 2.61586084137E+12 2.87778847383E+30 1.01169371253E+00 1.54561229891E+36
 2.62776223510E+12 2.89187877245E+30 1.01169975475E+00 1.55263575993E+36
 2.63971778176E+12 2.90605763468E+30 1.01170580745E+00 1.55969113646E+36
 2.65172772788E+12 2.92032561716E+30 1.01171187064E+00 1.56677857353E+36
 2.66379232110E+12 2.93468328007E+30 1.01171794434E+00 1.57389821682E+36
 2.67591181020E+12 2.94913118708E+30 1.01172402856E+00 1.58105021269E+36
 2.68808644510E+12 2.96366990541E+30 1.01173012334E+00 1.58823470814E+36
 2.70031647684E+12 2.97830000585E+30 1.01173622868E+00 1.59545185087E+36
 2.71260215763E+12 2.99302206278E+30 1.01174234460E+00 1.60270178922E+36
 2.72494374079E+12 3.00783665418E+30 1.01174847112E+00 1.60998467222E+36
 2.73734148083E+12 3.02274436168E+30 1.01175460827E+00 1.61730064958E+36
 2.74979563341E+12 3.03774577054E+30 1.01176075605E+00 1.62464987168E+36
 2.76230645534E+12 3.05284146972E+30 1.01176691448E+00 1.63203248959E+36
 2.77487420463E+12 3.06803205188E+30 1.01177308360E+00 1.63944865507E+36
 2.78749914042E+12 3.08331811340E+30 1.01177926341E+00 1.64689852056E+36
 2.80018152308E+12 3.09870025440E+30 1.01178545392E+00 1.65438223919E+36
 2.81292161412E+12 3.11417907879E+30 1.01179165517E+00 1.66189996480E+36
 2.82571967629E+12 3.12975519426E+30 1.01179786717E+00 1.66945185193E+36
 2.83857597350E+12 3.14542921233E+30 1.01180408994E+00 1.67703805580E+36
 2.85149077087E+12 3.16120174836E+30 1.01181032350E+00 1.68465873235E+36
 2.86446433474E+12 3.17707342158E+30 1.01181656786E+00 1.69231403824E+36
 2.87749693265E+12 3.19304485511E+30 1.01182282304E+00 1.70000413083E+36
 2.89058883337E+12 3.20911667598E+30 1.01182908907E+00 1.70772916818E+36
 2.90374030688E+12 3.22528951517E+30 1.01183536595E+00 1.71548930910E+36
 2.91695162441E+12 3.24156400763E+30 1.01184165372E+00 1.72328471309E+36
 2.93022305840E+12 3.25794079229E+30 1.01184795239E+00 1.73111554041E+36
 2.94355488255E+12 3.27442051210E+30 1.01185426198E+00 1.73898195201E+36
 2.95694737182E+12 3.29100381405E+30 1.01186058250E+00 1.74688410959E+36
 2.97040080238E+12 3.30769134920E+30 1.01186691398E+00 1.75482217560E+36
 2.98391545170E+12 3.32448377270E+30 1.01187325644E+00 1.76279631319E+36
 2.99749159849E+12 3.34138174383E+30 1.01187960989E+00 1.77080668630E+36
 3.01112952275E+12 3.35838592598E+30 1.01188597435E+00 1.77885345957E+36
 3.02482950573E+12 3.37549698675E+30 1.01189234984E+00 1.78693679841E+36
 3.03859182998E+12 3.39271559792E+30 1.01189873639E+00 1.79505686898E+36
 3.05241677933E+12 3.41004243547E+30 1.01190513401E+00 1.80321383820E+36
 3.06630463891E+12 3.42747817967E+30 1.01191154271E+00 1.81140787374E+36
 3.08025569514E+12 3.44502351504E+30 1.01191796253E+00 1.81963914402E+36
 3.09427023575E+12 3.46267913040E+30 1.01192439347E+00 1.82790781826E+36
 3.10834854978E+12 3.48044571891E+30 1.01193083556E+00 1.83621406642E+36
 3.12249092759E+12 3.49832397809E+30 1.01193728882E+00 1.84455805923E+36
 3.13669766086E+12 3.51631460984E+30 1.01194375327E+00 1.85293996822E+36
 3.15096904260E+12 3.53441832046E+30 1.01195022892E+00 1.86135996569E+36
 3.16530536716E+12 3.55263582071E+30 1.01195671579E+00 1.86981822470E+36
 3.17970693021E+12 3.57096782580E+30 1.01196321391E+00 1.87831491913E+36
 3.19417402879E+12 3.58941505544E+30 1.01196972329E+00 1.88685022363E+36
 3.20870696130E+12 3.60797823387E+30 1.01197624396E+00 1.89542431366E+36
 3.22330602747E+12 3.62665808988E+30 1.01198277593E+00 1.90403736545E+36
 3.23797152841E+12 3.64545535684E+30 1.01198931923E+00 1.91268955606E+36
 3.25270376661E+12 3.66437077272E+30 1.01199587386E+00 1.92138106333E+36
 3.26750304594E+12 3.68340508014E+30 1.01200243986E+00 1.93011206593E+36
 3.28236967163E+12 3.70255902639E+30 1.01200901724E+00 1.93888274333E+36
 3.29730395033E+12 3.72183336345E+30 1.01201560602E+00 1.94769327581E+36
 3.31230619007E+12 3.74122884803E+30 1.01202220622E+00 1.95654384449E+36
 3.32737670028E+12 3.76074624159E+30 1.01202881786E+00 1.96543463129E+36
 3.34251579183E+12 3.78038631037E+30 1.01203544096E+00 1.97436581896E+36
 3.35772377696E+12 3.80014982546E+30 1.01204207555E+00 1.98333759110E+36
 3.37300096937E+12 3.82003756276E+30 1.01204872163E+00 1.99235013213E+36
 3.38834768418E+12 3.84005030305E+30 1.01205537924E+00 2.00140362731E+36
 3.40376423793E+12 3.86018883205E+30 1.01206204838E+00 2.01049826273E+36
 3.41925094863E+12 3.88045394038E+30 1.01206872909E+00 2.01963422534E+36
 3.43480813571E+12 3.90084642366E+30 1.01207542138E+00 2.02881170294E+36
 3.45043612008E+12 3.92136708248E+30 1.01208212526E+00 2.03803088418E+36
 3.46613522410E+12 3.94201672249E+30 1.01208884077E+00 2.04729195856E+36
 3.48190577160E+12 3.96279615438E+30 1.01209556792E+00 2.05659511646E+36
 3.49774808788E+12 3.98370619396E+30 1.01210230673E+00 2.06594054910E+36
 3.51366249974E+12 4.00474766216E+30 1.01210905722E+00 2.07532844859E+36
 3.52964933546E+12 4.02592138505E+30 1.01211581941E+00 2.08475900790E+36
 3.54570892480E+12 4.04722819391E+30 1.01212259333E+00 2.09423242089E+36
 3.56184159905E+12 4.06866892526E+30 1.01212937898E+00 2.10374888228E+36
 3.57804769099E+12 4.09024442084E+30 1.01213617640E+00 2.11330858770E+36
 3.59432753492E+12 4.11195552771E+30 1.01214298560E+00 2.12291173365E+36
 3.61068146667E+12 4.13380309825E+30 1.01214980661E+00 2.13255851753E+36
 3.62710982360E+12 4.15578799019E+30 1.01215663944E+00 2.14224913763E+36
 3.64361294460E+12 4.17791106664E+30 1.01216348411E+00 2.15198379316E+36
 3.66019117011E+12 4.20017319617E+30 1.01217034064E+00 2.16176268422E+36
 3.67684484212E+12 4.22257525278E+30 1.01217720907E+00 2.17158601181E+36
 3.69357430417E+12 4.24511811597E+30 1.01218408940E+00 2.18145397786E+36
 3.71037990139E+12 4.26780267077E+30 1.01219098165E+00 2.19136678523E+36
 3.72726198046E+12 4.29062980778E+30 1.01219788585E+00 2.20132463766E+36
 3.74422088964E+12 4.31360042318E+30 1.01220480202E+00 2.21132773986E+36
 3.76125697879E+12 4.33671541881E+30 1.01221173018E+00 2.22137629744E+36
 3.77837059935E+12 4.35997570214E+30 1.01221867035E+00 2.23147051695E+36
 3.79556210439E+12 4.38338218638E+30 1.01222562255E+00 2.24161060590E+36
 3.81283184854E+12 4.40693579046E+30 1.01223258680E+00 2.25179677272E+36
 3.83018018810E+12 4.43063743910E+30 1.01223956312E+00 2.26202922678E+36
 3.84760748095E+12 4.45448806282E+30 1.01224655153E+00 2.27230817844E+36
 3.86511408663E+12 4.47848859798E+30 1.01225355206E+00 2.28263383897E+36
 3.88270036630E+12 4.50263998686E+30 1.01226056473E+00 2.29300642063E+36
 3.90036668278E+12 4.52694317762E+30 1.01226758955E+00 2.30342613664E+36
 3.91811340054E+12 4.55139912442E+30 1.01227462654E+00 2.31389320117E+36
 3.93594088571E+12 4.57600878738E+30 1.01228167574E+00 2.32440782940E+36
 3.95384950608E+12 4.60077313268E+30 1.01228873715E+00 2.33497023744E+36
 3.97183963112E+12 4.62569313256E+30 1.01229581080E+00 2.34558064243E+36
 3.98991163200E+12 4.65076976539E+30 1.01230289672E+00 2.35623926246E+36
 4.00806588155E+12 4.67600401566E+30 1.01230999492E+00 2.36694631663E+36
 4.02630275434E+12 4.70139687407E+30 1.01231710542E+00 2.37770202503E+36
 4.04462262661E+12 4.72694933755E+30 1.01232422825E+00 2.38850660875E+36
 4.06302587634E+12 4.75266240927E+30 1.01233136342E+00 2.39936028989E+36
 4.08151288321E+12 4.77853709873E+30 1.01233851097E+00 2.41026329155E+36
 4.10008402865E+12 4.80457442176E+30 1.01234567090E+00 2.42121583786E+36
 4.11873969582E+12 4.83077540060E+30 1.01235284325E+00 2.43221815394E+36
 4.13748026964E+12 4.85714106387E+30 1.01236002802E+00 2.44327046596E+36
 4.15630613675E+12 4.88367244671E+30 1.01236722525E+00 2.45437300111E+36
 4.17521768559E+12 4.91037059073E+30 1.01237443496E+00 2.46552598761E+36
 4.19421530634E+12 4.93723654409E+30 1.01238165717E+00 2.47672965471E+36
 4.21329939099E+12 4.96427136154E+30 1.01238889189E+00 2.48798423271E+36
 4.23247033329E+12 4.99147610448E+30 1.01239613916E+00 2.49928995297E+36
 4.25172852880E+12 5.01885184095E+30 1.01240339898E+00 2.51064704787E+36
 4.27107437487E+12 5.04639964573E+30 1.01241067139E+00 2.52205575087E+36
 4.29050827067E+12 5.07412060033E+30 1.01241795641E+00 2.53351629648E+36
 4.31003061720E+12 5.10201579308E+30 1.01242525406E+00 2.54502892029E+36
 4.32964181725E+12 5.13008631915E+30 1.01243256435E+00 2.55659385894E+36
 4.34934227549E+12 5.15833328056E+30 1.01243988732E+00 2.56821135015E+36
 4.36913239841E+12 5.18675778631E+30 1.01244722298E+00 2.57988163275E+36
 4.38901259436E+12 5.21536095233E+30 1.01245457136E+00 2.59160494660E+36
 4.40898327355E+12 5.24414390157E+30 1.01246193248E+00 2.60338153270E+36
 4.42904484805E+12 5.27310776406E+30 1.01246930635E+00 2.61521163313E+36
 4.44919773184E+12 5.30225367691E+30 1.01247669301E+00 2.62709549105E+36
 4.46944234074E+12 5.33158278438E+30 1.01248409247E+00 2.63903335074E+36
 4.48977909250E+12 5.36109623794E+30 1.01249150476E+00 2.65102545761E+36
 4.51020840676E+12 5.39079519627E+30 1.01249892990E+00 2.66307205816E+36
 4.53073070509E+12 5.42068082536E+30 1.01250636790E+00 2.67517340000E+36
 4.55134641095E+12 5.45075429851E+30 1.01251381880E+00 2.68732973190E+36
 4.57205594976E+12 5.48101679640E+30 1.01252128262E+00 2.69954130373E+36
 4.59285974887E+12 5.51146950713E+30 1.01252875937E+00 2.71180836652E+36
 4.61375823757E+12 5.54211362628E+30 1.01253624909E+00 2.72413117242E+36
 4.63475184711E+12 5.57295035692E+30 1.01254375179E+00 2.73650997473E+36
 4.65584101071E+12 5.60398090971E+30 1.01255126749E+00 2.74894502791E+36
 4.67702616357E+12 5.63520650290E+30 1.01255879622E+00 2.76143658757E+36
 4.69830774285E+12 5.66662836240E+30 1.01256633800E+00 2.77398491049E+36
 4.71968618774E+12 5.69824772183E+30 1.01257389286E+00 2.78659025459E+36
 4.74116193940E+12 5.73006582257E+30 1.01258146081E+00 2.79925287901E+36
 4.76273544102E+12 5.76208391378E+30 1.01258904188E+00 2.81197304401E+36
 4.78440713779E+12 5.79430325250E+30 1.01259663609E+00 2.82475101108E+36
 4.80617747695E+12 5.82672510365E+30 1.01260424346E+00 2.83758704288E+36
 4.82804690777E+12 5.85935074011E+30 1.01261186402E+00 2.85048140325E+36
 4.85001588158E+12 5.89218144276E+30 1.01261949779E+00 2.86343435726E+36
 4.87208485173E+12 5.92521850052E+30 1.01262714479E+00 2.87644617115E+36
 4.89425427369E+12 5.95846321044E+30 1.01263480505E+00 2.88951711240E+36
 4.91652460496E+12 5.99191687768E+30 1.01264247859E+00 2.90264744969E+36
 4.93889630515E+12 6.02558081564E+30 1.01265016543E+00 2.91583745292E+36
 4.96136983597E+12 6.05945634597E+30 1.01265786559E+00 2.92908739322E+36
 4.98394566121E+12 6.09354479860E+30 1.01266557910E+00 2.94239754295E+36
 5.00662424680E+12 6.12784751186E+30 1.01267330598E+00 2.95576817572E+36
 5.02940606077E+12 6.16236583245E+30 1.01268104626E+00 2.96919956635E+36
 5.05229157332E+12 6.19710111556E+30 1.01268879995E+00 2.98269199096E+36
 5.07528125674E+12 6.23205472491E+30 1.01269656708E+00 2.99624572687E+36
 5.09837558553E+12 6.26722803275E+30 1.01270434768E+00 3.00986105271E+36
 5.12157503630E+12 6.30262241999E+30 1.01271214177E+00 3.02353824834E+36
 5.14488008789E+12 6.33823927622E+30 1.01271994936E+00 3.03727759490E+36
 5.16829122126E+12 6.37407999974E+30 1.01272777049E+00 3.05107937482E+36
 5.19180891962E+12 6.41014599765E+30 1.01273560517E+00 3.06494387180E+36
 5.21543366835E+12 6.44643868591E+30 1.01274345344E+00 3.07887137084E+36
 5.23916595504E+12 6.48295948935E+30 1.01275131531E+00 3.09286215822E+36
 5.26300626953E+12 6.51970984179E+30 1.01275919081E+00 3.10691652154E+36
 5.28695510386E+12 6.55669118604E+30 1.01276707996E+00 3.12103474970E+36
 5.31101295234E+12 6.59390497397E+30 1.01277498279E+00 3.13521713290E+36
 5.33518031152E+12 6.63135266660E+30 1.01278289931E+00 3.14946396267E+36
 5.35945768022E+12 6.66903573412E+30 1.01279082956E+00 3.16377553187E+36
 5.38384555953E+12 6.70695565597E+30 1.01279877355E+00 3.17815213468E+36
 5.40834445283E+12 6.74511392086E+30 1.01280673132E+00 3.19259406662E+36
 5.43295486578E+12 6.78351202690E+30 1.01281470287E+00 3.20710162456E+36
 5.45767730636E+12 6.82215148159E+30 1.01282268825E+00 3.22167510671E+36
 5.48251228486E+12 6.86103380191E+30 1.01283068747E+00 3.23631481263E+36
 5.50746031391E+12 6.90016051436E+30 1.01283870055E+00 3.25102104326E+36
 5.53252190845E+12 6.93953315508E+30 1.01284672753E+00 3.26579410089E+36
 5.55769758580E+12 6.97915326981E+30 1.01285476842E+00 3.28063428919E+36
 5.58298786561E+12 7.01902241403E+30 1.01286282324E+00 3.29554191322E+36
 5.60839326992E+12 7.05914215302E+30 1.01287089203E+00 3.31051727941E+36
 5.63391432313E+12 7.09951406186E+30 1.01287897481E+00 3.32556069559E+36
 5.65955155205E+12 7.14013972555E+30 1.01288707160E+00 3.34067247098E+36
 5.68530548588E+12 7.18102073904E+30 1.01289518242E+00 3.35585291623E+36
 5.71117665625E+12 7.22215870733E+30 1.01290330730E+00 3.37110234337E+36
 5.73716559718E+12 7.26355524548E+30 1.01291144627E+00 3.38642106587E+36
 5.76327284517E+12 7.30521197871E+30 1.01291959934E+00 3.40180939861E+36
 5.78949893912E+12 7.34713054247E+30 1.01292776655E+00 3.41726765792E+36
 5.81584442042E+12 7.38931258247E+30 1.01293594791E+00 3.43279616154E+36
 5.84230983292E+12 7.43175975478E+30 1.01294414346E+00 3.44839522868E+36
 5.86889572295E+12 7.47447372586E+30 1.01295235321E+00 3.46406517999E+36
 5.89560263932E+12 7.51745617265E+30 1.01296057719E+00 3.47980633757E+36
 5.92243113335E+12 7.56070878266E+30 1.01296881543E+00 3.49561902500E+36
 5.94938175888E+12 7.60423325396E+30 1.01297706795E+00 3.51150356731E+36
 5.97645507227E+12 7.64803129533E+30 1.01298533478E+00 3.52746029102E+36
 6.00365163241E+12 7.69210462626E+30 1.01299361593E+00 3.54348952414E+36
 6.03097200076E+12 7.73645497708E+30 1.01300191144E+00 3.55959159615E+36
 6.05841674131E+12 7.78108408896E+30 1.01301022133E+00 3.57576683805E+36
 6.08598642065E+12 7.82599371406E+30 1.01301854562E+00 3.59201558233E+36
 6.11368160793E+12 7.87118561550E+30 1.01302688434E+00 3.60833816299E+36
 6.14150287491E+12 7.91666156753E+30 1.01303523752E+00 3.62473491556E+36
 6.16945079595E+12 7.96242335551E+30 1.01304360518E+00 3.64120617708E+36
 6.19752594804E+12 8.00847277606E+30 1.01305198734E+00 3.65775228613E+36
 6.22572891079E+12 8.05481163706E+30 1.01306038403E+00 3.67437358282E+36
 6.25406026645E+12 8.10144175779E+30 1.01306879528E+00 3.69107040883E+36
 6.28252059994E+12 8.14836496891E+30 1.01307722110E+00 3.70784310736E+36
 6.31111049883E+12 8.19558311265E+30 1.01308566154E+00 3.72469202318E+36
 6.33983055338E+12 8.24309804278E+30 1.01309411660E+00 3.74161750265E+36
 6.36868135655E+12 8.29091162472E+30 1.01310258632E+00 3.75861989367E+36
 6.39766350397E+12 8.33902573563E+30 1.01311107072E+00 3.77569954575E+36
 6.42677759404E+12 8.38744226447E+30 1.01311956983E+00 3.79285680996E+36
 6.45602422783E+12 8.43616311206E+30 1.01312808367E+00 3.81009203898E+36
 6.48540400919E+12 8.48519019118E+30 1.01313661227E+00 3.82740558710E+36
 6.51491754472E+12 8.53452542662E+30 1.01314515565E+00 3.84479781021E+36
 6.54456544377E+12 8.58417075529E+30 1.01315371384E+00 3.86226906582E+36
 6.57434831849E+12 8.63412812624E+30 1.01316228687E+00 3.87981971306E+36
 6.60426678379E+12 8.68439950081E+30 1.01317087475E+00 3.89745011269E+36
 6.63432145742E+12 8.73498685263E+30 1.01317947753E+00 3.91516062713E+36
 6.66451295992E+12 8.78589216777E+30 1.01318809522E+00 3.93295162043E+36
 6.69484191467E+12 8.83711744475E+30 1.01319672784E+00 3.95082345828E+36
 6.72530894791E+12 8.88866469468E+30 1.01320537543E+00 3.96877650807E+36
 6.75591468870E+12 8.94053594129E+30 1.01321403801E+00 3.98681113882E+36
 6.78665976900E+12 8.99273322105E+30 1.01322271560E+00 4.00492772125E+36
 6.81754482364E+12 9.04525858321E+30 1.01323140824E+00 4.02312662776E+36
 6.84857049034E+12 9.09811408991E+30 1.01324011594E+00 4.04140823244E+36
 6.87973740973E+12 9.15130181626E+30 1.01324883874E+00 4.05977291109E+36
 6.91104622538E+12 9.20482385039E+30 1.01325757666E+00 4.07822104120E+36
 6.94249758376E+12 9.25868229357E+30 1.01326632972E+00 4.09675300198E+36
 6.97409213433E+12 9.31287926029E+30 1.01327509796E+00 4.11536917437E+36
 7.00583052948E+12 9.36741687830E+30 1.01328388140E+00 4.13406994105E+36
 7.03771342458E+12 9.42229728875E+30 1.01329268006E+00 4.15285568641E+36
 7.06974147801E+12 9.47752264624E+30 1.01330149397E+00 4.17172679662E+36
 7.10191535113E+12 9.53309511890E+30 1.01331032317E+00 4.19068365958E+36
 7.13423570832E+12 9.58901688850E+30 1.01331916766E+00 4.20972666496E+36
 7.16670321700E+12 9.64529015054E+30 1.01332802749E+00 4.22885620420E+36
 7.19931854762E+12 9.70191711428E+30 1.01333690268E+00 4.24807267053E+36
 7.23208237371E+12 9.75890000289E+30 1.01334579325E+00 4.26737645896E+36
 7.26499537184E+12 9.81624105353E+30 1.01335469923E+00 4.28676796628E+36
 7.29805822170E+12 9.87394251738E+30 1.01336362065E+00 4.30624759110E+36
 7.33127160605E+12 9.93200665981E+30 1.01337255754E+00 4.32581573385E+36
 7.36463621079E+12 9.99043576040E+30 1.01338150991E+00 4.34547279675E+36
 7.39815272492E+12 1.00492321131E+31 1.01339047781E+00 4.36521918387E+36
 7.43182184062E+12 1.01083980262E+31 1.01339946125E+00 4.38505530111E+36
 7.46564425319E+12 1.01679358225E+31 1.01340846026E+00 4.40498155622E+36
 7.49962066112E+12 1.02278478396E+31 1.01341747487E+00 4.42499835880E+36
 7.53375176608E+12 1.02881364295E+31 1.01342650511E+00 4.44510612030E+36
 7.56803827295E+12 1.03488039592E+31 1.01343555100E+00 4.46530525406E+36
 7.60248088981E+12 1.04098528105E+31 1.01344461257E+00 4.48559617527E+36
 7.63708032798E+12 1.04712853801E+31 1.01345368985E+00 4.50597930104E+36
 7.67183730203E+12 1.05331040799E+31 1.01346278286E+00 4.52645505036E+36
 7.70675252978E+12 1.05953113369E+31 1.01347189163E+00 4.54702384411E+36
 7.74182673232E+12 1.06579095933E+31 1.01348101620E+00 4.56768610511E+36
 7.77706063404E+12 1.07209013067E+31 1.01349015658E+00 4.58844225807E+36
 7.81245496262E+12 1.07842889502E+31 1.01349931280E+00 4.60929272967E+36
 7.84801044908E+12 1.08480750123E+31 1.01350848490E+00 4.63023794849E+36
 7.88372782775E+12 1.09122619974E+31 1.01351767290E+00 4.65127834507E+36
 7.91960783634E+12 1.09768524253E+31 1.01352687682E+00 4.67241435192E+36
 7.95565121589E+12 1.10418488319E+31 1.01353609670E+00 4.69364640351E+36
 7.99185871085E+12 1.11072537689E+31 1.01354533255E+00 4.71497493627E+36
 8.02823106905E+12 1.11730698042E+31 1.01355458442E+00 4.73640038862E+36
 8.06476904173E+12 1.12392995216E+31 1.01356385233E+00 4.75792320099E+36
 8.10147338356E+12 1.13059455213E+31 1.01357313630E+00 4.77954381578E+36
 8.13834485267E+12 1.13730104199E+31 1.01358243637E+00 4.80126267742E+36
 8.17538421062E+12 1.14404968502E+31 1.01359175255E+00 4.82308023237E+36
 8.21259222246E+12 1.15084074619E+31 1.01360108488E+00 4.84499692909E+36
 8.24996965672E+12 1.15767449210E+31 1.01361043340E+00 4.86701321809E+36
 8.28751728545E+12 1.16455119105E+31 1.01361979811E+00 4.88912955195E+36
 8.32523588421E+12 1.17147111302E+31 1.01362917906E+00 4.91134638527E+36
 8.36312623210E+12 1.17843452968E+31 1.01363857627E+00 4.93366417474E+36
 8.40118911178E+12 1.18544171442E+31 1.01364798977E+00 4.95608337911E+36
 8.43942530948E+12 1.19249294233E+31 1.01365741959E+00 4.97860445923E+36
 8.47783561501E+12 1.19958849025E+31 1.01366686575E+00 5.00122787803E+36
 8.51642082178E+12 1.20672863674E+31 1.01367632829E+00 5.02395410056E+36
 8.55518172683E+12 1.21391366214E+31 1.01368580723E+00 5.04678359396E+36
 8.59411913084E+12 1.22114384851E+31 1.01369530260E+00 5.06971682752E+36
 8.63323383812E+12 1.22841947973E+31 1.01370481443E+00 5.09275427264E+36
 8.67252665667E+12 1.23574084142E+31 1.01371434275E+00 5.11589640287E+36
 8.71199839818E+12 1.24310822103E+31 1.01372388758E+00 5.13914369392E+36
 8.75164987802E+12 1.25052190779E+31 1.01373344897E+00 5.16249662365E+36
 8.79148191529E+12 1.25798219277E+31 1.01374302692E+00 5.18595567209E+36
 8.83149533284E+12 1.26548936886E+31 1.01375262148E+00 5.20952132147E+36
 8.87169095726E+12 1.27304373078E+31 1.01376223267E+00 5.23319405618E+36
 8.91206961892E+12 1.28064557513E+31 1.01377186051E+00 5.25697436285E+36
 8.95263215196E+12 1.28829520034E+31 1.01378150505E+00 5.28086273028E+36
 8.99337939435E+12 1.29599290675E+31 1.01379116631E+00 5.30485964954E+36
 9.03431218786E+12 1.30373899655E+31 1.01380084431E+00 5.32896561387E+36
 9.07543137813E+12 1.31153377388E+31 1.01381053909E+00 5.35318111881E+36
 9.11673781462E+12 1.31937754473E+31 1.01382025067E+00 5.37750666212E+36
 9.15823235070E+12 1.32727061707E+31 1.01382997909E+00 5.40194274382E+36
 9.19991584362E+12 1.33521330077E+31 1.01383972438E+00 5.42648986622E+36
 9.24178915453E+12 1.34320590766E+31 1.01384948655E+00 5.45114853390E+36
 9.28385314852E+12 1.35124875153E+31 1.01385926565E+00 5.47591925374E+36
 9.32610869464E+12 1.35934214814E+31 1.01386906170E+00 5.50080253491E+36
 9.36855666588E+12 1.36748641524E+31 1.01387887473E+00 5.52579888892E+36
 9.41119793922E+12 1.37568187256E+31 1.01388870476E+00 5.55090882956E+36
 9.45403339566E+12 1.38392884187E+31 1.01389855184E+00 5.57613287301E+36
 9.49706392020E+12 1.39222764693E+31 1.01390841599E+00 5.60147153776E+36
 9.54029040188E+12 1.40057861357E+31 1.01391829724E+00 5.62692534465E+36
 9.58371373380E+12 1.40898206962E+31 1.01392819561E+00 5.65249481692E+36
 9.62733481314E+12 1.41743834502E+31 1.01393811115E+00 5.67818048016E+36
 9.67115454116E+12 1.42594777176E+31 1.01394804387E+00 5.70398286235E+36
 9.71517382326E+12 1.43451068391E+31 1.01395799381E+00 5.72990249388E+36
 9.75939356893E+12 1.44312741765E+31 1.01396796099E+00 5.75593990756E+36
 9.80381469184E+12 1.45179831128E+31 1.01397794546E+00 5.78209563858E+36
 9.84843810982E+12 1.46052370522E+31 1.01398794723E+00 5.80837022462E+36
 9.89326474490E+12 1.46930394202E+31 1.01399796634E+00 5.83476420575E+36
 9.93829552329E+12 1.47813936638E+31 1.01400800281E+00 5.86127812452E+36
 9.98353137545E+12 1.48703032520E+31 1.01401805668E+00 5.88791252596E+36
 1.00289732361E+13 1.49597716753E+31 1.01402812798E+00 5.91466795753E+36
 1.00746220441E+13 1.50498024462E+31 1.01403821674E+00 5.94154496923E+36
 1.01204787429E+13 1.51403990993E+31 1.01404832299E+00 5.96854411352E+36
 1.01665442799E+13 1.52315651914E+31 1.01405844675E+00 5.99566594540E+36
 1.02128196069E+13 1.53233043017E+31 1.01406858807E+00 6.02291102237E+36
 1.02593056803E+13 1.54156200319E+31 1.01407874696E+00 6.05027990447E+36
 1.03060034606E+13 1.55085160062E+31 1.01408892346E+00 6.07777315429E+36
 1.03529139128E+13 1.56019958717E+31 1.01409911761E+00 6.10539133697E+36
 1.04000380063E+13 1.56960632985E+31 1.01410932942E+00 6.13313502023E+36
 1.04473767147E+13 1.57907219796E+31 1.01411955894E+00 6.16100477435E+36
 1.04949310165E+13 1.58859756313E+31 1.01412980618E+00 6.18900117221E+36
 1.05427018942E+13 1.59818279933E+31 1.01414007119E+00 6.21712478931E+36
 1.05906903351E+13 1.60782828287E+31 1.01415035400E+00 6.24537620374E+36
 1.06388973309E+13 1.61753439243E+31 1.01416065463E+00 6.27375599623E+36
 1.06873238777E+13 1.62730150908E+31 1.01417097311E+00 6.30226475015E+36
 1.07359709763E+13 1.63713001626E+31 1.01418130948E+00 6.33090305150E+36
 1.07848396321E+13 1.64702029984E+31 1.01419166377E+00 6.35967148899E+36
 1.08339308550E+13 1.65697274812E+31 1.01420203600E+00 6.38857065395E+36
 1.08832456595E+13 1.66698775183E+31 1.01421242622E+00 6.41760114043E+36
 1.09327850648E+13 1.67706570416E+31 1.01422283444E+00 6.44676354518E+36
 1.09825500946E+13 1.68720700076E+31 1.01423326071E+00 6.47605846764E+36
 1.10325417775E+13 1.69741203977E+31 1.01424370505E+00 6.50548651000E+36
 1.10827611466E+13 1.70768122186E+31 1.01425416750E+00 6.53504827716E+36
 1.11332092398E+13 1.71801495019E+31 1.01426464808E+00 6.56474437680E+36
 1.11838870997E+13 1.72841363045E+31 1.01427514683E+00 6.59457541933E+36
 1.12347957738E+13 1.73887767090E+31 1.01428566378E+00 6.62454201796E+36
 1.12859363141E+13 1.74940748235E+31 1.01429619895E+00 6.65464478866E+36
 1.13373097777E+13 1.76000347820E+31 1.01430675239E+00 6.68488435022E+36
 1.13889172264E+13 1.77066607446E+31 1.01431732413E+00 6.71526132424E+36
 1.14407597267E+13 1.78139568973E+31 1.01432791418E+00 6.74577633513E+36
 1.14928383502E+13 1.79219274526E+31 1.01433852260E+00 6.77643001016E+36
 1.15451541733E+13 1.80305766494E+31 1.01434914940E+00 6.80722297943E+36
 1.15977082772E+13 1.81399087532E+31 1.01435979463E+00 6.83815587591E+36
 1.16505017483E+13 1.82499280564E+31 1.01437045831E+00 6.86922933545E+36
 1.17035356777E+13 1.83606388783E+31 1.01438114047E+00 6.90044399678E+36
 1.17568111616E+13 1.84720455655E+31 1.01439184115E+00 6.93180050155E+36
 1.18103293013E+13 1.85841524917E+31 1.01440256038E+00 6.96329949431E+36
 1.18640912028E+13 1.86969640583E+31 1.01441329819E+00 6.99494162254E+36
 1.19180979774E+13 1.88104846942E+31 1.01442405461E+00 7.02672753667E+36
 1.19723507416E+13 1.89247188562E+31 1.01443482968E+00 7.05865789008E+36
 1.20268506167E+13 1.90396710292E+31 1.01444562342E+00 7.09073333912E+36
 1.20815987292E+13 1.91553457262E+31 1.01445643588E+00 7.12295454313E+36
 1.21365962109E+13 1.92717474884E+31 1.01446726708E+00 7.15532216443E+36
 1.21918441986E+13 1.93888808859E+31 1.01447811705E+00 7.18783686837E+36
 1.22473438344E+13 1.95067505174E+31 1.01448898583E+00 7.22049932330E+36
 1.23030962654E+13 1.96253610102E+31 1.01449987345E+00 7.25331020062E+36
 1.23591026443E+13 1.97447170211E+31 1.01451077995E+00 7.28627017479E+36
 1.24153641287E+13 1.98648232360E+31 1.01452170535E+00 7.31937992332E+36
 1.24718818816E+13 1.99856843703E+31 1.01453264969E+00 7.35264012681E+36
 1.25286570716E+13 2.01073051688E+31 1.01454361300E+00 7.38605146893E+36
 1.25856908721E+13 2.02296904065E+31 1.01455459531E+00 7.41961463649E+36
 1.26429844622E+13 2.03528448882E+31 1.01456559666E+00 7.45333031940E+36
 1.27005390265E+13 2.04767734489E+31 1.01457661708E+00 7.48719921071E+36
 1.27583557546E+13 2.06014809540E+31 1.01458765660E+00 7.52122200661E+36
 1.28164358419E+13 2.07269722995E+31 1.01459871526E+00 7.55539940648E+36
 1.28747804890E+13 2.08532524122E+31 1.01460979309E+00 7.58973211284E+36
 1.29333909022E+13 2.09803262498E+31 1.01462089012E+00 7.62422083144E+36
 1.29922682931E+13 2.11081988014E+31 1.01463200639E+00 7.65886627120E+36
 1.30514138791E+13 2.12368750870E+31 1.01464314193E+00 7.69366914430E+36
 1.31108288828E+13 2.13663601585E+31 1.01465429677E+00 7.72863016614E+36
 1.31705145326E+13 2.14966590995E+31 1.01466547094E+00 7.76375005534E+36
 1.32304720626E+13 2.16277770255E+31 1.01467666449E+00 7.79902953385E+36
 1.32907027124E+13 2.17597190842E+31 1.01468787744E+00 7.83446932683E+36
 1.33512077271E+13 2.18924904556E+31 1.01469910982E+00 7.87007016280E+36
 1.34119883578E+13 2.20260963524E+31 1.01471036168E+00 7.90583277354E+36
 1.34730458612E+13 2.21605420197E+31 1.01472163304E+00 7.94175789418E+36
 1.35343814996E+13 2.22958327361E+31 1.01473292394E+00 7.97784626319E+36
 1.35959965412E+13 2.24319738129E+31 1.01474423441E+00 8.01409862238E+36
 1.36578922599E+13 2.25689705950E+31 1.01475556448E+00 8.05051571696E+36
 1.37200699356E+13 2.27068284610E+31 1.01476691420E+00 8.08709829550E+36
 1.37825308539E+13 2.28455528231E+31 1.01477828359E+00 8.12384710998E+36
 1.38452763061E+13 2.29851491276E+31 1.01478967268E+00 8.16076291580E+36
 1.39083075898E+13 2.31256228551E+31 1.01480108152E+00 8.19784647179E+36
 1.39716260083E+13 2.32669795204E+31 1.01481251014E+00 8.23509854022E+36
 1.40352328707E+13 2.34092246734E+31 1.01482395857E+00 8.27251988684E+36
 1.40991294923E+13 2.35523638984E+31 1.01483542684E+00 8.31011128087E+36
 1.41633171944E+13 2.36964028152E+31 1.01484691499E+00 8.34787349503E+36
 1.42277973042E+13 2.38413470787E+31 1.01485842305E+00 8.38580730555E+36
 1.42925711550E+13 2.39872023793E+31 1.01486995107E+00 8.42391349218E+36
 1.43576400863E+13 2.41339744434E+31 1.01488149906E+00 8.46219283822E+36
 1.44230054436E+13 2.42816690331E+31 1.01489306708E+00 8.50064613053E+36
 1.44886685786E+13 2.44302919470E+31 1.01490465514E+00 8.53927415955E+36
 1.45546308491E+13 2.45798490200E+31 1.01491626330E+00 8.57807771929E+36
 1.46208936192E+13 2.47303461237E+31 1.01492789157E+00 8.61705760740E+36
 1.46874582592E+13 2.48817891665E+31 1.01493954000E+00 8.65621462514E+36
 1.47543261455E+13 2.50341840941E+31 1.01495120863E+00 8.69554957740E+36
 1.48214986610E+13 2.51875368896E+31 1.01496289748E+00 8.73506327274E+36
 1.48889771949E+13 2.53418535734E+31 1.01497460659E+00 8.77475652339E+36
 1.49567631426E+13 2.54971402042E+31 1.01498633600E+00 8.81463014527E+36
 1.50248579059E+13 2.56534028783E+31 1.01499808574E+00 8.85468495802E+36
 1.50932628931E+13 2.58106477307E+31 1.01500985585E+00 8.89492178499E+36
 1.51619795190E+13 2.59688809348E+31 1.01502164636E+00 8.93534145328E+36
 1.52310092045E+13 2.61281087028E+31 1.01503345731E+00 8.97594479373E+36
 1.53003533774E+13 2.62883372859E+31 1.01504528873E+00 9.01673264098E+36
 1.53700134718E+13 2.64495729747E+31 1.01505714066E+00 9.05770583346E+36
 1.54399909284E+13 2.66118220994E+31 1.01506901313E+00 9.09886521339E+36
 1.55102871945E+13 2.67750910297E+31 1.01508090619E+00 9.14021162684E+36
 1.55809037239E+13 2.69393861756E+31 1.01509281986E+00 9.18174592370E+36
 1.56518419772E+13 2.71047139874E+31 1.01510475418E+00 9.22346895775E+36
 1.57231034215E+13 2.72710809557E+31 1.01511670919E+00 9.26538158664E+36
 1.57946895309E+13 2.74384936121E+31 1.01512868493E+00 9.30748467189E+36
 1.58666017858E+13 2.76069585292E+31 1.01514068142E+00 9.34977907898E+36
 1.59388416736E+13 2.77764823209E+31 1.01515269871E+00 9.39226567730E+36
 1.60114106887E+13 2.79470716428E+31 1.01516473682E+00 9.43494534017E+36
 1.60843103318E+13 2.81187331920E+31 1.01517679581E+00 9.47781894493E+36
 1.61575421110E+13 2.82914737081E+31 1.01518887570E+00 9.52088737286E+36
 1.62311075409E+13 2.84652999728E+31 1.01520097653E+00 9.56415150926E+36
 1.63050081432E+13 2.86402188105E+31 1.01521309833E+00 9.60761224346E+36
 1.63792454465E+13 2.88162370885E+31 1.01522524115E+00 9.65127046882E+36
 1.64538209864E+13 2.89933617172E+31 1.01523740501E+00 9.69512708278E+36
 1.65287363055E+13 2.91715996506E+31 1.01524958996E+00 9.73918298682E+36
 1.66039929534E+13 2.93509578862E+31 1.01526179604E+00 9.78343908656E+36
 1.66795924870E+13 2.95314434656E+31 1.01527402327E+00 9.82789629171E+36
 1.67555364699E+13 2.97130634747E+31 1.01528627169E+00 9.87255551612E+36
 1.68318264732E+13 2.98958250439E+31 1.01529854135E+00 9.91741767778E+36
 1.69084640750E+13 3.00797353482E+31 1.01531083227E+00 9.96248369887E+36
 1.69854508607E+13 3.02648016081E+31 1.01532314450E+00 1.00077545058E+37
 1.70627884229E+13 3.04510310893E+31 1.01533547808E+00 1.00532310290E+37
 1.71404783615E+13 3.06384311030E+31 1.01534783303E+00 1.00989142034E+37
 1.72185222836E+13 3.08270090065E+31 1.01536020940E+00 1.01448049681E+37
 1.72969218038E+13 3.10167722035E+31 1.01537260722E+00 1.01909042663E+37
 1.73756785439E+13 3.12077281439E+31 1.01538502654E+00 1.02372130456E+37
 1.74547941333E+13 3.13998843248E+31 1.01539746738E+00 1.02837322579E+37
 1.75342702087E+13 3.15932482900E+31 1.01540992978E+00 1.03304628596E+37
 1.76141084143E+13 3.17878276312E+31 1.01542241379E+00 1.03774058111E+37
 1.76943104019E+13 3.19836299874E+31 1.01543491944E+00 1.04245620774E+37
 1.77748778307E+13 3.21806630457E+31 1.01544744677E+00 1.04719326278E+37
 1.78558123676E+13 3.23789345418E+31 1.01545999581E+00 1.05195184362E+37
 1.79371156870E+13 3.25784522597E+31 1.01547256661E+00 1.05673204805E+37
 1.80187894711E+13 3.27792240325E+31 1.01548515919E+00 1.06153397435E+37
 1.81008354097E+13 3.29812577424E+31 1.01549777360E+00 1.06635772122E+37
 1.81832552003E+13 3.31845613212E+31 1.01551040988E+00 1.07120338782E+37
 1.82660505481E+13 3.33891427507E+31 1.01552306807E+00 1.07607107374E+37
 1.83492231662E+13 3.35950100626E+31 1.01553574819E+00 1.08096087906E+37
 1.84327747756E+13 3.38021713393E+31 1.01554845030E+00 1.08587290429E+37
 1.85167071049E+13 3.40106347139E+31 1.01556117442E+00 1.09080725038E+37
 1.86010218908E+13 3.42204083708E+31 1.01557392060E+00 1.09576401878E+37
 1.86857208779E+13 3.44315005454E+31 1.01558668888E+00 1.10074331138E+37
 1.87708058187E+13 3.46439195254E+31 1.01559947929E+00 1.10574523051E+37
 1.88562784738E+13 3.48576736502E+31 1.01561229187E+00 1.11076987902E+37
 1.89421406117E+13 3.50727713118E+31 1.01562512666E+00 1.11581736017E+37
 1.90283940092E+13 3.52892209550E+31 1.01563798369E+00 1.12088777772E+37
 1.91150404510E+13 3.55070310775E+31 1.01565086302E+00 1.12598123591E+37
 1.92020817302E+13 3.57262102304E+31 1.01566376466E+00 1.13109783942E+37
 1.92895196477E+13 3.59467670188E+31 1.01567668868E+00 1.13623769344E+37
 1.93773560130E+13 3.61687101017E+31 1.01568963509E+00 1.14140090361E+37
 1.94655926437E+13 3.63920481926E+31 1.01570260395E+00 1.14658757607E+37
 1.95542313658E+13 3.66167900596E+31 1.01571559529E+00 1.15179781745E+37
 1.96432740134E+13 3.68429445261E+31 1.01572860915E+00 1.15703173483E+37
 1.97327224294E+13 3.70705204709E+31 1.01574164556E+00 1.16228943580E+37
 1.98225784647E+13 3.72995268287E+31 1.01575470458E+00 1.16757102844E+37
 1.99128439788E+13 3.75299725901E+31 1.01576778623E+00 1.17287662132E+37
 2.00035208399E+13 3.77618668024E+31 1.01578089055E+00 1.17820632349E+37
 2.00946109244E+13 3.79952185698E+31 1.01579401760E+00 1.18356024452E+37
 2.01861161175E+13 3.82300370537E+31 1.01580716739E+00 1.18893849445E+37
 2.02780383129E+13 3.84663314730E+31 1.01582033998E+00 1.19434118384E+37
 2.03703794131E+13 3.87041111045E+31 1.01583353541E+00 1.19976842374E+37
 2.04631413291E+13 3.89433852835E+31 1.01584675371E+00 1.20522032573E+37
 2.05563259807E+13 3.91841634039E+31 1.01585999492E+00 1.21069700185E+37
 2.06499352966E+13 3.94264549185E+31 1.01587325908E+00 1.21619856470E+37
 2.07439712141E+13 3.96702693397E+31 1.01588654624E+00 1.22172512735E+37
 2.08384356795E+13 3.99156162397E+31 1.01589985642E+00 1.22727680342E+37
 2.09333306480E+13 4.01625052507E+31 1.01591318968E+00 1.23285370701E+37
 2.10286580836E+13 4.04109460655E+31 1.01592654606E+00 1.23845595278E+37
 2.11244199593E+13 4.06609484380E+31 1.01593992558E+00 1.24408365586E+37
 2.12206182574E+13 4.09125221831E+31 1.01595332830E+00 1.24973693196E+37
 2.13172549688E+13 4.11656771777E+31 1.01596675425E+00 1.25541589727E+37
 2.14143320939E+13 4.14204233605E+31 1.01598020347E+00 1.26112066852E+37
 2.15118516419E+13 4.16767707329E+31 1.01599367601E+00 1.26685136299E+37
 2.16098156314E+13 4.19347293590E+31 1.01600717190E+00 1.27260809848E+37
 2.17082260903E+13 4.21943093663E+31 1.01602069118E+00 1.27839099330E+37
 2.18070850555E+13 4.24555209458E+31 1.01603423390E+00 1.28420016635E+37
 2.19063945734E+13 4.27183743527E+31 1.01604780010E+00 1.29003573703E+37
 2.20061566996E+13 4.29828799065E+31 1.01606138980E+00 1.29589782529E+37
 2.21063734994E+13 4.32490479918E+31 1.01607500307E+00 1.30178655163E+37
 2.22070470471E+13 4.35168890582E+31 1.01608863994E+00 1.30770203710E+37
 2.23081794268E+13 4.37864136211E+31 1.01610230044E+00 1.31364440330E+37
 2.24097727321E+13 4.40576322621E+31 1.01611598462E+00 1.31961377238E+37
 2.25118290660E+13 4.43305556292E+31 1.01612969252E+00 1.32561026703E+37
 2.26143505413E+13 4.46051944373E+31 1.01614342419E+00 1.33163401053E+37
 2.27173392802E+13 4.48815594687E+31 1.01615717965E+00 1.33768512669E+37
 2.28207974149E+13 4.51596615734E+31 1.01617095897E+00 1.34376373991E+37
 2.29247270872E+13 4.54395116697E+31 1.01618476216E+00 1.34986997512E+37
 2.30291304486E+13 4.57211207445E+31 1.01619858929E+00 1.35600395785E+37
 2.31340096607E+13 4.60044998537E+31 1.01621244038E+00 1.36216581419E+37
 2.32393668946E+13 4.62896601228E+31 1.01622631548E+00 1.36835567079E+37
 2.33452043316E+13 4.65766127471E+31 1.01624021463E+00 1.37457365490E+37
 2.34515241630E+13 4.68653689923E+31 1.01625413788E+00 1.38081989433E+37
 2.35583285898E+13 4.71559401950E+31 1.01626808526E+00 1.38709451747E+37
 2.36656198235E+13 4.74483377629E+31 1.01628205682E+00 1.39339765331E+37
 2.37734000853E+13 4.77425731756E+31 1.01629605259E+00 1.39972943141E+37
 2.38816716069E+13 4.80386579847E+31 1.01631007263E+00 1.40608998192E+37
 2.39904366298E+13 4.83366038144E+31 1.01632411697E+00 1.41247943559E+37
 2.40996974062E+13 4.86364223621E+31 1.01633818565E+00 1.41889792376E+37
 2.42094561982E+13 4.89381253986E+31 1.01635227873E+00 1.42534557836E+37
 2.43197152785E+13 4.92417247688E+31 1.01636639623E+00 1.43182253194E+37
 2.44304769300E+13 4.95472323918E+31 1.01638053820E+00 1.43832891762E+37
 2.45417434462E+13 4.98546602619E+31 1.01639470469E+00 1.44486486916E+37
 2.46535171310E+13 5.01640204488E+31 1.01640889573E+00 1.45143052091E+37
 2.47658002989E+13 5.04753250977E+31 1.01642311137E+00 1.45802600782E+37
 2.48785952748E+13 5.07885864305E+31 1.01643735166E+00 1.46465146547E+37
 2.49919043944E+13 5.11038167459E+31 1.01645161662E+00 1.47130703005E+37
 2.51057300040E+13 5.14210284197E+31 1.01646590632E+00 1.47799283837E+37
 2.52200744607E+13 5.17402339055E+31 1.01648022079E+00 1.48470902787E+37
 2.53349401323E+13 5.20614457354E+31 1.01649456006E+00 1.49145573659E+37
 2.54503293974E+13 5.23846765202E+31 1.01650892420E+00 1.49823310323E+37
 2.55662446456E+13 5.27099389497E+31 1.01652331323E+00 1.50504126709E+37
 2.56826882772E+13 5.30372457938E+31 1.01653772721E+00 1.51188036812E+37
 2.57996627038E+13 5.33666099026E+31 1.01655216617E+00 1.51875054691E+37
 2.59171703476E+13 5.36980442067E+31 1.01656663016E+00 1.52565194467E+37
 2.60352136423E+13 5.40315617182E+31 1.01658111923E+00 1.53258470328E+37
 2.61537950325E+13 5.43671755311E+31 1.01659563340E+00 1.53954896522E+37
 2.62729169740E+13 5.47048988215E+31 1.01661017274E+00 1.54654487367E+37
 2.63925819338E+13 5.50447448483E+31 1.01662473728E+00 1.55357257243E+37
 2.65127923902E+13 5.53867269539E+31 1.01663932707E+00 1.56063220596E+37
 2.66335508328E+13 5.57308585644E+31 1.01665394215E+00 1.56772391936E+37
 2.67548597628E+13 5.60771531905E+31 1.01666858256E+00 1.57484785843E+37
 2.68767216925E+13 5.64256244275E+31 1.01668324835E+00 1.58200416959E+37
 2.69991391459E+13 5.67762859565E+31 1.01669793956E+00 1.58919299995E+37
 2.71221146584E+13 5.71291515443E+31 1.01671265624E+00 1.59641449727E+37
 2.72456507772E+13 5.74842350444E+31 1.01672739843E+00 1.60366881001E+37
 2.73697500609E+13 5.78415503974E+31 1.01674216617E+00 1.61095608728E+37
 2.74944150800E+13 5.82011116314E+31 1.01675695951E+00 1.61827647888E+37
 2.76196484166E+13 5.85629328628E+31 1.01677177850E+00 1.62563013527E+37
 2.77454526647E+13 5.89270282965E+31 1.01678662317E+00 1.63301720763E+37
 2.78718304302E+13 5.92934122270E+31 1.01680149358E+00 1.64043784779E+37
 2.79987843307E+13 5.96620990384E+31 1.01681638976E+00 1.64789220830E+37
 2.81263169960E+13 6.00331032054E+31 1.01683131176E+00 1.65538044237E+37
 2.82544310678E+13 6.04064392934E+31 1.01684625963E+00 1.66290270395E+37
 2.83831292000E+13 6.07821219597E+31 1.01686123341E+00 1.67045914765E+37
 2.85124140584E+13 6.11601659535E+31 1.01687623315E+00 1.67804992880E+37
 2.86422883213E+13 6.15405861168E+31 1.01689125888E+00 1.68567520344E+37
 2.87727546790E+13 6.19233973847E+31 1.01690631067E+00 1.69333512831E+37
 2.89038158341E+13 6.23086147865E+31 1.01692138854E+00 1.70102986085E+37
 2.90354745018E+13 6.26962534456E+31 1.01693649255E+00 1.70875955926E+37
 2.91677334094E+13 6.30863285809E+31 1.01695162274E+00 1.71652438240E+37
 2.93005952969E+13 6.34788555065E+31 1.01696677916E+00 1.72432448991E+37
 2.94340629168E+13 6.38738496330E+31 1.01698196185E+00 1.73216004210E+37
 2.95681390340E+13 6.42713264679E+31 1.01699717086E+00 1.74003120005E+37
 2.97028264264E+13 6.46713016160E+31 1.01701240624E+00 1.74793812555E+37
 2.98381278842E+13 6.50737907803E+31 1.01702766802E+00 1.75588098114E+37
 2.99740462106E+13 6.54788097626E+31 1.01704295626E+00 1.76385993009E+37
 3.01105842215E+13 6.58863744636E+31 1.01705827099E+00 1.77187513640E+37
 3.02477447459E+13 6.62965008846E+31 1.01707361228E+00 1.77992676485E+37
 3.03855306254E+13 6.67092051268E+31 1.01708898016E+00 1.78801498093E+37
 3.05239447149E+13 6.71245033931E+31 1.01710437468E+00 1.79613995090E+37
 3.06629898822E+13 6.75424119881E+31 1.01711979588E+00 1.80430184178E+37
 3.08026690081E+13 6.79629473186E+31 1.01713524382E+00 1.81250082134E+37
 3.09429849869E+13 6.83861258950E+31 1.01715071853E+00 1.82073705813E+37
 3.10839407258E+13 6.88119643312E+31 1.01716622007E+00 1.82901072142E+37
 3.12255391455E+13 6.92404793455E+31 1.01718174847E+00 1.83732198131E+37
 3.13677831800E+13 6.96716877614E+31 1.01719730380E+00 1.84567100864E+37
 3.15106757768E+13 7.01056065080E+31 1.01721288609E+00 1.85405797501E+37
 3.16542198967E+13 7.05422526210E+31 1.01722849539E+00 1.86248305284E+37
 3.17984185141E+13 7.09816432430E+31 1.01724413174E+00 1.87094641531E+37
 3.19432746171E+13 7.14237956245E+31 1.01725979521E+00 1.87944823638E+37
 3.20887912074E+13 7.18687271242E+31 1.01727548582E+00 1.88798869083E+37
 3.22349713005E+13 7.23164552103E+31 1.01729120363E+00 1.89656795419E+37
 3.23818179255E+13 7.27669974603E+31 1.01730694869E+00 1.90518620283E+37
 3.25293341256E+13 7.32203715626E+31 1.01732272104E+00 1.91384361390E+37
 3.26775229577E+13 7.36765953166E+31 1.01733852073E+00 1.92254036537E+37
 3.28263874929E+13 7.41356866334E+31 1.01735434781E+00 1.93127663598E+37
 3.29759308161E+13 7.45976635372E+31 1.01737020232E+00 1.94005260534E+37
 3.31261560264E+13 7.50625441648E+31 1.01738608431E+00 1.94886845382E+37
 3.32770662373E+13 7.55303467676E+31 1.01740199384E+00 1.95772436266E+37
 3.34286645762E+13 7.60010897114E+31 1.01741793094E+00 1.96662051388E+37
 3.35809541850E+13 7.64747914776E+31 1.01743389567E+00 1.97555709036E+37
 3.37339382199E+13 7.69514706635E+31 1.01744988808E+00 1.98453427580E+37
 3.38876198517E+13 7.74311459835E+31 1.01746590820E+00 1.99355225471E+37
 3.40420022653E+13 7.79138362697E+31 1.01748195610E+00 2.00261121249E+37
 3.41970886607E+13 7.83995604724E+31 1.01749803181E+00 2.01171133533E+37
 3.43528822521E+13 7.88883376611E+31 1.01751413539E+00 2.02085281030E+37
 3.45093862687E+13 7.93801870251E+31 1.01753026688E+00 2.03003582531E+37
 3.46666039542E+13 7.98751278744E+31 1.01754642634E+00 2.03926056912E+37
 3.48245385674E+13 8.03731796403E+31 1.01756261380E+00 2.04852723135E+37
 3.49831933818E+13 8.08743618761E+31 1.01757882933E+00 2.05783600248E+37
 3.51425716861E+13 8.13786942584E+31 1.01759507296E+00 2.06718707387E+37
 3.53026767838E+13 8.18861965871E+31 1.01761134476E+00 2.07658063773E+37
 3.54635119936E+13 8.23968887866E+31 1.01762764476E+00 2.08601688715E+37
 3.56250806495E+13 8.29107909068E+31 1.01764397301E+00 2.09549601610E+37
 3.57873861005E+13 8.34279231233E+31 1.01766032956E+00 2.10501821943E+37
 3.59504317113E+13 8.39483057387E+31 1.01767671447E+00 2.11458369288E+37
 3.61142208616E+13 8.44719591831E+31 1.01769312779E+00 2.12419263307E+37
 3.62787569467E+13 8.49989040152E+31 1.01770956955E+00 2.13384523752E+37
 3.64440433776E+13 8.55291609226E+31 1.01772603981E+00 2.14354170465E+37
 3.66100835807E+13 8.60627507233E+31 1.01774253863E+00 2.15328223377E+37
 3.67768809981E+13 8.65996943659E+31 1.01775906604E+00 2.16306702510E+37
 3.69444390878E+13 8.71400129307E+31 1.01777562210E+00 2.17289627979E+37
 3.71127613234E+13 8.76837276306E+31 1.01779220686E+00 2.18277019987E+37
 3.72818511945E+13 8.82308598117E+31 1.01780882037E+00 2.19268898832E+37
 3.74517122067E+13 8.87814309545E+31 1.01782546268E+00 2.20265284901E+37
 3.76223478817E+13 8.93354626742E+31 1.01784213383E+00 2.21266198677E+37
 3.77937617571E+13 8.98929767220E+31 1.01785883389E+00 2.22271660734E+37
 3.79659573868E+13 9.04539949860E+31 1.01787556289E+00 2.23281691740E+37
 3.81389383410E+13 9.10185394916E+31 1.01789232089E+00 2.24296312456E+37
 3.83127082062E+13 9.15866324027E+31 1.01790910794E+00 2.25315543739E+37
 3.84872705854E+13 9.21582960227E+31 1.01792592409E+00 2.26339406541E+37
 3.86626290978E+13 9.27335527949E+31 1.01794276939E+00 2.27367921906E+37
 3.88387873795E+13 9.33124253039E+31 1.01795964388E+00 2.28401110978E+37
 3.90157490831E+13 9.38949362761E+31 1.01797654763E+00 2.29438994994E+37
 3.91935178778E+13 9.44811085809E+31 1.01799348068E+00 2.30481595288E+37
 3.93720974498E+13 9.50709652313E+31 1.01801044308E+00 2.31528933292E+37
 3.95514915020E+13 9.56645293849E+31 1.01802743489E+00 2.32581030534E+37
 3.97317037544E+13 9.62618243452E+31 1.01804445615E+00 2.33637908642E+37
 3.99127379438E+13 9.68628735617E+31 1.01806150691E+00 2.34699589340E+37
 4.00945978243E+13 9.74677006316E+31 1.01807858723E+00 2.35766094451E+37
 4.02772871670E+13 9.80763293004E+31 1.01809569716E+00 2.36837445898E+37
 4.04608097606E+13 9.86887834627E+31 1.01811283675E+00 2.37913665705E+37
 4.06451694107E+13 9.93050871634E+31 1.01813000605E+00 2.38994775992E+37
 4.08303699406E+13 9.99252645985E+31 1.01814720511E+00 2.40080798984E+37
 4.10164151909E+13 1.00549340116E+32 1.01816443398E+00 2.41171757004E+37
 4.12033090201E+13 1.01177338217E+32 1.01818169271E+00 2.42267672477E+37
 4.13910553039E+13 1.01809283557E+32 1.01819898137E+00 2.43368567931E+37
 4.15796579362E+13 1.02445200946E+32 1.01821629999E+00 2.44474465996E+37
 4.17691208284E+13 1.03085115350E+32 1.01823364863E+00 2.45585389403E+37
 4.19594479099E+13 1.03729051892E+32 1.01825102735E+00 2.46701360990E+37
 4.21506431281E+13 1.04377035852E+32 1.01826843619E+00 2.47822403694E+37
 4.23427104485E+13 1.05029092671E+32 1.01828587521E+00 2.48948540561E+37
 4.25356538546E+13 1.05685247948E+32 1.01830334445E+00 2.50079794739E+37
 4.27294773483E+13 1.06345527443E+32 1.01832084398E+00 2.51216189481E+37
 4.29241849498E+13 1.07009957080E+32 1.01833837384E+00 2.52357748147E+37
 4.31197806975E+13 1.07678562944E+32 1.01835593409E+00 2.53504494202E+37
 4.33162686486E+13 1.08351371284E+32 1.01837352478E+00 2.54656451219E+37
 4.35136528786E+13 1.09028408514E+32 1.01839114596E+00 2.55813642877E+37
 4.37119374817E+13 1.09709701215E+32 1.01840879769E+00 2.56976092962E+37
 4.39111265711E+13 1.10395276134E+32 1.01842648001E+00 2.58143825370E+37
 4.41112242784E+13 1.11085160187E+32 1.01844419298E+00 2.59316864104E+37
 4.43122347544E+13 1.11779380459E+32 1.01846193666E+00 2.60495233277E+37
 4.45141621689E+13 1.12477964204E+32 1.01847971110E+00 2.61678957111E+37
 4.47170107107E+13 1.13180938850E+32 1.01849751635E+00 2.62868059939E+37
 4.49207845877E+13 1.13888331994E+32 1.01851535246E+00 2.64062566202E+37
 4.51254880273E+13 1.14600171409E+32 1.01853321948E+00 2.65262500456E+37
 4.53311252759E+13 1.15316485041E+32 1.01855111748E+00 2.66467887365E+37
 4.55377005998E+13 1.16037301013E+32 1.01856904651E+00 2.67678751707E+37
 4.57452182843E+13 1.16762647625E+32 1.01858700661E+00 2.68895118372E+37
 4.59536826348E+13 1.17492553352E+32 1.01860499785E+00 2.70117012364E+37
 4.61630979761E+13 1.18227046852E+32 1.01862302027E+00 2.71344458800E+37
 4.63734686529E+13 1.18966156960E+32 1.01864107393E+00 2.72577482910E+37
 4.65847990297E+13 1.19709912694E+32 1.01865915889E+00 2.73816110039E+37
 4.67970934913E+13 1.20458343252E+32 1.01867727519E+00 2.75060365650E+37
 4.70103564421E+13 1.21211478020E+32 1.01869542290E+00 2.76310275319E+37
 4.72245923069E+13 1.21969346564E+32 1.01871360207E+00 2.77565864737E+37
 4.74398055310E+13 1.22731978639E+32 1.01873181275E+00 2.78827159715E+37
 4.76560005796E+13 1.23499404185E+32 1.01875005499E+00 2.80094186180E+37
 4.78731819385E+13 1.24271653331E+32 1.01876832886E+00 2.81366970176E+37
 4.80913541143E+13 1.25048756396E+32 1.01878663441E+00 2.82645537867E+37
 4.83105216338E+13 1.25830743889E+32 1.01880497168E+00 2.83929915533E+37
 4.85306890449E+13 1.26617646511E+32 1.01882334074E+00 2.85220129576E+37
 4.87518609161E+13 1.27409495154E+32 1.01884174164E+00 2.86516206518E+37
 4.89740418369E+13 1.28206320908E+32 1.01886017444E+00 2.87818173000E+37
 4.91972364177E+13 1.29008155054E+32 1.01887863920E+00 2.89126055785E+37
 4.94214492903E+13 1.29815029074E+32 1.01889713595E+00 2.90439881758E+37
 4.96466851073E+13 1.30626974646E+32 1.01891566478E+00 2.91759677925E+37
 4.98729485429E+13 1.31444023644E+32 1.01893422572E+00 2.93085471416E+37
 5.01002442927E+13 1.32266208149E+32 1.01895281883E+00 2.94417289482E+37
 5.03285770736E+13 1.33093560437E+32 1.01897144417E+00 2.95755159501E+37
 5.05579516243E+13 1.33926112991E+32 1.01899010180E+00 2.97099108974E+37
 5.07883727050E+13 1.34763898496E+32 1.01900879177E+00 2.98449165525E+37
 5.10198450979E+13 1.35606949845E+32 1.01902751414E+00 2.99805356908E+37
 5.12523736069E+13 1.36455300134E+32 1.01904626896E+00 3.01167710998E+37
 5.14859630582E+13 1.37308982671E+32 1.01906505630E+00 3.02536255800E+37
 5.17206182997E+13 1.38168030971E+32 1.01908387619E+00 3.03911019446E+37
 5.19563442018E+13 1.39032478760E+32 1.01910272872E+00 3.05292030195E+37
 5.21931456571E+13 1.39902359975E+32 1.01912161392E+00 3.06679316434E+37
 5.24310275806E+13 1.40777708769E+32 1.01914053186E+00 3.08072906680E+37
 5.26699949098E+13 1.41658559507E+32 1.01915948259E+00 3.09472829580E+37
 5.29100526049E+13 1.42544946772E+32 1.01917846616E+00 3.10879113909E+37
 5.31512056486E+13 1.43436905363E+32 1.01919748265E+00 3.12291788575E+37
 5.33934590467E+13 1.44334470298E+32 1.01921653210E+00 3.13710882616E+37
 5.36368178278E+13 1.45237676816E+32 1.01923561457E+00 3.15136425203E+37
 5.38812870434E+13 1.46146560376E+32 1.01925473012E+00 3.16568445639E+37
 5.41268717682E+13 1.47061156661E+32 1.01927387881E+00 3.18006973360E+37
 5.43735771004E+13 1.47981501577E+32 1.01929306068E+00 3.19452037935E+37
 5.46214081612E+13 1.48907631259E+32 1.01931227581E+00 3.20903669070E+37
 5.48703700955E+13 1.49839582064E+32 1.01933152425E+00 3.22361896604E+37
 5.51204680715E+13 1.50777390582E+32 1.01935080605E+00 3.23826750511E+37
 5.53717072814E+13 1.51721093631E+32 1.01937012127E+00 3.25298260902E+37
 5.56240929409E+13 1.52670728260E+32 1.01938946998E+00 3.26776458026E+37
 5.58776302897E+13 1.53626331753E+32 1.01940885222E+00 3.28261372268E+37
 5.61323245915E+13 1.54587941625E+32 1.01942826807E+00 3.29753034150E+37
 5.63881811342E+13 1.55555595629E+32 1.01944771757E+00 3.31251474337E+37
 5.66452052297E+13 1.56529331756E+32 1.01946720078E+00 3.32756723628E+37
 5.69034022144E+13 1.57509188235E+32 1.01948671777E+00 3.34268812965E+37
 5.71627774492E+13 1.58495203534E+32 1.01950626858E+00 3.35787773431E+37
 5.74233363193E+13 1.59487416364E+32 1.01952585329E+00 3.37313636249E+37
 5.76850842349E+13 1.60485865679E+32 1.01954547195E+00 3.38846432783E+37
 5.79480266306E+13 1.61490590678E+32 1.01956512461E+00 3.40386194542E+37
 5.82121689662E+13 1.62501630808E+32 1.01958481134E+00 3.41932953176E+37
 5.84775167265E+13 1.63519025760E+32 1.01960453220E+00 3.43486740480E+37
 5.87440754212E+13 1.64542815478E+32 1.01962428724E+00 3.45047588394E+37
 5.90118505854E+13 1.65573040156E+32 1.01964407652E+00 3.46615529001E+37
 5.92808477796E+13 1.66609740240E+32 1.01966390011E+00 3.48190594532E+37
 5.95510725897E+13 1.67652956431E+32 1.01968375806E+00 3.49772817364E+37
 5.98225306271E+13 1.68702729685E+32 1.01970365043E+00 3.51362230019E+37
 6.00952275291E+13 1.69759101216E+32 1.01972357728E+00 3.52958865170E+37
 6.03691689586E+13 1.70822112498E+32 1.01974353868E+00 3.54562755636E+37
 6.06443606047E+13 1.71891805265E+32 1.01976353468E+00 3.56173934387E+37
 6.09208081824E+13 1.72968221511E+32 1.01978356534E+00 3.57792434541E+37
 6.11985174329E+13 1.74051403497E+32 1.01980363072E+00 3.59418289368E+37
 6.14774941237E+13 1.75141393749E+32 1.01982373088E+00 3.61051532288E+37
 6.17577440487E+13 1.76238235060E+32 1.01984386589E+00 3.62692196874E+37
 6.20392730285E+13 1.77341970491E+32 1.01986403579E+00 3.64340316851E+37
 6.23220869102E+13 1.78452643375E+32 1.01988424066E+00 3.65995926097E+37
 6.26061915678E+13 1.79570297317E+32 1.01990448056E+00 3.67659058644E+37
 6.28915929020E+13 1.80694976196E+32 1.01992475554E+00 3.69329748680E+37
 6.31782968409E+13 1.81826724166E+32 1.01994506566E+00 3.71008030545E+37
 6.34663093394E+13 1.82965585660E+32 1.01996541099E+00 3.72693938740E+37
 6.37556363800E+13 1.84111605389E+32 1.01998579159E+00 3.74387507918E+37
 6.40462839722E+13 1.85264828346E+32 1.02000620751E+00 3.76088772892E+37
 6.43382581536E+13 1.86425299807E+32 1.02002665882E+00 3.77797768633E+37
 6.46315649889E+13 1.87593065331E+32 1.02004714559E+00 3.79514530270E+37
 6.49262105710E+13 1.88768170765E+32 1.02006766787E+00 3.81239093093E+37
 6.52222010204E+13 1.89950662243E+32 1.02008822572E+00 3.82971492551E+37
 6.55195424861E+13 1.91140586189E+32 1.02010881921E+00 3.84711764255E+37
 6.58182411447E+13 1.92337989321E+32 1.02012944839E+00 3.86459943977E+37
 6.61183032015E+13 1.93542918647E+32 1.02015011333E+00 3.88216067653E+37
 6.64197348901E+13 1.94755421473E+32 1.02017081410E+00 3.89980171381E+37
 6.67225424728E+13 1.95975545403E+32 1.02019155074E+00 3.91752291422E+37
 6.70267322404E+13 1.97203338337E+32 1.02021232334E+00 3.93532464205E+37
 6.73323105126E+13 1.98438848479E+32 1.02023313194E+00 3.95320726323E+37
 6.76392836382E+13 1.99682124335E+32 1.02025397661E+00 3.97117114533E+37
 6.79476579949E+13 2.00933214715E+32 1.02027485741E+00 3.98921665762E+37
 6.82574399897E+13 2.02192168738E+32 1.02029577441E+00 4.00734417104E+37
 6.85686360589E+13 2.03459035829E+32 1.02031672767E+00 4.02555405821E+37
 6.88812526686E+13 2.04733865726E+32 1.02033771725E+00 4.04384669345E+37
 6.91952963141E+13 2.06016708479E+32 1.02035874321E+00 4.06222245277E+37
 6.95107735207E+13 2.07307614451E+32 1.02037980562E+00 4.08068171391E+37
 6.98276908436E+13 2.08606634324E+32 1.02040090454E+00 4.09922485631E+37
 7.01460548681E+13 2.09913819097E+32 1.02042204003E+00 4.11785226112E+37
 7.04658722096E+13 2.11229220089E+32 1.02044321216E+00 4.13656431126E+37
 7.07871495137E+13 2.12552888944E+32 1.02046442099E+00 4.15536139137E+37
 7.11098934567E+13 2.13884877627E+32 1.02048566658E+00 4.17424388782E+37
 7.14341107454E+13 2.15225238434E+32 1.02050694900E+00 4.19321218876E+37
 7.17598081173E+13 2.16574023987E+32 1.02052826831E+00 4.21226668410E+37
 7.20869923408E+13 2.17931287237E+32 1.02054962458E+00 4.23140776552E+37
 7.24156702153E+13 2.19297081473E+32 1.02057101787E+00 4.25063582648E+37
 7.27458485716E+13 2.20671460314E+32 1.02059244824E+00 4.26995126221E+37
 7.30775342714E+13 2.22054477718E+32 1.02061391576E+00 4.28935446977E+37
 7.34107342082E+13 2.23446187983E+32 1.02063542049E+00 4.30884584800E+37
 7.37454553070E+13 2.24846645747E+32 1.02065696250E+00 4.32842579756E+37
 7.40817045244E+13 2.26255905991E+32 1.02067854185E+00 4.34809472092E+37
 7.44194888491E+13 2.27674024044E+32 1.02070015861E+00 4.36785302240E+37
 7.47588153018E+13 2.29101055580E+32 1.02072181283E+00 4.38770110815E+37
 7.50996909352E+13 2.30537056624E+32 1.02074350460E+00 4.40763938615E+37
 7.54421228346E+13 2.31982083553E+32 1.02076523396E+00 4.42766826624E+37
 7.57861181176E+13 2.33436193100E+32 1.02078700099E+00 4.44778816015E+37
 7.61316839344E+13 2.34899442352E+32 1.02080880575E+00 4.46799948144E+37
 7.64788274682E+13 2.36371888757E+32 1.02083064831E+00 4.48830264557E+37
 7.68275559349E+13 2.37853590121E+32 1.02085252873E+00 4.50869806989E+37
 7.71778765836E+13 2.39344604618E+32 1.02087444708E+00 4.52918617364E+37
 7.75297966967E+13 2.40844990783E+32 1.02089640342E+00 4.54976737797E+37
 7.78833235897E+13 2.42354807522E+32 1.02091839783E+00 4.57044210593E+37
 7.82384646121E+13 2.43874114110E+32 1.02094043036E+00 4.59121078252E+37
 7.85952271467E+13 2.45402970195E+32 1.02096250108E+00 4.61207383465E+37
 7.89536186103E+13 2.46941435799E+32 1.02098461005E+00 4.63303169117E+37
 7.93136464537E+13 2.48489571323E+32 1.02100675736E+00 4.65408478288E+37
 7.96753181618E+13 2.50047437546E+32 1.02102894305E+00 4.67523354254E+37
 8.00386412541E+13 2.51615095629E+32 1.02105116720E+00 4.69647840490E+37
 8.04036232842E+13 2.53192607119E+32 1.02107342987E+00 4.71781980663E+37
 8.07702718405E+13 2.54780033949E+32 1.02109573114E+00 4.73925818644E+37
 8.11385945462E+13 2.56377438441E+32 1.02111807106E+00 4.76079398501E+37
 8.15085990595E+13 2.57984883309E+32 1.02114044971E+00 4.78242764501E+37
 8.18802930737E+13 2.59602431661E+32 1.02116286715E+00 4.80415961115E+37
 8.22536843173E+13 2.61230147001E+32 1.02118532344E+00 4.82599033013E+37
 8.26287805543E+13 2.62868093233E+32 1.02120781867E+00 4.84792025071E+37
 8.30055895843E+13 2.64516334664E+32 1.02123035289E+00 4.86994982366E+37
 8.33841192427E+13 2.66174936003E+32 1.02125292617E+00 4.89207950183E+37
 8.37643774008E+13 2.67843962366E+32 1.02127553857E+00 4.91430974010E+37
 8.41463719659E+13 2.69523479279E+32 1.02129819018E+00 4.93664099544E+37
 8.45301108818E+13 2.71213552680E+32 1.02132088105E+00 4.95907372686E+37
 8.49156021285E+13 2.72914248920E+32 1.02134361125E+00 4.98160839551E+37
 8.53028537227E+13 2.74625634770E+32 1.02136638086E+00 5.00424546458E+37
 8.56918737179E+13 2.76347777417E+32 1.02138918993E+00 5.02698539941E+37
 8.60826702045E+13 2.78080744474E+32 1.02141203854E+00 5.04982866743E+37
 8.64752513100E+13 2.79824603975E+32 1.02143492676E+00 5.07277573819E+37
 8.68696251992E+13 2.81579424384E+32 1.02145785465E+00 5.09582708339E+37
 8.72658000743E+13 2.83345274597E+32 1.02148082229E+00 5.11898317687E+37
 8.76637841752E+13 2.85122223939E+32 1.02150382974E+00 5.14224449462E+37
 8.80635857795E+13 2.86910342174E+32 1.02152687707E+00 5.16561151478E+37
 8.84652132027E+13 2.88709699502E+32 1.02154996435E+00 5.18908471769E+37
 8.88686747988E+13 2.90520366567E+32 1.02157309165E+00 5.21266458585E+37
 8.92739789598E+13 2.92342414455E+32 1.02159625905E+00 5.23635160397E+37
 8.96811341162E+13 2.94175914700E+32 1.02161946660E+00 5.26014625894E+37
 9.00901487372E+13 2.96020939283E+32 1.02164271437E+00 5.28404903988E+37
 9.05010313311E+13 2.97877560642E+32 1.02166600245E+00 5.30806043813E+37
 9.09137904449E+13 2.99745851666E+32 1.02168933090E+00 5.33218094726E+37
 9.13284346649E+13 3.01625885704E+32 1.02171269978E+00 5.35641106309E+37
 9.17449726169E+13 3.03517736567E+32 1.02173610917E+00 5.38075128368E+37
 9.21634129661E+13 3.05421478528E+32 1.02175955914E+00 5.40520210936E+37
 9.25837644177E+13 3.07337186327E+32 1.02178304976E+00 5.42976404273E+37
 9.30060357165E+13 3.09264935176E+32 1.02180658110E+00 5.45443758869E+37
 9.34302356477E+13 3.11204800758E+32 1.02183015323E+00 5.47922325442E+37
 9.38563730368E+13 3.13156859230E+32 1.02185376622E+00 5.50412154940E+37
 9.42844567496E+13 3.15121187232E+32 1.02187742014E+00 5.52913298543E+37
 9.47144956926E+13 3.17097861882E+32 1.02190111506E+00 5.55425807664E+37
 9.51464988134E+13 3.19086960784E+32 1.02192485105E+00 5.57949733950E+37
 9.55804751003E+13 3.21088562030E+32 1.02194862819E+00 5.60485129281E+37
 9.60164335833E+13 3.23102744203E+32 1.02197244655E+00 5.63032045775E+37
 9.64543833333E+13 3.25129586378E+32 1.02199630619E+00 5.65590535784E+37
 9.68943334632E+13 3.27169168131E+32 1.02202020720E+00 5.68160651902E+37
 9.73362931276E+13 3.29221569534E+32 1.02204414963E+00 5.70742446957E+37
 9.77802715230E+13 3.31286871164E+32 1.02206813356E+00 5.73335974021E+37
 9.82262778884E+13 3.33365154106E+32 1.02209215907E+00 5.75941286406E+37
 9.86743215048E+13 3.35456499951E+32 1.02211622623E+00 5.78558437665E+37
 9.91244116962E+13 3.37560990807E+32 1.02214033510E+00 5.81187481595E+37
 9.95765578289E+13 3.39678709295E+32 1.02216448577E+00 5.83828472240E+37
 1.00030769313E+14 3.41809738556E+32 1.02218867830E+00 5.86481463885E+37
 1.00487055600E+14 3.43954162255E+32 1.02221291276E+00 5.89146511066E+37
 1.00945426187E+14 3.46112064581E+32 1.02223718924E+00 5.91823668564E+37
 1.01405890614E+14 3.48283530253E+32 1.02226150779E+00 5.94512991409E+37
 1.01868458464E+14 3.50468644524E+32 1.02228586850E+00 5.97214534884E+37
 1.02333139364E+14 3.52667493179E+32 1.02231027144E+00 5.99928354519E+37
 1.02799942987E+14 3.54880162545E+32 1.02233471668E+00 6.02654506100E+37
 1.03268879047E+14 3.57106739493E+32 1.02235920429E+00 6.05393045664E+37
 1.03739957306E+14 3.59347311436E+32 1.02238373435E+00 6.08144029504E+37
 1.04213187569E+14 3.61601966340E+32 1.02240830693E+00 6.10907514168E+37
 1.04688579687E+14 3.63870792722E+32 1.02243292210E+00 6.13683556462E+37
 1.05166143555E+14 3.66153879655E+32 1.02245757995E+00 6.16472213449E+37
 1.05645889114E+14 3.68451316774E+32 1.02248228053E+00 6.19273542452E+37
 1.06127826351E+14 3.70763194276E+32 1.02250702394E+00 6.22087601054E+37
 1.06611965298E+14 3.73089602924E+32 1.02253181023E+00 6.24914447100E+37
 1.07098316034E+14 3.75430634053E+32 1.02255663949E+00 6.27754138698E+37
 1.07586888684E+14 3.77786379572E+32 1.02258151179E+00 6.30606734220E+37
 1.08077693419E+14 3.80156931967E+32 1.02260642720E+00 6.33472292302E+37
 1.08570740457E+14 3.82542384306E+32 1.02263138580E+00 6.36350871849E+37
 1.09066040062E+14 3.84942830241E+32 1.02265638767E+00 6.39242532032E+37
 1.09563602548E+14 3.87358364013E+32 1.02268143287E+00 6.42147332290E+37
 1.10063438273E+14 3.89789080456E+32 1.02270652149E+00 6.45065332334E+37
 1.10565557644E+14 3.92235075000E+32 1.02273165360E+00 6.47996592146E+37
 1.11069971116E+14 3.94696443674E+32 1.02275682927E+00 6.50941171979E+37
 1.11576689191E+14 3.97173283110E+32 1.02278204858E+00 6.53899132361E+37
 1.12085722420E+14 3.99665885220E+32 1.02280731358E+00 6.56870534096E+37
 1.12597081429E+14 4.02186986894E+32 1.02283275178E+00 6.59855438262E+37
 1.13110776957E+14 4.04744572528E+32 1.02285844137E+00 6.62853906216E+37
 1.13626819808E+14 4.07339170096E+32 1.02288438483E+00 6.65865999595E+37
 1.14145220838E+14 4.09971315215E+32 1.02291058468E+00 6.68891780313E+37
 1.14665990952E+14 4.12641551251E+32 1.02293704345E+00 6.71931310568E+37
 1.15189141111E+14 4.15350429435E+32 1.02296376369E+00 6.74984652839E+37
 1.15714682326E+14 4.18098508974E+32 1.02299074800E+00 6.78051869890E+37
 1.16242625663E+14 4.20886357168E+32 1.02301799897E+00 6.81133024769E+37
 1.16772982240E+14 4.23714549527E+32 1.02304551925E+00 6.84228180813E+37
 1.17305763227E+14 4.26583669887E+32 1.02307331149E+00 6.87337401643E+37
 1.17840979851E+14 4.29494310538E+32 1.02310137839E+00 6.90460751173E+37
 1.18378643390E+14 4.32447072335E+32 1.02312972265E+00 6.93598293604E+37
 1.18918765178E+14 4.35442564834E+32 1.02315834703E+00 6.96750093432E+37
 1.19461356604E+14 4.38481406408E+32 1.02318725428E+00 6.99916215444E+37
 1.20006429111E+14 4.41564224380E+32 1.02321644721E+00 7.03096724721E+37
 1.20553994196E+14 4.44691655154E+32 1.02324592863E+00 7.06291686641E+37
 1.21104063413E+14 4.47864344339E+32 1.02327570140E+00 7.09501166879E+37
 1.21656648373E+14 4.51082946890E+32 1.02330576840E+00 7.12725231407E+37
 1.22211760741E+14 4.54348127239E+32 1.02333613253E+00 7.15963946500E+37
 1.22769412238E+14 4.57660559434E+32 1.02336679673E+00 7.19217378730E+37
 1.23329614644E+14 4.61020927276E+32 1.02339776396E+00 7.22485594975E+37
 1.23892379795E+14 4.64429924464E+32 1.02342903723E+00 7.25768662414E+37
 1.24457719583E+14 4.67888254734E+32 1.02346061955E+00 7.29066648535E+37
 1.25025645959E+14 4.71396632006E+32 1.02349251398E+00 7.32379621128E+37
 1.25596170933E+14 4.74955780533E+32 1.02352472361E+00 7.35707648294E+37
 1.26169306570E+14 4.78566435046E+32 1.02355725154E+00 7.39050798444E+37
 1.26745064996E+14 4.82229340913E+32 1.02359010093E+00 7.42409140298E+37
 1.27323458396E+14 4.85945254284E+32 1.02362327494E+00 7.45782742889E+37
 1.27904499013E+14 4.89714942254E+32 1.02365677680E+00 7.49171675564E+37
 1.28488199150E+14 4.93539183020E+32 1.02369060974E+00 7.52576007985E+37
 1.29074571171E+14 4.97418766038E+32 1.02372477702E+00 7.55995810131E+37
 1.29663627499E+14 5.01354492190E+32 1.02375928196E+00 7.59431152296E+37
 1.30255380616E+14 5.05347173948E+32 1.02379412789E+00 7.62882105099E+37
 1.30849843069E+14 5.09397635542E+32 1.02382931819E+00 7.66348739474E+37
 1.31447027463E+14 5.13506713127E+32 1.02386485625E+00 7.69831126682E+37
 1.32046946464E+14 5.17675254963E+32 1.02390074551E+00 7.73329338306E+37
 1.32649612804E+14 5.21904121582E+32 1.02393698944E+00 7.76843446252E+37
 1.33255039271E+14 5.26194185969E+32 1.02397359155E+00 7.80373522757E+37
 1.33863238722E+14 5.30546333746E+32 1.02401055537E+00 7.83919640384E+37
 1.34474224073E+14 5.34961463347E+32 1.02404788449E+00 7.87481872025E+37
 1.35088008303E+14 5.39440486209E+32 1.02408558250E+00 7.91060290904E+37
 1.35704604457E+14 5.43984326961E+32 1.02412365307E+00 7.94654970579E+37
 1.36324025643E+14 5.48593923609E+32 1.02416209986E+00 7.98265984941E+37
 1.36946285033E+14 5.53270227737E+32 1.02420092660E+00 8.01893408216E+37
 1.37571395864E+14 5.58014204697E+32 1.02424013704E+00 8.05537314969E+37
 1.38199371437E+14 5.62826833811E+32 1.02427973498E+00 8.09197780103E+37
 1.38830225121E+14 5.67709108576E+32 1.02431972423E+00 8.12874878861E+37
 1.39463970347E+14 5.72662036864E+32 1.02436010868E+00 8.16568686829E+37
 1.40100620616E+14 5.77686641133E+32 1.02440089222E+00 8.20279279935E+37
 1.40740189494E+14 5.82783958636E+32 1.02444207881E+00 8.24006734453E+37
 1.41382690612E+14 5.87955041639E+32 1.02448367241E+00 8.27751127003E+37
 1.42028137673E+14 5.93200957635E+32 1.02452567706E+00 8.31512534555E+37
 1.42676544442E+14 5.98522789564E+32 1.02456809681E+00 8.35291034427E+37
 1.43327924757E+14 6.03921636038E+32 1.02461093578E+00 8.39086704288E+37
 1.43982292521E+14 6.09398611570E+32 1.02465419809E+00 8.42899622160E+37
 1.44639661707E+14 6.14954846798E+32 1.02469788794E+00 8.46729866422E+37
 1.45300046359E+14 6.20591488724E+32 1.02474200955E+00 8.50577515806E+37
 1.45963460589E+14 6.26309700948E+32 1.02478656719E+00 8.54442649404E+37
 1.46629918577E+14 6.32110663909E+32 1.02483156517E+00 8.58325346665E+37
 1.47299434578E+14 6.37995575130E+32 1.02487700783E+00 8.62225687403E+37
 1.47972022915E+14 6.43965649462E+32 1.02492289958E+00 8.66143751790E+37
 1.48647697982E+14 6.50022119338E+32 1.02496924484E+00 8.70079620365E+37
 1.49326474246E+14 6.56166235025E+32 1.02501604811E+00 8.74033374033E+37
 1.50008366246E+14 6.62399264885E+32 1.02506331391E+00 8.78005094067E+37
 1.50693388592E+14 6.68722495631E+32 1.02511104681E+00 8.81994862106E+37
 1.51381555968E+14 6.75137232602E+32 1.02515925142E+00 8.86002760165E+37
 1.52072883133E+14 6.81644800022E+32 1.02520793241E+00 8.90028870628E+37
 1.52767384917E+14 6.88246541283E+32 1.02525709449E+00 8.94073276255E+37
 1.53465076226E+14 6.94943819214E+32 1.02530674240E+00 8.98136060180E+37
 1.54165972040E+14 7.01738016369E+32 1.02535688096E+00 9.02217305919E+37
 1.54870087413E+14 7.08630535308E+32 1.02540751500E+00 9.06317097362E+37
 1.55577437478E+14 7.15622798888E+32 1.02545864943E+00 9.10435518785E+37
 1.56288037440E+14 7.22716250556E+32 1.02551028919E+00 9.14572654845E+37
 1.57001902583E+14 7.29912354651E+32 1.02556243928E+00 9.18728590583E+37
 1.57719048268E+14 7.37212596700E+32 1.02561510473E+00 9.22903411427E+37
 1.58439489931E+14 7.44618483728E+32 1.02566829064E+00 9.27097203194E+37
 1.59163243088E+14 7.52131544570E+32 1.02572200216E+00 9.31310052090E+37
 1.59890323333E+14 7.59753330186E+32 1.02577624448E+00 9.35542044713E+37
 1.60620746337E+14 7.67485413977E+32 1.02583102284E+00 9.39793268054E+37
 1.61354527853E+14 7.75329392118E+32 1.02588634255E+00 9.44063809501E+37
 1.62091683713E+14 7.83286883881E+32 1.02594220894E+00 9.48353756838E+37
 1.62832229826E+14 7.91359531969E+32 1.02599862743E+00 9.52663198246E+37
 1.63576182187E+14 7.99549002861E+32 1.02605560347E+00 9.56992222311E+37
 1.64323556867E+14 8.07856987150E+32 1.02611314257E+00 9.61340918018E+37
 1.65074370023E+14 8.16285199896E+32 1.02617125029E+00 9.65709374757E+37
 1.65828637890E+14 8.24835380975E+32 1.02622993226E+00 9.70097682325E+37
 1.66586376790E+14 8.33509295446E+32 1.02628919415E+00 9.74505930927E+37
 1.67347603124E+14 8.42308733908E+32 1.02634904168E+00 9.78934211177E+37
 1.68112333380E+14 8.51235512873E+32 1.02640948066E+00 9.83382614103E+37
 1.68880584128E+14 8.60291475141E+32 1.02647051691E+00 9.87851231143E+37
 1.69652372023E+14 8.69478490181E+32 1.02653215635E+00 9.92340154153E+37
 1.70427713807E+14 8.78798454512E+32 1.02659440494E+00 9.96849475407E+37
 1.71206626305E+14 8.88253292104E+32 1.02665726869E+00 1.00137928760E+38
 1.71989126431E+14 8.97844954765E+32 1.02672075368E+00 1.00592968383E+38
 1.72775231183E+14 9.07575422550E+32 1.02678486606E+00 1.01050075766E+38
 1.73564957649E+14 9.17446704169E+32 1.02684961202E+00 1.01509260303E+38
 1.74358323003E+14 9.27460837400E+32 1.02691499783E+00 1.01970531434E+38
 1.75155344507E+14 9.37619889511E+32 1.02698102981E+00 1.02433898640E+38
 1.75956039515E+14 9.47925957686E+32 1.02704771434E+00 1.02899371446E+38
 1.76760425468E+14 9.58381169458E+32 1.02711505788E+00 1.03366959420E+38
 1.77568519897E+14 9.68987683150E+32 1.02718306693E+00 1.03836672175E+38
 1.78380340424E+14 9.79747688317E+32 1.02725174807E+00 1.04308519364E+38
 1.79195904764E+14 9.90663406202E+32 1.02732110795E+00 1.04782510688E+38
 1.80015230721E+14 1.00173709019E+33 1.02739115327E+00 1.05258655889E+38
 1.80838336193E+14 1.01297102628E+33 1.02746189081E+00 1.05736964756E+38
 1.81665239171E+14 1.02436753354E+33 1.02753332740E+00 1.06217447119E+38
 1.82495957739E+14 1.03592896463E+33 1.02760546996E+00 1.06700112856E+38
 1.83330510076E+14 1.04765770621E+33 1.02767832546E+00 1.07184971888E+38
 1.84168914454E+14 1.05955617952E+33 1.02775190095E+00 1.07672034182E+38
 1.85011189243E+14 1.07162684081E+33 1.02782620353E+00 1.08161309750E+38
 1.85857352906E+14 1.08387218189E+33 1.02790124041E+00 1.08652808648E+38
 1.86707424005E+14 1.09629473063E+33 1.02797701883E+00 1.09146540981E+38
 1.87561421198E+14 1.10889705149E+33 1.02805354613E+00 1.09642516897E+38
 1.88419363242E+14 1.12168174601E+33 1.02813082969E+00 1.10140746592E+38
 1.89281268990E+14 1.13465145341E+33 1.02820887701E+00 1.10641240306E+38
 1.90147157397E+14 1.14780885109E+33 1.02828769562E+00 1.11144008328E+38
 1.91017047516E+14 1.16115665520E+33 1.02836729314E+00 1.11649060993E+38
 1.91890958502E+14 1.17469762118E+33 1.02844767728E+00 1.12156408681E+38
 1.92768909608E+14 1.18843454439E+33 1.02852885581E+00 1.12666061823E+38
 1.93650920193E+14 1.20237026058E+33 1.02861083658E+00 1.13178030895E+38
 1.94537009714E+14 1.21650764659E+33 1.02869362751E+00 1.13692326419E+38
 1.95427197735E+14 1.23084962086E+33 1.02877723662E+00 1.14208958969E+38
 1.96321503921E+14 1.24539914408E+33 1.02886167199E+00 1.14727939163E+38
 1.97219948043E+14 1.26015921979E+33 1.02894694178E+00 1.15249277670E+38
 1.98122549976E+14 1.27513289498E+33 1.02903305424E+00 1.15772985207E+38
 1.99029329701E+14 1.29032326073E+33 1.02912001769E+00 1.16299072537E+38
 1.99940307307E+14 1.30573345288E+33 1.02920784056E+00 1.16827550476E+38
 2.00855502989E+14 1.32136665262E+33 1.02929653133E+00 1.17358429887E+38
 2.01774937049E+14 1.33722608720E+33 1.02938609857E+00 1.17891721682E+38
 2.02698629901E+14 1.35331503056E+33 1.02947655095E+00 1.18427436824E+38
 2.03626602064E+14 1.36963680403E+33 1.02956789722E+00 1.18965586324E+38
 2.04558874170E+14 1.38619477698E+33 1.02966014621E+00 1.19506181245E+38
 2.05495466962E+14 1.40299236756E+33 1.02975330684E+00 1.20049232698E+38
 2.06436401294E+14 1.42003304338E+33 1.02984738813E+00 1.20594751847E+38
 2.07381698132E+14 1.43732032224E+33 1.02994239916E+00 1.21142749906E+38
 2.08331378556E+14 1.45485777283E+33 1.03003834912E+00 1.21693238138E+38
 2.09285463759E+14 1.47264901551E+33 1.03013524731E+00 1.22246227859E+38
 2.10243975049E+14 1.49069772300E+33 1.03023310308E+00 1.22801730436E+38
 2.11206933851E+14 1.50900762119E+33 1.03033192590E+00 1.23359757289E+38
 2.12174361705E+14 1.52758248988E+33 1.03043172533E+00 1.23920319888E+38
 2.13146280268E+14 1.54642616358E+33 1.03053251101E+00 1.24483429755E+38
 2.14122711315E+14 1.56554253229E+33 1.03063429270E+00 1.25049098465E+38
 2.15103676740E+14 1.58493554228E+33 1.03073708023E+00 1.25617337647E+38
 2.16089198557E+14 1.60460919697E+33 1.03084088356E+00 1.26188158981E+38
 2.17079298900E+14 1.62456755767E+33 1.03094571271E+00 1.26761574201E+38
 2.18074000023E+14 1.64481474449E+33 1.03105157782E+00 1.27337595093E+38
 2.19073324306E+14 1.66535493717E+33 1.03115848914E+00 1.27916233498E+38
 2.20077294247E+14 1.68619237591E+33 1.03126645699E+00 1.28497501310E+38
 2.21085932471E+14 1.70733136230E+33 1.03137549183E+00 1.29081410478E+38
 2.22099261727E+14 1.72877626015E+33 1.03148560419E+00 1.29667973004E+38
 2.23117304890E+14 1.75053149646E+33 1.03159680473E+00 1.30257200946E+38
 2.24140084960E+14 1.77260156226E+33 1.03170910419E+00 1.30849106415E+38
 2.25167625065E+14 1.79499101359E+33 1.03182251345E+00 1.31443701579E+38
 2.26199948464E+14 1.81770447240E+33 1.03193704345E+00 1.32040998660E+38
 2.27237078540E+14 1.84074662757E+33 1.03205270529E+00 1.32641009936E+38
 2.28279038812E+14 1.86412223579E+33 1.03216951015E+00 1.33243747739E+38
 2.29325852924E+14 1.88783612261E+33 1.03228746932E+00 1.33849224461E+38
 2.30377544658E+14 1.91189318341E+33 1.03240659421E+00 1.34457452547E+38
 2.31434137924E+14 1.93629838440E+33 1.03252689634E+00 1.35068444500E+38
 2.32495656769E+14 1.96105676367E+33 1.03264838734E+00 1.35682212879E+38
 2.33562125375E+14 1.98617343223E+33 1.03277107896E+00 1.36298770300E+38
 2.34633568057E+14 2.01165357503E+33 1.03289498307E+00 1.36918129437E+38
 2.35710009270E+14 2.03750245206E+33 1.03302011166E+00 1.37540303022E+38
 2.36791473606E+14 2.06372539944E+33 1.03314647681E+00 1.38165303844E+38
 2.37877985794E+14 2.09032783050E+33 1.03327409075E+00 1.38793144749E+38
 2.38969570707E+14 2.11731523692E+33 1.03340296583E+00 1.39423838645E+38
 2.40066253355E+14 2.14469318985E+33 1.03353311450E+00 1.40057398495E+38
 2.41168058892E+14 2.17246734104E+33 1.03366454935E+00 1.40693837322E+38
 2.42275012615E+14 2.20064342406E+33 1.03379728310E+00 1.41333168209E+38
 2.43387139964E+14 2.22922725544E+33 1.03393132857E+00 1.41975404297E+38
 2.44504466526E+14 2.25822473589E+33 1.03406669873E+00 1.42620558789E+38
 2.45627018033E+14 2.28764185149E+33 1.03420340667E+00 1.43268644947E+38
 2.46754820364E+14 2.31748467497E+33 1.03434146562E+00 1.43919676090E+38
 2.47887899549E+14 2.34775936694E+33 1.03448088892E+00 1.44573665604E+38
 2.49026281766E+14 2.37847217716E+33 1.03462169006E+00 1.45230626929E+38
 2.50169993342E+14 2.40962944581E+33 1.03476388265E+00 1.45890573571E+38
 2.51319060759E+14 2.44123760486E+33 1.03490748045E+00 1.46553519096E+38
 2.52473510650E+14 2.47330317933E+33 1.03505249733E+00 1.47219477130E+38
 2.53633369804E+14 2.50583278868E+33 1.03519894733E+00 1.47888461364E+38
 2.54798665163E+14 2.53883314817E+33 1.03534684461E+00 1.48560485547E+38
 2.55969423829E+14 2.57231107022E+33 1.03549620347E+00 1.49235563495E+38
 2.57145673059E+14 2.60627346585E+33 1.03564703835E+00 1.49913709084E+38
 2.58327440269E+14 2.64072734609E+33 1.03579936384E+00 1.50594936254E+38
 2.59514753039E+14 2.67567982342E+33 1.03595319468E+00 1.51279259008E+38
 2.60707639105E+14 2.71113811326E+33 1.03610854573E+00 1.51966691412E+38
 2.61906126370E+14 2.74710953544E+33 1.03626543202E+00 1.52657247597E+38
 2.63110242899E+14 2.78360151573E+33 1.03642386873E+00 1.53350941759E+38
 2.64320016924E+14 2.82062158735E+33 1.03658387117E+00 1.54047788156E+38
 2.65535476842E+14 2.85817739253E+33 1.03674545482E+00 1.54747801112E+38
 2.66756651220E+14 2.89627668411E+33 1.03690863530E+00 1.55450995018E+38
 2.67983568790E+14 2.93492732712E+33 1.03707342840E+00 1.56157384327E+38
 2.69216258461E+14 2.97413730041E+33 1.03723985005E+00 1.56866983559E+38
 2.70454749308E+14 3.01391469828E+33 1.03740791634E+00 1.57579807302E+38
 2.71699070582E+14 3.05426773218E+33 1.03757764353E+00 1.58295870208E+38
 2.72949251711E+14 3.09520473241E+33 1.03774904804E+00 1.59015186996E+38
 2.74205322294E+14 3.13673414977E+33 1.03792214643E+00 1.59737772451E+38
 2.75467312112E+14 3.17886455741E+33 1.03809695545E+00 1.60463641428E+38
 2.76735251123E+14 3.22160465251E+33 1.03827349200E+00 1.61192808847E+38
 2.78009169466E+14 3.26496325813E+33 1.03845177316E+00 1.61925289696E+38
 2.79289097460E+14 3.30894932499E+33 1.03863181616E+00 1.62661099033E+38
 2.80575065611E+14 3.35357193337E+33 1.03881363842E+00 1.63400251981E+38
 2.81867104607E+14 3.39884029494E+33 1.03899725752E+00 1.64142763736E+38
 2.83165245323E+14 3.44476375467E+33 1.03918269122E+00 1.64888649560E+38
 2.84469518822E+14 3.49135179276E+33 1.03936995745E+00 1.65637924785E+38
 2.85779956357E+14 3.53861402663E+33 1.03955907431E+00 1.66390604812E+38
 2.87096589371E+14 3.58656021286E+33 1.03975006011E+00 1.67146705115E+38
 2.88419449500E+14 3.63520024921E+33 1.03994293330E+00 1.67906241234E+38
 2.89748568576E+14 3.68454417669E+33 1.04013771255E+00 1.68669228783E+38
 2.91083978622E+14 3.73460218162E+33 1.04033441668E+00 1.69435683446E+38
 2.92425711864E+14 3.78538459772E+33 1.04053306471E+00 1.70205620978E+38
 2.93773800723E+14 3.83690190827E+33 1.04073367587E+00 1.70979057204E+38
 2.95128277823E+14 3.88916474824E+33 1.04093626955E+00 1.71756008024E+38
 2.96489175990E+14 3.94218390651E+33 1.04114086534E+00 1.72536489409E+38
 2.97856528252E+14 3.99597032809E+33 1.04134748303E+00 1.73320517401E+38
 2.99230367846E+14 4.05053511638E+33 1.04155614259E+00 1.74108108117E+38
 3.00610728214E+14 4.10588953547E+33 1.04176686421E+00 1.74899277747E+38
 3.01997643009E+14 4.16204501244E+33 1.04197966827E+00 1.75694042553E+38
 3.03391146095E+14 4.21901313977E+33 1.04219457534E+00 1.76492418873E+38
 3.04791271548E+14 4.27680567765E+33 1.04241160621E+00 1.77294423118E+38
 3.06198053659E+14 4.33543455650E+33 1.04263078187E+00 1.78100071773E+38
 3.07611526936E+14 4.39491187937E+33 1.04285212351E+00 1.78909381398E+38
 3.09031726106E+14 4.45524992446E+33 1.04307565253E+00 1.79722368631E+38
 3.10458686114E+14 4.51646114766E+33 1.04330139056E+00 1.80539050183E+38
 3.11892442129E+14 4.57855818511E+33 1.04352935942E+00 1.81359442840E+38
 3.13333029545E+14 4.64155385581E+33 1.04375958116E+00 1.82183563467E+38
 3.14780483981E+14 4.70546116427E+33 1.04399207804E+00 1.83011429005E+38
 3.16234841283E+14 4.77029330321E+33 1.04422687255E+00 1.83843056469E+38
 3.17696137529E+14 4.83606365624E+33 1.04446398739E+00 1.84678462956E+38
 3.19164409028E+14 4.90278580067E+33 1.04470344550E+00 1.85517665638E+38
 3.20639692324E+14 4.97047351029E+33 1.04494527003E+00 1.86360681764E+38
 3.22122024196E+14 5.03914075822E+33 1.04518948436E+00 1.87207528664E+38
 3.23611441662E+14 5.10880171977E+33 1.04543611212E+00 1.88058223745E+38
 3.25107981981E+14 5.17947077541E+33 1.04568517715E+00 1.88912784494E+38
 3.26611682653E+14 5.25116251370E+33 1.04593670355E+00 1.89771228476E+38
 3.28122581423E+14 5.32389173434E+33 1.04619071562E+00 1.90633573339E+38
 3.29640716286E+14 5.39767345119E+33 1.04644723795E+00 1.91499836808E+38
 3.31166125481E+14 5.47252289536E+33 1.04670629533E+00 1.92370036689E+38
 3.32698847502E+14 5.54845551842E+33 1.04696791282E+00 1.93244190870E+38
 3.34238921095E+14 5.62548699550E+33 1.04723211572E+00 1.94122317320E+38
 3.35786385263E+14 5.70363322862E+33 1.04749892958E+00 1.95004434090E+38
 3.37341279266E+14 5.78291034988E+33 1.04776838020E+00 1.95890559312E+38
 3.38903642626E+14 5.86333472486E+33 1.04804049363E+00 1.96780711201E+38
 3.40473515127E+14 5.94492295597E+33 1.04831529621E+00 1.97674908054E+38
 3.42050936817E+14 6.02769188588E+33 1.04859281449E+00 1.98573168253E+38
 3.43635948015E+14 6.11165860099E+33 1.04887307531E+00 1.99475510262E+38
 3.45228589308E+14 6.19684043498E+33 1.04915610579E+00 2.00381952629E+38
 3.46828901555E+14 6.28325497235E+33 1.04944193328E+00 2.01292513986E+38
 3.48436925892E+14 6.37092005210E+33 1.04973058544E+00 2.02207213052E+38
 3.50052703733E+14 6.45985377137E+33 1.05002209018E+00 2.03126068627E+38
 3.51676276770E+14 6.55007448920E+33 1.05031647568E+00 2.04049099601E+38
 3.53307686980E+14 6.64160083029E+33 1.05061377041E+00 2.04976324946E+38
 3.54946976625E+14 6.73445168890E+33 1.05091400313E+00 2.05907763722E+38
 3.56594188256E+14 6.82864623268E+33 1.05121720287E+00 2.06843435075E+38
 3.58249364713E+14 6.92420390671E+33 1.05152339896E+00 2.07783358240E+38
 3.59912549132E+14 7.02114443741E+33 1.05183262099E+00 2.08727552536E+38
 3.61583784943E+14 7.11948783672E+33 1.05214489888E+00 2.09676037373E+38
 3.63263115879E+14 7.21925440616E+33 1.05246026282E+00 2.10628832246E+38
 3.64950585970E+14 7.32046474105E+33 1.05277874332E+00 2.11585956742E+38
 3.66646239555E+14 7.42313973473E+33 1.05310037117E+00 2.12547430535E+38
 3.68350121281E+14 7.52730058293E+33 1.05342517747E+00 2.13513273388E+38
 3.70062276102E+14 7.63296878809E+33 1.05375319364E+00 2.14483505156E+38
 3.71782749289E+14 7.74016616383E+33 1.05408445140E+00 2.15458145781E+38
 3.73511586430E+14 7.84891483945E+33 1.05441898278E+00 2.16437215299E+38
 3.75248833431E+14 7.95923726448E+33 1.05475682013E+00 2.17420733834E+38
 3.76994536522E+14 8.07115621332E+33 1.05509799612E+00 2.18408721604E+38
 3.78748742259E+14 8.18469478999E+33 1.05544254375E+00 2.19401198918E+38
 3.80511497527E+14 8.29987643280E+33 1.05579049634E+00 2.20398186176E+38
 3.82282849543E+14 8.41672491929E+33 1.05614188754E+00 2.21399703873E+38
 3.84062845861E+14 8.53526437108E+33 1.05649675132E+00 2.22405772594E+38
 3.85851534372E+14 8.65551925886E+33 1.05685512201E+00 2.23416413021E+38
 3.87648963311E+14 8.77751440746E+33 1.05721703426E+00 2.24431645929E+38
 3.89455181258E+14 8.90127500093E+33 1.05758252308E+00 2.25451492185E+38
 3.91270237142E+14 9.02682658782E+33 1.05795162380E+00 2.26475972753E+38
 3.93094180243E+14 9.15419508636E+33 1.05832437212E+00 2.27505108694E+38
 3.94927060200E+14 9.28340678986E+33 1.05870080409E+00 2.28538921160E+38
 3.96768927008E+14 9.41448837216E+33 1.05908095611E+00 2.29577431403E+38
 3.98619831029E+14 9.54746689308E+33 1.05946486494E+00 2.30620660770E+38
 4.00479822987E+14 9.68236980404E+33 1.05985256772E+00 2.31668630705E+38
 4.02348953980E+14 9.81922495374E+33 1.06024410192E+00 2.32721362750E+38
 4.04227275479E+14 9.95806059386E+33 1.06063950543E+00 2.33778878546E+38
 4.06114839332E+14 1.00989053849E+34 1.06103881647E+00 2.34841199829E+38
 4.08011697769E+14 1.02417884023E+34 1.06144207367E+00 2.35908348436E+38
 4.09917903405E+14 1.03867391420E+34 1.06184931601E+00 2.36980346304E+38
 4.11833509246E+14 1.05337875269E+34 1.06226058288E+00 2.38057215468E+38
 4.13758568689E+14 1.06829639130E+34 1.06267591406E+00 2.39138978064E+38
 4.15693135529E+14 1.08342990954E+34 1.06309534970E+00 2.40225656329E+38
 4.17637263963E+14 1.09878243152E+34 1.06351893038E+00 2.41317272599E+38
 4.19591008593E+14 1.11435712652E+34 1.06394669705E+00 2.42413849314E+38
 4.21554424430E+14 1.13015720971E+34 1.06437869108E+00 2.43515409014E+38
 4.23527566899E+14 1.14618594279E+34 1.06481495425E+00 2.44621974343E+38
 4.25510491844E+14 1.16244663463E+34 1.06525552875E+00 2.45733568048E+38
 4.27503255529E+14 1.17894264202E+34 1.06570045717E+00 2.46850212977E+38
 4.29505914647E+14 1.19567737031E+34 1.06614978256E+00 2.47971932085E+38
 4.31518526320E+14 1.21265427414E+34 1.06660354837E+00 2.49098748428E+38
 4.33541148108E+14 1.22987685813E+34 1.06706179846E+00 2.50230685169E+38
 4.35573838007E+14 1.24734867763E+34 1.06752457717E+00 2.51367765577E+38
 4.37616654463E+14 1.26507333944E+34 1.06799192925E+00 2.52510013024E+38
 4.39669656366E+14 1.28305450253E+34 1.06846389988E+00 2.53657450991E+38
 4.41732903063E+14 1.30129587887E+34 1.06894053471E+00 2.54810103063E+38
 4.43806454360E+14 1.31980123410E+34 1.06942187984E+00 2.55967992934E+38
 4.45890370524E+14 1.33857438837E+34 1.06990798182E+00 2.57131144406E+38
 4.47984712293E+14 1.35761921713E+34 1.07039888765E+00 2.58299581388E+38
 4.50089540877E+14 1.37693965190E+34 1.07089464481E+00 2.59473327897E+38
 4.52204917965E+14 1.39653968109E+34 1.07139530124E+00 2.60652408062E+38
 4.54330905728E+14 1.41642335083E+34 1.07190090535E+00 2.61836846118E+38
 4.56467566828E+14 1.43659476580E+34 1.07241150605E+00 2.63026666413E+38
 4.58614964418E+14 1.45705809010E+34 1.07292715271E+00 2.64221893405E+38
 4.60773162153E+14 1.47781754807E+34 1.07344789519E+00 2.65422551662E+38
 4.62942224190E+14 1.49887742519E+34 1.07397378386E+00 2.66628665864E+38
 4.65122215197E+14 1.52024206896E+34 1.07450486957E+00 2.67840260805E+38
 4.67313200356E+14 1.54191588979E+34 1.07504120368E+00 2.69057361388E+38
 4.69515245371E+14 1.56390336191E+34 1.07558283806E+00 2.70279992633E+38
 4.71728416473E+14 1.58620902430E+34 1.07612982509E+00 2.71508179672E+38
 4.73952780423E+14 1.60883748165E+34 1.07668221766E+00 2.72741947750E+38
 4.76188404521E+14 1.63179340524E+34 1.07724006920E+00 2.73981322230E+38
 4.78435356612E+14 1.65508153400E+34 1.07780343365E+00 2.75226328586E+38
 4.80693705089E+14 1.67870667540E+34 1.07837236549E+00 2.76476992411E+38
 4.82963518900E+14 1.70267370651E+34 1.07894691974E+00 2.77733339414E+38
 4.85244867557E+14 1.72698757495E+34 1.07952715197E+00 2.78995395418E+38
 4.87537821137E+14 1.75165329996E+34 1.08011311828E+00 2.80263186368E+38
 4.89842450294E+14 1.77667597342E+34 1.08070487535E+00 2.81536738323E+38
 4.92158826260E+14 1.80206076087E+34 1.08130248040E+00 2.82816077461E+38
 4.94487020856E+14 1.82781290263E+34 1.08190599121E+00 2.84101230081E+38
 4.96827106492E+14 1.85393771483E+34 1.08251546617E+00 2.85392222600E+38
 4.99179156184E+14 1.88044059057E+34 1.08313096420E+00 2.86689081555E+38
 5.01543243548E+14 1.90732700095E+34 1.08375254483E+00 2.87991833603E+38
 5.03919442819E+14 1.93460249627E+34 1.08438026816E+00 2.89300505524E+38
 5.06307828847E+14 1.96227270716E+34 1.08501419491E+00 2.90615124219E+38
 5.08708477112E+14 1.99034334571E+34 1.08565438638E+00 2.91935716711E+38
 5.11121463727E+14 2.01882020669E+34 1.08630090447E+00 2.93262310144E+38
 5.13546865446E+14 2.04770916872E+34 1.08695381171E+00 2.94594931788E+38
 5.15984759671E+14 2.07701619548E+34 1.08761317125E+00 2.95933609037E+38
 5.18435224459E+14 2.10674733699E+34 1.08827904684E+00 2.97278369407E+38
 5.20898338530E+14 2.13690873078E+34 1.08895150287E+00 2.98629240541E+38
 5.23374181276E+14 2.16750660323E+34 1.08963060439E+00 2.99986250207E+38
 5.25862832764E+14 2.19854727080E+34 1.09031641706E+00 3.01349426300E+38
 5.28364373749E+14 2.23003714139E+34 1.09100900720E+00 3.02718796840E+38
 5.30878885677E+14 2.26198271559E+34 1.09170844180E+00 3.04094389976E+38
 5.33406450697E+14 2.29439058810E+34 1.09241478849E+00 3.05476233984E+38
 5.35947151666E+14 2.32726744904E+34 1.09312811558E+00 3.06864357269E+38
 5.38501072159E+14 2.36062008534E+34 1.09384849205E+00 3.08258788364E+38
 5.41068296476E+14 2.39445538215E+34 1.09457598757E+00 3.09659555934E+38
 5.43648909651E+14 2.42878032427E+34 1.09531067250E+00 3.11066688772E+38
 5.46242997459E+14 2.46360199756E+34 1.09605261787E+00 3.12480215802E+38
 5.48850646427E+14 2.49892759044E+34 1.09680189544E+00 3.13900166081E+38
 5.51471943842E+14 2.53476439535E+34 1.09755857768E+00 3.15326568796E+38
 5.54106977755E+14 2.57111981025E+34 1.09832273775E+00 3.16759453269E+38
 5.56755836999E+14 2.60800134019E+34 1.09909444955E+00 3.18198848953E+38
 5.59418611189E+14 2.64541659880E+34 1.09987378772E+00 3.19644785436E+38
 5.62095390738E+14 2.68337330989E+34 1.10066082762E+00 3.21097292440E+38
 5.64786266860E+14 2.72187930907E+34 1.10145564537E+00 3.22556399823E+38
 5.67491331584E+14 2.76094254532E+34 1.10225831782E+00 3.24022137578E+38
 5.70210677763E+14 2.80057108267E+34 1.10306892260E+00 3.25494535833E+38
 5.72944399082E+14 2.84077310182E+34 1.10388753810E+00 3.26973624856E+38
 5.75692590067E+14 2.88155690188E+34 1.10471424349E+00 3.28459435049E+38
 5.78455346098E+14 2.92293090207E+34 1.10554911871E+00 3.29951996954E+38
 5.81232763415E+14 2.96490364341E+34 1.10639224450E+00 3.31451341253E+38
 5.84024939134E+14 3.00748379056E+34 1.10724370240E+00 3.32957498765E+38
 5.86831971249E+14 3.05068013356E+34 1.10810357474E+00 3.34470500451E+38
 5.89653958650E+14 3.09450158962E+34 1.10897194469E+00 3.35990377410E+38
 5.92491001129E+14 3.13895720505E+34 1.10984889621E+00 3.37517160887E+38
 5.95343199393E+14 3.18405615704E+34 1.11073451412E+00 3.39050882263E+38
 5.98210655075E+14 3.22980775558E+34 1.11162888406E+00 3.40591573067E+38
 6.01093470741E+14 3.27622144542E+34 1.11253209252E+00 3.42139264967E+38
 6.03991749906E+14 3.32330680797E+34 1.11344422685E+00 3.43693989779E+38
 6.06905597044E+14 3.37107356328E+34 1.11436537526E+00 3.45255779460E+38
 6.09835117596E+14 3.41953157210E+34 1.11529562682E+00 3.46824666114E+38
 6.12780417988E+14 3.46869083785E+34 1.11623507150E+00 3.48400681991E+38
 6.15741605636E+14 3.51856150873E+34 1.11718380015E+00 3.49983859487E+38
 6.18718788962E+14 3.56915387979E+34 1.11814190451E+00 3.51574231145E+38
 6.21712077405E+14 3.62047839506E+34 1.11910947724E+00 3.53171829656E+38
 6.24721581433E+14 3.67254564974E+34 1.12008661192E+00 3.54776687860E+38
 6.27747412556E+14 3.72536639231E+34 1.12107340303E+00 3.56388838746E+38
 6.30789683338E+14 3.77895152684E+34 1.12206994600E+00 3.58008315454E+38
 6.33848507409E+14 3.83331211516E+34 1.12307633721E+00 3.59635151271E+38
 6.36923999479E+14 3.88845937922E+34 1.12409267398E+00 3.61269379640E+38
 6.40016275352E+14 3.94440470333E+34 1.12511905459E+00 3.62911034152E+38
 6.43125451936E+14 4.00115963658E+34 1.12615557831E+00 3.64560148554E+38
 6.46251647259E+14 4.05873589516E+34 1.12720234537E+00 3.66216756743E+38
 6.49394980484E+14 4.11714536484E+34 1.12825945700E+00 3.67880892774E+38
 6.52555571917E+14 4.17640010337E+34 1.12932701544E+00 3.69552590852E+38
 6.55733543028E+14 4.23651234301E+34 1.13040512391E+00 3.71231885341E+38
 6.58929016460E+14 4.29749449302E+34 1.13149388668E+00 3.72918810760E+38
 6.62142116046E+14 4.35935914227E+34 1.13259340903E+00 3.74613401786E+38
 6.65372966824E+14 4.42211906178E+34 1.13370379731E+00 3.76315693251E+38
 6.68621695047E+14 4.48578720740E+34 1.13482515889E+00 3.78025720147E+38
 6.71888428206E+14 4.55037672245E+34 1.13595760221E+00 3.79743517625E+38
 6.75173295037E+14 4.61590094049E+34 1.13710123679E+00 3.81469120996E+38
 6.78476425542E+14 4.68237338801E+34 1.13825617322E+00 3.83202565730E+38
 6.81797951002E+14 4.74980778723E+34 1.13942252320E+00 3.84943887461E+38
 6.85138003993E+14 4.81821805900E+34 1.14060039951E+00 3.86693121981E+38
 6.88496718403E+14 4.88761832557E+34 1.14178991607E+00 3.88450305247E+38
 6.91874229447E+14 4.95802291361E+34 1.14299118790E+00 3.90215473381E+38
 6.95270673685E+14 5.02944635708E+34 1.14420433119E+00 3.91988662665E+38
 6.98686189037E+14 5.10190340028E+34 1.14542946324E+00 3.93769909549E+38
 7.02120914800E+14 5.17540900089E+34 1.14666670254E+00 3.95559250648E+38
 7.05574991666E+14 5.24997833302E+34 1.14791616872E+00 3.97356722744E+38
 7.09048561740E+14 5.32562679042E+34 1.14917798264E+00 3.99162362783E+38
 7.12541768557E+14 5.40236998956E+34 1.15045226630E+00 4.00976207883E+38
 7.16054757096E+14 5.48022377293E+34 1.15173914294E+00 4.02798295329E+38
 7.19587673807E+14 5.55920421229E+34 1.15303873701E+00 4.04628662574E+38
 7.23140666619E+14 5.63932761195E+34 1.15435117420E+00 4.06467347243E+38
 7.26713884966E+14 5.72061051219E+34 1.15567658140E+00 4.08314387132E+38
 7.30307479803E+14 5.80306969266E+34 1.15701508682E+00 4.10169820207E+38
 7.33921603626E+14 5.88672217581E+34 1.15836681988E+00 4.12033684609E+38
 7.37556410489E+14 5.97158523045E+34 1.15973191130E+00 4.13906018651E+38
 7.41212056028E+14 6.05767637529E+34 1.16111049311E+00 4.15786860819E+38
 7.44888697476E+14 6.14501338254E+34 1.16250269861E+00 4.17676249776E+38
 7.48586493688E+14 6.23361428164E+34 1.16390866244E+00 4.19574224359E+38
 7.52305605156E+14 6.32349736290E+34 1.16532852057E+00 4.21480823582E+38
 7.56046194035E+14 6.41468118135E+34 1.16676241030E+00 4.23396086638E+38
 7.59808424160E+14 6.50718456051E+34 1.16821047030E+00 4.25320052895E+38
 7.63592461072E+14 6.60102659633E+34 1.16967284062E+00 4.27252761902E+38
 7.67398472034E+14 6.69622666109E+34 1.17114966266E+00 4.29194253388E+38
 7.71226626057E+14 6.79280440741E+34 1.17264107925E+00 4.31144567260E+38
 7.75077093919E+14 6.89077977233E+34 1.17414723461E+00 4.33103743610E+38
 7.78950048191E+14 6.99017298139E+34 1.17566827440E+00 4.35071822709E+38
 7.82845663258E+14 7.09100455283E+34 1.17720434571E+00 4.37048845012E+38
 7.86764115343E+14 7.19329530182E+34 1.17875559710E+00 4.39034851158E+38
 7.90705582527E+14 7.29706634476E+34 1.18032217857E+00 4.41029881972E+38
 7.94670244791E+14 7.40234239677E+34 1.18190429102E+00 4.43033978463E+38
 7.98658286068E+14 7.50923749893E+34 1.18350346738E+00 4.45047181826E+38
 8.02669896642E+14 7.61781875521E+34 1.18512052091E+00 4.47069533443E+38
 8.06705269539E+14 7.72811276288E+34 1.18675565146E+00 4.49101074887E+38
 8.10764600016E+14 7.84014653873E+34 1.18840906111E+00 4.51141847916E+38
 8.14848085592E+14 7.95394752570E+34 1.19008095420E+00 4.53191894480E+38
 8.18955926086E+14 8.06954359964E+34 1.19177153737E+00 4.55251256719E+38
 8.23088323642E+14 8.18696307609E+34 1.19348101954E+00 4.57319976965E+38
 8.27245482768E+14 8.30623471725E+34 1.19520961199E+00 4.59398097741E+38
 8.31427610365E+14 8.42738773900E+34 1.19695752836E+00 4.61485661766E+38
 8.35634915763E+14 8.55045181808E+34 1.19872498465E+00 4.63582711950E+38
 8.39867610757E+14 8.67545709934E+34 1.20051219932E+00 4.65689291400E+38
 8.44125909640E+14 8.80243420314E+34 1.20231939323E+00 4.67805443418E+38
 8.48410029238E+14 8.93141423283E+34 1.20414678975E+00 4.69931211502E+38
 8.52720188950E+14 9.06242878241E+34 1.20599461470E+00 4.72066639350E+38
 8.57056610777E+14 9.19550994420E+34 1.20786309646E+00 4.74211770857E+38
 8.61419519370E+14 9.33069031677E+34 1.20975246596E+00 4.76366650117E+38
 8.65809142058E+14 9.46800301290E+34 1.21166295669E+00 4.78531321426E+38
 8.70225708891E+14 9.60748166766E+34 1.21359480477E+00 4.80705829279E+38
 8.74669452679E+14 9.74916044671E+34 1.21554824895E+00 4.82890218375E+38
 8.79140609032E+14 9.89307405461E+34 1.21752353066E+00 4.85084533617E+38
 8.83639416397E+14 1.00392577434E+35 1.21952089402E+00 4.87288820109E+38
 8.88166116102E+14 1.01877473210E+35 1.22154058588E+00 4.89503123162E+38
 8.92720952395E+14 1.03385791605E+35 1.22358285585E+00 4.91727488294E+38
 8.97304172491E+14 1.04917902084E+35 1.22564795632E+00 4.93961961226E+38
 9.01916026606E+14 1.06474179942E+35 1.22773614252E+00 4.96206587890E+38
 9.06556768009E+14 1.08055006393E+35 1.22984767253E+00 4.98461414427E+38
 9.11226653062E+14 1.09660768664E+35 1.23198280731E+00 5.00726487186E+38
 9.15925941265E+14 1.11291860091E+35 1.23414181072E+00 5.03001852726E+38
 9.20654895299E+14 1.12948680213E+35 1.23632494961E+00 5.05287557820E+38
 9.25413781079E+14 1.14631634874E+35 1.23853249378E+00 5.07583649452E+38
 9.30202867793E+14 1.16341136316E+35 1.24076471605E+00 5.09890174819E+38
 9.35022427955E+14 1.18077603286E+35 1.24302189231E+00 5.12207181334E+38
 9.39872737449E+14 1.19841461138E+35 1.24530430151E+00 5.14534716625E+38
 9.44754075583E+14 1.21633141930E+35 1.24761222573E+00 5.16872828535E+38
 9.49666725134E+14 1.23453084542E+35 1.24994595021E+00 5.19221565127E+38
 9.54610972400E+14 1.25301734771E+35 1.25230576336E+00 5.21580974679E+38
 9.59587107253E+14 1.27179545450E+35 1.25469195683E+00 5.23951105692E+38
 9.64595423189E+14 1.29086976552E+35 1.25710482552E+00 5.26332006885E+38
 9.69636217382E+14 1.31024495309E+35 1.25954466764E+00 5.28723727199E+38
 9.74709790737E+14 1.32992576319E+35 1.26201178473E+00 5.31126315798E+38
 9.79816447944E+14 1.34991701670E+35 1.26450648168E+00 5.33539822068E+38
 9.84956497537E+14 1.37022361052E+35 1.26702906681E+00 5.35964295621E+38
 9.90130251943E+14 1.39085051880E+35 1.26957985189E+00 5.38399786294E+38
 9.95338027548E+14 1.41180279415E+35 1.27215915216E+00 5.40846344150E+38
 1.00058014475E+15 1.43308556889E+35 1.27476728640E+00 5.43304019479E+38
 1.00585692801E+15 1.45470405629E+35 1.27740457693E+00 5.45772862800E+38
 1.01116870593E+15 1.47666355184E+35 1.28007134970E+00 5.48252924863E+38
 1.01651581130E+15 1.49896943459E+35 1.28276793429E+00 5.50744256647E+38
 1.02189858116E+15 1.52162716841E+35 1.28549466395E+00 5.53246909363E+38
 1.02731735688E+15 1.54464230337E+35 1.28825187570E+00 5.55760934455E+38
 1.03277248418E+15 1.56802047708E+35 1.29103991027E+00 5.58286383600E+38
 1.03826431327E+15 1.59176741610E+35 1.29385911225E+00 5.60823308710E+38
 1.04379319881E+15 1.61588893728E+35 1.29670983004E+00 5.63371761935E+38
 1.04935950009E+15 1.64039094926E+35 1.29959241598E+00 5.65931795658E+38
 1.05496358101E+15 1.66527945387E+35 1.30250722630E+00 5.68503462504E+38
 1.06060581020E+15 1.69056054761E+35 1.30545462124E+00 5.71086815335E+38
 1.06628656107E+15 1.71624042314E+35 1.30843496508E+00 5.73681907254E+38
 1.07200621186E+15 1.74232537081E+35 1.31144862614E+00 5.76288791603E+38
 1.07776514576E+15 1.76882178020E+35 1.31449597687E+00 5.78907521970E+38
 1.08356375096E+15 1.79573614167E+35 1.31757739390E+00 5.81538152185E+38
 1.08940242066E+15 1.82307437256E+35 1.32069318122E+00 5.84180736322E+38
 1.09528155024E+15 1.85083062449E+35 1.32384230175E+00 5.86835328701E+38
 1.10120153472E+15 1.87900655550E+35 1.32702457685E+00 5.89501983889E+38
 1.10716277355E+15 1.90760851124E+35 1.33024035555E+00 5.92180756701E+38
 1.11316567120E+15 1.93664293325E+35 1.33348999060E+00 5.94871702201E+38
 1.11921063728E+15 1.96611636050E+35 1.33677383843E+00 5.97574875703E+38
 1.12529808660E+15 1.99603543082E+35 1.34009225926E+00 6.00290332773E+38
 1.13142843922E+15 2.02640688241E+35 1.34344561706E+00 6.03018129230E+38
 1.13760212054E+15 2.05723755535E+35 1.34683427967E+00 6.05758321144E+38
 1.14381956139E+15 2.08853439314E+35 1.35025861878E+00 6.08510964843E+38
 1.15008119809E+15 2.12030444426E+35 1.35371901000E+00 6.11276116908E+38
 1.15638747254E+15 2.15255486379E+35 1.35721583289E+00 6.14053834180E+38
 1.16273883227E+15 2.18529291496E+35 1.36074947101E+00 6.16844173757E+38
 1.16913573056E+15 2.21852597086E+35 1.36432031195E+00 6.19647192995E+38
 1.17557862652E+15 2.25226151604E+35 1.36792874741E+00 6.22462949513E+38
 1.18206798513E+15 2.28650714821E+35 1.37157517318E+00 6.25291501191E+38
 1.18860427737E+15 2.32127057997E+35 1.37525998923E+00 6.28132906171E+38
 1.19518798029E+15 2.35655964055E+35 1.37898359974E+00 6.30987222861E+38
 1.20181957709E+15 2.39238227753E+35 1.38274641314E+00 6.33854509933E+38
 1.20849955721E+15 2.42874655867E+35 1.38654884218E+00 6.36734826326E+38
 1.21522841644E+15 2.46566067373E+35 1.39039130392E+00 6.39628231247E+38
 1.22200665698E+15 2.50313293629E+35 1.39427421986E+00 6.42534784172E+38
 1.22883478755E+15 2.54117178563E+35 1.39819801589E+00 6.45454544848E+38
 1.23571332349E+15 2.57978578862E+35 1.40216312240E+00 6.48387573291E+38
 1.24264278684E+15 2.61898364170E+35 1.40616997433E+00 6.51333929792E+38
 1.24962370643E+15 2.65877417277E+35 1.41021901117E+00 6.54293674917E+38
 1.25665661801E+15 2.69916634322E+35 1.41431067707E+00 6.57266869504E+38
 1.26374206431E+15 2.74016924993E+35 1.41844542081E+00 6.60253574669E+38
 1.27088059519E+15 2.78179212734E+35 1.42262369595E+00 6.63253851806E+38
 1.27807276768E+15 2.82404434951E+35 1.42684596077E+00 6.66267762589E+38
 1.28531914614E+15 2.86693543223E+35 1.43111267842E+00 6.69295368970E+38
 1.29262030232E+15 2.91047503518E+35 1.43542431691E+00 6.72336733183E+38
 1.29997681551E+15 2.95467296409E+35 1.43978134917E+00 6.75391917747E+38
 1.30738927261E+15 2.99953917297E+35 1.44418425310E+00 6.78460985462E+38
 1.31485826828E+15 3.04508376630E+35 1.44863351167E+00 6.81543999415E+38
 1.32238440501E+15 3.09131700139E+35 1.45312961290E+00 6.84641022980E+38
 1.32996829325E+15 3.13824929059E+35 1.45767304995E+00 6.87752119819E+38
 1.33761055155E+15 3.18589120374E+35 1.46226432120E+00 6.90877353881E+38
 1.34531180664E+15 3.23425347045E+35 1.46690393024E+00 6.94016789409E+38
 1.35307269357E+15 3.28334698260E+35 1.47159238598E+00 6.97170490935E+38
 1.36089385580E+15 3.33318279673E+35 1.47633020271E+00 7.00338523287E+38
 1.36877594539E+15 3.38377213657E+35 1.48111790008E+00 7.03520951585E+38
 1.37671962304E+15 3.43512639555E+35 1.48595600327E+00 7.06717841247E+38
 1.38472555829E+15 3.48725713939E+35 1.49084504295E+00 7.09929257986E+38
 1.39279442958E+15 3.54017610865E+35 1.49578555539E+00 7.13155267816E+38
 1.40092692444E+15 3.59389522143E+35 1.50077808251E+00 7.16395937049E+38
 1.40912373959E+15 3.64842657605E+35 1.50582317192E+00 7.19651332300E+38
 1.41738558108E+15 3.70378245372E+35 1.51092137701E+00 7.22921520486E+38
 1.42571316440E+15 3.75997532137E+35 1.51607325700E+00 7.26206568827E+38
 1.43410721468E+15 3.81701783443E+35 1.52127937699E+00 7.29506544850E+38
 1.44256846677E+15 3.87492283967E+35 1.52654030802E+00 7.32821516388E+38
 1.45109766541E+15 3.93370337813E+35 1.53185662715E+00 7.36151551584E+38
 1.45969556536E+15 3.99337268800E+35 1.53722891753E+00 7.39496718887E+38
 1.46836293156E+15 4.05394420765E+35 1.54265776843E+00 7.42857087061E+38
 1.47710053927E+15 4.11543157866E+35 1.54814377532E+00 7.46232725180E+38
 1.48590917423E+15 4.17784864883E+35 1.55368753996E+00 7.49623702632E+38
 1.49478963279E+15 4.24120947538E+35 1.55928967043E+00 7.53030089123E+38
 1.50374272209E+15 4.30552832805E+35 1.56495078123E+00 7.56451954671E+38
 1.51276926020E+15 4.37081969236E+35 1.57067149330E+00 7.59889369616E+38
 1.52187007629E+15 4.43709827285E+35 1.57645243413E+00 7.63342404617E+38
 1.53104601080E+15 4.50437899638E+35 1.58229423784E+00 7.66811130653E+38
 1.54029791557E+15 4.57267701552E+35 1.58819754520E+00 7.70295619026E+38
 1.54962665405E+15 4.64200771196E+35 1.59416300372E+00 7.73795941362E+38
 1.55903310143E+15 4.71238669994E+35 1.60019126775E+00 7.77312169613E+38
 1.56851814485E+15 4.78382982979E+35 1.60628299852E+00 7.80844376057E+38
 1.57808268354E+15 4.85635319153E+35 1.61243886421E+00 7.84392633301E+38
 1.58772762903E+15 4.92997311844E+35 1.61865954005E+00 7.87957014283E+38
 1.59745390531E+15 5.00470619076E+35 1.62494570839E+00 7.91537592270E+38
 1.60726244898E+15 5.08056923943E+35 1.63129805872E+00 7.95134440864E+38
 1.61715420953E+15 5.15757934989E+35 1.63771728783E+00 7.98747634000E+38
 1.62713014941E+15 5.23575386589E+35 1.64420409984E+00 8.02377245951E+38
 1.63719124431E+15 5.31511039343E+35 1.65075920626E+00 8.06023351325E+38
 1.64733848333E+15 5.39566680474E+35 1.65738332613E+00 8.09686025070E+38
 1.65757286915E+15 5.47744124224E+35 1.66407718601E+00 8.13365342476E+38
 1.66789541824E+15 5.56045212270E+35 1.67084152015E+00 8.17061379173E+38
 1.67830716110E+15 5.64471814133E+35 1.67767707052E+00 8.20774211137E+38
 1.68880914242E+15 5.73025827603E+35 1.68458458689E+00 8.24503914686E+38
 1.69940242130E+15 5.81709179165E+35 1.69156482694E+00 8.28250566487E+38
 1.71008807147E+15 5.90523824432E+35 1.69861855631E+00 8.32014243557E+38
 1.72086718151E+15 5.99471748586E+35 1.70574654872E+00 8.35795023258E+38
 1.73174085505E+15 6.08554966826E+35 1.71294958602E+00 8.39592983309E+38
 1.74271021101E+15 6.17775524820E+35 1.72022845830E+00 8.43408201779E+38
 1.75377638380E+15 6.27135499169E+35 1.72758396396E+00 8.47240757092E+38
 1.76494052357E+15 6.36636997871E+35 1.73501690982E+00 8.51090728029E+38
 1.77620379645E+15 6.46282160797E+35 1.74252811117E+00 8.54958193728E+38
 1.78756738475E+15 6.56073160174E+35 1.75011839192E+00 8.58843233690E+38
 1.79903248722E+15 6.66012201073E+35 1.75778858461E+00 8.62745927772E+38
 1.81060031931E+15 6.76101521906E+35 1.76553953059E+00 8.66666356198E+38
 1.82227211336E+15 6.86343394931E+35 1.77337208004E+00 8.70604599556E+38
 1.83404911893E+15 6.96740126762E+35 1.78128709209E+00 8.74560738797E+38
 1.84593260296E+15 7.07294058889E+35 1.78928543492E+00 8.78534855243E+38
 1.85792385012E+15 7.18007568207E+35 1.79736798587E+00 8.82527030586E+38
 1.87002416300E+15 7.28883067549E+35 1.80553563148E+00 8.86537346887E+38
 1.88223486240E+15 7.39923006231E+35 1.81378926766E+00 8.90565886581E+38
 1.89455728761E+15 7.51129870603E+35 1.82212979972E+00 8.94612732477E+38
 1.90699279666E+15 7.62506184609E+35 1.83055814253E+00 8.98677967761E+38
 1.91954276663E+15 7.74054510355E+35 1.83907522057E+00 9.02761675997E+38
 1.93220859388E+15 7.85777448687E+35 1.84768196806E+00 9.06863941128E+38
 1.94499169439E+15 7.97677639776E+35 1.85637932907E+00 9.10984847480E+38
 1.95789350400E+15 8.09757763713E+35 1.86516825758E+00 9.15124479759E+38
 1.97091547875E+15 8.22020541112E+35 1.87404971765E+00 9.19282923061E+38
 1.98405909513E+15 8.34468733724E+35 1.88302468345E+00 9.23460262863E+38
 1.99732585045E+15 8.47105145057E+35 1.89209413944E+00 9.27656585034E+38
 2.01071726305E+15 8.59932621009E+35 1.90125908043E+00 9.31871975833E+38
 2.02423487272E+15 8.72954050509E+35 1.91052051170E+00 9.36106521910E+38
 2.03788024092E+15 8.86172366166E+35 1.91987944912E+00 9.40360310308E+38
 2.05165495118E+15 8.99590544931E+35 1.92933691925E+00 9.44633428468E+38
 2.06556060936E+15 9.13211608767E+35 1.93889395947E+00 9.48925964226E+38
 2.07959884403E+15 9.27038625331E+35 1.94855161806E+00 9.53238005819E+38
 2.09377130679E+15 9.41074708661E+35 1.95831095437E+00 9.57569641883E+38
 2.10807967260E+15 9.55323019881E+35 1.96817303886E+00 9.61920961459E+38
 2.12252564013E+15 9.69786767912E+35 1.97813895330E+00 9.66292053990E+38
 2.13711093212E+15 9.84469210193E+35 1.98820979083E+00 9.70683009327E+38
 2.15183729575E+15 9.99373653419E+35 1.99838665609E+00 9.75093917730E+38
 2.16670650295E+15 1.01450345428E+36 2.00867066537E+00 9.79524869868E+38
 2.18172035083E+15 1.02986202022E+36 2.01906294670E+00 9.83975956823E+38
 2.19688066201E+15 1.04545281020E+36 2.02956463999E+00 9.88447270088E+38
 2.21218928502E+15 1.06127933550E+36 2.04017689715E+00 9.92938901577E+38
 2.22764809467E+15 1.07734516046E+36 2.05090088222E+00 9.97450943616E+38
 2.24325899244E+15 1.09365390334E+36 2.06173777149E+00 1.00198348895E+39
 2.25902390691E+15 1.11020923709E+36 2.07268875364E+00 1.00653663076E+39
 2.27494479411E+15 1.12701489022E+36 2.08375502986E+00 1.01111046263E+39
 2.29102363795E+15 1.14407464759E+36 2.09493781398E+00 1.01570507858E+39
 2.30726245065E+15 1.16139235130E+36 2.10623833264E+00 1.02032057305E+39
 2.32366327315E+15 1.17897190154E+36 2.11765782535E+00 1.02495704093E+39
 2.34022817550E+15 1.19681725747E+36 2.12919754470E+00 1.02961457751E+39
 2.35695925736E+15 1.21493243812E+36 2.14085875647E+00 1.03429327854E+39
 2.37385864840E+15 1.23332152328E+36 2.15264273974E+00 1.03899324018E+39
 2.39092850873E+15 1.25198865444E+36 2.16455078707E+00 1.04371455906E+39
 2.40817102938E+15 1.27093803569E+36 2.17658420465E+00 1.04845733221E+39
 2.42558843277E+15 1.29017393471E+36 2.18874431239E+00 1.05322165714E+39
 2.44318297315E+15 1.30970068368E+36 2.20103244411E+00 1.05800763177E+39
 2.46095693707E+15 1.32952268032E+36 2.21344994767E+00 1.06281535449E+39
 2.47891264388E+15 1.34964438880E+36 2.22599818512E+00 1.06764492411E+39
 2.49705244621E+15 1.37007034083E+36 2.23867853286E+00 1.07249643992E+39
 2.51537873049E+15 1.39080513662E+36 2.25149238176E+00 1.07737000165E+39
 2.53389391738E+15 1.41185344593E+36 2.26444113736E+00 1.08226570946E+39
 2.55260046237E+15 1.43322000914E+36 2.27752621998E+00 1.08718366400E+39
 2.57150085624E+15 1.45490963831E+36 2.29074906489E+00 1.09212396636E+39
 2.59059762559E+15 1.47692721824E+36 2.30411112249E+00 1.09708671808E+39
 2.60989333341E+15 1.49927770760E+36 2.31761385843E+00 1.10207202119E+39
 2.62939057958E+15 1.52196614003E+36 2.33125875380E+00 1.10707997816E+39
 2.64909200144E+15 1.54499762530E+36 2.34504730528E+00 1.11211069193E+39
 2.66900027435E+15 1.56837735042E+36 2.35898102531E+00 1.11716426590E+39
 2.68911811224E+15 1.59211058083E+36 2.37306144226E+00 1.12224080397E+39
 2.70944826820E+15 1.61620266159E+36 2.38729010058E+00 1.12734041048E+39
 2.72999353505E+15 1.64065901858E+36 2.40166856098E+00 1.13246319026E+39
 2.75075674597E+15 1.66548515971E+36 2.41619840061E+00 1.13760924860E+39
 2.77174077503E+15 1.69068667618E+36 2.43088121322E+00 1.14277869130E+39
 2.79294853789E+15 1.71626924372E+36 2.44571860933E+00 1.14797162461E+39
 2.81438299232E+15 1.74223862390E+36 2.46071221644E+00 1.15318815528E+39
 2.83604713893E+15 1.76860066538E+36 2.47586367916E+00 1.15842839053E+39
 2.85794402172E+15 1.79536130527E+36 2.49117465943E+00 1.16369243808E+39
 2.88007672879E+15 1.82252657044E+36 2.50664683668E+00 1.16898040615E+39
 2.90244839297E+15 1.85010257888E+36 2.52228190802E+00 1.17429240342E+39
 2.92506219248E+15 1.87809554111E+36 2.53808158843E+00 1.17962853909E+39
 2.94792135164E+15 1.90651176154E+36 2.55404761095E+00 1.18498892285E+39
 2.97102914152E+15 1.93535763990E+36 2.57018172686E+00 1.19037366487E+39
 2.99438888065E+15 1.96463967269E+36 2.58648570588E+00 1.19578287586E+39
 3.01800393577E+15 1.99436445463E+36 2.60296133637E+00 1.20121666700E+39
 3.04187772247E+15 2.02453868017E+36 2.61961042549E+00 1.20667514999E+39
 3.06601370598E+15 2.05516914497E+36 2.63643479947E+00 1.21215843702E+39
 3.09041540190E+15 2.08626274743E+36 2.65343630373E+00 1.21766664082E+39
 3.11508637695E+15 2.11782649028E+36 2.67061680314E+00 1.22319987460E+39
 3.14003024971E+15 2.14986748212E+36 2.68797818218E+00 1.22875825211E+39
 3.16525069143E+15 2.18239293903E+36 2.70552234520E+00 1.23434188760E+39
 3.19075142681E+15 2.21541018620E+36 2.72325121658E+00 1.23995089584E+39
 3.21653623477E+15 2.24892665958E+36 2.74116674097E+00 1.24558539214E+39
 3.24260894930E+15 2.28294990755E+36 2.75927088349E+00 1.25124549232E+39
 3.26897346026E+15 2.31748759264E+36 2.77756562993E+00 1.25693131272E+39
 3.29563371421E+15 2.35254749320E+36 2.79605298703E+00 1.26264297022E+39
 3.32259371527E+15 2.38813750524E+36 2.81473498262E+00 1.26838058223E+39
 3.34985752599E+15 2.42426564411E+36 2.83361366590E+00 1.27414426668E+39
 3.37742926821E+15 2.46094004639E+36 2.85269110762E+00 1.27993414205E+39
 3.40531312394E+15 2.49816897167E+36 2.87196940037E+00 1.28575032737E+39
 3.43351333626E+15 2.53596080443E+36 2.89145065873E+00 1.29159294217E+39
 3.46203421028E+15 2.57432405592E+36 2.91113701956E+00 1.29746210657E+39
 3.49088011399E+15 2.61326736608E+36 2.93103064224E+00 1.30335794121E+39
 3.52005547926E+15 2.65279950550E+36 2.95113370884E+00 1.30928056728E+39
 3.54956480278E+15 2.69292937738E+36 2.97144842444E+00 1.31523010652E+39
 3.57941264702E+15 2.73366601953E+36 2.99197701732E+00 1.32120668124E+39
 3.60960364123E+15 2.77501860641E+36 3.01272173921E+00 1.32721041427E+39
 3.64014248241E+15 2.81699645121E+36 3.03368486558E+00 1.33324142905E+39
 3.67103393638E+15 2.85960900793E+36 3.05486869581E+00 1.33929984953E+39
 3.70228283875E+15 2.90286587352E+36 3.07627555354E+00 1.34538580025E+39
 3.73389409601E+15 2.94677679004E+36 3.09790778682E+00 1.35149940631E+39
 3.76587268656E+15 2.99135164685E+36 3.11976776847E+00 1.35764079339E+39
 3.79822366179E+15 3.03660048283E+36 3.14185789625E+00 1.36381008771E+39
 3.83095214722E+15 3.08253348865E+36 3.16418059320E+00 1.37000741611E+39
 3.86406334354E+15 3.12916100908E+36 3.18673830785E+00 1.37623290596E+39
 3.89756252778E+15 3.17649354530E+36 3.20953351450E+00 1.38248668524E+39
 3.93145505445E+15 3.22454175725E+36 3.23256871352E+00 1.38876888250E+39
 3.96574635669E+15 3.27331646608E+36 3.25584643160E+00 1.39507962686E+39
 4.00044194745E+15 3.32282865653E+36 3.27936922202E+00 1.40141904806E+39
 4.03554742069E+15 3.37308947945E+36 3.30313966496E+00 1.40778727641E+39
 4.07106845260E+15 3.42411025429E+36 3.32716036774E+00 1.41418444281E+39
 4.10701080282E+15 3.47590247163E+36 3.35143396516E+00 1.42061067875E+39
 4.14338031570E+15 3.52847779583E+36 3.37596311973E+00 1.42706611633E+39
 4.18018292156E+15 3.58184806759E+36 3.40075052202E+00 1.43355088825E+39
 4.21742463800E+15 3.63602530664E+36 3.42579889089E+00 1.44006512781E+39
 4.25511157118E+15 3.69102171445E+36 3.45111097387E+00 1.44660896892E+39
 4.29324991718E+15 3.74684967701E+36 3.47668954738E+00 1.45318254607E+39
 4.33184596331E+15 3.80352176755E+36 3.50253741709E+00 1.45978599441E+39
 4.37090608951E+15 3.86105074943E+36 3.52865741820E+00 1.46641944966E+39
 4.41043676974E+15 3.91944957898E+36 3.55505241577E+00 1.47308304819E+39
 4.45044457337E+15 3.97873140844E+36 3.58172530500E+00 1.47977692697E+39
 4.49093616661E+15 4.03890958893E+36 3.60867901160E+00 1.48650122359E+39
 4.53191831399E+15 4.09999767340E+36 3.63591649206E+00 1.49325607629E+39
 4.57339787983E+15 4.16200941977E+36 3.66344073402E+00 1.50004162390E+39
 4.61538182969E+15 4.22495879395E+36 3.69125475656E+00 1.50685800591E+39
 4.65787723197E+15 4.28885997303E+36 3.71936161053E+00 1.51370536244E+39
 4.70089125937E+15 4.35372734845E+36 3.74776437893E+00 1.52058383423E+39
 4.74443119052E+15 4.41957552927E+36 3.77646617720E+00 1.52749356269E+39
 4.78850441154E+15 4.48641934542E+36 3.80547015359E+00 1.53443468984E+39
 4.83311841766E+15 4.55427385107E+36 3.83477948948E+00 1.54140735837E+39
 4.87828081485E+15 4.62315432801E+36 3.86439739976E+00 1.54841171160E+39
 4.92399932150E+15 4.69307628910E+36 3.89432713316E+00 1.55544789351E+39
 4.97028177009E+15 4.76405548175E+36 3.92457197262E+00 1.56251604873E+39
 5.01713610892E+15 4.83610789148E+36 3.95513523564E+00 1.56961632256E+39
 5.06457040382E+15 4.90924974550E+36 3.98602027463E+00 1.57674886095E+39
 5.11259283996E+15 4.98349751640E+36 4.01723047732E+00 1.58391381051E+39
 5.16121172360E+15 5.05886792580E+36 4.04876926710E+00 1.59111131852E+39
 5.21043548395E+15 5.13537794821E+36 4.08064010339E+00 1.59834153293E+39
 5.26027267496E+15 5.21304481474E+36 4.11284648205E+00 1.60560460237E+39
 5.31073197726E+15 5.29188601708E+36 4.14539193572E+00 1.61290067613E+39
 5.36182220000E+15 5.37191931138E+36 4.17828003426E+00 1.62022990419E+39
 5.41355228285E+15 5.45316272226E+36 4.21151438511E+00 1.62759243720E+39
 5.46593129788E+15 5.53563454688E+36 4.24509863366E+00 1.63498842651E+39
 5.51896845162E+15 5.61935335906E+36 4.27903646372E+00 1.64241802414E+39
 5.57267308706E+15 5.70433801347E+36 4.31333159785E+00 1.64988138282E+39
 5.62705468566E+15 5.79060764984E+36 4.34798779783E+00 1.65737865596E+39
 5.68212286950E+15 5.87818169730E+36 4.38300886502E+00 1.66490999768E+39
 5.73788740334E+15 5.96707987878E+36 4.41839864082E+00 1.67247556278E+39
 5.79435819679E+15 6.05732221539E+36 4.45416100707E+00 1.68007550678E+39
 5.85154530647E+15 6.14892903099E+36 4.49029988646E+00 1.68770998591E+39
 5.90945893825E+15 6.24192095672E+36 4.52681924301E+00 1.69537915708E+39
 5.96810944945E+15 6.33631893566E+36 4.56372308245E+00 1.70308317796E+39
 6.02750735116E+15 6.43214422759E+36 4.60101545268E+00 1.71082220690E+39
 6.08766331053E+15 6.52941841370E+36 4.63870044425E+00 1.71859640299E+39
 6.14858815312E+15 6.62816340152E+36 4.67678219074E+00 1.72640592602E+39
 6.21029286529E+15 6.72840142980E+36 4.71526486927E+00 1.73425093652E+39
 6.27278859658E+15 6.83015507357E+36 4.75415270092E+00 1.74213159576E+39
 6.33608666223E+15 6.93344724918E+36 4.79344995123E+00 1.75004806574E+39
 6.40019854562E+15 7.03830121949E+36 4.83316093063E+00 1.75800050916E+39
 6.46513590082E+15 7.14474059909E+36 4.87328999495E+00 1.76598908952E+39
 6.53091055515E+15 7.25278935962E+36 4.91384154587E+00 1.77401397101E+39
 6.59753451179E+15 7.36247183520E+36 4.95482003140E+00 1.78207531859E+39
 6.66501995243E+15 7.47381272786E+36 4.99622994640E+00 1.79017329798E+39
 6.73337923996E+15 7.58683711314E+36 5.03807583304E+00 1.79830807562E+39
 6.80262492115E+15 7.70157044573E+36 5.08036228132E+00 1.80647981874E+39
 6.87276972949E+15 7.81803856520E+36 5.12309392955E+00 1.81468869531E+39
 6.94382658794E+15 7.93626770179E+36 5.16627546489E+00 1.82293487407E+39
 7.01580861183E+15 8.05628448240E+36 5.20991162383E+00 1.83121852453E+39
 7.08872911169E+15 8.17811593648E+36 5.25400719274E+00 1.83953981696E+39
 7.16260159627E+15 8.30178950219E+36 5.29856700838E+00 1.84789892241E+39
 7.23743977544E+15 8.42733303258E+36 5.34359595843E+00 1.85629601272E+39
 7.31325756328E+15 8.55477480181E+36 5.38909898202E+00 1.86473126048E+39
 7.39006908113E+15 8.68414351156E+36 5.43508107030E+00 1.87320483909E+39
 7.46788866069E+15 8.81546829750E+36 5.48154726695E+00 1.88171692273E+39
 7.54673084721E+15 8.94877873582E+36 5.52850266876E+00 1.89026768638E+39
 7.62661040273E+15 9.08410484990E+36 5.57595242617E+00 1.89885730579E+39
 7.70754230928E+15 9.22147711710E+36 5.62390174386E+00 1.90748595754E+39
 7.78954177223E+15 9.36092647560E+36 5.67235588129E+00 1.91615381899E+39
 7.87262422367E+15 9.50248433134E+36 5.72132015331E+00 1.92486106832E+39
 7.95680532578E+15 9.64618256517E+36 5.77079993071E+00 1.93360788451E+39
 8.04210097431E+15 9.79205353994E+36 5.82080064083E+00 1.94239444736E+39
 8.12852730213E+15 9.94013010785E+36 5.87132776815E+00 1.95122093748E+39
 8.21610068275E+15 1.00904456178E+37 5.92238685491E+00 1.96008753630E+39
 8.30483773398E+15 1.02430339231E+37 5.97398350165E+00 1.96899442609E+39
 8.39475532159E+15 1.03979293886E+37 6.02612336794E+00 1.97794178993E+39
 8.48587056305E+15 1.05551668991E+37 6.07881217288E+00 1.98692981175E+39
 8.57820083132E+15 1.07147818666E+37 6.13205569581E+00 1.99595867629E+39
 8.67176375870E+15 1.08768102387E+37 6.18585977690E+00 2.00502856915E+39
 8.76657724073E+15 1.10412885064E+37 6.24023031783E+00 2.01413967677E+39
 8.86265944018E+15 1.12082537126E+37 6.29517328239E+00 2.02329218644E+39
 8.96002879102E+15 1.13777434603E+37 6.35069469717E+00 2.03248628628E+39
 9.05870400257E+15 1.15497959208E+37 6.40680065221E+00 2.04172216530E+39
 9.15870406360E+15 1.17244498428E+37 6.46349730165E+00 2.05100001334E+39
 9.26004824658E+15 1.19017445608E+37 6.52079086446E+00 2.06032002112E+39
 9.36275611190E+15 1.20817200042E+37 6.57868762503E+00 2.06968238020E+39
 9.46684751226E+15 1.22644167059E+37 6.63719393397E+00 2.07908728306E+39
 9.57234259705E+15 1.24498758119E+37 6.69631620870E+00 2.08853492300E+39
 9.67926181684E+15 1.26381390900E+37 6.75606093425E+00 2.09802549423E+39
 9.78762592786E+15 1.28292489398E+37 6.81643466389E+00 2.10755919183E+39
 9.89745599668E+15 1.30232484021E+37 6.87744401990E+00 2.11713621179E+39
 1.00087734048E+16 1.32201811681E+37 6.93909569428E+00 2.12675675095E+39
 1.01215998536E+16 1.34200915900E+37 7.00139644948E+00 2.13642100708E+39
 1.02359573689E+16 1.36230246904E+37 7.06435311916E+00 2.14612917883E+39
 1.03518683058E+16 1.38290261726E+37 7.12797260889E+00 2.15588146577E+39
 1.04693553542E+16 1.40381424312E+37 7.19226189700E+00 2.16567806835E+39
 1.05884415430E+16 1.42504205620E+37 7.25722803523E+00 2.17551918795E+39
 1.07091502459E+16 1.44659083731E+37 7.32287814961E+00 2.18540502687E+39
 1.08315051865E+16 1.46846543953E+37 7.38921944116E+00 2.19533578830E+39
 1.09555304431E+16 1.49067078934E+37 7.45625918674E+00 2.20531167640E+39
 1.10812504545E+16 1.51321188770E+37 7.52400473980E+00 2.21533289621E+39
 1.12086900255E+16 1.53609381117E+37 7.59246353122E+00 2.22539965373E+39
 1.13378743318E+16 1.55932171309E+37 7.66164307011E+00 2.23551215590E+39
 1.14688289265E+16 1.58290082472E+37 7.73155094465E+00 2.24567061057E+39
 1.16015797450E+16 1.60683645639E+37 7.80219482289E+00 2.25587522657E+39
 1.17361531111E+16 1.63113399875E+37 7.87358245363E+00 2.26612621366E+39
 1.18725757429E+16 1.65579892395E+37 7.94572166723E+00 2.27642378255E+39
 1.20108747587E+16 1.68083678688E+37 8.01862037650E+00 2.28676814492E+39
 1.21510776829E+16 1.70625322641E+37 8.09228657757E+00 2.29715951339E+39
 1.22932124522E+16 1.73205396670E+37 8.16672835073E+00 2.30759810159E+39
 1.24373074220E+16 1.75824481842E+37 8.24195386136E+00 2.31808412407E+39
 1.25833913725E+16 1.78483168014E+37 8.31797136081E+00 2.32861779638E+39
 1.27314935150E+16 1.81182053958E+37 8.39478918727E+00 2.33919933506E+39
 1.28816434988E+16 1.83921747502E+37 8.47241576676E+00 2.34982895761E+39
 1.30338714173E+16 1.86702865663E+37 8.55085961398E+00 2.36050688253E+39
 1.31882078153E+16 1.89526034788E+37 8.63012933328E+00 2.37123332931E+39
 1.33446836952E+16 1.92391890695E+37 8.71023361960E+00 2.38200851845E+39
 1.35033305242E+16 1.95301078815E+37 8.79118125944E+00 2.39283267143E+39
 1.36641802415E+16 1.98254254338E+37 8.87298113178E+00 2.40370601076E+39
 1.38272652649E+16 2.01252082362E+37 8.95564220908E+00 2.41462875994E+39
 1.39926184985E+16 2.04295238038E+37 9.03917355829E+00 2.42560114349E+39
 1.41602733399E+16 2.07384406729E+37 9.12358434180E+00 2.43662338697E+39
 1.43302636873E+16 2.10520284159E+37 9.20888381845E+00 2.44769571693E+39
 1.45026239477E+16 2.13703576572E+37 9.29508134459E+00 2.45881836099E+39
 1.46773890440E+16 2.16935000890E+37 9.38218637505E+00 2.46999154777E+39
 1.48545944232E+16 2.20215284876E+37 9.47020846422E+00 2.48121550695E+39
 1.50342760638E+16 2.23545167296E+37 9.55915726707E+00 2.49249046925E+39
 1.52164704845E+16 2.26925398086E+37 9.64904254021E+00 2.50381666642E+39
 1.54012147516E+16 2.30356738521E+37 9.73987414300E+00 2.51519433129E+39
 1.55885464880E+16 2.33839961389E+37 9.83166203858E+00 2.52662369773E+39
 1.57785038809E+16 2.37375851160E+37 9.92441629497E+00 2.53810500068E+39
 1.59711256908E+16 2.40965204166E+37 1.00181470862E+01 2.54963847615E+39
 1.61664512601E+16 2.44608828781E+37 1.01128646935E+01 2.56122436121E+39
 1.63645205216E+16 2.48307545599E+37 1.02085795061E+01 2.57286289403E+39
 1.65653740077E+16 2.52062187624E+37 1.03053020229E+01 2.58455431383E+39
 1.67690528592E+16 2.55873600455E+37 1.04030428532E+01 2.59629886095E+39
 1.69755988346E+16 2.59742642475E+37 1.05018127180E+01 2.60809677681E+39
 1.71850543197E+16 2.63670185047E+37 1.06016224511E+01 2.61994830390E+39
 1.73974623365E+16 2.67657112709E+37 1.07024830005E+01 2.63185368586E+39
 1.76128665531E+16 2.71704323374E+37 1.08044054294E+01 2.64381316741E+39
 1.78313112937E+16 2.75812728530E+37 1.09074009175E+01 2.65582699438E+39
 1.80528415479E+16 2.79983253448E+37 1.10114807621E+01 2.66789541373E+39
 1.82775029814E+16 2.84216837390E+37 1.11166563795E+01 2.68001867352E+39
 1.85053419457E+16 2.88514433817E+37 1.12229393063E+01 2.69219702296E+39
 1.87364054885E+16 2.92877010610E+37 1.13303412004E+01 2.70443071239E+39
 1.89707413647E+16 2.97305550282E+37 1.14388738426E+01 2.71671999328E+39
 1.92083980465E+16 3.01801050203E+37 1.15485491375E+01 2.72906511824E+39
 1.94494247344E+16 3.06364522822E+37 1.16593791153E+01 2.74146634104E+39
 1.96938713682E+16 3.10996995898E+37 1.17713759327E+01 2.75392391659E+39
 1.99417886384E+16 3.15699512730E+37 1.18845518743E+01 2.76643810096E+39
 2.01932279971E+16 3.20473132391E+37 1.19989193542E+01 2.77900915139E+39
 2.04482416698E+16 3.25318929966E+37 1.21144909173E+01 2.79163732630E+39
 2.07068826670E+16 3.30237996798E+37 1.22312792402E+01 2.80432288525E+39
 2.09692047960E+16 3.35231440730E+37 1.23492971333E+01 2.81706608902E+39
 2.12352626729E+16 3.40300386357E+37 1.24685575418E+01 2.82986719954E+39
 2.15051117350E+16 3.45445975275E+37 1.25890735470E+01 2.84272647995E+39
 2.17788082529E+16 3.50669366345E+37 1.27108583682E+01 2.85564419459E+39
 2.20564093434E+16 3.55971735948E+37 1.28339253637E+01 2.86862060899E+39
 2.23379729819E+16 3.61354278251E+37 1.29582880324E+01 2.88165598987E+39
 2.26235580159E+16 3.66818205480E+37 1.30839600155E+01 2.89475060521E+39
 2.29132241774E+16 3.72364748189E+37 1.32109550977E+01 2.90790472416E+39
 2.32070320971E+16 3.77995155535E+37 1.33392872088E+01 2.92111861712E+39
 2.35050433173E+16 3.83710695568E+37 1.34689704254E+01 2.93439255571E+39
 2.38073203060E+16 3.89512655507E+37 1.36000189721E+01 2.94772681278E+39
 2.41139264707E+16 3.95402342035E+37 1.37324472234E+01 2.96112166244E+39
 2.44249261729E+16 4.01381081592E+37 1.38662697051E+01 2.97457738001E+39
 2.47403847420E+16 4.07450220676E+37 1.40015010959E+01 2.98809424209E+39
 2.50603684903E+16 4.13611126141E+37 1.41381562291E+01 3.00167252653E+39
 2.53849447279E+16 4.19865185511E+37 1.42762500941E+01 3.01531251244E+39
 2.57141817772E+16 4.26213807289E+37 1.44157978382E+01 3.02901448020E+39
 2.60481489889E+16 4.32658421272E+37 1.45568147681E+01 3.04277871146E+39
 2.63869167571E+16 4.39200478879E+37 1.46993163516E+01 3.05660548916E+39
 2.67305565351E+16 4.45841453475E+37 1.48433182196E+01 3.07049509752E+39
 2.70791408515E+16 4.52582840699E+37 1.49888361672E+01 3.08444782204E+39
 2.74327433264E+16 4.59426158807E+37 1.51358861561E+01 3.09846394953E+39
 2.77914386878E+16 4.66372949012E+37 1.52844843159E+01 3.11254376812E+39
 2.81553027884E+16 4.73424775828E+37 1.54346469461E+01 3.12668756720E+39
 2.85244126225E+16 4.80583227426E+37 1.55863905176E+01 3.14089563753E+39
 2.88988463434E+16 4.87849915991E+37 1.57397316749E+01 3.15516827116E+39
 2.92786832809E+16 4.95226478082E+37 1.58946872378E+01 3.16950576147E+39
 2.96640039587E+16 5.02714575007E+37 1.60512742030E+01 3.18390840318E+39
 3.00548901130E+16 5.10315893189E+37 1.62095097462E+01 3.19837649235E+39
 3.04514247103E+16 5.18032144553E+37 1.63694112240E+01 3.21291032637E+39
 3.08536919662E+16 5.25865066908E+37 1.65309961757E+01 3.22751020400E+39
 3.12617773643E+16 5.33816424339E+37 1.66942823252E+01 3.24217642536E+39
 3.16757676753E+16 5.41888007602E+37 1.68592875830E+01 3.25690929191E+39
 3.20957509764E+16 5.50081634533E+37 1.70260300483E+01 3.27170910650E+39
 3.25218166711E+16 5.58399150451E+37 1.71945280107E+01 3.28657617335E+39
 3.29540555092E+16 5.66842428579E+37 1.73647999524E+01 3.30151079806E+39
 3.33925596071E+16 5.75413370462E+37 1.75368645503E+01 3.31651328763E+39
 3.38374224684E+16 5.84113906397E+37 1.77107406777E+01 3.33158395044E+39
 3.42887390049E+16 5.92945995868E+37 1.78864474068E+01 3.34672309628E+39
 3.47466055581E+16 6.01911627985E+37 1.80640040105E+01 3.36193103635E+39
 3.52111199203E+16 6.11012821935E+37 1.82434299647E+01 3.37720808325E+39
 3.56823813569E+16 6.20251627435E+37 1.84247449503E+01 3.39255455102E+39
 3.61604906285E+16 6.29630125196E+37 1.86079688553E+01 3.40797075510E+39
 3.66455500135E+16 6.39150427386E+37 1.87931217772E+01 3.42345701241E+39
 3.71376633311E+16 6.48814678112E+37 1.89802240250E+01 3.43901364125E+39
 3.76369359645E+16 6.58625053900E+37 1.91692961218E+01 3.45464096142E+39
 3.81434748843E+16 6.68583764184E+37 1.93603588064E+01 3.47033929414E+39
 3.86573886730E+16 6.78693051807E+37 1.95534330361E+01 3.48610896210E+39
 3.91787875490E+16 6.88955193522E+37 1.97485399888E+01 3.50195028947E+39
 3.97077833911E+16 6.99372500510E+37 1.99457010655E+01 3.51786360186E+39
 4.02444897640E+16 7.09947318893E+37 2.01449378923E+01 3.53384922638E+39
 4.07890219438E+16 7.20682030271E+37 2.03462723233E+01 3.54990749164E+39
 4.13414969434E+16 7.31579052252E+37 2.05497264423E+01 3.56603872773E+39
 4.19020335389E+16 7.42640838999E+37 2.07553225658E+01 3.58224326622E+39
 4.24707522965E+16 7.53869881782E+37 2.09630832453E+01 3.59852144022E+39
 4.30477755994E+16 7.65268709540E+37 2.11730312697E+01 3.61487358434E+39
 4.36332276751E+16 7.76839889450E+37 2.13851896677E+01 3.63130003470E+39
 4.42272346232E+16 7.88586027505E+37 2.15995817106E+01 3.64780112896E+39
 4.48299244441E+16 8.00509769100E+37 2.18162309146E+01 3.66437720632E+39
 4.54414270673E+16 8.12613799630E+37 2.20351610436E+01 3.68102860751E+39
 4.60618743808E+16 8.24900845095E+37 2.22563961116E+01 3.69775567480E+39
 4.66914002605E+16 8.37373672709E+37 2.24799603855E+01 3.71455875204E+39
 4.73301406003E+16 8.50035091530E+37 2.27058783874E+01 3.73143818462E+39
 4.79782333425E+16 8.62887953087E+37 2.29341748981E+01 3.74839431951E+39
 4.86358185090E+16 8.75935152026E+37 2.31648749589E+01 3.76542750526E+39
 4.93030382326E+16 8.89179626761E+37 2.33980038747E+01 3.78253809200E+39
 4.99800367885E+16 9.02624360133E+37 2.36335872172E+01 3.79972643144E+39
 5.06669606274E+16 9.16272380087E+37 2.38716508269E+01 3.81699287691E+39
 5.13639584076E+16 9.30126760349E+37 2.41122208166E+01 3.83433778332E+39
 5.20711810290E+16 9.44190621121E+37 2.43553235739E+01 3.85176150722E+39
 5.27887816666E+16 9.58467129783E+37 2.46009857644E+01 3.86926440676E+39
 5.35169158048E+16 9.72959501605E+37 2.48492343342E+01 3.88684684173E+39
 5.42557412726E+16 9.87671000474E+37 2.51000965133E+01 3.90450917354E+39
 5.50054182789E+16 1.00260493963E+38 2.53535998181E+01 3.92225176526E+39
 5.57661094483E+16 1.01776468240E+38 2.56097720551E+01 3.94007498160E+39
 5.65379798578E+16 1.03315364298E+38 2.58686413233E+01 3.95797918893E+39
 5.73211970735E+16 1.04877528717E+38 2.61302360174E+01 3.97596475527E+39
 5.81159311889E+16 1.06463313320E+38 2.63945848314E+01 3.99403205034E+39
 5.89223548623E+16 1.08073075246E+38 2.66617167611E+01 4.01218144552E+39
 5.97406433560E+16 1.09707177038E+38 2.69316611077E+01 4.03041331389E+39
 6.05709745757E+16 1.11365986718E+38 2.72044474810E+01 4.04872803021E+39
 6.14135291101E+16 1.13049877874E+38 2.74801058022E+01 4.06712597096E+39
 6.22684902716E+16 1.14759229741E+38 2.77586663079E+01 4.08560751432E+39
 6.31360441376E+16 1.16494427289E+38 2.80401595527E+01 4.10417304018E+39
 6.40163795921E+16 1.18255861310E+38 2.83246164133E+01 4.12282293018E+39
 6.49096883681E+16 1.20043928504E+38 2.86120680909E+01 4.14155756768E+39
 6.58161650907E+16 1.21859031567E+38 2.89025461158E+01 4.16037733779E+39
