    5931
 1.00000016193E+09 1.45535737691E+23 1.00000032386E+00 5.97040375333E+32
 1.00272146053E+09 1.46328907593E+23 1.00000032474E+00 5.98665099946E+32
 1.00545016460E+09 1.47126400272E+23 1.00000032563E+00 6.00294245918E+32
 1.00818629429E+09 1.47928239287E+23 1.00000032651E+00 6.01927825282E+32
 1.01092986981E+09 1.48734448324E+23 1.00000032740E+00 6.03565850102E+32
 1.01368091141E+09 1.49545051202E+23 1.00000032829E+00 6.05208332474E+32
 1.01643943942E+09 1.50360071867E+23 1.00000032918E+00 6.06855284530E+32
 1.01920547421E+09 1.51179534394E+23 1.00000033008E+00 6.08506718433E+32
 1.02197903620E+09 1.52003462993E+23 1.00000033098E+00 6.10162646380E+32
 1.02476014588E+09 1.52831882004E+23 1.00000033188E+00 6.11823080599E+32
 1.02754882380E+09 1.53664815899E+23 1.00000033278E+00 6.13488033354E+32
 1.03034509054E+09 1.54502289285E+23 1.00000033369E+00 6.15157516942E+32
 1.03314896675E+09 1.55344326901E+23 1.00000033460E+00 6.16831543691E+32
 1.03596047315E+09 1.56190953623E+23 1.00000033551E+00 6.18510125965E+32
 1.03877963050E+09 1.57042194462E+23 1.00000033642E+00 6.20193276162E+32
 1.04160645962E+09 1.57898074564E+23 1.00000033734E+00 6.21881006711E+32
 1.04444098139E+09 1.58758619213E+23 1.00000033825E+00 6.23573330078E+32
 1.04728321673E+09 1.59623853831E+23 1.00000033917E+00 6.25270258760E+32
 1.05013318665E+09 1.60493803979E+23 1.00000034010E+00 6.26971805290E+32
 1.05299091218E+09 1.61368495356E+23 1.00000034102E+00 6.28677982236E+32
 1.05585641444E+09 1.62247953801E+23 1.00000034195E+00 6.30388802196E+32
 1.05872971459E+09 1.63132205296E+23 1.00000034288E+00 6.32104277807E+32
 1.06161083385E+09 1.64021275962E+23 1.00000034381E+00 6.33824421738E+32
 1.06449979349E+09 1.64915192065E+23 1.00000034475E+00 6.35549246693E+32
 1.06739661485E+09 1.65813980011E+23 1.00000034569E+00 6.37278765410E+32
 1.07030131933E+09 1.66717666352E+23 1.00000034663E+00 6.39012990662E+32
 1.07321392838E+09 1.67626277784E+23 1.00000034757E+00 6.40751935258E+32
 1.07613446350E+09 1.68539841150E+23 1.00000034852E+00 6.42495612039E+32
 1.07906294628E+09 1.69458383436E+23 1.00000034947E+00 6.44244033884E+32
 1.08199939833E+09 1.70381931779E+23 1.00000035042E+00 6.45997213706E+32
 1.08494384135E+09 1.71310513461E+23 1.00000035137E+00 6.47755164451E+32
 1.08789629707E+09 1.72244155915E+23 1.00000035233E+00 6.49517899104E+32
 1.09085678731E+09 1.73182886720E+23 1.00000035329E+00 6.51285430683E+32
 1.09382533392E+09 1.74126733609E+23 1.00000035425E+00 6.53057772242E+32
 1.09680195884E+09 1.75075724465E+23 1.00000035521E+00 6.54834936870E+32
 1.09978668404E+09 1.76029887322E+23 1.00000035618E+00 6.56616937691E+32
 1.10277953157E+09 1.76989250367E+23 1.00000035715E+00 6.58403787868E+32
 1.10578052354E+09 1.77953841941E+23 1.00000035812E+00 6.60195500595E+32
 1.10878968210E+09 1.78923690541E+23 1.00000035909E+00 6.61992089107E+32
 1.11180702948E+09 1.79898824816E+23 1.00000036007E+00 6.63793566671E+32
 1.11483258796E+09 1.80879273574E+23 1.00000036105E+00 6.65599946591E+32
 1.11786637989E+09 1.81865065779E+23 1.00000036203E+00 6.67411242209E+32
 1.12090842767E+09 1.82856230551E+23 1.00000036302E+00 6.69227466902E+32
 1.12395875378E+09 1.83852797173E+23 1.00000036401E+00 6.71048634083E+32
 1.12701738073E+09 1.84854795084E+23 1.00000036500E+00 6.72874757202E+32
 1.13008433113E+09 1.85862253885E+23 1.00000036599E+00 6.74705849745E+32
 1.13315962760E+09 1.86875203336E+23 1.00000036699E+00 6.76541925237E+32
 1.13624329289E+09 1.87893673363E+23 1.00000036798E+00 6.78382997236E+32
 1.13933534974E+09 1.88917694053E+23 1.00000036899E+00 6.80229079341E+32
 1.14243582100E+09 1.89947295657E+23 1.00000036999E+00 6.82080185185E+32
 1.14554472958E+09 1.90982508590E+23 1.00000037100E+00 6.83936328439E+32
 1.14866209842E+09 1.92023363434E+23 1.00000037201E+00 6.85797522811E+32
 1.15178795055E+09 1.93069890939E+23 1.00000037302E+00 6.87663782047E+32
 1.15492230907E+09 1.94122122019E+23 1.00000037403E+00 6.89535119930E+32
 1.15806519710E+09 1.95180087759E+23 1.00000037505E+00 6.91411550281E+32
 1.16121663788E+09 1.96243819414E+23 1.00000037607E+00 6.93293086957E+32
 1.16437665466E+09 1.97313348407E+23 1.00000037710E+00 6.95179743855E+32
 1.16754527080E+09 1.98388706335E+23 1.00000037812E+00 6.97071534908E+32
 1.17072250969E+09 1.99469924964E+23 1.00000037915E+00 6.98968474088E+32
 1.17390839479E+09 2.00557036235E+23 1.00000038018E+00 7.00870575404E+32
 1.17710294964E+09 2.01650072264E+23 1.00000038122E+00 7.02777852904E+32
 1.18030619783E+09 2.02749065340E+23 1.00000038225E+00 7.04690320674E+32
 1.18351816301E+09 2.03854047929E+23 1.00000038329E+00 7.06607992838E+32
 1.18673886891E+09 2.04965052675E+23 1.00000038434E+00 7.08530883559E+32
 1.18996833931E+09 2.06082112397E+23 1.00000038538E+00 7.10459007038E+32
 1.19320659807E+09 2.07205260096E+23 1.00000038643E+00 7.12392377515E+32
 1.19645366909E+09 2.08334528951E+23 1.00000038748E+00 7.14331009268E+32
 1.19970957637E+09 2.09469952322E+23 1.00000038854E+00 7.16274916616E+32
 1.20297434394E+09 2.10611563752E+23 1.00000038960E+00 7.18224113915E+32
 1.20624799592E+09 2.11759396965E+23 1.00000039066E+00 7.20178615560E+32
 1.20953055649E+09 2.12913485870E+23 1.00000039172E+00 7.22138435985E+32
 1.21282204988E+09 2.14073864560E+23 1.00000039279E+00 7.24103589666E+32
 1.21612250041E+09 2.15240567316E+23 1.00000039385E+00 7.26074091114E+32
 1.21943193246E+09 2.16413628602E+23 1.00000039493E+00 7.28049954884E+32
 1.22275037045E+09 2.17593083074E+23 1.00000039600E+00 7.30031195567E+32
 1.22607783891E+09 2.18778965573E+23 1.00000039708E+00 7.32017827796E+32
 1.22941436240E+09 2.19971311133E+23 1.00000039816E+00 7.34009866243E+32
 1.23275996558E+09 2.21170154978E+23 1.00000039924E+00 7.36007325620E+32
 1.23611467313E+09 2.22375532523E+23 1.00000040033E+00 7.38010220678E+32
 1.23947850985E+09 2.23587479376E+23 1.00000040142E+00 7.40018566210E+32
 1.24285150057E+09 2.24806031341E+23 1.00000040251E+00 7.42032377048E+32
 1.24623367021E+09 2.26031224415E+23 1.00000040361E+00 7.44051668065E+32
 1.24962504375E+09 2.27263094792E+23 1.00000040470E+00 7.46076454174E+32
 1.25302564622E+09 2.28501678864E+23 1.00000040581E+00 7.48106750329E+32
 1.25643550275E+09 2.29747013221E+23 1.00000040691E+00 7.50142571524E+32
 1.25985463852E+09 2.30999134651E+23 1.00000040802E+00 7.52183932795E+32
 1.26328307878E+09 2.32258080143E+23 1.00000040913E+00 7.54230849217E+32
 1.26672084885E+09 2.33523886890E+23 1.00000041024E+00 7.56283335908E+32
 1.27016797412E+09 2.34796592285E+23 1.00000041136E+00 7.58341408027E+32
 1.27362448004E+09 2.36076233925E+23 1.00000041248E+00 7.60405080773E+32
 1.27709039215E+09 2.37362849614E+23 1.00000041360E+00 7.62474369387E+32
 1.28056573605E+09 2.38656477359E+23 1.00000041472E+00 7.64549289151E+32
 1.28405053739E+09 2.39957155376E+23 1.00000041585E+00 7.66629855389E+32
 1.28754482192E+09 2.41264922090E+23 1.00000041699E+00 7.68716083468E+32
 1.29104861545E+09 2.42579816133E+23 1.00000041812E+00 7.70807988795E+32
 1.29456194384E+09 2.43901876351E+23 1.00000041926E+00 7.72905586818E+32
 1.29808483305E+09 2.45231141797E+23 1.00000042040E+00 7.75008893030E+32
 1.30161730909E+09 2.46567651742E+23 1.00000042154E+00 7.77117922965E+32
 1.30515939806E+09 2.47911445667E+23 1.00000042269E+00 7.79232692198E+32
 1.30871112611E+09 2.49262563270E+23 1.00000042384E+00 7.81353216348E+32
 1.31227251947E+09 2.50621044465E+23 1.00000042499E+00 7.83479511075E+32
 1.31584360445E+09 2.51986929384E+23 1.00000042615E+00 7.85611592084E+32
 1.31942440741E+09 2.53360258377E+23 1.00000042731E+00 7.87749475119E+32
 1.32301495482E+09 2.54741072014E+23 1.00000042847E+00 7.89893175971E+32
 1.32661527317E+09 2.56129411087E+23 1.00000042964E+00 7.92042710471E+32
 1.33022538907E+09 2.57525316609E+23 1.00000043081E+00 7.94198094494E+32
 1.33384532917E+09 2.58928829818E+23 1.00000043198E+00 7.96359343959E+32
 1.33747512021E+09 2.60339992174E+23 1.00000043316E+00 7.98526474827E+32
 1.34111478900E+09 2.61758845367E+23 1.00000043433E+00 8.00699503104E+32
 1.34476436241E+09 2.63185431311E+23 1.00000043552E+00 8.02878444837E+32
 1.34842386741E+09 2.64619792150E+23 1.00000043670E+00 8.05063316120E+32
 1.35209333101E+09 2.66061970256E+23 1.00000043789E+00 8.07254133088E+32
 1.35577278032E+09 2.67512008235E+23 1.00000043908E+00 8.09450911921E+32
 1.35946224251E+09 2.68969948921E+23 1.00000044028E+00 8.11653668843E+32
 1.36316174483E+09 2.70435835386E+23 1.00000044147E+00 8.13862420123E+32
 1.36687131460E+09 2.71909710934E+23 1.00000044268E+00 8.16077182072E+32
 1.37059097922E+09 2.73391619104E+23 1.00000044388E+00 8.18297971048E+32
 1.37432076616E+09 2.74881603675E+23 1.00000044509E+00 8.20524803452E+32
 1.37806070296E+09 2.76379708664E+23 1.00000044630E+00 8.22757695730E+32
 1.38181081725E+09 2.77885978326E+23 1.00000044751E+00 8.24996664373E+32
 1.38557113673E+09 2.79400457159E+23 1.00000044873E+00 8.27241725916E+32
 1.38934168915E+09 2.80923189903E+23 1.00000044995E+00 8.29492896940E+32
 1.39312250238E+09 2.82454221542E+23 1.00000045118E+00 8.31750194070E+32
 1.39691360433E+09 2.83993597305E+23 1.00000045241E+00 8.34013633978E+32
 1.40071502300E+09 2.85541362667E+23 1.00000045364E+00 8.36283233380E+32
 1.40452678646E+09 2.87097563352E+23 1.00000045487E+00 8.38559009038E+32
 1.40834892288E+09 2.88662245332E+23 1.00000045611E+00 8.40840977758E+32
 1.41218146047E+09 2.90235454830E+23 1.00000045735E+00 8.43129156395E+32
 1.41602442754E+09 2.91817238321E+23 1.00000045859E+00 8.45423561847E+32
 1.41987785248E+09 2.93407642534E+23 1.00000045984E+00 8.47724211060E+32
 1.42374176373E+09 2.95006714451E+23 1.00000046109E+00 8.50031121024E+32
 1.42761618985E+09 2.96614501312E+23 1.00000046235E+00 8.52344308777E+32
 1.43150115943E+09 2.98231050612E+23 1.00000046361E+00 8.54663791402E+32
 1.43539670118E+09 2.99856410108E+23 1.00000046487E+00 8.56989586030E+32
 1.43930284386E+09 3.01490627814E+23 1.00000046613E+00 8.59321709838E+32
 1.44321961633E+09 3.03133752008E+23 1.00000046740E+00 8.61660180049E+32
 1.44714704750E+09 3.04785831231E+23 1.00000046867E+00 8.64005013934E+32
 1.45108516639E+09 3.06446914286E+23 1.00000046995E+00 8.66356228810E+32
 1.45503400208E+09 3.08117050246E+23 1.00000047123E+00 8.68713842041E+32
 1.45899358373E+09 3.09796288449E+23 1.00000047251E+00 8.71077871040E+32
 1.46296394058E+09 3.11484678501E+23 1.00000047380E+00 8.73448333266E+32
 1.46694510197E+09 3.13182270281E+23 1.00000047509E+00 8.75825246225E+32
 1.47093709728E+09 3.14889113937E+23 1.00000047638E+00 8.78208627472E+32
 1.47493995601E+09 3.16605259892E+23 1.00000047767E+00 8.80598494609E+32
 1.47895370771E+09 3.18330758845E+23 1.00000047897E+00 8.82994865286E+32
 1.48297838203E+09 3.20065661769E+23 1.00000048028E+00 8.85397757201E+32
 1.48701400870E+09 3.21810019915E+23 1.00000048159E+00 8.87807188100E+32
 1.49106061751E+09 3.23563884814E+23 1.00000048290E+00 8.90223175778E+32
 1.49511823835E+09 3.25327308279E+23 1.00000048421E+00 8.92645738078E+32
 1.49918690119E+09 3.27100342403E+23 1.00000048553E+00 8.95074892891E+32
 1.50326663608E+09 3.28883039565E+23 1.00000048685E+00 8.97510658158E+32
 1.50735747315E+09 3.30675452428E+23 1.00000048817E+00 8.99953051867E+32
 1.51145944262E+09 3.32477633943E+23 1.00000048950E+00 9.02402092056E+32
 1.51557257476E+09 3.34289637349E+23 1.00000049083E+00 9.04857796813E+32
 1.51969689997E+09 3.36111516175E+23 1.00000049217E+00 9.07320184274E+32
 1.52383244870E+09 3.37943324242E+23 1.00000049351E+00 9.09789272624E+32
 1.52797925150E+09 3.39785115664E+23 1.00000049485E+00 9.12265080099E+32
 1.53213733899E+09 3.41636944852E+23 1.00000049620E+00 9.14747624983E+32
 1.53630674187E+09 3.43498866510E+23 1.00000049755E+00 9.17236925610E+32
 1.54048749095E+09 3.45370935643E+23 1.00000049890E+00 9.19733000366E+32
 1.54467961710E+09 3.47253207555E+23 1.00000050026E+00 9.22235867684E+32
 1.54888315128E+09 3.49145737850E+23 1.00000050162E+00 9.24745546050E+32
 1.55309812453E+09 3.51048582437E+23 1.00000050299E+00 9.27262053997E+32
 1.55732456798E+09 3.52961797529E+23 1.00000050436E+00 9.29785410112E+32
 1.56156251285E+09 3.54885439645E+23 1.00000050573E+00 9.32315633030E+32
 1.56581199044E+09 3.56819565612E+23 1.00000050710E+00 9.34852741438E+32
 1.57007303212E+09 3.58764232567E+23 1.00000050848E+00 9.37396754073E+32
 1.57434566938E+09 3.60719497959E+23 1.00000050987E+00 9.39947689724E+32
 1.57862993375E+09 3.62685419549E+23 1.00000051126E+00 9.42505567230E+32
 1.58292585690E+09 3.64662055413E+23 1.00000051265E+00 9.45070405483E+32
 1.58723347053E+09 3.66649463945E+23 1.00000051404E+00 9.47642223424E+32
 1.59155280647E+09 3.68647703855E+23 1.00000051544E+00 9.50221040047E+32
 1.59588389662E+09 3.70656834174E+23 1.00000051684E+00 9.52806874398E+32
 1.60022677295E+09 3.72676914256E+23 1.00000051825E+00 9.55399745575E+32
 1.60458146756E+09 3.74708003776E+23 1.00000051966E+00 9.57999672725E+32
 1.60894801259E+09 3.76750162735E+23 1.00000052107E+00 9.60606675052E+32
 1.61332644029E+09 3.78803451463E+23 1.00000052249E+00 9.63220771808E+32
 1.61771678301E+09 3.80867930616E+23 1.00000052391E+00 9.65841982300E+32
 1.62211907316E+09 3.82943661182E+23 1.00000052534E+00 9.68470325885E+32
 1.62653334326E+09 3.85030704482E+23 1.00000052677E+00 9.71105821977E+32
 1.63095962591E+09 3.87129122169E+23 1.00000052820E+00 9.73748490037E+32
 1.63539795380E+09 3.89238976235E+23 1.00000052964E+00 9.76398349584E+32
 1.63984835971E+09 3.91360329007E+23 1.00000053108E+00 9.79055420188E+32
 1.64431087650E+09 3.93493243154E+23 1.00000053253E+00 9.81719721473E+32
 1.64878553714E+09 3.95637781685E+23 1.00000053398E+00 9.84391273114E+32
 1.65327237466E+09 3.97794007953E+23 1.00000053543E+00 9.87070094842E+32
 1.65777142222E+09 3.99961985656E+23 1.00000053689E+00 9.89756206442E+32
 1.66228271302E+09 4.02141778840E+23 1.00000053835E+00 9.92449627752E+32
 1.66680628040E+09 4.04333451898E+23 1.00000053981E+00 9.95150378662E+32
 1.67134215776E+09 4.06537069577E+23 1.00000054128E+00 9.97858479120E+32
 1.67589037860E+09 4.08752696974E+23 1.00000054275E+00 1.00057394913E+33
 1.68045097651E+09 4.10980399542E+23 1.00000054423E+00 1.00329680873E+33
 1.68502398518E+09 4.13220243091E+23 1.00000054571E+00 1.00602707805E+33
 1.68960943836E+09 4.15472293789E+23 1.00000054720E+00 1.00876477725E+33
 1.69420736994E+09 4.17736618166E+23 1.00000054869E+00 1.01150992654E+33
 1.69881781386E+09 4.20013283113E+23 1.00000055018E+00 1.01426254620E+33
 1.70344080418E+09 4.22302355886E+23 1.00000055168E+00 1.01702265655E+33
 1.70807637504E+09 4.24603904107E+23 1.00000055318E+00 1.01979027799E+33
 1.71272456068E+09 4.26917995768E+23 1.00000055468E+00 1.02256543095E+33
 1.71738539542E+09 4.29244699231E+23 1.00000055619E+00 1.02534813593E+33
 1.72205891369E+09 4.31584083230E+23 1.00000055771E+00 1.02813841347E+33
 1.72674515000E+09 4.33936216874E+23 1.00000055922E+00 1.03093628420E+33
 1.73144413896E+09 4.36301169649E+23 1.00000056075E+00 1.03374176876E+33
 1.73615591527E+09 4.38679011418E+23 1.00000056227E+00 1.03655488788E+33
 1.74088051374E+09 4.41069812427E+23 1.00000056380E+00 1.03937566233E+33
 1.74561796925E+09 4.43473643303E+23 1.00000056534E+00 1.04220411295E+33
 1.75036831680E+09 4.45890575060E+23 1.00000056688E+00 1.04504026063E+33
 1.75513159147E+09 4.48320679097E+23 1.00000056842E+00 1.04788412631E+33
 1.75990782843E+09 4.50764027204E+23 1.00000056996E+00 1.05073573100E+33
 1.76469706296E+09 4.53220691560E+23 1.00000057152E+00 1.05359509575E+33
 1.76949933044E+09 4.55690744739E+23 1.00000057307E+00 1.05646224168E+33
 1.77431466632E+09 4.58174259710E+23 1.00000057463E+00 1.05933718997E+33
 1.77914310617E+09 4.60671309839E+23 1.00000057619E+00 1.06221996185E+33
 1.78398468564E+09 4.63181968894E+23 1.00000057776E+00 1.06511057862E+33
 1.78883944051E+09 4.65706311044E+23 1.00000057933E+00 1.06800906161E+33
 1.79370740662E+09 4.68244410860E+23 1.00000058091E+00 1.07091543223E+33
 1.79858861992E+09 4.70796343323E+23 1.00000058249E+00 1.07382971196E+33
 1.80348311646E+09 4.73362183820E+23 1.00000058408E+00 1.07675192231E+33
 1.80839093239E+09 4.75942008149E+23 1.00000058567E+00 1.07968208486E+33
 1.81331210396E+09 4.78535892524E+23 1.00000058726E+00 1.08262022126E+33
 1.81824666751E+09 4.81143913571E+23 1.00000058886E+00 1.08556635320E+33
 1.82319465949E+09 4.83766148335E+23 1.00000059046E+00 1.08852050244E+33
 1.82815611643E+09 4.86402674281E+23 1.00000059207E+00 1.09148269080E+33
 1.83313107498E+09 4.89053569296E+23 1.00000059368E+00 1.09445294016E+33
 1.83811957188E+09 4.91718911691E+23 1.00000059529E+00 1.09743127246E+33
 1.84312164398E+09 4.94398780204E+23 1.00000059691E+00 1.10041770968E+33
 1.84813732821E+09 4.97093254003E+23 1.00000059854E+00 1.10341227388E+33
 1.85316666162E+09 4.99802412687E+23 1.00000060017E+00 1.10641498719E+33
 1.85820968135E+09 5.02526336288E+23 1.00000060180E+00 1.10942587177E+33
 1.86326642465E+09 5.05265105275E+23 1.00000060344E+00 1.11244494987E+33
 1.86833692886E+09 5.08018800556E+23 1.00000060508E+00 1.11547224378E+33
 1.87342123143E+09 5.10787503478E+23 1.00000060673E+00 1.11850777585E+33
 1.87851936991E+09 5.13571295834E+23 1.00000060838E+00 1.12155156852E+33
 1.88363138195E+09 5.16370259861E+23 1.00000061003E+00 1.12460364424E+33
 1.88875730530E+09 5.19184478244E+23 1.00000061169E+00 1.12766402558E+33
 1.89389717783E+09 5.22014034120E+23 1.00000061336E+00 1.13073273512E+33
 1.89905103749E+09 5.24859011078E+23 1.00000061503E+00 1.13380979554E+33
 1.90421892234E+09 5.27719493163E+23 1.00000061670E+00 1.13689522955E+33
 1.90940087056E+09 5.30595564878E+23 1.00000061838E+00 1.13998905995E+33
 1.91459692041E+09 5.33487311186E+23 1.00000062006E+00 1.14309130958E+33
 1.91980711027E+09 5.36394817515E+23 1.00000062175E+00 1.14620200136E+33
 1.92503147861E+09 5.39318169755E+23 1.00000062344E+00 1.14932115825E+33
 1.93027006402E+09 5.42257454268E+23 1.00000062514E+00 1.15244880330E+33
 1.93552290520E+09 5.45212757884E+23 1.00000062684E+00 1.15558495960E+33
 1.94079004092E+09 5.48184167907E+23 1.00000062855E+00 1.15872965032E+33
 1.94607151011E+09 5.51171772118E+23 1.00000063026E+00 1.16188289868E+33
 1.95136735175E+09 5.54175658775E+23 1.00000063197E+00 1.16504472796E+33
 1.95667760496E+09 5.57195916616E+23 1.00000063369E+00 1.16821516152E+33
 1.96200230896E+09 5.60232634866E+23 1.00000063542E+00 1.17139422278E+33
 1.96734150307E+09 5.63285903232E+23 1.00000063714E+00 1.17458193521E+33
 1.97269522673E+09 5.66355811914E+23 1.00000063888E+00 1.17777832236E+33
 1.97806351947E+09 5.69442451601E+23 1.00000064062E+00 1.18098340782E+33
 1.98344642095E+09 5.72545913477E+23 1.00000064236E+00 1.18419721528E+33
 1.98884397092E+09 5.75666289224E+23 1.00000064411E+00 1.18741976846E+33
 1.99425620923E+09 5.78803671020E+23 1.00000064586E+00 1.19065109117E+33
 1.99968317587E+09 5.81958151551E+23 1.00000064762E+00 1.19389120727E+33
 2.00512491090E+09 5.85129824003E+23 1.00000064938E+00 1.19714014070E+33
 2.01058145453E+09 5.88318782073E+23 1.00000065115E+00 1.20039791543E+33
 2.01605284705E+09 5.91525119967E+23 1.00000065292E+00 1.20366455554E+33
 2.02153912886E+09 5.94748932406E+23 1.00000065470E+00 1.20694008516E+33
 2.02704034049E+09 5.97990314625E+23 1.00000065648E+00 1.21022452846E+33
 2.03255652257E+09 6.01249362381E+23 1.00000065826E+00 1.21351790971E+33
 2.03808771583E+09 6.04526171949E+23 1.00000066006E+00 1.21682025324E+33
 2.04363396112E+09 6.07820840133E+23 1.00000066185E+00 1.22013158342E+33
 2.04919529941E+09 6.11133464262E+23 1.00000066365E+00 1.22345192472E+33
 2.05477177176E+09 6.14464142194E+23 1.00000066546E+00 1.22678130165E+33
 2.06036341937E+09 6.17812972325E+23 1.00000066727E+00 1.23011973881E+33
 2.06597028352E+09 6.21180053583E+23 1.00000066909E+00 1.23346726085E+33
 2.07159240564E+09 6.24565485437E+23 1.00000067091E+00 1.23682389250E+33
 2.07722982722E+09 6.27969367897E+23 1.00000067273E+00 1.24018965854E+33
 2.08288258993E+09 6.31391801520E+23 1.00000067456E+00 1.24356458383E+33
 2.08855073549E+09 6.34832887409E+23 1.00000067640E+00 1.24694869330E+33
 2.09423430578E+09 6.38292727220E+23 1.00000067824E+00 1.25034201194E+33
 2.09993334276E+09 6.41771423160E+23 1.00000068009E+00 1.25374456481E+33
 2.10564788853E+09 6.45269077997E+23 1.00000068194E+00 1.25715637704E+33
 2.11137798529E+09 6.48785795055E+23 1.00000068379E+00 1.26057747382E+33
 2.11712367536E+09 6.52321678225E+23 1.00000068565E+00 1.26400788043E+33
 2.12288500117E+09 6.55876831961E+23 1.00000068752E+00 1.26744762219E+33
 2.12866200528E+09 6.59451361288E+23 1.00000068939E+00 1.27089672452E+33
 2.13445473035E+09 6.63045371804E+23 1.00000069127E+00 1.27435521288E+33
 2.14026321915E+09 6.66658969680E+23 1.00000069315E+00 1.27782311282E+33
 2.14608751460E+09 6.70292261667E+23 1.00000069503E+00 1.28130044994E+33
 2.15192765970E+09 6.73945355099E+23 1.00000069692E+00 1.28478724994E+33
 2.15778369758E+09 6.77618357894E+23 1.00000069882E+00 1.28828353855E+33
 2.16365567150E+09 6.81311378557E+23 1.00000070072E+00 1.29178934161E+33
 2.16954362482E+09 6.85024526187E+23 1.00000070263E+00 1.29530468500E+33
 2.17544760102E+09 6.88757910474E+23 1.00000070454E+00 1.29882959469E+33
 2.18136764371E+09 6.92511641709E+23 1.00000070646E+00 1.30236409671E+33
 2.18730379661E+09 6.96285830782E+23 1.00000070838E+00 1.30590821716E+33
 2.19325610356E+09 7.00080589190E+23 1.00000071031E+00 1.30946198221E+33
 2.19922460853E+09 7.03896029034E+23 1.00000071224E+00 1.31302541812E+33
 2.20520935558E+09 7.07732263028E+23 1.00000071418E+00 1.31659855120E+33
 2.21121038892E+09 7.11589404502E+23 1.00000071612E+00 1.32018140784E+33
 2.21722775288E+09 7.15467567400E+23 1.00000071807E+00 1.32377401449E+33
 2.22326149188E+09 7.19366866289E+23 1.00000072003E+00 1.32737639770E+33
 2.22931165050E+09 7.23287416361E+23 1.00000072199E+00 1.33098858407E+33
 2.23537827341E+09 7.27229333434E+23 1.00000072395E+00 1.33461060027E+33
 2.24146140542E+09 7.31192733959E+23 1.00000072592E+00 1.33824247306E+33
 2.24756109145E+09 7.35177735020E+23 1.00000072790E+00 1.34188422925E+33
 2.25367737656E+09 7.39184454341E+23 1.00000072988E+00 1.34553589574E+33
 2.25981030592E+09 7.43213010285E+23 1.00000073186E+00 1.34919749951E+33
 2.26595992481E+09 7.47263521864E+23 1.00000073386E+00 1.35286906759E+33
 2.27212627866E+09 7.51336108733E+23 1.00000073585E+00 1.35655062710E+33
 2.27830941300E+09 7.55430891205E+23 1.00000073785E+00 1.36024220523E+33
 2.28450937351E+09 7.59547990246E+23 1.00000073986E+00 1.36394382925E+33
 2.29072620597E+09 7.63687527479E+23 1.00000074188E+00 1.36765552648E+33
 2.29695995629E+09 7.67849625195E+23 1.00000074389E+00 1.37137732435E+33
 2.30321067052E+09 7.72034406346E+23 1.00000074592E+00 1.37510925034E+33
 2.30947839481E+09 7.76241994559E+23 1.00000074795E+00 1.37885133201E+33
 2.31576317547E+09 7.80472514131E+23 1.00000074998E+00 1.38260359700E+33
 2.32206505889E+09 7.84726090039E+23 1.00000075203E+00 1.38636607301E+33
 2.32838409162E+09 7.89002847939E+23 1.00000075407E+00 1.39013878785E+33
 2.33472032034E+09 7.93302914174E+23 1.00000075612E+00 1.39392176937E+33
 2.34107379184E+09 7.97626415774E+23 1.00000075818E+00 1.39771504550E+33
 2.34744455304E+09 8.01973480461E+23 1.00000076024E+00 1.40151864427E+33
 2.35383265099E+09 8.06344236655E+23 1.00000076231E+00 1.40533259376E+33
 2.36023813286E+09 8.10738813473E+23 1.00000076439E+00 1.40915692215E+33
 2.36666104598E+09 8.15157340740E+23 1.00000076647E+00 1.41299165767E+33
 2.37310143776E+09 8.19599948984E+23 1.00000076855E+00 1.41683682865E+33
 2.37955935579E+09 8.24066769447E+23 1.00000077065E+00 1.42069246348E+33
 2.38603484774E+09 8.28557934086E+23 1.00000077274E+00 1.42455859065E+33
 2.39252796145E+09 8.33073575576E+23 1.00000077485E+00 1.42843523869E+33
 2.39903874487E+09 8.37613827316E+23 1.00000077695E+00 1.43232243625E+33
 2.40556724609E+09 8.42178823432E+23 1.00000077907E+00 1.43622021204E+33
 2.41211351331E+09 8.46768698782E+23 1.00000078119E+00 1.44012859483E+33
 2.41867759489E+09 8.51383588956E+23 1.00000078331E+00 1.44404761349E+33
 2.42525953930E+09 8.56023630285E+23 1.00000078545E+00 1.44797729697E+33
 2.43185939516E+09 8.60688959844E+23 1.00000078758E+00 1.45191767429E+33
 2.43847721120E+09 8.65379715454E+23 1.00000078973E+00 1.45586877455E+33
 2.44511303631E+09 8.70096035686E+23 1.00000079188E+00 1.45983062693E+33
 2.45176691948E+09 8.74838059867E+23 1.00000079403E+00 1.46380326069E+33
 2.45843890987E+09 8.79605928084E+23 1.00000079619E+00 1.46778670516E+33
 2.46512905675E+09 8.84399781188E+23 1.00000079836E+00 1.47178098978E+33
 2.47183740952E+09 8.89219760795E+23 1.00000080053E+00 1.47578614403E+33
 2.47856401773E+09 8.94066009295E+23 1.00000080271E+00 1.47980219750E+33
 2.48530893105E+09 8.98938669854E+23 1.00000080489E+00 1.48382917985E+33
 2.49207219932E+09 9.03837886418E+23 1.00000080708E+00 1.48786712082E+33
 2.49885387246E+09 9.08763803716E+23 1.00000080928E+00 1.49191605023E+33
 2.50565400057E+09 9.13716567268E+23 1.00000081148E+00 1.49597599797E+33
 2.51247263386E+09 9.18696323386E+23 1.00000081369E+00 1.50004699405E+33
 2.51930982271E+09 9.23703219179E+23 1.00000081591E+00 1.50412906852E+33
 2.52616561759E+09 9.28737402559E+23 1.00000081813E+00 1.50822225152E+33
 2.53304006915E+09 9.33799022243E+23 1.00000082035E+00 1.51232657330E+33
 2.53993322815E+09 9.38888227759E+23 1.00000082258E+00 1.51644206416E+33
 2.54684514551E+09 9.44005169449E+23 1.00000082482E+00 1.52056875449E+33
 2.55377587227E+09 9.49149998476E+23 1.00000082707E+00 1.52470667478E+33
 2.56072545961E+09 9.54322866826E+23 1.00000082932E+00 1.52885585558E+33
 2.56769395887E+09 9.59523927313E+23 1.00000083157E+00 1.53301632753E+33
 2.57468142150E+09 9.64753333585E+23 1.00000083384E+00 1.53718812137E+33
 2.58168789912E+09 9.70011240125E+23 1.00000083611E+00 1.54137126791E+33
 2.58871344346E+09 9.75297802261E+23 1.00000083838E+00 1.54556579802E+33
 2.59575810641E+09 9.80613176165E+23 1.00000084066E+00 1.54977174271E+33
 2.60282194001E+09 9.85957518862E+23 1.00000084295E+00 1.55398913302E+33
 2.60990499642E+09 9.91330988231E+23 1.00000084525E+00 1.55821800011E+33
 2.61700732795E+09 9.96733743014E+23 1.00000084755E+00 1.56245837520E+33
 2.62412898706E+09 1.00216594281E+24 1.00000084985E+00 1.56671028962E+33
 2.63127002633E+09 1.00762774811E+24 1.00000085216E+00 1.57097377476E+33
 2.63843049852E+09 1.01311932025E+24 1.00000085448E+00 1.57524886211E+33
 2.64561045650E+09 1.01864082146E+24 1.00000085681E+00 1.57953558325E+33
 2.65280995330E+09 1.02419241486E+24 1.00000085914E+00 1.58383396984E+33
 2.66002904209E+09 1.02977426444E+24 1.00000086148E+00 1.58814405361E+33
 2.66726777619E+09 1.03538653512E+24 1.00000086382E+00 1.59246586640E+33
 2.67452620905E+09 1.04102939267E+24 1.00000086617E+00 1.59679944014E+33
 2.68180439429E+09 1.04670300380E+24 1.00000086853E+00 1.60114480682E+33
 2.68910238566E+09 1.05240753612E+24 1.00000087089E+00 1.60550199853E+33
 2.69642023705E+09 1.05814315814E+24 1.00000087326E+00 1.60987104746E+33
 2.70375800251E+09 1.06391003931E+24 1.00000087564E+00 1.61425198587E+33
 2.71111573623E+09 1.06970834999E+24 1.00000087802E+00 1.61864484612E+33
 2.71849349255E+09 1.07553826146E+24 1.00000088041E+00 1.62304966066E+33
 2.72589132596E+09 1.08139994596E+24 1.00000088281E+00 1.62746646200E+33
 2.73330929110E+09 1.08729357664E+24 1.00000088521E+00 1.63189528277E+33
 2.74074744275E+09 1.09321932762E+24 1.00000088762E+00 1.63633615569E+33
 2.74820583584E+09 1.09917737394E+24 1.00000089004E+00 1.64078911354E+33
 2.75568452546E+09 1.10516789162E+24 1.00000089246E+00 1.64525418922E+33
 2.76318356683E+09 1.11119105763E+24 1.00000089489E+00 1.64973141569E+33
 2.77070301535E+09 1.11724704990E+24 1.00000089732E+00 1.65422082604E+33
 2.77824292654E+09 1.12333604733E+24 1.00000089976E+00 1.65872245340E+33
 2.78580335610E+09 1.12945822981E+24 1.00000090221E+00 1.66323633103E+33
 2.79338435986E+09 1.13561377818E+24 1.00000090467E+00 1.66776249227E+33
 2.80098599380E+09 1.14180287430E+24 1.00000090713E+00 1.67230097054E+33
 2.80860831407E+09 1.14802570100E+24 1.00000090960E+00 1.67685179936E+33
 2.81625137696E+09 1.15428244210E+24 1.00000091207E+00 1.68141501234E+33
 2.82391523892E+09 1.16057328246E+24 1.00000091455E+00 1.68599064319E+33
 2.83159995655E+09 1.16689840790E+24 1.00000091704E+00 1.69057872568E+33
 2.83930558660E+09 1.17325800528E+24 1.00000091954E+00 1.69517929372E+33
 2.84703218598E+09 1.17965226246E+24 1.00000092204E+00 1.69979238127E+33
 2.85477981177E+09 1.18608136836E+24 1.00000092455E+00 1.70441802240E+33
 2.86254852116E+09 1.19254551289E+24 1.00000092707E+00 1.70905625128E+33
 2.87033837155E+09 1.19904488702E+24 1.00000092959E+00 1.71370710216E+33
 2.87814942046E+09 1.20557968273E+24 1.00000093212E+00 1.71837060940E+33
 2.88598172558E+09 1.21215009310E+24 1.00000093466E+00 1.72304680742E+33
 2.89383534476E+09 1.21875631220E+24 1.00000093720E+00 1.72773573077E+33
 2.90171033599E+09 1.22539853520E+24 1.00000093975E+00 1.73243741408E+33
 2.90960675744E+09 1.23207695833E+24 1.00000094231E+00 1.73715189207E+33
 2.91752466742E+09 1.23879177886E+24 1.00000094487E+00 1.74187919955E+33
 2.92546412441E+09 1.24554319518E+24 1.00000094744E+00 1.74661937145E+33
 2.93342518704E+09 1.25233140672E+24 1.00000095002E+00 1.75137244276E+33
 2.94140791412E+09 1.25915661402E+24 1.00000095261E+00 1.75613844860E+33
 2.94941236460E+09 1.26601901870E+24 1.00000095520E+00 1.76091742416E+33
 2.95743859759E+09 1.27291882350E+24 1.00000095780E+00 1.76570940473E+33
 2.96548667237E+09 1.27985623224E+24 1.00000096040E+00 1.77051442571E+33
 2.97355664838E+09 1.28683144986E+24 1.00000096302E+00 1.77533252259E+33
 2.98164858522E+09 1.29384468243E+24 1.00000096564E+00 1.78016373094E+33
 2.98976254265E+09 1.30089613712E+24 1.00000096827E+00 1.78500808644E+33
 2.99789858060E+09 1.30798602224E+24 1.00000097090E+00 1.78986562488E+33
 3.00605675915E+09 1.31511454724E+24 1.00000097354E+00 1.79473638213E+33
 3.01423713855E+09 1.32228192272E+24 1.00000097619E+00 1.79962039415E+33
 3.02243977922E+09 1.32948836039E+24 1.00000097885E+00 1.80451769703E+33
 3.03066474174E+09 1.33673407316E+24 1.00000098151E+00 1.80942832693E+33
 3.03891208686E+09 1.34401927506E+24 1.00000098418E+00 1.81435232011E+33
 3.04718187547E+09 1.35134418133E+24 1.00000098686E+00 1.81928971295E+33
 3.05547416867E+09 1.35870900834E+24 1.00000098955E+00 1.82424054190E+33
 3.06378902769E+09 1.36611397366E+24 1.00000099224E+00 1.82920484353E+33
 3.07212651394E+09 1.37355929605E+24 1.00000099494E+00 1.83418265450E+33
 3.08048668899E+09 1.38104519546E+24 1.00000099765E+00 1.83917401158E+33
 3.08886961459E+09 1.38857189302E+24 1.00000100036E+00 1.84417895163E+33
 3.09727535265E+09 1.39613961110E+24 1.00000100309E+00 1.84919751160E+33
 3.10570396525E+09 1.40374857324E+24 1.00000100581E+00 1.85422972858E+33
 3.11415551464E+09 1.41139900423E+24 1.00000100855E+00 1.85927563972E+33
 3.12263006323E+09 1.41909113008E+24 1.00000101130E+00 1.86433528228E+33
 3.13112767361E+09 1.42682517802E+24 1.00000101405E+00 1.86940869363E+33
 3.13964840855E+09 1.43460137654E+24 1.00000101681E+00 1.87449591125E+33
 3.14819233096E+09 1.44241995533E+24 1.00000101958E+00 1.87959697270E+33
 3.15675950396E+09 1.45028114540E+24 1.00000102235E+00 1.88471191566E+33
 3.16534999081E+09 1.45818517895E+24 1.00000102513E+00 1.88984077790E+33
 3.17396385495E+09 1.46613228949E+24 1.00000102792E+00 1.89498359731E+33
 3.18260116001E+09 1.47412271180E+24 1.00000103072E+00 1.90014041185E+33
 3.19126196977E+09 1.48215668191E+24 1.00000103352E+00 1.90531125963E+33
 3.19994634820E+09 1.49023443717E+24 1.00000103634E+00 1.91049617882E+33
 3.20865435943E+09 1.49835621620E+24 1.00000103916E+00 1.91569520771E+33
 3.21738606778E+09 1.50652225893E+24 1.00000104198E+00 1.92090838472E+33
 3.22614153773E+09 1.51473280660E+24 1.00000104482E+00 1.92613574833E+33
 3.23492083394E+09 1.52298810177E+24 1.00000104766E+00 1.93137733715E+33
 3.24372402126E+09 1.53128838830E+24 1.00000105051E+00 1.93663318990E+33
 3.25255116470E+09 1.53963391140E+24 1.00000105337E+00 1.94190334539E+33
 3.26140232944E+09 1.54802491761E+24 1.00000105624E+00 1.94718784253E+33
 3.27027758087E+09 1.55646165481E+24 1.00000105911E+00 1.95248672037E+33
 3.27917698453E+09 1.56494437224E+24 1.00000106200E+00 1.95780001804E+33
 3.28810060613E+09 1.57347332048E+24 1.00000106489E+00 1.96312777477E+33
 3.29704851160E+09 1.58204875150E+24 1.00000106778E+00 1.96847002991E+33
 3.30602076700E+09 1.59067091863E+24 1.00000107069E+00 1.97382682291E+33
 3.31501743861E+09 1.59934007657E+24 1.00000107360E+00 1.97919819335E+33
 3.32403859287E+09 1.60805648143E+24 1.00000107652E+00 1.98458418088E+33
 3.33308429640E+09 1.61682039071E+24 1.00000107945E+00 1.98998482529E+33
 3.34215461601E+09 1.62563206330E+24 1.00000108239E+00 1.99540016646E+33
 3.35124961869E+09 1.63449175952E+24 1.00000108534E+00 2.00083024439E+33
 3.36036937160E+09 1.64339974109E+24 1.00000108829E+00 2.00627509917E+33
 3.36951394211E+09 1.65235627116E+24 1.00000109125E+00 2.01173477103E+33
 3.37868339774E+09 1.66136161433E+24 1.00000109422E+00 2.01720930028E+33
 3.38787780621E+09 1.67041603663E+24 1.00000109720E+00 2.02269872735E+33
 3.39709723544E+09 1.67951980554E+24 1.00000110019E+00 2.02820309279E+33
 3.40634175351E+09 1.68867319000E+24 1.00000110318E+00 2.03372243725E+33
 3.41561142869E+09 1.69787646042E+24 1.00000110618E+00 2.03925680148E+33
 3.42490632944E+09 1.70712988866E+24 1.00000110919E+00 2.04480622637E+33
 3.43422652441E+09 1.71643374810E+24 1.00000111221E+00 2.05037075289E+33
 3.44357208244E+09 1.72578831358E+24 1.00000111524E+00 2.05595042215E+33
 3.45294307254E+09 1.73519386145E+24 1.00000111827E+00 2.06154527535E+33
 3.46233956392E+09 1.74465066956E+24 1.00000112132E+00 2.06715535381E+33
 3.47176162599E+09 1.75415901729E+24 1.00000112437E+00 2.07278069896E+33
 3.48120932832E+09 1.76371918552E+24 1.00000112743E+00 2.07842135236E+33
 3.49068274068E+09 1.77333145667E+24 1.00000113049E+00 2.08407735565E+33
 3.50018193306E+09 1.78299611472E+24 1.00000113357E+00 2.08974875061E+33
 3.50970697559E+09 1.79271344515E+24 1.00000113666E+00 2.09543557912E+33
 3.51925793863E+09 1.80248373505E+24 1.00000113975E+00 2.10113788319E+33
 3.52883489271E+09 1.81230727304E+24 1.00000114285E+00 2.10685570492E+33
 3.53843790857E+09 1.82218434931E+24 1.00000114596E+00 2.11258908655E+33
 3.54806705712E+09 1.83211525566E+24 1.00000114908E+00 2.11833807042E+33
 3.55772240948E+09 1.84210028546E+24 1.00000115221E+00 2.12410269898E+33
 3.56740403696E+09 1.85213973369E+24 1.00000115534E+00 2.12988301482E+33
 3.57711201106E+09 1.86223389691E+24 1.00000115849E+00 2.13567906061E+33
 3.58684640348E+09 1.87238307333E+24 1.00000116164E+00 2.14149087917E+33
 3.59660728611E+09 1.88258756277E+24 1.00000116480E+00 2.14731851342E+33
 3.60639473103E+09 1.89284766669E+24 1.00000116797E+00 2.15316200640E+33
 3.61620881055E+09 1.90316368819E+24 1.00000117115E+00 2.15902140126E+33
 3.62604959712E+09 1.91353593201E+24 1.00000117433E+00 2.16489674128E+33
 3.63591716344E+09 1.92396470457E+24 1.00000117753E+00 2.17078806985E+33
 3.64581158237E+09 1.93445031395E+24 1.00000118073E+00 2.17669543048E+33
 3.65573292700E+09 1.94499306991E+24 1.00000118395E+00 2.18261886680E+33
 3.66568127059E+09 1.95559328390E+24 1.00000118717E+00 2.18855842255E+33
 3.67565668661E+09 1.96625126907E+24 1.00000119040E+00 2.19451414160E+33
 3.68565924875E+09 1.97696734026E+24 1.00000119364E+00 2.20048606793E+33
 3.69568903087E+09 1.98774181405E+24 1.00000119689E+00 2.20647424565E+33
 3.70574610704E+09 1.99857500874E+24 1.00000120014E+00 2.21247871899E+33
 3.71583055155E+09 2.00946724434E+24 1.00000120341E+00 2.21849953229E+33
 3.72594243886E+09 2.02041884264E+24 1.00000120669E+00 2.22453673001E+33
 3.73608184366E+09 2.03143012716E+24 1.00000120997E+00 2.23059035674E+33
 3.74624884084E+09 2.04250142319E+24 1.00000121326E+00 2.23666045720E+33
 3.75644350547E+09 2.05363305779E+24 1.00000121656E+00 2.24274707620E+33
 3.76666591286E+09 2.06482535981E+24 1.00000121987E+00 2.24885025871E+33
 3.77691613850E+09 2.07607865989E+24 1.00000122319E+00 2.25497004980E+33
 3.78719425808E+09 2.08739329047E+24 1.00000122652E+00 2.26110649466E+33
 3.79750034753E+09 2.09876958579E+24 1.00000122986E+00 2.26725963861E+33
 3.80783448294E+09 2.11020788193E+24 1.00000123321E+00 2.27342952710E+33
 3.81819674065E+09 2.12170851679E+24 1.00000123656E+00 2.27961620569E+33
 3.82858719718E+09 2.13327183013E+24 1.00000123993E+00 2.28581972007E+33
 3.83900592927E+09 2.14489816353E+24 1.00000124330E+00 2.29204011607E+33
 3.84945301387E+09 2.15658786046E+24 1.00000124669E+00 2.29827743962E+33
 3.85992852814E+09 2.16834126625E+24 1.00000125008E+00 2.30453173678E+33
 3.87043254943E+09 2.18015872811E+24 1.00000125348E+00 2.31080305374E+33
 3.88096515533E+09 2.19204059515E+24 1.00000125689E+00 2.31709143682E+33
 3.89152642362E+09 2.20398721838E+24 1.00000126031E+00 2.32339693247E+33
 3.90211643230E+09 2.21599895071E+24 1.00000126374E+00 2.32971958725E+33
 3.91273525958E+09 2.22807614700E+24 1.00000126718E+00 2.33605944786E+33
 3.92338298389E+09 2.24021916401E+24 1.00000127063E+00 2.34241656111E+33
 3.93405968387E+09 2.25242836048E+24 1.00000127409E+00 2.34879097396E+33
 3.94476543836E+09 2.26470409708E+24 1.00000127755E+00 2.35518273348E+33
 3.95550032644E+09 2.27704673646E+24 1.00000128103E+00 2.36159188689E+33
 3.96626442738E+09 2.28945664323E+24 1.00000128452E+00 2.36801848151E+33
 3.97705782068E+09 2.30193418401E+24 1.00000128801E+00 2.37446256481E+33
 3.98788058605E+09 2.31447972739E+24 1.00000129152E+00 2.38092418438E+33
 3.99873280343E+09 2.32709364400E+24 1.00000129503E+00 2.38740338793E+33
 4.00961455296E+09 2.33977630646E+24 1.00000129856E+00 2.39390022333E+33
 4.02052591501E+09 2.35252808945E+24 1.00000130209E+00 2.40041473856E+33
 4.03146697017E+09 2.36534936966E+24 1.00000130563E+00 2.40694698172E+33
 4.04243779923E+09 2.37824052587E+24 1.00000130919E+00 2.41349700105E+33
 4.05343848322E+09 2.39120193888E+24 1.00000131275E+00 2.42006484494E+33
 4.06446910339E+09 2.40423399161E+24 1.00000131632E+00 2.42665056189E+33
 4.07552974120E+09 2.41733706904E+24 1.00000131990E+00 2.43325420054E+33
 4.08662047834E+09 2.43051155825E+24 1.00000132349E+00 2.43987580965E+33
 4.09774139671E+09 2.44375784844E+24 1.00000132710E+00 2.44651543813E+33
 4.10889257846E+09 2.45707633093E+24 1.00000133071E+00 2.45317313502E+33
 4.12007410593E+09 2.47046739915E+24 1.00000133433E+00 2.45984894948E+33
 4.13128606171E+09 2.48393144871E+24 1.00000133796E+00 2.46654293082E+33
 4.14252852860E+09 2.49746887735E+24 1.00000134160E+00 2.47325512848E+33
 4.15380158962E+09 2.51108008499E+24 1.00000134525E+00 2.47998559202E+33
 4.16510532805E+09 2.52476547373E+24 1.00000134891E+00 2.48673437117E+33
 4.17643982735E+09 2.53852544784E+24 1.00000135258E+00 2.49350151574E+33
 4.18780517125E+09 2.55236041383E+24 1.00000135626E+00 2.50028707574E+33
 4.19920144367E+09 2.56627078039E+24 1.00000135996E+00 2.50709110126E+33
 4.21062872878E+09 2.58025695847E+24 1.00000136366E+00 2.51391364256E+33
 4.22208711098E+09 2.59431936122E+24 1.00000136737E+00 2.52075475003E+33
 4.23357667489E+09 2.60845840409E+24 1.00000137109E+00 2.52761447419E+33
 4.24509750537E+09 2.62267450475E+24 1.00000137482E+00 2.53449286570E+33
 4.25664968750E+09 2.63696808317E+24 1.00000137856E+00 2.54138997536E+33
 4.26823330660E+09 2.65133956161E+24 1.00000138231E+00 2.54830585411E+33
 4.27984844822E+09 2.66578936462E+24 1.00000138607E+00 2.55524055302E+33
 4.29149519815E+09 2.68031791907E+24 1.00000138985E+00 2.56219412331E+33
 4.30317364239E+09 2.69492565415E+24 1.00000139363E+00 2.56916661634E+33
 4.31488386720E+09 2.70961300140E+24 1.00000139742E+00 2.57615808360E+33
 4.32662595906E+09 2.72438039471E+24 1.00000140122E+00 2.58316857673E+33
 4.33840000470E+09 2.73922827032E+24 1.00000140504E+00 2.59019814749E+33
 4.35020609106E+09 2.75415706687E+24 1.00000140886E+00 2.59724684781E+33
 4.36204430535E+09 2.76916722538E+24 1.00000141269E+00 2.60431472973E+33
 4.37391473498E+09 2.78425918926E+24 1.00000141654E+00 2.61140184547E+33
 4.38581746764E+09 2.79943340436E+24 1.00000142039E+00 2.61850824737E+33
 4.39775259122E+09 2.81469031894E+24 1.00000142426E+00 2.62563398789E+33
 4.40972019387E+09 2.83003038373E+24 1.00000142813E+00 2.63277911968E+33
 4.42172036398E+09 2.84545405188E+24 1.00000143202E+00 2.63994369550E+33
 4.43375319017E+09 2.86096177903E+24 1.00000143592E+00 2.64712776827E+33
 4.44581876131E+09 2.87655402332E+24 1.00000143982E+00 2.65433139103E+33
 4.45791716651E+09 2.89223124535E+24 1.00000144374E+00 2.66155461700E+33
 4.47004849512E+09 2.90799390825E+24 1.00000144767E+00 2.66879749951E+33
 4.48221283673E+09 2.92384247768E+24 1.00000145161E+00 2.67606009207E+33
 4.49441028119E+09 2.93977742182E+24 1.00000145556E+00 2.68334244830E+33
 4.50664091857E+09 2.95579921143E+24 1.00000145952E+00 2.69064462199E+33
 4.51890483921E+09 2.97190831981E+24 1.00000146349E+00 2.69796666707E+33
 4.53120213368E+09 2.98810522284E+24 1.00000146748E+00 2.70530863761E+33
 4.54353289279E+09 3.00439039900E+24 1.00000147147E+00 2.71267058784E+33
 4.55589720762E+09 3.02076432939E+24 1.00000147547E+00 2.72005257213E+33
 4.56829516948E+09 3.03722749772E+24 1.00000147949E+00 2.72745464500E+33
 4.58072686994E+09 3.05378039033E+24 1.00000148352E+00 2.73487686111E+33
 4.59319240080E+09 3.07042349622E+24 1.00000148755E+00 2.74231927528E+33
 4.60569185414E+09 3.08715730705E+24 1.00000149160E+00 2.74978194248E+33
 4.61822532226E+09 3.10398231717E+24 1.00000149566E+00 2.75726491781E+33
 4.63079289773E+09 3.12089902360E+24 1.00000149973E+00 2.76476825655E+33
 4.64339467337E+09 3.13790792610E+24 1.00000150381E+00 2.77229201411E+33
 4.65603074224E+09 3.15500952714E+24 1.00000150790E+00 2.77983624605E+33
 4.66870119767E+09 3.17220433191E+24 1.00000151201E+00 2.78740100809E+33
 4.68140613323E+09 3.18949284839E+24 1.00000151612E+00 2.79498635610E+33
 4.69414564276E+09 3.20687558730E+24 1.00000152025E+00 2.80259234610E+33
 4.70691982034E+09 3.22435306215E+24 1.00000152439E+00 2.81021903427E+33
 4.71972876031E+09 3.24192578925E+24 1.00000152853E+00 2.81786647692E+33
 4.73257255727E+09 3.25959428773E+24 1.00000153269E+00 2.82553473055E+33
 4.74545130609E+09 3.27735907955E+24 1.00000153686E+00 2.83322385177E+33
 4.75836510187E+09 3.29522068950E+24 1.00000154105E+00 2.84093389738E+33
 4.77131403998E+09 3.31317964524E+24 1.00000154524E+00 2.84866492433E+33
 4.78429821606E+09 3.33123647730E+24 1.00000154944E+00 2.85641698969E+33
 4.79731772601E+09 3.34939171911E+24 1.00000155366E+00 2.86419015074E+33
 4.81037266598E+09 3.36764590701E+24 1.00000155789E+00 2.87198446487E+33
 4.82346313238E+09 3.38599958025E+24 1.00000156213E+00 2.87979998965E+33
 4.83658922189E+09 3.40445328102E+24 1.00000156638E+00 2.88763678280E+33
 4.84975103146E+09 3.42300755448E+24 1.00000157064E+00 2.89549490220E+33
 4.86294865828E+09 3.44166294875E+24 1.00000157492E+00 2.90337440588E+33
 4.87618219983E+09 3.46042001493E+24 1.00000157920E+00 2.91127535203E+33
 4.88945175385E+09 3.47927930714E+24 1.00000158350E+00 2.91919779902E+33
 4.90275741833E+09 3.49824138251E+24 1.00000158781E+00 2.92714180533E+33
 4.91609929154E+09 3.51730680121E+24 1.00000159213E+00 2.93510742966E+33
 4.92947747202E+09 3.53647612646E+24 1.00000159646E+00 2.94309473082E+33
 4.94289205857E+09 3.55574992454E+24 1.00000160081E+00 2.95110376781E+33
 4.95634315026E+09 3.57512876485E+24 1.00000160516E+00 2.95913459976E+33
 4.96983084644E+09 3.59461321985E+24 1.00000160953E+00 2.96718728601E+33
 4.98335524671E+09 3.61420386515E+24 1.00000161391E+00 2.97526188601E+33
 4.99691645096E+09 3.63390127948E+24 1.00000161830E+00 2.98335845940E+33
 5.01051455935E+09 3.65370604474E+24 1.00000162271E+00 2.99147706598E+33
 5.02414967229E+09 3.67361874599E+24 1.00000162712E+00 2.99961776570E+33
 5.03782189050E+09 3.69363997148E+24 1.00000163155E+00 3.00778061869E+33
 5.05153131495E+09 3.71377031266E+24 1.00000163599E+00 3.01596568524E+33
 5.06527804688E+09 3.73401036422E+24 1.00000164044E+00 3.02417302578E+33
 5.07906218783E+09 3.75436072408E+24 1.00000164491E+00 3.03240270095E+33
 5.09288383958E+09 3.77482199343E+24 1.00000164938E+00 3.04065477151E+33
 5.10674310423E+09 3.79539477670E+24 1.00000165387E+00 3.04892929841E+33
 5.12064008413E+09 3.81607968167E+24 1.00000165837E+00 3.05722634276E+33
 5.13457488191E+09 3.83687731938E+24 1.00000166289E+00 3.06554596585E+33
 5.14854760049E+09 3.85778830424E+24 1.00000166741E+00 3.07388822910E+33
 5.16255834305E+09 3.87881325399E+24 1.00000167195E+00 3.08225319413E+33
 5.17660721309E+09 3.89995278973E+24 1.00000167650E+00 3.09064092273E+33
 5.19069431434E+09 3.92120753596E+24 1.00000168106E+00 3.09905147683E+33
 5.20481975086E+09 3.94257812058E+24 1.00000168564E+00 3.10748491855E+33
 5.21898362695E+09 3.96406517490E+24 1.00000169022E+00 3.11594131018E+33
 5.23318604724E+09 3.98566933369E+24 1.00000169482E+00 3.12442071416E+33
 5.24742711661E+09 4.00739123516E+24 1.00000169943E+00 3.13292319314E+33
 5.26170694023E+09 4.02923152102E+24 1.00000170406E+00 3.14144880988E+33
 5.27602562357E+09 4.05119083645E+24 1.00000170870E+00 3.14999762737E+33
 5.29038327238E+09 4.07326983017E+24 1.00000171335E+00 3.15856970874E+33
 5.30477999269E+09 4.09546915443E+24 1.00000171801E+00 3.16716511729E+33
 5.31921589083E+09 4.11778946503E+24 1.00000172268E+00 3.17578391651E+33
 5.33369107342E+09 4.14023142133E+24 1.00000172737E+00 3.18442617004E+33
 5.34820564736E+09 4.16279568632E+24 1.00000173207E+00 3.19309194172E+33
 5.36275971984E+09 4.18548292658E+24 1.00000173679E+00 3.20178129555E+33
 5.37735339835E+09 4.20829381231E+24 1.00000174151E+00 3.21049429569E+33
 5.39198679068E+09 4.23122901740E+24 1.00000174625E+00 3.21923100650E+33
 5.40666000489E+09 4.25428921937E+24 1.00000175100E+00 3.22799149251E+33
 5.42137314936E+09 4.27747509946E+24 1.00000175577E+00 3.23677581840E+33
 5.43612633275E+09 4.30078734262E+24 1.00000176055E+00 3.24558404906E+33
 5.45091966401E+09 4.32422663753E+24 1.00000176534E+00 3.25441624954E+33
 5.46575325240E+09 4.34779367661E+24 1.00000177014E+00 3.26327248506E+33
 5.48062720747E+09 4.37148915608E+24 1.00000177496E+00 3.27215282104E+33
 5.49554163907E+09 4.39531377593E+24 1.00000177979E+00 3.28105732306E+33
 5.51049665736E+09 4.41926823999E+24 1.00000178463E+00 3.28998605687E+33
 5.52549237277E+09 4.44335325589E+24 1.00000178949E+00 3.29893908843E+33
 5.54052889607E+09 4.46756953515E+24 1.00000179436E+00 3.30791648386E+33
 5.55560633829E+09 4.49191779316E+24 1.00000179924E+00 3.31691830945E+33
 5.57072481080E+09 4.51639874919E+24 1.00000180414E+00 3.32594463169E+33
 5.58588442525E+09 4.54101312646E+24 1.00000180905E+00 3.33499551723E+33
 5.60108529359E+09 4.56576165211E+24 1.00000181397E+00 3.34407103294E+33
 5.61632752810E+09 4.59064505724E+24 1.00000181891E+00 3.35317124582E+33
 5.63161124135E+09 4.61566407695E+24 1.00000182386E+00 3.36229622309E+33
 5.64693654620E+09 4.64081945035E+24 1.00000182882E+00 3.37144603214E+33
 5.66230355584E+09 4.66611192055E+24 1.00000183380E+00 3.38062074055E+33
 5.67771238378E+09 4.69154223473E+24 1.00000183879E+00 3.38982041607E+33
 5.69316314379E+09 4.71711114415E+24 1.00000184379E+00 3.39904512664E+33
 5.70865595001E+09 4.74281940416E+24 1.00000184881E+00 3.40829494040E+33
 5.72419091684E+09 4.76866777420E+24 1.00000185384E+00 3.41756992565E+33
 5.73976815901E+09 4.79465701788E+24 1.00000185888E+00 3.42687015091E+33
 5.75538779158E+09 4.82078790296E+24 1.00000186394E+00 3.43619568484E+33
 5.77104992990E+09 4.84706120139E+24 1.00000186901E+00 3.44554659633E+33
 5.78675468964E+09 4.87347768932E+24 1.00000187410E+00 3.45492295443E+33
 5.80250218679E+09 4.90003814714E+24 1.00000187920E+00 3.46432482839E+33
 5.81829253765E+09 4.92674335947E+24 1.00000188431E+00 3.47375228765E+33
 5.83412585883E+09 4.95359411523E+24 1.00000188944E+00 3.48320540184E+33
 5.85000226728E+09 4.98059120764E+24 1.00000189458E+00 3.49268424076E+33
 5.86592188024E+09 5.00773543423E+24 1.00000189974E+00 3.50218887443E+33
 5.88188481529E+09 5.03502759687E+24 1.00000190491E+00 3.51171937303E+33
 5.89789119032E+09 5.06246850183E+24 1.00000191009E+00 3.52127580696E+33
 5.91394112355E+09 5.09005895974E+24 1.00000191529E+00 3.53085824679E+33
 5.93003473351E+09 5.11779978567E+24 1.00000192050E+00 3.54046676329E+33
 5.94617213906E+09 5.14569179913E+24 1.00000192573E+00 3.55010142743E+33
 5.96235345937E+09 5.17373582409E+24 1.00000193097E+00 3.55976231036E+33
 5.97857881397E+09 5.20193268901E+24 1.00000193622E+00 3.56944948342E+33
 5.99484832266E+09 5.23028322687E+24 1.00000194149E+00 3.57916301817E+33
 6.01116210562E+09 5.25878827518E+24 1.00000194678E+00 3.58890298633E+33
 6.02752028333E+09 5.28744867604E+24 1.00000195207E+00 3.59866945985E+33
 6.04392297660E+09 5.31626527611E+24 1.00000195739E+00 3.60846251085E+33
 6.06037030656E+09 5.34523892667E+24 1.00000196271E+00 3.61828221166E+33
 6.07686239470E+09 5.37437048365E+24 1.00000196805E+00 3.62812863480E+33
 6.09339936280E+09 5.40366080765E+24 1.00000197341E+00 3.63800185299E+33
 6.10998133301E+09 5.43311076393E+24 1.00000197878E+00 3.64790193914E+33
 6.12660842779E+09 5.46272122251E+24 1.00000198417E+00 3.65782896638E+33
 6.14328076993E+09 5.49249305811E+24 1.00000198957E+00 3.66778300801E+33
 6.15999848257E+09 5.52242715025E+24 1.00000199498E+00 3.67776413755E+33
 6.17676168917E+09 5.55252438321E+24 1.00000200041E+00 3.68777242872E+33
 6.19357051354E+09 5.58278564612E+24 1.00000200585E+00 3.69780795542E+33
 6.21042507981E+09 5.61321183294E+24 1.00000201131E+00 3.70787079179E+33
 6.22732551247E+09 5.64380384250E+24 1.00000201678E+00 3.71796101213E+33
 6.24427193634E+09 5.67456257855E+24 1.00000202227E+00 3.72807869096E+33
 6.26126447656E+09 5.70548894973E+24 1.00000202778E+00 3.73822390300E+33
 6.27830325863E+09 5.73658386967E+24 1.00000203329E+00 3.74839672319E+33
 6.29538840840E+09 5.76784825695E+24 1.00000203883E+00 3.75859722666E+33
 6.31252005205E+09 5.79928303516E+24 1.00000204438E+00 3.76882548872E+33
 6.32969831609E+09 5.83088913295E+24 1.00000204994E+00 3.77908158494E+33
 6.34692332740E+09 5.86266748399E+24 1.00000205552E+00 3.78936559105E+33
 6.36419521318E+09 5.89461902708E+24 1.00000206111E+00 3.79967758299E+33
 6.38151410101E+09 5.92674470611E+24 1.00000206672E+00 3.81001763694E+33
 6.39888011879E+09 5.95904547012E+24 1.00000207234E+00 3.82038582926E+33
 6.41629339477E+09 5.99152227332E+24 1.00000207798E+00 3.83078223651E+33
 6.43375405756E+09 6.02417607513E+24 1.00000208364E+00 3.84120693548E+33
 6.45126223610E+09 6.05700784018E+24 1.00000208931E+00 3.85166000316E+33
 6.46881805972E+09 6.09001853839E+24 1.00000209499E+00 3.86214151675E+33
 6.48642165805E+09 6.12320914493E+24 1.00000210069E+00 3.87265155366E+33
 6.50407316112E+09 6.15658064031E+24 1.00000210641E+00 3.88319019151E+33
 6.52177269929E+09 6.19013401037E+24 1.00000211214E+00 3.89375750813E+33
 6.53952040327E+09 6.22387024632E+24 1.00000211789E+00 3.90435358157E+33
 6.55731640414E+09 6.25779034479E+24 1.00000212365E+00 3.91497849007E+33
 6.57516083333E+09 6.29189530783E+24 1.00000212943E+00 3.92563231212E+33
 6.59305382262E+09 6.32618614294E+24 1.00000213523E+00 3.93631512638E+33
 6.61099550418E+09 6.36066386314E+24 1.00000214104E+00 3.94702701177E+33
 6.62898601049E+09 6.39532948695E+24 1.00000214687E+00 3.95776804738E+33
 6.64702547443E+09 6.43018403844E+24 1.00000215271E+00 3.96853831255E+33
 6.66511402923E+09 6.46522854726E+24 1.00000215857E+00 3.97933788682E+33
 6.68325180848E+09 6.50046404869E+24 1.00000216444E+00 3.99016684994E+33
 6.70143894614E+09 6.53589158363E+24 1.00000217033E+00 4.00102528190E+33
 6.71967557652E+09 6.57151219867E+24 1.00000217624E+00 4.01191326288E+33
 6.73796183430E+09 6.60732694610E+24 1.00000218216E+00 4.02283087331E+33
 6.75629785455E+09 6.64333688393E+24 1.00000218810E+00 4.03377819379E+33
 6.77468377268E+09 6.67954307595E+24 1.00000219405E+00 4.04475530520E+33
 6.79311972447E+09 6.71594659176E+24 1.00000220002E+00 4.05576228860E+33
 6.81160584609E+09 6.75254850676E+24 1.00000220601E+00 4.06679922527E+33
 6.83014227406E+09 6.78934990222E+24 1.00000221201E+00 4.07786619674E+33
 6.84872914528E+09 6.82635186533E+24 1.00000221803E+00 4.08896328473E+33
 6.86736659703E+09 6.86355548917E+24 1.00000222407E+00 4.10009057120E+33
 6.88605476694E+09 6.90096187279E+24 1.00000223012E+00 4.11124813833E+33
 6.90479379304E+09 6.93857212124E+24 1.00000223619E+00 4.12243606852E+33
 6.92358381372E+09 6.97638734557E+24 1.00000224227E+00 4.13365444440E+33
 6.94242496776E+09 7.01440866292E+24 1.00000224838E+00 4.14490334882E+33
 6.96131739430E+09 7.05263719647E+24 1.00000225449E+00 4.15618286486E+33
 6.98026123288E+09 7.09107407557E+24 1.00000226063E+00 4.16749307582E+33
 6.99925662339E+09 7.12972043569E+24 1.00000226678E+00 4.17883406523E+33
 7.01830370614E+09 7.16857741852E+24 1.00000227295E+00 4.19020591685E+33
 7.03740262179E+09 7.20764617193E+24 1.00000227914E+00 4.20160871467E+33
 7.05655351139E+09 7.24692785008E+24 1.00000228534E+00 4.21304254289E+33
 7.07575651639E+09 7.28642361342E+24 1.00000229156E+00 4.22450748596E+33
 7.09501177860E+09 7.32613462870E+24 1.00000229779E+00 4.23600362856E+33
 7.11431944022E+09 7.36606206905E+24 1.00000230405E+00 4.24753105558E+33
 7.13367964387E+09 7.40620711399E+24 1.00000231032E+00 4.25908985216E+33
 7.15309253252E+09 7.44657094946E+24 1.00000231660E+00 4.27068010367E+33
 7.17255824954E+09 7.48715476787E+24 1.00000232291E+00 4.28230189571E+33
 7.19207693869E+09 7.52795976812E+24 1.00000232923E+00 4.29395531410E+33
 7.21164874413E+09 7.56898715566E+24 1.00000233557E+00 4.30564044491E+33
 7.23127381041E+09 7.61023814251E+24 1.00000234192E+00 4.31735737444E+33
 7.25095228246E+09 7.65171394727E+24 1.00000234830E+00 4.32910618923E+33
 7.27068430561E+09 7.69341579520E+24 1.00000235469E+00 4.34088697604E+33
 7.29047002561E+09 7.73534491824E+24 1.00000236109E+00 4.35269982187E+33
 7.31030958856E+09 7.77750255504E+24 1.00000236752E+00 4.36454481398E+33
 7.33020314100E+09 7.81988995100E+24 1.00000237396E+00 4.37642203984E+33
 7.35015082985E+09 7.86250835830E+24 1.00000238042E+00 4.38833158717E+33
 7.37015280242E+09 7.90535903596E+24 1.00000238690E+00 4.40027354391E+33
 7.39020920645E+09 7.94844324986E+24 1.00000239340E+00 4.41224799828E+33
 7.41032019006E+09 7.99176227276E+24 1.00000239991E+00 4.42425503871E+33
 7.43048590177E+09 8.03531738437E+24 1.00000240644E+00 4.43629475386E+33
 7.45070649052E+09 8.07910987138E+24 1.00000241299E+00 4.44836723267E+33
 7.47098210565E+09 8.12314102748E+24 1.00000241955E+00 4.46047256428E+33
 7.49131289689E+09 8.16741215343E+24 1.00000242614E+00 4.47261083811E+33
 7.51169901441E+09 8.21192455705E+24 1.00000243274E+00 4.48478214379E+33
 7.53214060875E+09 8.25667955331E+24 1.00000243936E+00 4.49698657122E+33
 7.55263783090E+09 8.30167846434E+24 1.00000244600E+00 4.50922421053E+33
 7.57319083222E+09 8.34692261948E+24 1.00000245266E+00 4.52149515210E+33
 7.59379976452E+09 8.39241335531E+24 1.00000245933E+00 4.53379948656E+33
 7.61446478000E+09 8.43815201568E+24 1.00000246602E+00 4.54613730477E+33
 7.63518603127E+09 8.48413995180E+24 1.00000247273E+00 4.55850869786E+33
 7.65596367138E+09 8.53037852221E+24 1.00000247946E+00 4.57091375719E+33
 7.67679785377E+09 8.57686909287E+24 1.00000248621E+00 4.58335257438E+33
 7.69768873232E+09 8.62361303718E+24 1.00000249298E+00 4.59582524130E+33
 7.71863646131E+09 8.67061173603E+24 1.00000249976E+00 4.60833185006E+33
 7.73964119545E+09 8.71786657783E+24 1.00000250656E+00 4.62087249302E+33
 7.76070308987E+09 8.76537895856E+24 1.00000251338E+00 4.63344726281E+33
 7.78182230012E+09 8.81315028181E+24 1.00000252022E+00 4.64605625229E+33
 7.80299898217E+09 8.86118195882E+24 1.00000252708E+00 4.65869955458E+33
 7.82423329242E+09 8.90947540851E+24 1.00000253396E+00 4.67137726306E+33
 7.84552538770E+09 8.95803205754E+24 1.00000254085E+00 4.68408947137E+33
 7.86687542526E+09 9.00685334035E+24 1.00000254777E+00 4.69683627337E+33
 7.88828356278E+09 9.05594069920E+24 1.00000255470E+00 4.70961776322E+33
 7.90974995836E+09 9.10529558420E+24 1.00000256165E+00 4.72243403531E+33
 7.93127477054E+09 9.15491945337E+24 1.00000256862E+00 4.73528518429E+33
 7.95285815830E+09 9.20481377267E+24 1.00000257561E+00 4.74817130507E+33
 7.97450028103E+09 9.25498001605E+24 1.00000258262E+00 4.76109249282E+33
 7.99620129858E+09 9.30541966551E+24 1.00000258965E+00 4.77404884298E+33
 8.01796137120E+09 9.35613421110E+24 1.00000259670E+00 4.78704045122E+33
 8.03978065962E+09 9.40712515101E+24 1.00000260377E+00 4.80006741349E+33
 8.06165932497E+09 9.45839399159E+24 1.00000261085E+00 4.81312982600E+33
 8.08359752884E+09 9.50994224740E+24 1.00000261796E+00 4.82622778523E+33
 8.10559543325E+09 9.56177144125E+24 1.00000262508E+00 4.83936138791E+33
 8.12765320066E+09 9.61388310425E+24 1.00000263222E+00 4.85253073103E+33
 8.14977099399E+09 9.66627877586E+24 1.00000263939E+00 4.86573591185E+33
 8.17194897657E+09 9.71896000393E+24 1.00000264657E+00 4.87897702790E+33
 8.19418731221E+09 9.77192834474E+24 1.00000265377E+00 4.89225417697E+33
 8.21648616514E+09 9.82518536305E+24 1.00000266099E+00 4.90556745711E+33
 8.23884570005E+09 9.87873263217E+24 1.00000266823E+00 4.91891696666E+33
 8.26126608207E+09 9.93257173394E+24 1.00000267550E+00 4.93230280419E+33
 8.28374747680E+09 9.98670425888E+24 1.00000268278E+00 4.94572506857E+33
 8.30629005025E+09 1.00411318061E+25 1.00000269008E+00 4.95918385893E+33
 8.32889396892E+09 1.00958559835E+25 1.00000269740E+00 4.97267927467E+33
 8.35155939976E+09 1.01508784078E+25 1.00000270474E+00 4.98621141545E+33
 8.37428651014E+09 1.02062007043E+25 1.00000271210E+00 4.99978038121E+33
 8.39707546793E+09 1.02618245073E+25 1.00000271948E+00 5.01338627217E+33
 8.41992644142E+09 1.03177514602E+25 1.00000272688E+00 5.02702918881E+33
 8.44283959939E+09 1.03739832150E+25 1.00000273430E+00 5.04070923189E+33
 8.46581511105E+09 1.04305214329E+25 1.00000274174E+00 5.05442650244E+33
 8.48885314609E+09 1.04873677841E+25 1.00000274920E+00 5.06818110176E+33
 8.51195387465E+09 1.05445239480E+25 1.00000275668E+00 5.08197313144E+33
 8.53511746735E+09 1.06019916131E+25 1.00000276419E+00 5.09580269335E+33
 8.55834409526E+09 1.06597724770E+25 1.00000277171E+00 5.10966988961E+33
 8.58163392991E+09 1.07178682466E+25 1.00000277925E+00 5.12357482263E+33
 8.60498714331E+09 1.07762806382E+25 1.00000278681E+00 5.13751759512E+33
 8.62840390793E+09 1.08350113775E+25 1.00000279440E+00 5.15149831005E+33
 8.65188439672E+09 1.08940621993E+25 1.00000280200E+00 5.16551707066E+33
 8.67542878309E+09 1.09534348481E+25 1.00000280963E+00 5.17957398050E+33
 8.69903724093E+09 1.10131310779E+25 1.00000281727E+00 5.19366914337E+33
 8.72270994459E+09 1.10731526523E+25 1.00000282494E+00 5.20780266338E+33
 8.74644706890E+09 1.11335013442E+25 1.00000283263E+00 5.22197464490E+33
 8.77024878919E+09 1.11941789366E+25 1.00000284033E+00 5.23618519260E+33
 8.79411528122E+09 1.12551872219E+25 1.00000284806E+00 5.25043441143E+33
 8.81804672127E+09 1.13165280025E+25 1.00000285581E+00 5.26472240663E+33
 8.84204328608E+09 1.13782030903E+25 1.00000286359E+00 5.27904928372E+33
 8.86610515287E+09 1.14402143075E+25 1.00000287138E+00 5.29341514851E+33
 8.89023249935E+09 1.15025634858E+25 1.00000287919E+00 5.30782010709E+33
 8.91442550372E+09 1.15652524672E+25 1.00000288703E+00 5.32226426586E+33
 8.93868434465E+09 1.16282831036E+25 1.00000289488E+00 5.33674773148E+33
 8.96300920129E+09 1.16916572570E+25 1.00000290276E+00 5.35127061092E+33
 8.98740025331E+09 1.17553767996E+25 1.00000291066E+00 5.36583301144E+33
 9.01185768083E+09 1.18194436138E+25 1.00000291858E+00 5.38043504059E+33
 9.03638166449E+09 1.18838595922E+25 1.00000292652E+00 5.39507680620E+33
 9.06097238540E+09 1.19486266377E+25 1.00000293449E+00 5.40975841642E+33
 9.08563002518E+09 1.20137466637E+25 1.00000294247E+00 5.42447997968E+33
 9.11035476594E+09 1.20792215939E+25 1.00000295048E+00 5.43924160469E+33
 9.13514679028E+09 1.21450533625E+25 1.00000295851E+00 5.45404340047E+33
 9.16000628130E+09 1.22112439143E+25 1.00000296656E+00 5.46888547635E+33
 9.18493342260E+09 1.22777952047E+25 1.00000297463E+00 5.48376794194E+33
 9.20992839827E+09 1.23447091997E+25 1.00000298273E+00 5.49869090714E+33
 9.23499139292E+09 1.24119878760E+25 1.00000299085E+00 5.51365448218E+33
 9.26012259164E+09 1.24796332211E+25 1.00000299899E+00 5.52865877756E+33
 9.28532218003E+09 1.25476472334E+25 1.00000300715E+00 5.54370390409E+33
 9.31059034422E+09 1.26160319222E+25 1.00000301533E+00 5.55878997289E+33
 9.33592727081E+09 1.26847893076E+25 1.00000302354E+00 5.57391709538E+33
 9.36133314694E+09 1.27539214208E+25 1.00000303176E+00 5.58908538327E+33
 9.38680816022E+09 1.28234303041E+25 1.00000304001E+00 5.60429494859E+33
 9.41235249881E+09 1.28933180108E+25 1.00000304829E+00 5.61954590367E+33
 9.43796635137E+09 1.29635866056E+25 1.00000305658E+00 5.63483836113E+33
 9.46364990705E+09 1.30342381644E+25 1.00000306490E+00 5.65017243392E+33
 9.48940335556E+09 1.31052747741E+25 1.00000307324E+00 5.66554823529E+33
 9.51522688707E+09 1.31766985335E+25 1.00000308160E+00 5.68096587880E+33
 9.54112069233E+09 1.32485115524E+25 1.00000308999E+00 5.69642547830E+33
 9.56708496255E+09 1.33207159524E+25 1.00000309840E+00 5.71192714797E+33
 9.59311988950E+09 1.33933138664E+25 1.00000310683E+00 5.72747100231E+33
 9.61922566546E+09 1.34663074390E+25 1.00000311528E+00 5.74305715609E+33
 9.64540248324E+09 1.35396988268E+25 1.00000312376E+00 5.75868572445E+33
 9.67165053614E+09 1.36134901976E+25 1.00000313226E+00 5.77435682279E+33
 9.69797001804E+09 1.36876837315E+25 1.00000314079E+00 5.79007056685E+33
 9.72436112331E+09 1.37622816202E+25 1.00000314933E+00 5.80582707269E+33
 9.75082404686E+09 1.38372860675E+25 1.00000315790E+00 5.82162645668E+33
 9.77735898414E+09 1.39126992891E+25 1.00000316650E+00 5.83746883549E+33
 9.80396613110E+09 1.39885235128E+25 1.00000317511E+00 5.85335432613E+33
 9.83064568427E+09 1.40647609786E+25 1.00000318375E+00 5.86928304592E+33
 9.85739784067E+09 1.41414139386E+25 1.00000319242E+00 5.88525511250E+33
 9.88422279789E+09 1.42184846574E+25 1.00000320111E+00 5.90127064383E+33
 9.91112075404E+09 1.42959754116E+25 1.00000320982E+00 5.91732975819E+33
 9.93809190776E+09 1.43738884905E+25 1.00000321855E+00 5.93343257417E+33
 9.96513645827E+09 1.44522261958E+25 1.00000322731E+00 5.94957921072E+33
 9.99225460529E+09 1.45309908416E+25 1.00000323609E+00 5.96576978707E+33
 1.00194465491E+10 1.46101847549E+25 1.00000324490E+00 5.98200442280E+33
 1.00467124905E+10 1.46898102750E+25 1.00000325373E+00 5.99828323780E+33
 1.00740526309E+10 1.47698697543E+25 1.00000326258E+00 6.01460635231E+33
 1.01014671722E+10 1.48503655578E+25 1.00000327146E+00 6.03097388687E+33
 1.01289563169E+10 1.49313000635E+25 1.00000328037E+00 6.04738596237E+33
 1.01565202680E+10 1.50126756624E+25 1.00000328929E+00 6.06384270001E+33
 1.01841592290E+10 1.50944947583E+25 1.00000329824E+00 6.08034422133E+33
 1.02118734042E+10 1.51767597684E+25 1.00000330722E+00 6.09689064821E+33
 1.02396629981E+10 1.52594731228E+25 1.00000331622E+00 6.11348210284E+33
 1.02675282160E+10 1.53426372652E+25 1.00000332524E+00 6.13011870775E+33
 1.02954692637E+10 1.54262546521E+25 1.00000333429E+00 6.14680058583E+33
 1.03234863476E+10 1.55103277539E+25 1.00000334337E+00 6.16352786026E+33
 1.03515796746E+10 1.55948590542E+25 1.00000335246E+00 6.18030065458E+33
 1.03797494521E+10 1.56798510502E+25 1.00000336159E+00 6.19711909267E+33
 1.04079958882E+10 1.57653062526E+25 1.00000337074E+00 6.21398329873E+33
 1.04363191916E+10 1.58512271859E+25 1.00000337991E+00 6.23089339733E+33
 1.04647195714E+10 1.59376163884E+25 1.00000338911E+00 6.24784951333E+33
 1.04931972373E+10 1.60244764121E+25 1.00000339833E+00 6.26485177198E+33
 1.05217523997E+10 1.61118098231E+25 1.00000340758E+00 6.28190029883E+33
 1.05503852694E+10 1.61996192012E+25 1.00000341685E+00 6.29899521980E+33
 1.05790960580E+10 1.62879071405E+25 1.00000342615E+00 6.31613666114E+33
 1.06078849774E+10 1.63766762491E+25 1.00000343547E+00 6.33332474944E+33
 1.06367522404E+10 1.64659291495E+25 1.00000344482E+00 6.35055961165E+33
 1.06656980600E+10 1.65556684782E+25 1.00000345419E+00 6.36784137505E+33
 1.06947226501E+10 1.66458968864E+25 1.00000346359E+00 6.38517016728E+33
 1.07238262250E+10 1.67366170395E+25 1.00000347302E+00 6.40254611631E+33
 1.07530089997E+10 1.68278316175E+25 1.00000348247E+00 6.41996935046E+33
 1.07822711897E+10 1.69195433150E+25 1.00000349195E+00 6.43743999843E+33
 1.08116130111E+10 1.70117548414E+25 1.00000350145E+00 6.45495818923E+33
 1.08410346806E+10 1.71044689206E+25 1.00000351098E+00 6.47252405224E+33
 1.08705364155E+10 1.71976882917E+25 1.00000352053E+00 6.49013771720E+33
 1.09001184337E+10 1.72914157085E+25 1.00000353011E+00 6.50779931418E+33
 1.09297809536E+10 1.73856539397E+25 1.00000353972E+00 6.52550897362E+33
 1.09595241944E+10 1.74804057694E+25 1.00000354935E+00 6.54326682633E+33
 1.09893483757E+10 1.75756739967E+25 1.00000355901E+00 6.56107300343E+33
 1.10192537178E+10 1.76714614358E+25 1.00000356870E+00 6.57892763645E+33
 1.10492404415E+10 1.77677709166E+25 1.00000357841E+00 6.59683085723E+33
 1.10793087682E+10 1.78646052842E+25 1.00000358815E+00 6.61478279801E+33
 1.11094589202E+10 1.79619673992E+25 1.00000359791E+00 6.63278359137E+33
 1.11396911200E+10 1.80598601377E+25 1.00000360770E+00 6.65083337024E+33
 1.11700055909E+10 1.81582863918E+25 1.00000361752E+00 6.66893226794E+33
 1.12004025567E+10 1.82572490691E+25 1.00000362736E+00 6.68708041813E+33
 1.12308822421E+10 1.83567510930E+25 1.00000363723E+00 6.70527795483E+33
 1.12614448721E+10 1.84567954031E+25 1.00000364713E+00 6.72352501245E+33
 1.12920906724E+10 1.85573849547E+25 1.00000365706E+00 6.74182172575E+33
 1.13228198694E+10 1.86585227195E+25 1.00000366701E+00 6.76016822985E+33
 1.13536326900E+10 1.87602116852E+25 1.00000367699E+00 6.77856466025E+33
 1.13845293617E+10 1.88624548558E+25 1.00000368699E+00 6.79701115282E+33
 1.14155101128E+10 1.89652552518E+25 1.00000369703E+00 6.81550784378E+33
 1.14465751720E+10 1.90686159101E+25 1.00000370709E+00 6.83405486974E+33
 1.14777247688E+10 1.91725398841E+25 1.00000371718E+00 6.85265236769E+33
 1.15089591333E+10 1.92770302438E+25 1.00000372729E+00 6.87130047496E+33
 1.15402784961E+10 1.93820900760E+25 1.00000373744E+00 6.88999932929E+33
 1.15716830885E+10 1.94877224845E+25 1.00000374761E+00 6.90874906877E+33
 1.16031731425E+10 1.95939305896E+25 1.00000375780E+00 6.92754983187E+33
 1.16347488906E+10 1.97007175291E+25 1.00000376803E+00 6.94640175744E+33
 1.16664105661E+10 1.98080864574E+25 1.00000377828E+00 6.96530498471E+33
 1.16981584027E+10 1.99160405465E+25 1.00000378857E+00 6.98425965330E+33
 1.17299926350E+10 2.00245829855E+25 1.00000379888E+00 7.00326590318E+33
 1.17619134980E+10 2.01337169809E+25 1.00000380921E+00 7.02232387472E+33
 1.17939212275E+10 2.02434457566E+25 1.00000381958E+00 7.04143370868E+33
 1.18260160600E+10 2.03537725543E+25 1.00000382997E+00 7.06059554619E+33
 1.18581982323E+10 2.04647006331E+25 1.00000384040E+00 7.07980952876E+33
 1.18904679823E+10 2.05762332701E+25 1.00000385085E+00 7.09907579830E+33
 1.19228255482E+10 2.06883737600E+25 1.00000386133E+00 7.11839449710E+33
 1.19552711690E+10 2.08011254157E+25 1.00000387183E+00 7.13776576782E+33
 1.19878050843E+10 2.09144915680E+25 1.00000388237E+00 7.15718975354E+33
 1.20204275345E+10 2.10284755660E+25 1.00000389294E+00 7.17666659771E+33
 1.20531387604E+10 2.11430807769E+25 1.00000390353E+00 7.19619644417E+33
 1.20859390036E+10 2.12583105862E+25 1.00000391415E+00 7.21577943716E+33
 1.21188285065E+10 2.13741683981E+25 1.00000392480E+00 7.23541572130E+33
 1.21518075118E+10 2.14906576352E+25 1.00000393549E+00 7.25510544162E+33
 1.21848762631E+10 2.16077817388E+25 1.00000394619E+00 7.27484874352E+33
 1.22180350047E+10 2.17255441688E+25 1.00000395693E+00 7.29464577283E+33
 1.22512839815E+10 2.18439484041E+25 1.00000396770E+00 7.31449667575E+33
 1.22846234390E+10 2.19629979427E+25 1.00000397850E+00 7.33440159889E+33
 1.23180536235E+10 2.20826963014E+25 1.00000398933E+00 7.35436068925E+33
 1.23515747818E+10 2.22030470162E+25 1.00000400018E+00 7.37437409424E+33
 1.23851871615E+10 2.23240536425E+25 1.00000401107E+00 7.39444196166E+33
 1.24188910109E+10 2.24457197550E+25 1.00000402198E+00 7.41456443972E+33
 1.24526865788E+10 2.25680489480E+25 1.00000403293E+00 7.43474167704E+33
 1.24865741150E+10 2.26910448352E+25 1.00000404390E+00 7.45497382262E+33
 1.25205538695E+10 2.28147110500E+25 1.00000405491E+00 7.47526102590E+33
 1.25546260935E+10 2.29390512459E+25 1.00000406594E+00 7.49560343670E+33
 1.25887910385E+10 2.30640690959E+25 1.00000407701E+00 7.51600120525E+33
 1.26230489569E+10 2.31897682933E+25 1.00000408810E+00 7.53645448220E+33
 1.26574001017E+10 2.33161525515E+25 1.00000409923E+00 7.55696341861E+33
 1.26918447266E+10 2.34432256040E+25 1.00000411038E+00 7.57752816595E+33
 1.27263830859E+10 2.35709912047E+25 1.00000412157E+00 7.59814887608E+33
 1.27610154347E+10 2.36994531281E+25 1.00000413278E+00 7.61882570130E+33
 1.27957420289E+10 2.38286151691E+25 1.00000414403E+00 7.63955879432E+33
 1.28305631249E+10 2.39584811433E+25 1.00000415531E+00 7.66034830826E+33
 1.28654789798E+10 2.40890548872E+25 1.00000416661E+00 7.68119439666E+33
 1.29004898516E+10 2.42203402581E+25 1.00000417795E+00 7.70209721347E+33
 1.29355959988E+10 2.43523411344E+25 1.00000418932E+00 7.72305691307E+33
 1.29707976806E+10 2.44850614156E+25 1.00000420072E+00 7.74407365025E+33
 1.30060951571E+10 2.46185050225E+25 1.00000421215E+00 7.76514758023E+33
 1.30414886890E+10 2.47526758971E+25 1.00000422362E+00 7.78627885865E+33
 1.30769785376E+10 2.48875780031E+25 1.00000423511E+00 7.80746764156E+33
 1.31125649651E+10 2.50232153258E+25 1.00000424664E+00 7.82871408547E+33
 1.31482482342E+10 2.51595918719E+25 1.00000425819E+00 7.85001834727E+33
 1.31840286085E+10 2.52967116704E+25 1.00000426978E+00 7.87138058431E+33
 1.32199063524E+10 2.54345787719E+25 1.00000428140E+00 7.89280095436E+33
 1.32558817306E+10 2.55731972492E+25 1.00000429305E+00 7.91427961561E+33
 1.32919550090E+10 2.57125711973E+25 1.00000430473E+00 7.93581672670E+33
 1.33281264539E+10 2.58527047336E+25 1.00000431645E+00 7.95741244667E+33
 1.33643963326E+10 2.59936019977E+25 1.00000432819E+00 7.97906693503E+33
 1.34007649128E+10 2.61352671521E+25 1.00000433997E+00 8.00078035170E+33
 1.34372324632E+10 2.62777043817E+25 1.00000435178E+00 8.02255285705E+33
 1.34737992530E+10 2.64209178944E+25 1.00000436362E+00 8.04438461186E+33
 1.35104655525E+10 2.65649119208E+25 1.00000437550E+00 8.06627577737E+33
 1.35472316322E+10 2.67096907148E+25 1.00000438741E+00 8.08822651527E+33
 1.35840977639E+10 2.68552585533E+25 1.00000439935E+00 8.11023698765E+33
 1.36210642197E+10 2.70016197367E+25 1.00000441132E+00 8.13230735709E+33
 1.36581312727E+10 2.71487785887E+25 1.00000442332E+00 8.15443778657E+33
 1.36952991967E+10 2.72967394566E+25 1.00000443536E+00 8.17662843954E+33
 1.37325682660E+10 2.74455067113E+25 1.00000444743E+00 8.19887947988E+33
 1.37699387561E+10 2.75950847477E+25 1.00000445953E+00 8.22119107193E+33
 1.38074109428E+10 2.77454779845E+25 1.00000447167E+00 8.24356338046E+33
 1.38449851030E+10 2.78966908646E+25 1.00000448384E+00 8.26599657070E+33
 1.38826615141E+10 2.80487278551E+25 1.00000449604E+00 8.28849080834E+33
 1.39204404544E+10 2.82015934472E+25 1.00000450827E+00 8.31104625949E+33
 1.39583222030E+10 2.83552921570E+25 1.00000452054E+00 8.33366309074E+33
 1.39963070395E+10 2.85098285249E+25 1.00000453284E+00 8.35634146912E+33
 1.40343952445E+10 2.86652071162E+25 1.00000454518E+00 8.37908156212E+33
 1.40725870993E+10 2.88214325209E+25 1.00000455755E+00 8.40188353768E+33
 1.41108828860E+10 2.89785093542E+25 1.00000456995E+00 8.42474756421E+33
 1.41492828874E+10 2.91364422564E+25 1.00000458239E+00 8.44767381056E+33
 1.41877873872E+10 2.92952358930E+25 1.00000459486E+00 8.47066244605E+33
 1.42263966696E+10 2.94548949551E+25 1.00000460736E+00 8.49371364046E+33
 1.42651110199E+10 2.96154241593E+25 1.00000461990E+00 8.51682756404E+33
 1.43039307239E+10 2.97768282477E+25 1.00000463247E+00 8.54000438748E+33
 1.43428560684E+10 2.99391119886E+25 1.00000464508E+00 8.56324428197E+33
 1.43818873408E+10 3.01022801760E+25 1.00000465772E+00 8.58654741912E+33
 1.44210248295E+10 3.02663376302E+25 1.00000467039E+00 8.60991397105E+33
 1.44602688234E+10 3.04312891976E+25 1.00000468310E+00 8.63334411032E+33
 1.44996196124E+10 3.05971397513E+25 1.00000469585E+00 8.65683800997E+33
 1.45390774871E+10 3.07638941906E+25 1.00000470862E+00 8.68039584353E+33
 1.45786427389E+10 3.09315574417E+25 1.00000472144E+00 8.70401778496E+33
 1.46183156601E+10 3.11001344578E+25 1.00000473429E+00 8.72770400872E+33
 1.46580965436E+10 3.12696302187E+25 1.00000474717E+00 8.75145468975E+33
 1.46979856833E+10 3.14400497316E+25 1.00000476009E+00 8.77527000346E+33
 1.47379833737E+10 3.16113980311E+25 1.00000477304E+00 8.79915012573E+33
 1.47780899102E+10 3.17836801790E+25 1.00000478603E+00 8.82309523292E+33
 1.48183055891E+10 3.19569012647E+25 1.00000479906E+00 8.84710550187E+33
 1.48586307074E+10 3.21310664055E+25 1.00000481211E+00 8.87118110991E+33
 1.48990655628E+10 3.23061807464E+25 1.00000482521E+00 8.89532223485E+33
 1.49396104541E+10 3.24822494607E+25 1.00000483834E+00 8.91952905498E+33
 1.49802656806E+10 3.26592777497E+25 1.00000485151E+00 8.94380174908E+33
 1.50210315426E+10 3.28372708429E+25 1.00000486471E+00 8.96814049640E+33
 1.50619083412E+10 3.30162339987E+25 1.00000487795E+00 8.99254547670E+33
 1.51028963783E+10 3.31961725039E+25 1.00000489122E+00 9.01701687021E+33
 1.51439959566E+10 3.33770916740E+25 1.00000490453E+00 9.04155485768E+33
 1.51852073796E+10 3.35589968538E+25 1.00000491788E+00 9.06615962031E+33
 1.52265309518E+10 3.37418934170E+25 1.00000493126E+00 9.09083133983E+33
 1.52679669782E+10 3.39257867667E+25 1.00000494468E+00 9.11557019844E+33
 1.53095157650E+10 3.41106823352E+25 1.00000495814E+00 9.14037637885E+33
 1.53511776189E+10 3.42965855848E+25 1.00000497163E+00 9.16525006426E+33
 1.53929528477E+10 3.44835020072E+25 1.00000498516E+00 9.19019143838E+33
 1.54348417599E+10 3.46714371244E+25 1.00000499873E+00 9.21520068540E+33
 1.54768446649E+10 3.48603964880E+25 1.00000501233E+00 9.24027799003E+33
 1.55189618728E+10 3.50503856804E+25 1.00000502597E+00 9.26542353747E+33
 1.55611936948E+10 3.52414103141E+25 1.00000503965E+00 9.29063751343E+33
 1.56035404428E+10 3.54334760322E+25 1.00000505336E+00 9.31592010413E+33
 1.56460024294E+10 3.56265885086E+25 1.00000506711E+00 9.34127149628E+33
 1.56885799683E+10 3.58207534482E+25 1.00000508090E+00 9.36669187712E+33
 1.57312733740E+10 3.60159765868E+25 1.00000509473E+00 9.39218143438E+33
 1.57740829618E+10 3.62122636918E+25 1.00000510859E+00 9.41774035632E+33
 1.58170090477E+10 3.64096205617E+25 1.00000512249E+00 9.44336883169E+33
 1.58600519489E+10 3.66080530267E+25 1.00000513643E+00 9.46906704978E+33
 1.59032119833E+10 3.68075669488E+25 1.00000515041E+00 9.49483520036E+33
 1.59464894696E+10 3.70081682219E+25 1.00000516443E+00 9.52067347376E+33
 1.59898847274E+10 3.72098627722E+25 1.00000517848E+00 9.54658206079E+33
 1.60333980773E+10 3.74126565579E+25 1.00000519257E+00 9.57256115280E+33
 1.60770298405E+10 3.76165555700E+25 1.00000520670E+00 9.59861094166E+33
 1.61207803394E+10 3.78215658319E+25 1.00000522087E+00 9.62473161974E+33
 1.61646498970E+10 3.80276933999E+25 1.00000523508E+00 9.65092337997E+33
 1.62086388374E+10 3.82349443633E+25 1.00000524933E+00 9.67718641577E+33
 1.62527474854E+10 3.84433248446E+25 1.00000526361E+00 9.70352092112E+33
 1.62969761669E+10 3.86528409998E+25 1.00000527794E+00 9.72992709049E+33
 1.63413252083E+10 3.88634990182E+25 1.00000529230E+00 9.75640511891E+33
 1.63857949374E+10 3.90753051230E+25 1.00000530670E+00 9.78295520193E+33
 1.64303856824E+10 3.92882655712E+25 1.00000532114E+00 9.80957753563E+33
 1.64750977728E+10 3.95023866541E+25 1.00000533562E+00 9.83627231663E+33
 1.65199315388E+10 3.97176746971E+25 1.00000535014E+00 9.86303974207E+33
 1.65648873114E+10 3.99341360601E+25 1.00000536470E+00 9.88988000965E+33
 1.66099654228E+10 4.01517771378E+25 1.00000537930E+00 9.91679331758E+33
 1.66551662057E+10 4.03706043595E+25 1.00000539394E+00 9.94377986464E+33
 1.67004899942E+10 4.05906241897E+25 1.00000540862E+00 9.97083985013E+33
 1.67459371228E+10 4.08118431283E+25 1.00000542334E+00 9.99797347390E+33
 1.67915079272E+10 4.10342677102E+25 1.00000543809E+00 1.00251809363E+34
 1.68372027441E+10 4.12579045064E+25 1.00000545289E+00 1.00524624384E+34
 1.68830219108E+10 4.14827601232E+25 1.00000546773E+00 1.00798181815E+34
 1.69289657658E+10 4.17088412034E+25 1.00000548261E+00 1.01072483677E+34
 1.69750346484E+10 4.19361544257E+25 1.00000549753E+00 1.01347531997E+34
 1.70212288988E+10 4.21647065052E+25 1.00000551249E+00 1.01623328805E+34
 1.70675488583E+10 4.23945041938E+25 1.00000552749E+00 1.01899876138E+34
 1.71139948688E+10 4.26255542800E+25 1.00000554253E+00 1.02177176039E+34
 1.71605672734E+10 4.28578635894E+25 1.00000555762E+00 1.02455230555E+34
 1.72072664162E+10 4.30914389847E+25 1.00000557274E+00 1.02734041741E+34
 1.72540926419E+10 4.33262873661E+25 1.00000558791E+00 1.03013611654E+34
 1.73010462964E+10 4.35624156714E+25 1.00000560311E+00 1.03293942361E+34
 1.73481277266E+10 4.37998308762E+25 1.00000561836E+00 1.03575035931E+34
 1.73953372800E+10 4.40385399941E+25 1.00000563365E+00 1.03856894440E+34
 1.74426753054E+10 4.42785500769E+25 1.00000564898E+00 1.04139519970E+34
 1.74901421524E+10 4.45198682149E+25 1.00000566435E+00 1.04422914609E+34
 1.75377381716E+10 4.47625015369E+25 1.00000567977E+00 1.04707080448E+34
 1.75854637144E+10 4.50064572108E+25 1.00000569522E+00 1.04992019588E+34
 1.76333191334E+10 4.52517424433E+25 1.00000571072E+00 1.05277734132E+34
 1.76813047819E+10 4.54983644805E+25 1.00000572626E+00 1.05564226190E+34
 1.77294210145E+10 4.57463306081E+25 1.00000574185E+00 1.05851497878E+34
 1.77776681864E+10 4.59956481512E+25 1.00000575747E+00 1.06139551318E+34
 1.78260466540E+10 4.62463244753E+25 1.00000577314E+00 1.06428388637E+34
 1.78745567745E+10 4.64983669855E+25 1.00000578885E+00 1.06718011968E+34
 1.79231989063E+10 4.67517831276E+25 1.00000580460E+00 1.07008423451E+34
 1.79719734086E+10 4.70065803879E+25 1.00000582040E+00 1.07299625230E+34
 1.80208806416E+10 4.72627662935E+25 1.00000583624E+00 1.07591619456E+34
 1.80699209665E+10 4.75203484126E+25 1.00000585212E+00 1.07884408285E+34
 1.81190947456E+10 4.77793343544E+25 1.00000586805E+00 1.08177993879E+34
 1.81684023419E+10 4.80397317698E+25 1.00000588401E+00 1.08472378407E+34
 1.82178441196E+10 4.83015483514E+25 1.00000590003E+00 1.08767564044E+34
 1.82674204440E+10 4.85647918336E+25 1.00000591608E+00 1.09063552968E+34
 1.83171316810E+10 4.88294699930E+25 1.00000593218E+00 1.09360347366E+34
 1.83669781980E+10 4.90955906486E+25 1.00000594832E+00 1.09657949430E+34
 1.84169603630E+10 4.93631616620E+25 1.00000596451E+00 1.09956361358E+34
 1.84670785451E+10 4.96321909377E+25 1.00000598074E+00 1.10255585354E+34
 1.85173331146E+10 4.99026864232E+25 1.00000599702E+00 1.10555623627E+34
 1.85677244425E+10 5.01746561094E+25 1.00000601334E+00 1.10856478394E+34
 1.86182529011E+10 5.04481080305E+25 1.00000602970E+00 1.11158151876E+34
 1.86689188634E+10 5.07230502649E+25 1.00000604611E+00 1.11460646301E+34
 1.87197227038E+10 5.09994909347E+25 1.00000606256E+00 1.11763963904E+34
 1.87706647974E+10 5.12774382064E+25 1.00000607906E+00 1.12068106924E+34
 1.88217455204E+10 5.15569002910E+25 1.00000609560E+00 1.12373077608E+34
 1.88729652501E+10 5.18378854442E+25 1.00000611219E+00 1.12678878208E+34
 1.89243243648E+10 5.21204019668E+25 1.00000612883E+00 1.12985510983E+34
 1.89758232439E+10 5.24044582046E+25 1.00000614550E+00 1.13292978196E+34
 1.90274622675E+10 5.26900625492E+25 1.00000616223E+00 1.13601282120E+34
 1.90792418172E+10 5.29772234378E+25 1.00000617900E+00 1.13910425030E+34
 1.91311622753E+10 5.32659493534E+25 1.00000619581E+00 1.14220409210E+34
 1.91832240254E+10 5.35562488256E+25 1.00000621267E+00 1.14531236949E+34
 1.92354274518E+10 5.38481304301E+25 1.00000622958E+00 1.14842910544E+34
 1.92877729402E+10 5.41416027896E+25 1.00000624653E+00 1.15155432294E+34
 1.93402608771E+10 5.44366745738E+25 1.00000626353E+00 1.15468804510E+34
 1.93928916502E+10 5.47333544994E+25 1.00000628058E+00 1.15783029505E+34
 1.94456656483E+10 5.50316513309E+25 1.00000629767E+00 1.16098109599E+34
 1.94985832610E+10 5.53315738805E+25 1.00000631480E+00 1.16414047120E+34
 1.95516448792E+10 5.56331310081E+25 1.00000633199E+00 1.16730844401E+34
 1.96048508947E+10 5.59363316224E+25 1.00000634922E+00 1.17048503782E+34
 1.96582017006E+10 5.62411846804E+25 1.00000636650E+00 1.17367027609E+34
 1.97116976909E+10 5.65476991877E+25 1.00000638382E+00 1.17686418234E+34
 1.97653392606E+10 5.68558841994E+25 1.00000640120E+00 1.18006678015E+34
 1.98191268059E+10 5.71657488197E+25 1.00000641862E+00 1.18327809319E+34
 1.98730607241E+10 5.74773022025E+25 1.00000643608E+00 1.18649814517E+34
 1.99271414135E+10 5.77905535515E+25 1.00000645360E+00 1.18972695987E+34
 1.99813692734E+10 5.81055121206E+25 1.00000647116E+00 1.19296456114E+34
 2.00357447045E+10 5.84221872142E+25 1.00000648877E+00 1.19621097288E+34
 2.00902681083E+10 5.87405881873E+25 1.00000650643E+00 1.19946621907E+34
 2.01449398875E+10 5.90607244461E+25 1.00000652413E+00 1.20273032376E+34
 2.01997604458E+10 5.93826054477E+25 1.00000654189E+00 1.20600331105E+34
 2.02547301882E+10 5.97062407011E+25 1.00000655969E+00 1.20928520511E+34
 2.03098495206E+10 6.00316397669E+25 1.00000657754E+00 1.21257603019E+34
 2.03651188500E+10 6.03588122579E+25 1.00000659544E+00 1.21587581058E+34
 2.04205385848E+10 6.06877678393E+25 1.00000661339E+00 1.21918457065E+34
 2.04761091342E+10 6.10185162289E+25 1.00000663138E+00 1.22250233484E+34
 2.05318309086E+10 6.13510671975E+25 1.00000664943E+00 1.22582912766E+34
 2.05877043195E+10 6.16854305692E+25 1.00000666753E+00 1.22916497367E+34
 2.06437297797E+10 6.20216162216E+25 1.00000668567E+00 1.23250989752E+34
 2.06999077028E+10 6.23596340861E+25 1.00000670386E+00 1.23586392389E+34
 2.07562385038E+10 6.26994941483E+25 1.00000672211E+00 1.23922707757E+34
 2.08127225987E+10 6.30412064481E+25 1.00000674040E+00 1.24259938339E+34
 2.08693604047E+10 6.33847810802E+25 1.00000675874E+00 1.24598086626E+34
 2.09261523400E+10 6.37302281944E+25 1.00000677714E+00 1.24937155116E+34
 2.09830988242E+10 6.40775579957E+25 1.00000679558E+00 1.25277146311E+34
 2.10402002778E+10 6.44267807447E+25 1.00000681407E+00 1.25618062724E+34
 2.10974571225E+10 6.47779067580E+25 1.00000683261E+00 1.25959906872E+34
 2.11548697811E+10 6.51309464085E+25 1.00000685121E+00 1.26302681279E+34
 2.12124386778E+10 6.54859101253E+25 1.00000686985E+00 1.26646388478E+34
 2.12701642377E+10 6.58428083947E+25 1.00000688855E+00 1.26991031007E+34
 2.13280468870E+10 6.62016517600E+25 1.00000690729E+00 1.27336611410E+34
 2.13860870534E+10 6.65624508219E+25 1.00000692609E+00 1.27683132240E+34
 2.14442851655E+10 6.69252162391E+25 1.00000694494E+00 1.28030596057E+34
 2.15026416530E+10 6.72899587281E+25 1.00000696384E+00 1.28379005427E+34
 2.15611569471E+10 6.76566890640E+25 1.00000698279E+00 1.28728362922E+34
 2.16198314798E+10 6.80254180806E+25 1.00000700179E+00 1.29078671122E+34
 2.16786656844E+10 6.83961566707E+25 1.00000702084E+00 1.29429932616E+34
 2.17376599956E+10 6.87689157864E+25 1.00000703995E+00 1.29782149997E+34
 2.17968148490E+10 6.91437064396E+25 1.00000705911E+00 1.30135325866E+34
 2.18561306815E+10 6.95205397022E+25 1.00000707832E+00 1.30489462831E+34
 2.19156079312E+10 6.98994267064E+25 1.00000709758E+00 1.30844563509E+34
 2.19752470374E+10 7.02803786452E+25 1.00000711689E+00 1.31200630522E+34
 2.20350484405E+10 7.06634067724E+25 1.00000713626E+00 1.31557666499E+34
 2.20950125821E+10 7.10485224032E+25 1.00000715568E+00 1.31915674077E+34
 2.21551399052E+10 7.14357369145E+25 1.00000717515E+00 1.32274655900E+34
 2.22154308538E+10 7.18250617453E+25 1.00000719468E+00 1.32634614620E+34
 2.22758858733E+10 7.22165083968E+25 1.00000721426E+00 1.32995552894E+34
 2.23365054100E+10 7.26100884328E+25 1.00000723389E+00 1.33357473390E+34
 2.23972899117E+10 7.30058134804E+25 1.00000725358E+00 1.33720378778E+34
 2.24582398274E+10 7.34036952299E+25 1.00000727331E+00 1.34084271740E+34
 2.25193556071E+10 7.38037454353E+25 1.00000729311E+00 1.34449154963E+34
 2.25806377023E+10 7.42059759147E+25 1.00000731295E+00 1.34815031142E+34
 2.26420865655E+10 7.46103985505E+25 1.00000733285E+00 1.35181902979E+34
 2.27037026506E+10 7.50170252901E+25 1.00000735281E+00 1.35549773184E+34
 2.27654864127E+10 7.54258681457E+25 1.00000737282E+00 1.35918644473E+34
 2.28274383080E+10 7.58369391953E+25 1.00000739288E+00 1.36288519570E+34
 2.28895587941E+10 7.62502505825E+25 1.00000741300E+00 1.36659401208E+34
 2.29518483298E+10 7.66658145171E+25 1.00000743317E+00 1.37031292125E+34
 2.30143073751E+10 7.70836432756E+25 1.00000745340E+00 1.37404195068E+34
 2.30769363914E+10 7.75037492011E+25 1.00000747368E+00 1.37778112791E+34
 2.31397358411E+10 7.79261447044E+25 1.00000749402E+00 1.38153048056E+34
 2.32027061881E+10 7.83508422635E+25 1.00000751442E+00 1.38529003631E+34
 2.32658478975E+10 7.87778544247E+25 1.00000753487E+00 1.38905982293E+34
 2.33291614355E+10 7.92071938025E+25 1.00000755537E+00 1.39283986826E+34
 2.33926472699E+10 7.96388730804E+25 1.00000757593E+00 1.39663020022E+34
 2.34563058694E+10 8.00729050107E+25 1.00000759655E+00 1.40043084680E+34
 2.35201377042E+10 8.05093024154E+25 1.00000761722E+00 1.40424183607E+34
 2.35841432458E+10 8.09480781863E+25 1.00000763795E+00 1.40806319618E+34
 2.36483229668E+10 8.13892452857E+25 1.00000765873E+00 1.41189495535E+34
 2.37126773413E+10 8.18328167461E+25 1.00000767957E+00 1.41573714187E+34
 2.37772068446E+10 8.22788056713E+25 1.00000770047E+00 1.41958978413E+34
 2.38419119532E+10 8.27272252366E+25 1.00000772143E+00 1.42345291057E+34
 2.39067931450E+10 8.31780886890E+25 1.00000774244E+00 1.42732654974E+34
 2.39718508993E+10 8.36314093475E+25 1.00000776351E+00 1.43121073022E+34
 2.40370856964E+10 8.40872006041E+25 1.00000778464E+00 1.43510548072E+34
 2.41024980183E+10 8.45454759234E+25 1.00000780582E+00 1.43901083000E+34
 2.41680883479E+10 8.50062488437E+25 1.00000782706E+00 1.44292680689E+34
 2.42338571697E+10 8.54695329767E+25 1.00000784836E+00 1.44685344032E+34
 2.42998049695E+10 8.59353420088E+25 1.00000786972E+00 1.45079075929E+34
 2.43659322343E+10 8.64036897004E+25 1.00000789114E+00 1.45473879288E+34
 2.44322394525E+10 8.68745898874E+25 1.00000791261E+00 1.45869757024E+34
 2.44987271138E+10 8.73480564809E+25 1.00000793414E+00 1.46266712062E+34
 2.45653957093E+10 8.78241034677E+25 1.00000795573E+00 1.46664747332E+34
 2.46322457313E+10 8.83027449110E+25 1.00000797738E+00 1.47063865775E+34
 2.46992776736E+10 8.87839949506E+25 1.00000799909E+00 1.47464070338E+34
 2.47664920312E+10 8.92678678034E+25 1.00000802086E+00 1.47865363976E+34
 2.48338893006E+10 8.97543777636E+25 1.00000804269E+00 1.48267749654E+34
 2.49014699795E+10 9.02435392036E+25 1.00000806457E+00 1.48671230344E+34
 2.49692345670E+10 9.07353665738E+25 1.00000808652E+00 1.49075809024E+34
 2.50371835636E+10 9.12298744037E+25 1.00000810853E+00 1.49481488683E+34
 2.51053174711E+10 9.17270773017E+25 1.00000813059E+00 1.49888272318E+34
 2.51736367929E+10 9.22269899559E+25 1.00000815272E+00 1.50296162932E+34
 2.52421420333E+10 9.27296271346E+25 1.00000817490E+00 1.50705163538E+34
 2.53108336985E+10 9.32350036863E+25 1.00000819715E+00 1.51115277156E+34
 2.53797122956E+10 9.37431345407E+25 1.00000821946E+00 1.51526506815E+34
 2.54487783335E+10 9.42540347088E+25 1.00000824183E+00 1.51938855553E+34
 2.55180323221E+10 9.47677192831E+25 1.00000826425E+00 1.52352326414E+34
 2.55874747730E+10 9.52842034389E+25 1.00000828674E+00 1.52766922453E+34
 2.56571061991E+10 9.58035024338E+25 1.00000830929E+00 1.53182646731E+34
 2.57269271146E+10 9.63256316087E+25 1.00000833191E+00 1.53599502319E+34
 2.57969380352E+10 9.68506063881E+25 1.00000835458E+00 1.54017492294E+34
 2.58671394780E+10 9.73784422805E+25 1.00000837731E+00 1.54436619745E+34
 2.59375319614E+10 9.79091548790E+25 1.00000840011E+00 1.54856887767E+34
 2.60081160052E+10 9.84427598616E+25 1.00000842297E+00 1.55278299462E+34
 2.60788921309E+10 9.89792729919E+25 1.00000844589E+00 1.55700857945E+34
 2.61498608612E+10 9.95187101192E+25 1.00000846888E+00 1.56124566335E+34
 2.62210227201E+10 1.00061087179E+26 1.00000849192E+00 1.56549427762E+34
 2.62923782333E+10 1.00606420195E+26 1.00000851503E+00 1.56975445363E+34
 2.63639279277E+10 1.01154725276E+26 1.00000853820E+00 1.57402622284E+34
 2.64356723318E+10 1.01706018620E+26 1.00000856144E+00 1.57830961682E+34
 2.65076119755E+10 1.02260316514E+26 1.00000858474E+00 1.58260466718E+34
 2.65797473901E+10 1.02817635331E+26 1.00000860810E+00 1.58691140566E+34
 2.66520791082E+10 1.03377991537E+26 1.00000863152E+00 1.59122986405E+34
 2.67246076642E+10 1.03941401684E+26 1.00000865501E+00 1.59556007425E+34
 2.67973335938E+10 1.04507882417E+26 1.00000867857E+00 1.59990206825E+34
 2.68702574339E+10 1.05077450471E+26 1.00000870218E+00 1.60425587810E+34
 2.69433797233E+10 1.05650122671E+26 1.00000872586E+00 1.60862153597E+34
 2.70167010019E+10 1.06225915935E+26 1.00000874961E+00 1.61299907409E+34
 2.70902218113E+10 1.06804847273E+26 1.00000877342E+00 1.61738852479E+34
 2.71639426944E+10 1.07386933787E+26 1.00000879729E+00 1.62178992050E+34
 2.72378641958E+10 1.07972192673E+26 1.00000882123E+00 1.62620329371E+34
 2.73119868614E+10 1.08560641221E+26 1.00000884524E+00 1.63062867703E+34
 2.73863112386E+10 1.09152296814E+26 1.00000886931E+00 1.63506610314E+34
 2.74608378764E+10 1.09747176930E+26 1.00000889345E+00 1.63951560480E+34
 2.75355673251E+10 1.10345299144E+26 1.00000891765E+00 1.64397721488E+34
 2.76105001368E+10 1.10946681124E+26 1.00000894192E+00 1.64845096632E+34
 2.76856368647E+10 1.11551340636E+26 1.00000896625E+00 1.65293689218E+34
 2.77609780639E+10 1.12159295544E+26 1.00000899065E+00 1.65743502558E+34
 2.78365242908E+10 1.12770563806E+26 1.00000901512E+00 1.66194539974E+34
 2.79122761033E+10 1.13385163480E+26 1.00000903965E+00 1.66646804797E+34
 2.79882340609E+10 1.14003112724E+26 1.00000906425E+00 1.67100300367E+34
 2.80643987246E+10 1.14624429791E+26 1.00000908891E+00 1.67555030034E+34
 2.81407706569E+10 1.15249133037E+26 1.00000911365E+00 1.68010997155E+34
 2.82173504219E+10 1.15877240917E+26 1.00000913845E+00 1.68468205099E+34
 2.82941385851E+10 1.16508771984E+26 1.00000916332E+00 1.68926657242E+34
 2.83711357137E+10 1.17143744897E+26 1.00000918825E+00 1.69386356969E+34
 2.84483423764E+10 1.17782178413E+26 1.00000921326E+00 1.69847307676E+34
 2.85257591433E+10 1.18424091392E+26 1.00000923833E+00 1.70309512768E+34
 2.86033865862E+10 1.19069502797E+26 1.00000926347E+00 1.70772975657E+34
 2.86812252784E+10 1.19718431695E+26 1.00000928868E+00 1.71237699766E+34
 2.87592757949E+10 1.20370897256E+26 1.00000931396E+00 1.71703688529E+34
 2.88375387120E+10 1.21026918755E+26 1.00000933930E+00 1.72170945385E+34
 2.89160146079E+10 1.21686515571E+26 1.00000936472E+00 1.72639473786E+34
 2.89947040620E+10 1.22349707191E+26 1.00000939020E+00 1.73109277193E+34
 2.90736076556E+10 1.23016513206E+26 1.00000941575E+00 1.73580359075E+34
 2.91527259713E+10 1.23686953314E+26 1.00000944138E+00 1.74052722910E+34
 2.92320595936E+10 1.24361047322E+26 1.00000946707E+00 1.74526372189E+34
 2.93116091083E+10 1.25038815142E+26 1.00000949283E+00 1.75001310408E+34
 2.93913751031E+10 1.25720276798E+26 1.00000951867E+00 1.75477541075E+34
 2.94713581669E+10 1.26405452420E+26 1.00000954457E+00 1.75955067707E+34
 2.95515588905E+10 1.27094362250E+26 1.00000957054E+00 1.76433893832E+34
 2.96319778662E+10 1.27787026639E+26 1.00000959659E+00 1.76914022986E+34
 2.97126156880E+10 1.28483466050E+26 1.00000962270E+00 1.77395458713E+34
 2.97934729515E+10 1.29183701056E+26 1.00000964889E+00 1.77878204571E+34
 2.98745502538E+10 1.29887752343E+26 1.00000967515E+00 1.78362264124E+34
 2.99558481936E+10 1.30595640711E+26 1.00000970147E+00 1.78847640947E+34
 3.00373673716E+10 1.31307387071E+26 1.00000972788E+00 1.79334338624E+34
 3.01191083896E+10 1.32023012449E+26 1.00000975435E+00 1.79822360751E+34
 3.02010718515E+10 1.32742537987E+26 1.00000978089E+00 1.80311710932E+34
 3.02832583625E+10 1.33465984939E+26 1.00000980751E+00 1.80802392780E+34
 3.03656685297E+10 1.34193374677E+26 1.00000983420E+00 1.81294409920E+34
 3.04483029617E+10 1.34924728691E+26 1.00000986096E+00 1.81787765984E+34
 3.05311622689E+10 1.35660068584E+26 1.00000988779E+00 1.82282464618E+34
 3.06142470630E+10 1.36399416080E+26 1.00000991470E+00 1.82778509473E+34
 3.06975579579E+10 1.37142793021E+26 1.00000994168E+00 1.83275904215E+34
 3.07810955688E+10 1.37890221367E+26 1.00000996874E+00 1.83774652515E+34
 3.08648605127E+10 1.38641723199E+26 1.00000999587E+00 1.84274758058E+34
 3.09488534082E+10 1.39397320715E+26 1.00001002307E+00 1.84776224538E+34
 3.10330748757E+10 1.40157036239E+26 1.00001005034E+00 1.85279055656E+34
 3.11175255372E+10 1.40920892214E+26 1.00001007769E+00 1.85783255128E+34
 3.12022060164E+10 1.41688911204E+26 1.00001010512E+00 1.86288826677E+34
 3.12871169387E+10 1.42461115898E+26 1.00001013262E+00 1.86795774037E+34
 3.13722589313E+10 1.43237529108E+26 1.00001016019E+00 1.87304100951E+34
 3.14576326229E+10 1.44018173771E+26 1.00001018784E+00 1.87813811174E+34
 3.15432386441E+10 1.44803072949E+26 1.00001021556E+00 1.88324908471E+34
 3.16290776272E+10 1.45592249827E+26 1.00001024336E+00 1.88837396615E+34
 3.17151502061E+10 1.46385727720E+26 1.00001027124E+00 1.89351279392E+34
 3.18014570166E+10 1.47183530069E+26 1.00001029919E+00 1.89866560597E+34
 3.18879986960E+10 1.47985680441E+26 1.00001032722E+00 1.90383244036E+34
 3.19747758834E+10 1.48792202533E+26 1.00001035532E+00 1.90901333524E+34
 3.20617892200E+10 1.49603120171E+26 1.00001038350E+00 1.91420832888E+34
 3.21490393481E+10 1.50418457312E+26 1.00001041176E+00 1.91941745965E+34
 3.22365269123E+10 1.51238238040E+26 1.00001044009E+00 1.92464076601E+34
 3.23242525587E+10 1.52062486574E+26 1.00001046850E+00 1.92987828654E+34
 3.24122169352E+10 1.52891227263E+26 1.00001049699E+00 1.93513005992E+34
 3.25004206915E+10 1.53724484590E+26 1.00001052555E+00 1.94039612494E+34
 3.25888644790E+10 1.54562283170E+26 1.00001055420E+00 1.94567652050E+34
 3.26775489509E+10 1.55404647753E+26 1.00001058292E+00 1.95097128558E+34
 3.27664747623E+10 1.56251603224E+26 1.00001061172E+00 1.95628045929E+34
 3.28556425698E+10 1.57103174603E+26 1.00001064059E+00 1.96160408085E+34
 3.29450530320E+10 1.57959387046E+26 1.00001066955E+00 1.96694218957E+34
 3.30347068093E+10 1.58820265849E+26 1.00001069859E+00 1.97229482486E+34
 3.31246045639E+10 1.59685836441E+26 1.00001072770E+00 1.97766202628E+34
 3.32147469597E+10 1.60556124394E+26 1.00001075689E+00 1.98304383344E+34
 3.33051346623E+10 1.61431155417E+26 1.00001078617E+00 1.98844028611E+34
 3.33957683395E+10 1.62310955360E+26 1.00001081552E+00 1.99385142413E+34
 3.34866486606E+10 1.63195550214E+26 1.00001084495E+00 1.99927728747E+34
 3.35777762968E+10 1.64084966110E+26 1.00001087446E+00 2.00471791619E+34
 3.36691519211E+10 1.64979229324E+26 1.00001090406E+00 2.01017335049E+34
 3.37607762084E+10 1.65878366273E+26 1.00001093373E+00 2.01564363065E+34
 3.38526498354E+10 1.66782403519E+26 1.00001096348E+00 2.02112879707E+34
 3.39447734806E+10 1.67691367769E+26 1.00001099332E+00 2.02662889026E+34
 3.40371478245E+10 1.68605285875E+26 1.00001102323E+00 2.03214395084E+34
 3.41297735492E+10 1.69524184835E+26 1.00001105323E+00 2.03767401954E+34
 3.42226513389E+10 1.70448091796E+26 1.00001108331E+00 2.04321913721E+34
 3.43157818795E+10 1.71377034050E+26 1.00001111347E+00 2.04877934479E+34
 3.44091658588E+10 1.72311039041E+26 1.00001114371E+00 2.05435468336E+34
 3.45028039666E+10 1.73250134360E+26 1.00001117404E+00 2.05994519407E+34
 3.45966968945E+10 1.74194347748E+26 1.00001120445E+00 2.06555091824E+34
 3.46908453358E+10 1.75143707101E+26 1.00001123494E+00 2.07117189724E+34
 3.47852499859E+10 1.76098240463E+26 1.00001126551E+00 2.07680817261E+34
 3.48799115421E+10 1.77057976033E+26 1.00001129617E+00 2.08245978596E+34
 3.49748307034E+10 1.78022942163E+26 1.00001132691E+00 2.08812677903E+34
 3.50700081710E+10 1.78993167358E+26 1.00001135773E+00 2.09380919367E+34
 3.51654446478E+10 1.79968680282E+26 1.00001138864E+00 2.09950707186E+34
 3.52611408386E+10 1.80949509753E+26 1.00001141963E+00 2.10522045567E+34
 3.53570974502E+10 1.81935684744E+26 1.00001145071E+00 2.11094938730E+34
 3.54533151913E+10 1.82927234391E+26 1.00001148187E+00 2.11669390906E+34
 3.55497947725E+10 1.83924187984E+26 1.00001151311E+00 2.12245406337E+34
 3.56465369065E+10 1.84926574974E+26 1.00001154445E+00 2.12822989278E+34
 3.57435423076E+10 1.85934424975E+26 1.00001157586E+00 2.13402143994E+34
 3.58408116923E+10 1.86947767759E+26 1.00001160736E+00 2.13982874762E+34
 3.59383457791E+10 1.87966633263E+26 1.00001163895E+00 2.14565185871E+34
 3.60361452883E+10 1.88991051584E+26 1.00001167062E+00 2.15149081623E+34
 3.61342109421E+10 1.90021052986E+26 1.00001170238E+00 2.15734566328E+34
 3.62325434650E+10 1.91056667897E+26 1.00001173423E+00 2.16321644312E+34
 3.63311435830E+10 1.92097926909E+26 1.00001176616E+00 2.16910319910E+34
 3.64300120245E+10 1.93144860785E+26 1.00001179818E+00 2.17500597469E+34
 3.65291495196E+10 1.94197500451E+26 1.00001183029E+00 2.18092481350E+34
 3.66285568006E+10 1.95255877004E+26 1.00001186248E+00 2.18685975922E+34
 3.67282346015E+10 1.96320021710E+26 1.00001189476E+00 2.19281085570E+34
 3.68281836587E+10 1.97389966006E+26 1.00001192713E+00 2.19877814689E+34
 3.69284047103E+10 1.98465741499E+26 1.00001195959E+00 2.20476167685E+34
 3.70288984964E+10 1.99547379970E+26 1.00001199213E+00 2.21076148978E+34
 3.71296657594E+10 2.00634913371E+26 1.00001202477E+00 2.21677762998E+34
 3.72307072434E+10 2.01728373830E+26 1.00001205749E+00 2.22281014189E+34
 3.73320236946E+10 2.02827793650E+26 1.00001209030E+00 2.22885907007E+34
 3.74336158615E+10 2.03933205309E+26 1.00001212320E+00 2.23492445918E+34
 3.75354844942E+10 2.05044641462E+26 1.00001215619E+00 2.24100635402E+34
 3.76376303451E+10 2.06162134944E+26 1.00001218927E+00 2.24710479950E+34
 3.77400541688E+10 2.07285718766E+26 1.00001222245E+00 2.25321984067E+34
 3.78427567215E+10 2.08415426120E+26 1.00001225571E+00 2.25935152269E+34
 3.79457387619E+10 2.09551290381E+26 1.00001228906E+00 2.26549989084E+34
 3.80490010506E+10 2.10693345103E+26 1.00001232250E+00 2.27166499053E+34
 3.81525443501E+10 2.11841624024E+26 1.00001235603E+00 2.27784686729E+34
 3.82563694253E+10 2.12996161067E+26 1.00001238966E+00 2.28404556678E+34
 3.83604770429E+10 2.14156990337E+26 1.00001242337E+00 2.29026113478E+34
 3.84648679719E+10 2.15324146128E+26 1.00001245718E+00 2.29649361719E+34
 3.85695429832E+10 2.16497662919E+26 1.00001249108E+00 2.30274306004E+34
 3.86745028500E+10 2.17677575378E+26 1.00001252507E+00 2.30900950948E+34
 3.87797483473E+10 2.18863918361E+26 1.00001255916E+00 2.31529301180E+34
 3.88852802526E+10 2.20056726914E+26 1.00001259333E+00 2.32159361339E+34
 3.89910993453E+10 2.21256036274E+26 1.00001262760E+00 2.32791136080E+34
 3.90972064069E+10 2.22461881872E+26 1.00001266197E+00 2.33424630069E+34
 3.92036022210E+10 2.23674299330E+26 1.00001269643E+00 2.34059847983E+34
 3.93102875735E+10 2.24893324463E+26 1.00001273098E+00 2.34696794514E+34
 3.94172632523E+10 2.26118993285E+26 1.00001276562E+00 2.35335474366E+34
 3.95245300475E+10 2.27351342003E+26 1.00001280036E+00 2.35975892256E+34
 3.96320887513E+10 2.28590407022E+26 1.00001283519E+00 2.36618052914E+34
 3.97399401581E+10 2.29836224947E+26 1.00001287012E+00 2.37261961082E+34
 3.98480850645E+10 2.31088832581E+26 1.00001290515E+00 2.37907621516E+34
 3.99565242692E+10 2.32348266928E+26 1.00001294026E+00 2.38555038985E+34
 4.00652585731E+10 2.33614565192E+26 1.00001297548E+00 2.39204218269E+34
 4.01742887793E+10 2.34887764784E+26 1.00001301079E+00 2.39855164163E+34
 4.02836156929E+10 2.36167903314E+26 1.00001304619E+00 2.40507881474E+34
 4.03932401215E+10 2.37455018601E+26 1.00001308170E+00 2.41162375024E+34
 4.05031628748E+10 2.38749148667E+26 1.00001311730E+00 2.41818649646E+34
 4.06133847645E+10 2.40050331743E+26 1.00001315299E+00 2.42476710186E+34
 4.07239066047E+10 2.41358606268E+26 1.00001318879E+00 2.43136561505E+34
 4.08347292118E+10 2.42674010891E+26 1.00001322468E+00 2.43798208476E+34
 4.09458534041E+10 2.43996584470E+26 1.00001326066E+00 2.44461655985E+34
 4.10572800025E+10 2.45326366076E+26 1.00001329675E+00 2.45126908933E+34
 4.11690098298E+10 2.46663394992E+26 1.00001333294E+00 2.45793972231E+34
 4.12810437114E+10 2.48007710718E+26 1.00001336922E+00 2.46462850808E+34
 4.13933824745E+10 2.49359352966E+26 1.00001340560E+00 2.47133549602E+34
 4.15060269490E+10 2.50718361665E+26 1.00001344208E+00 2.47806073568E+34
 4.16189779668E+10 2.52084776963E+26 1.00001347866E+00 2.48480427671E+34
 4.17322363621E+10 2.53458639225E+26 1.00001351534E+00 2.49156616893E+34
 4.18458029713E+10 2.54839989038E+26 1.00001355212E+00 2.49834646227E+34
 4.19596786333E+10 2.56228867209E+26 1.00001358900E+00 2.50514520680E+34
 4.20738641891E+10 2.57625314767E+26 1.00001362598E+00 2.51196245274E+34
 4.21883604820E+10 2.59029372965E+26 1.00001366306E+00 2.51879825044E+34
 4.23031683577E+10 2.60441083282E+26 1.00001370024E+00 2.52565265038E+34
 4.24182886641E+10 2.61860487422E+26 1.00001373752E+00 2.53252570319E+34
 4.25337222514E+10 2.63287627315E+26 1.00001377491E+00 2.53941745961E+34
 4.26494699722E+10 2.64722545122E+26 1.00001381239E+00 2.54632797056E+34
 4.27655326814E+10 2.66165283232E+26 1.00001384998E+00 2.55325728706E+34
 4.28819112362E+10 2.67615884266E+26 1.00001388767E+00 2.56020546030E+34
 4.29986064960E+10 2.69074391078E+26 1.00001392546E+00 2.56717254159E+34
 4.31156193228E+10 2.70540846752E+26 1.00001396336E+00 2.57415858237E+34
 4.32329505808E+10 2.72015294612E+26 1.00001400136E+00 2.58116363426E+34
 4.33506011366E+10 2.73497778213E+26 1.00001403946E+00 2.58818774898E+34
 4.34685718591E+10 2.74988341352E+26 1.00001407766E+00 2.59523097840E+34
 4.35868636195E+10 2.76487028061E+26 1.00001411597E+00 2.60229337455E+34
 4.37054772916E+10 2.77993882614E+26 1.00001415439E+00 2.60937498958E+34
 4.38244137514E+10 2.79508949526E+26 1.00001419290E+00 2.61647587579E+34
 4.39436738773E+10 2.81032273553E+26 1.00001423153E+00 2.62359608563E+34
 4.40632585501E+10 2.82563899698E+26 1.00001427026E+00 2.63073567168E+34
 4.41831686531E+10 2.84103873207E+26 1.00001430909E+00 2.63789468667E+34
 4.43034050719E+10 2.85652239573E+26 1.00001434803E+00 2.64507318347E+34
 4.44239686944E+10 2.87209044537E+26 1.00001438707E+00 2.65227121510E+34
 4.45448604112E+10 2.88774334089E+26 1.00001442623E+00 2.65948883471E+34
 4.46660811151E+10 2.90348154471E+26 1.00001446548E+00 2.66672609562E+34
 4.47876317014E+10 2.91930552176E+26 1.00001450485E+00 2.67398305127E+34
 4.49095130678E+10 2.93521573949E+26 1.00001454432E+00 2.68125975525E+34
 4.50317261145E+10 2.95121266792E+26 1.00001458390E+00 2.68855626131E+34
 4.51542717442E+10 2.96729677963E+26 1.00001462359E+00 2.69587262334E+34
 4.52771508619E+10 2.98346854977E+26 1.00001466338E+00 2.70320889537E+34
 4.54003643752E+10 2.99972845606E+26 1.00001470329E+00 2.71056513158E+34
 4.55239131941E+10 3.01607697886E+26 1.00001474330E+00 2.71794138629E+34
 4.56477982311E+10 3.03251460112E+26 1.00001478342E+00 2.72533771400E+34
 4.57720204011E+10 3.04904180844E+26 1.00001482365E+00 2.73275416931E+34
 4.58965806216E+10 3.06565908905E+26 1.00001486399E+00 2.74019080700E+34
 4.60214798126E+10 3.08236693386E+26 1.00001490444E+00 2.74764768200E+34
 4.61467188966E+10 3.09916583644E+26 1.00001494500E+00 2.75512484938E+34
 4.62722987986E+10 3.11605629305E+26 1.00001498567E+00 2.76262236435E+34
 4.63982204459E+10 3.13303880266E+26 1.00001502645E+00 2.77014028230E+34
 4.65244847687E+10 3.15011386697E+26 1.00001506734E+00 2.77767865874E+34
 4.66510926995E+10 3.16728199039E+26 1.00001510834E+00 2.78523754934E+34
 4.67780451734E+10 3.18454368010E+26 1.00001514946E+00 2.79281700994E+34
 4.69053431280E+10 3.20189944604E+26 1.00001519068E+00 2.80041709650E+34
 4.70329875035E+10 3.21934980092E+26 1.00001523202E+00 2.80803786517E+34
 4.71609792427E+10 3.23689526024E+26 1.00001527347E+00 2.81567937221E+34
 4.72893192908E+10 3.25453634234E+26 1.00001531503E+00 2.82334167407E+34
 4.74180085957E+10 3.27227356835E+26 1.00001535671E+00 2.83102482734E+34
 4.75470481079E+10 3.29010746225E+26 1.00001539850E+00 2.83872888875E+34
 4.76764387805E+10 3.30803855090E+26 1.00001544041E+00 2.84645391521E+34
 4.78061815691E+10 3.32606736399E+26 1.00001548242E+00 2.85419996376E+34
 4.79362774319E+10 3.34419443413E+26 1.00001552456E+00 2.86196709162E+34
 4.80667273298E+10 3.36242029682E+26 1.00001556680E+00 2.86975535614E+34
 4.81975322262E+10 3.38074549048E+26 1.00001560916E+00 2.87756481485E+34
 4.83286930873E+10 3.39917055646E+26 1.00001565164E+00 2.88539552543E+34
 4.84602108817E+10 3.41769603907E+26 1.00001569423E+00 2.89324754570E+34
 4.85920865808E+10 3.43632248557E+26 1.00001573694E+00 2.90112093365E+34
 4.87243211586E+10 3.45505044622E+26 1.00001577977E+00 2.90901574744E+34
 4.88569155917E+10 3.47388047428E+26 1.00001582271E+00 2.91693204536E+34
 4.89898708595E+10 3.49281312601E+26 1.00001586577E+00 2.92486988589E+34
 4.91231879439E+10 3.51184896070E+26 1.00001590894E+00 2.93282932765E+34
 4.92568678295E+10 3.53098854071E+26 1.00001595224E+00 2.94081042942E+34
 4.93909115038E+10 3.55023243145E+26 1.00001599565E+00 2.94881325014E+34
 4.95253199566E+10 3.56958120141E+26 1.00001603918E+00 2.95683784891E+34
 4.96600941807E+10 3.58903542219E+26 1.00001608282E+00 2.96488428502E+34
 4.97952351715E+10 3.60859566849E+26 1.00001612659E+00 2.97295261787E+34
 4.99307439271E+10 3.62826251814E+26 1.00001617047E+00 2.98104290705E+34
 5.00666214484E+10 3.64803655215E+26 1.00001621448E+00 2.98915521232E+34
 5.02028687388E+10 3.66791835466E+26 1.00001625860E+00 2.99728959359E+34
 5.03394868047E+10 3.68790851301E+26 1.00001630285E+00 3.00544611093E+34
 5.04764766552E+10 3.70800761774E+26 1.00001634721E+00 3.01362482458E+34
 5.06138393019E+10 3.72821626261E+26 1.00001639170E+00 3.02182579495E+34
 5.07515757593E+10 3.74853504461E+26 1.00001643631E+00 3.03004908260E+34
 5.08896870449E+10 3.76896456399E+26 1.00001648103E+00 3.03829474827E+34
 5.10281741786E+10 3.78950542427E+26 1.00001652588E+00 3.04656285284E+34
 5.11670381833E+10 3.81015823226E+26 1.00001657086E+00 3.05485345739E+34
 5.13062800845E+10 3.83092359807E+26 1.00001661595E+00 3.06316662315E+34
 5.14459009107E+10 3.85180213515E+26 1.00001666117E+00 3.07150241150E+34
 5.15859016930E+10 3.87279446027E+26 1.00001670651E+00 3.07986088401E+34
 5.17262834656E+10 3.89390119358E+26 1.00001675197E+00 3.08824210242E+34
 5.18670472652E+10 3.91512295860E+26 1.00001679756E+00 3.09664612862E+34
 5.20081941314E+10 3.93646038227E+26 1.00001684327E+00 3.10507302467E+34
 5.21497251067E+10 3.95791409491E+26 1.00001688910E+00 3.11352285282E+34
 5.22916412365E+10 3.97948473031E+26 1.00001693506E+00 3.12199567546E+34
 5.24339435688E+10 4.00117292569E+26 1.00001698115E+00 3.13049155518E+34
 5.25766331548E+10 4.02297932175E+26 1.00001702736E+00 3.13901055472E+34
 5.27197110482E+10 4.04490456269E+26 1.00001707370E+00 3.14755273699E+34
 5.28631783058E+10 4.06694929621E+26 1.00001712016E+00 3.15611816508E+34
 5.30070359873E+10 4.08911417356E+26 1.00001716675E+00 3.16470690225E+34
 5.31512851550E+10 4.11139984950E+26 1.00001721346E+00 3.17331901193E+34
 5.32959268745E+10 4.13380698240E+26 1.00001726031E+00 3.18195455773E+34
 5.34409622139E+10 4.15633623419E+26 1.00001730728E+00 3.19061360342E+34
 5.35863922445E+10 4.17898827042E+26 1.00001735438E+00 3.19929621295E+34
 5.37322180404E+10 4.20176376028E+26 1.00001740160E+00 3.20800245044E+34
 5.38784406786E+10 4.22466337657E+26 1.00001744896E+00 3.21673238020E+34
 5.40250612391E+10 4.24768779579E+26 1.00001749644E+00 3.22548606670E+34
 5.41720808048E+10 4.27083769812E+26 1.00001754405E+00 3.23426357458E+34
 5.43195004615E+10 4.29411376744E+26 1.00001759180E+00 3.24306496868E+34
 5.44673212981E+10 4.31751669135E+26 1.00001763967E+00 3.25189031399E+34
 5.46155444063E+10 4.34104716122E+26 1.00001768767E+00 3.26073967569E+34
 5.47641708808E+10 4.36470587218E+26 1.00001773581E+00 3.26961311914E+34
 5.49132018194E+10 4.38849352313E+26 1.00001778407E+00 3.27851070987E+34
 5.50626383228E+10 4.41241081680E+26 1.00001783247E+00 3.28743251359E+34
 5.52124814946E+10 4.43645845974E+26 1.00001788099E+00 3.29637859620E+34
 5.53627324417E+10 4.46063716236E+26 1.00001792965E+00 3.30534902377E+34
 5.55133922736E+10 4.48494763893E+26 1.00001797844E+00 3.31434386253E+34
 5.56644621032E+10 4.50939060761E+26 1.00001802737E+00 3.32336317893E+34
 5.58159430462E+10 4.53396679050E+26 1.00001807643E+00 3.33240703958E+34
 5.59678362214E+10 4.55867691361E+26 1.00001812562E+00 3.34147551126E+34
 5.61201427506E+10 4.58352170691E+26 1.00001817494E+00 3.35056866096E+34
 5.62728637588E+10 4.60850190436E+26 1.00001822440E+00 3.35968655582E+34
 5.64260003739E+10 4.63361824390E+26 1.00001827400E+00 3.36882926319E+34
 5.65795537270E+10 4.65887146752E+26 1.00001832373E+00 3.37799685059E+34
 5.67335249521E+10 4.68426232124E+26 1.00001837359E+00 3.38718938572E+34
 5.68879151865E+10 4.70979155512E+26 1.00001842359E+00 3.39640693648E+34
 5.70427255704E+10 4.73545992336E+26 1.00001847373E+00 3.40564957094E+34
 5.71979572472E+10 4.76126818422E+26 1.00001852400E+00 3.41491735735E+34
 5.73536113635E+10 4.78721710013E+26 1.00001857441E+00 3.42421036418E+34
 5.75096890689E+10 4.81330743765E+26 1.00001862495E+00 3.43352866004E+34
 5.76661915161E+10 4.83953996754E+26 1.00001867564E+00 3.44287231376E+34
 5.78231198610E+10 4.86591546474E+26 1.00001872646E+00 3.45224139434E+34
 5.79804752626E+10 4.89243470842E+26 1.00001877742E+00 3.46163597098E+34
 5.81382588833E+10 4.91909848201E+26 1.00001882852E+00 3.47105611306E+34
 5.82964718882E+10 4.94590757318E+26 1.00001887976E+00 3.48050189015E+34
 5.84551154459E+10 4.97286277393E+26 1.00001893114E+00 3.48997337202E+34
 5.86141907282E+10 4.99996488054E+26 1.00001898265E+00 3.49947062860E+34
 5.87736989099E+10 5.02721469367E+26 1.00001903431E+00 3.50899373005E+34
 5.89336411691E+10 5.05461301829E+26 1.00001908611E+00 3.51854274669E+34
 5.90940186872E+10 5.08216066381E+26 1.00001913805E+00 3.52811774905E+34
 5.92548326486E+10 5.10985844403E+26 1.00001919013E+00 3.53771880784E+34
 5.94160842411E+10 5.13770717717E+26 1.00001924235E+00 3.54734599398E+34
 5.95777746556E+10 5.16570768593E+26 1.00001929471E+00 3.55699937855E+34
 5.97399050864E+10 5.19386079749E+26 1.00001934722E+00 3.56667903285E+34
 5.99024767309E+10 5.22216734353E+26 1.00001939987E+00 3.57638502838E+34
 6.00654907898E+10 5.25062816027E+26 1.00001945266E+00 3.58611743680E+34
 6.02289484672E+10 5.27924408850E+26 1.00001950560E+00 3.59587633001E+34
 6.03928509702E+10 5.30801597355E+26 1.00001955868E+00 3.60566178008E+34
 6.05571995095E+10 5.33694466541E+26 1.00001961190E+00 3.61547385926E+34
 6.07219952989E+10 5.36603101866E+26 1.00001966527E+00 3.62531264004E+34
 6.08872395555E+10 5.39527589256E+26 1.00001971879E+00 3.63517819507E+34
 6.10529334999E+10 5.42468015106E+26 1.00001977245E+00 3.64507059721E+34
 6.12190783557E+10 5.45424466279E+26 1.00001982626E+00 3.65498991952E+34
 6.13856753501E+10 5.48397030113E+26 1.00001988021E+00 3.66493623526E+34
 6.15527257135E+10 5.51385794423E+26 1.00001993431E+00 3.67490961788E+34
 6.17202306798E+10 5.54390847501E+26 1.00001998856E+00 3.68491014105E+34
 6.18881914861E+10 5.57412278121E+26 1.00002004295E+00 3.69493787862E+34
 6.20566093729E+10 5.60450175541E+26 1.00002009749E+00 3.70499290465E+34
 6.22254855842E+10 5.63504629505E+26 1.00002015219E+00 3.71507529340E+34
 6.23948213672E+10 5.66575730245E+26 1.00002020703E+00 3.72518511933E+34
 6.25646179726E+10 5.69663568487E+26 1.00002026202E+00 3.73532245711E+34
 6.27348766545E+10 5.72768235451E+26 1.00002031715E+00 3.74548738160E+34
 6.29055986704E+10 5.75889822852E+26 1.00002037244E+00 3.75567996788E+34
 6.30767852811E+10 5.79028422907E+26 1.00002042788E+00 3.76590029122E+34
 6.32484377512E+10 5.82184128335E+26 1.00002048347E+00 3.77614842710E+34
 6.34205573483E+10 5.85357032361E+26 1.00002053921E+00 3.78642445121E+34
 6.35931453437E+10 5.88547228717E+26 1.00002059511E+00 3.79672843944E+34
 6.37662030121E+10 5.91754811646E+26 1.00002065115E+00 3.80706046790E+34
 6.39397316317E+10 5.94979875904E+26 1.00002070735E+00 3.81742061287E+34
 6.41137324841E+10 5.98222516766E+26 1.00002076370E+00 3.82780895089E+34
 6.42882068545E+10 6.01482830023E+26 1.00002082021E+00 3.83822555866E+34
 6.44631560315E+10 6.04760911991E+26 1.00002087686E+00 3.84867051313E+34
 6.46385813072E+10 6.08056859508E+26 1.00002093368E+00 3.85914389143E+34
 6.48144839774E+10 6.11370769942E+26 1.00002099064E+00 3.86964577091E+34
 6.49908653411E+10 6.14702741191E+26 1.00002104777E+00 3.88017622913E+34
 6.51677267012E+10 6.18052871687E+26 1.00002110504E+00 3.89073534386E+34
 6.53450693638E+10 6.21421260396E+26 1.00002116248E+00 3.90132319309E+34
 6.55228946389E+10 6.24808006827E+26 1.00002122006E+00 3.91193985500E+34
 6.57012038397E+10 6.28213211029E+26 1.00002127781E+00 3.92258540802E+34
 6.58799982834E+10 6.31636973598E+26 1.00002133571E+00 3.93325993075E+34
 6.60592792903E+10 6.35079395675E+26 1.00002139378E+00 3.94396350204E+34
 6.62390481847E+10 6.38540578956E+26 1.00002145199E+00 3.95469620093E+34
 6.64193062942E+10 6.42020625688E+26 1.00002151037E+00 3.96545810669E+34
 6.66000549504E+10 6.45519638679E+26 1.00002156891E+00 3.97624929880E+34
 6.67812954880E+10 6.49037721293E+26 1.00002162760E+00 3.98706985696E+34
 6.69630292458E+10 6.52574977461E+26 1.00002168646E+00 3.99791986107E+34
 6.71452575660E+10 6.56131511678E+26 1.00002174547E+00 4.00879939128E+34
 6.73279817945E+10 6.59707429010E+26 1.00002180465E+00 4.01970852793E+34
 6.75112032809E+10 6.63302835095E+26 1.00002186399E+00 4.03064735159E+34
 6.76949233784E+10 6.66917836146E+26 1.00002192348E+00 4.04161594304E+34
 6.78791434439E+10 6.70552538956E+26 1.00002198314E+00 4.05261438330E+34
 6.80638648382E+10 6.74207050900E+26 1.00002204297E+00 4.06364275359E+34
 6.82490889254E+10 6.77881479937E+26 1.00002210295E+00 4.07470113535E+34
 6.84348170737E+10 6.81575934616E+26 1.00002216310E+00 4.08578961027E+34
 6.86210506548E+10 6.85290524076E+26 1.00002222341E+00 4.09690826023E+34
 6.88077910442E+10 6.89025358051E+26 1.00002228389E+00 4.10805716734E+34
 6.89950396212E+10 6.92780546876E+26 1.00002234453E+00 4.11923641395E+34
 6.91827977686E+10 6.96556201483E+26 1.00002240534E+00 4.13044608262E+34
 6.93710668734E+10 7.00352433411E+26 1.00002246631E+00 4.14168625613E+34
 6.95598483259E+10 7.04169354806E+26 1.00002252745E+00 4.15295701750E+34
 6.97491435206E+10 7.08007078427E+26 1.00002258875E+00 4.16425844997E+34
 6.99389538555E+10 7.11865717644E+26 1.00002265022E+00 4.17559063700E+34
 7.01292807326E+10 7.15745386449E+26 1.00002271186E+00 4.18695366229E+34
 7.03201255575E+10 7.19646199452E+26 1.00002277367E+00 4.19834760975E+34
 7.05114897399E+10 7.23568271890E+26 1.00002283564E+00 4.20977256353E+34
 7.07033746931E+10 7.27511719626E+26 1.00002289778E+00 4.22122860802E+34
 7.08957818343E+10 7.31476659156E+26 1.00002296009E+00 4.23271582781E+34
 7.10887125847E+10 7.35463207610E+26 1.00002302257E+00 4.24423430775E+34
 7.12821683692E+10 7.39471482757E+26 1.00002308523E+00 4.25578413290E+34
 7.14761506167E+10 7.43501603006E+26 1.00002314805E+00 4.26736538857E+34
 7.16706607598E+10 7.47553687415E+26 1.00002321104E+00 4.27897816027E+34
 7.18657002353E+10 7.51627855687E+26 1.00002327420E+00 4.29062253379E+34
 7.20612704836E+10 7.55724228180E+26 1.00002333754E+00 4.30229859512E+34
 7.22573729492E+10 7.59842925907E+26 1.00002340105E+00 4.31400643048E+34
 7.24540090806E+10 7.63984070541E+26 1.00002346473E+00 4.32574612635E+34
 7.26511803299E+10 7.68147784416E+26 1.00002352858E+00 4.33751776943E+34
 7.28488881536E+10 7.72334190536E+26 1.00002359261E+00 4.34932144665E+34
 7.30471340118E+10 7.76543412572E+26 1.00002365682E+00 4.36115724519E+34
 7.32459193688E+10 7.80775574873E+26 1.00002372119E+00 4.37302525247E+34
 7.34452456928E+10 7.85030802462E+26 1.00002378575E+00 4.38492555612E+34
 7.36451144560E+10 7.89309221046E+26 1.00002385047E+00 4.39685824405E+34
 7.38455271346E+10 7.93610957014E+26 1.00002391538E+00 4.40882340437E+34
 7.40464852088E+10 7.97936137447E+26 1.00002398046E+00 4.42082112545E+34
 7.42479901629E+10 8.02284890118E+26 1.00002404572E+00 4.43285149591E+34
 7.44500434851E+10 8.06657343495E+26 1.00002411115E+00 4.44491460459E+34
 7.46526466679E+10 8.11053626746E+26 1.00002417677E+00 4.45701054057E+34
 7.48558012076E+10 8.15473869745E+26 1.00002424256E+00 4.46913939320E+34
 7.50595086047E+10 8.19918203073E+26 1.00002430853E+00 4.48130125205E+34
 7.52637703638E+10 8.24386758021E+26 1.00002437468E+00 4.49349620693E+34
 7.54685879935E+10 8.28879666598E+26 1.00002444101E+00 4.50572434792E+34
 7.56739630066E+10 8.33397061530E+26 1.00002450752E+00 4.51798576533E+34
 7.58798969200E+10 8.37939076269E+26 1.00002457421E+00 4.53028054969E+34
 7.60863912547E+10 8.42505844992E+26 1.00002464109E+00 4.54260879183E+34
 7.62934475358E+10 8.47097502609E+26 1.00002470814E+00 4.55497058279E+34
 7.65010672926E+10 8.51714184765E+26 1.00002477538E+00 4.56736601385E+34
 7.67092520586E+10 8.56356027842E+26 1.00002484280E+00 4.57979517658E+34
 7.69180033714E+10 8.61023168968E+26 1.00002491041E+00 4.59225816276E+34
 7.71273227728E+10 8.65715746017E+26 1.00002497820E+00 4.60475506444E+34
 7.73372118090E+10 8.70433897616E+26 1.00002504617E+00 4.61728597390E+34
 7.75476720300E+10 8.75177763145E+26 1.00002511433E+00 4.62985098370E+34
 7.77587049903E+10 8.79947482746E+26 1.00002518267E+00 4.64245018663E+34
 7.79703122486E+10 8.84743197322E+26 1.00002525120E+00 4.65508367575E+34
 7.81824953678E+10 8.89565048548E+26 1.00002531992E+00 4.66775154435E+34
 7.83952559151E+10 8.94413178867E+26 1.00002538882E+00 4.68045388599E+34
 7.86085954620E+10 8.99287731500E+26 1.00002545791E+00 4.69319079449E+34
 7.88225155840E+10 9.04188850450E+26 1.00002552719E+00 4.70596236390E+34
 7.90370178613E+10 9.09116680503E+26 1.00002559666E+00 4.71876868856E+34
 7.92521038780E+10 9.14071367234E+26 1.00002566631E+00 4.73160986304E+34
 7.94677752229E+10 9.19053057012E+26 1.00002573616E+00 4.74448598218E+34
 7.96840334889E+10 9.24061897003E+26 1.00002580619E+00 4.75739714107E+34
 7.99008802732E+10 9.29098035178E+26 1.00002587642E+00 4.77034343507E+34
 8.01183171775E+10 9.34161620309E+26 1.00002594684E+00 4.78332495979E+34
 8.03363458077E+10 9.39252801985E+26 1.00002601745E+00 4.79634181111E+34
 8.05549677741E+10 9.44371730605E+26 1.00002608825E+00 4.80939408515E+34
 8.07741846916E+10 9.49518557391E+26 1.00002615924E+00 4.82248187831E+34
 8.09939981792E+10 9.54693434387E+26 1.00002623043E+00 4.83560528726E+34
 8.12144098604E+10 9.59896514468E+26 1.00002630181E+00 4.84876440891E+34
 8.14354213632E+10 9.65127951340E+26 1.00002637338E+00 4.86195934045E+34
 8.16570343201E+10 9.70387899547E+26 1.00002644515E+00 4.87519017933E+34
 8.18792503677E+10 9.75676514477E+26 1.00002651712E+00 4.88845702325E+34
 8.21020711474E+10 9.80993952363E+26 1.00002658928E+00 4.90175997021E+34
 8.23254983049E+10 9.86340370291E+26 1.00002666164E+00 4.91509911845E+34
 8.25495334905E+10 9.91715926201E+26 1.00002673419E+00 4.92847456648E+34
 8.27741783588E+10 9.97120778895E+26 1.00002680694E+00 4.94188641309E+34
 8.29994345692E+10 1.00255508804E+27 1.00002687989E+00 4.95533475733E+34
 8.32253037852E+10 1.00801901418E+27 1.00002695304E+00 4.96881969851E+34
 8.34517876752E+10 1.01351271872E+27 1.00002702639E+00 4.98234133623E+34
 8.36788879120E+10 1.01903636395E+27 1.00002709994E+00 4.99589977036E+34
 8.39066061729E+10 1.02459011306E+27 1.00002717368E+00 5.00949510102E+34
 8.41349441398E+10 1.03017413010E+27 1.00002724763E+00 5.02312742863E+34
 8.43639034993E+10 1.03578858004E+27 1.00002732178E+00 5.03679685385E+34
 8.45934859424E+10 1.04143362874E+27 1.00002739613E+00 5.05050347765E+34
 8.48236931648E+10 1.04710944296E+27 1.00002747068E+00 5.06424740126E+34
 8.50545268669E+10 1.05281619037E+27 1.00002754544E+00 5.07802872617E+34
 8.52859887535E+10 1.05855403956E+27 1.00002762040E+00 5.09184755418E+34
 8.55180805342E+10 1.06432316003E+27 1.00002769556E+00 5.10570398732E+34
 8.57508039233E+10 1.07012372221E+27 1.00002777093E+00 5.11959812795E+34
 8.59841606397E+10 1.07595589747E+27 1.00002784650E+00 5.13353007867E+34
 8.62181524068E+10 1.08181985808E+27 1.00002792228E+00 5.14749994238E+34
 8.64527809530E+10 1.08771577729E+27 1.00002799827E+00 5.16150782224E+34
 8.66880480112E+10 1.09364382926E+27 1.00002807446E+00 5.17555382172E+34
 8.69239553192E+10 1.09960418911E+27 1.00002815086E+00 5.18963804454E+34
 8.71605046192E+10 1.10559703294E+27 1.00002822746E+00 5.20376059473E+34
 8.73976976585E+10 1.11162253777E+27 1.00002830428E+00 5.21792157658E+34
 8.76355361890E+10 1.11768088160E+27 1.00002838130E+00 5.23212109467E+34
 8.78740219673E+10 1.12377224342E+27 1.00002845854E+00 5.24635925389E+34
 8.81131567550E+10 1.12989680316E+27 1.00002853598E+00 5.26063615937E+34
 8.83529423182E+10 1.13605474176E+27 1.00002861364E+00 5.27495191656E+34
 8.85933804279E+10 1.14224624113E+27 1.00002869150E+00 5.28930663120E+34
 8.88344728602E+10 1.14847148418E+27 1.00002876958E+00 5.30370040928E+34
 8.90762213957E+10 1.15473065481E+27 1.00002884787E+00 5.31813335712E+34
 8.93186278198E+10 1.16102393792E+27 1.00002892637E+00 5.33260558131E+34
 8.95616939232E+10 1.16735151943E+27 1.00002900509E+00 5.34711718872E+34
 8.98054215010E+10 1.17371358627E+27 1.00002908402E+00 5.36166828655E+34
 9.00498123534E+10 1.18011032637E+27 1.00002916317E+00 5.37625898224E+34
 9.02948682855E+10 1.18654192872E+27 1.00002924253E+00 5.39088938356E+34
 9.05405911073E+10 1.19300858330E+27 1.00002932211E+00 5.40555959855E+34
 9.07869826336E+10 1.19951048116E+27 1.00002940190E+00 5.42026973557E+34
 9.10340446844E+10 1.20604781437E+27 1.00002948191E+00 5.43501990325E+34
 9.12817790845E+10 1.21262077605E+27 1.00002956214E+00 5.44981021053E+34
 9.15301876636E+10 1.21922956037E+27 1.00002964259E+00 5.46464076664E+34
 9.17792722564E+10 1.22587436258E+27 1.00002972326E+00 5.47951168111E+34
 9.20290347027E+10 1.23255537896E+27 1.00002980414E+00 5.49442306376E+34
 9.22794768473E+10 1.23927280689E+27 1.00002988525E+00 5.50937502472E+34
 9.25306005399E+10 1.24602684481E+27 1.00002996658E+00 5.52436767443E+34
 9.27824076354E+10 1.25281769224E+27 1.00003004812E+00 5.53940112359E+34
 9.30348999936E+10 1.25964554980E+27 1.00003012989E+00 5.55447548325E+34
 9.32880794793E+10 1.26651061918E+27 1.00003021189E+00 5.56959086472E+34
 9.35419479627E+10 1.27341310320E+27 1.00003029410E+00 5.58474737965E+34
 9.37965073188E+10 1.28035320577E+27 1.00003037654E+00 5.59994513997E+34
 9.40517594277E+10 1.28733113190E+27 1.00003045920E+00 5.61518425792E+34
 9.43077061748E+10 1.29434708773E+27 1.00003054209E+00 5.63046484605E+34
 9.45643494505E+10 1.30140128053E+27 1.00003062521E+00 5.64578701721E+34
 9.48216911503E+10 1.30849391868E+27 1.00003070855E+00 5.66115088455E+34
 9.50797331751E+10 1.31562521172E+27 1.00003079211E+00 5.67655656155E+34
 9.53384774307E+10 1.32279537032E+27 1.00003087591E+00 5.69200416199E+34
 9.55979258283E+10 1.33000460628E+27 1.00003095993E+00 5.70749379995E+34
 9.58580802840E+10 1.33725313259E+27 1.00003104418E+00 5.72302558982E+34
 9.61189427195E+10 1.34454116337E+27 1.00003112866E+00 5.73859964632E+34
 9.63805150615E+10 1.35186891393E+27 1.00003121337E+00 5.75421608446E+34
 9.66427992419E+10 1.35923660073E+27 1.00003129831E+00 5.76987501958E+34
 9.69057971980E+10 1.36664444143E+27 1.00003138349E+00 5.78557656732E+34
 9.71695108724E+10 1.37409265487E+27 1.00003146889E+00 5.80132084365E+34
 9.74339422128E+10 1.38158146109E+27 1.00003155453E+00 5.81710796485E+34
 9.76990931724E+10 1.38911108130E+27 1.00003164040E+00 5.83293804750E+34
 9.79649657095E+10 1.39668173795E+27 1.00003172650E+00 5.84881120852E+34
 9.82315617879E+10 1.40429365468E+27 1.00003181284E+00 5.86472756513E+34
 9.84988833767E+10 1.41194705637E+27 1.00003189941E+00 5.88068723489E+34
 9.87669324504E+10 1.41964216910E+27 1.00003198622E+00 5.89669033566E+34
 9.90357109888E+10 1.42737922021E+27 1.00003207326E+00 5.91273698564E+34
 9.93052209771E+10 1.43515843825E+27 1.00003216054E+00 5.92882730333E+34
 9.95754644060E+10 1.44298005304E+27 1.00003224806E+00 5.94496140756E+34
 9.98464432714E+10 1.45084429563E+27 1.00003233582E+00 5.96113941749E+34
 1.00118159575E+11 1.45875139835E+27 1.00003242381E+00 5.97736145260E+34
 1.00390615323E+11 1.46670159479E+27 1.00003251205E+00 5.99362763271E+34
 1.00663812529E+11 1.47469511981E+27 1.00003260052E+00 6.00993807793E+34
 1.00937753210E+11 1.48273220955E+27 1.00003268924E+00 6.02629290872E+34
 1.01212439390E+11 1.49081310143E+27 1.00003277819E+00 6.04269224589E+34
 1.01487873097E+11 1.49893803418E+27 1.00003286739E+00 6.05913621053E+34
 1.01764056365E+11 1.50710724782E+27 1.00003295683E+00 6.07562492409E+34
 1.02040991236E+11 1.51532098369E+27 1.00003304652E+00 6.09215850835E+34
 1.02318679753E+11 1.52357948442E+27 1.00003313645E+00 6.10873708542E+34
 1.02597123969E+11 1.53188299399E+27 1.00003322662E+00 6.12536077773E+34
 1.02876325940E+11 1.54023175769E+27 1.00003331704E+00 6.14202970806E+34
 1.03156287727E+11 1.54862602216E+27 1.00003340771E+00 6.15874399951E+34
 1.03437011400E+11 1.55706603538E+27 1.00003349862E+00 6.17550377552E+34
 1.03718499031E+11 1.56555204668E+27 1.00003358978E+00 6.19230915988E+34
 1.04000752699E+11 1.57408430675E+27 1.00003368119E+00 6.20916027668E+34
 1.04283774489E+11 1.58266306765E+27 1.00003377285E+00 6.22605725040E+34
 1.04567566492E+11 1.59128858280E+27 1.00003386475E+00 6.24300020581E+34
 1.04852130804E+11 1.59996110701E+27 1.00003395691E+00 6.25998926804E+34
 1.05137469526E+11 1.60868089649E+27 1.00003404931E+00 6.27702456257E+34
 1.05423584767E+11 1.61744820883E+27 1.00003414197E+00 6.29410621521E+34
 1.05710478639E+11 1.62626330303E+27 1.00003423488E+00 6.31123435211E+34
 1.05998153261E+11 1.63512643951E+27 1.00003432805E+00 6.32840909978E+34
 1.06286610758E+11 1.64403788008E+27 1.00003442146E+00 6.34563058504E+34
 1.06575853261E+11 1.65299788801E+27 1.00003451513E+00 6.36289893509E+34
 1.06865882906E+11 1.66200672800E+27 1.00003460906E+00 6.38021427747E+34
 1.07156701836E+11 1.67106466617E+27 1.00003470324E+00 6.39757674004E+34
 1.07448312198E+11 1.68017197011E+27 1.00003479768E+00 6.41498645105E+34
 1.07740716147E+11 1.68932890887E+27 1.00003489237E+00 6.43244353906E+34
 1.08033915841E+11 1.69853575295E+27 1.00003498733E+00 6.44994813301E+34
 1.08327913447E+11 1.70779277434E+27 1.00003508254E+00 6.46750036217E+34
 1.08622711136E+11 1.71710024650E+27 1.00003517801E+00 6.48510035617E+34
 1.08918311085E+11 1.72645844440E+27 1.00003527374E+00 6.50274824499E+34
 1.09214715479E+11 1.73586764448E+27 1.00003536973E+00 6.52044415897E+34
 1.09511926506E+11 1.74532812471E+27 1.00003546598E+00 6.53818822880E+34
 1.09809946361E+11 1.75484016457E+27 1.00003556249E+00 6.55598058553E+34
 1.10108777245E+11 1.76440404505E+27 1.00003565927E+00 6.57382136056E+34
 1.10408421367E+11 1.77402004870E+27 1.00003575631E+00 6.59171068565E+34
 1.10708880938E+11 1.78368845957E+27 1.00003585361E+00 6.60964869292E+34
 1.11010158179E+11 1.79340956328E+27 1.00003595118E+00 6.62763551485E+34
 1.11312255315E+11 1.80318364702E+27 1.00003604901E+00 6.64567128428E+34
 1.11615174576E+11 1.81301099953E+27 1.00003614711E+00 6.66375613440E+34
 1.11918918201E+11 1.82289191112E+27 1.00003624548E+00 6.68189019878E+34
 1.12223488432E+11 1.83282667368E+27 1.00003634412E+00 6.70007361136E+34
 1.12528887520E+11 1.84281558071E+27 1.00003644302E+00 6.71830650641E+34
 1.12835117721E+11 1.85285892729E+27 1.00003654219E+00 6.73658901860E+34
 1.13142181295E+11 1.86295701012E+27 1.00003664163E+00 6.75492128294E+34
 1.13450080511E+11 1.87311012751E+27 1.00003674135E+00 6.77330343484E+34
 1.13758817644E+11 1.88331857940E+27 1.00003684133E+00 6.79173561005E+34
 1.14068394973E+11 1.89358266736E+27 1.00003694159E+00 6.81021794469E+34
 1.14378814785E+11 1.90390269461E+27 1.00003704212E+00 6.82875057526E+34
 1.14690079374E+11 1.91427896602E+27 1.00003714292E+00 6.84733363864E+34
 1.15002191037E+11 1.92471178811E+27 1.00003724400E+00 6.86596727207E+34
 1.15315152081E+11 1.93520146910E+27 1.00003734535E+00 6.88465161316E+34
 1.15628964817E+11 1.94574831886E+27 1.00003744698E+00 6.90338679991E+34
 1.15943631563E+11 1.95635264895E+27 1.00003754888E+00 6.92217297068E+34
 1.16259154643E+11 1.96701477266E+27 1.00003765106E+00 6.94101026421E+34
 1.16575536388E+11 1.97773500495E+27 1.00003775352E+00 6.95989881963E+34
 1.16892779134E+11 1.98851366251E+27 1.00003785626E+00 6.97883877643E+34
 1.17210885225E+11 1.99935106377E+27 1.00003795928E+00 6.99783027449E+34
 1.17529857010E+11 2.01024752888E+27 1.00003806258E+00 7.01687345407E+34
 1.17849696845E+11 2.02120337973E+27 1.00003816616E+00 7.03596845582E+34
 1.18170407094E+11 2.03221893997E+27 1.00003827002E+00 7.05511542074E+34
 1.18491990123E+11 2.04329453504E+27 1.00003837416E+00 7.07431449026E+34
 1.18814448309E+11 2.05443049210E+27 1.00003847859E+00 7.09356580617E+34
 1.19137784034E+11 2.06562714014E+27 1.00003858330E+00 7.11286951063E+34
 1.19461999686E+11 2.07688480992E+27 1.00003868830E+00 7.13222574622E+34
 1.19787097659E+11 2.08820383401E+27 1.00003879358E+00 7.15163465590E+34
 1.20113080355E+11 2.09958454680E+27 1.00003889915E+00 7.17109638299E+34
 1.20439950182E+11 2.11102728447E+27 1.00003900501E+00 7.19061107124E+34
 1.20767709553E+11 2.12253238508E+27 1.00003911115E+00 7.21017886476E+34
 1.21096360890E+11 2.13410018850E+27 1.00003921758E+00 7.22979990808E+34
 1.21425906620E+11 2.14573103646E+27 1.00003932431E+00 7.24947434609E+34
 1.21756349178E+11 2.15742527255E+27 1.00003943132E+00 7.26920232411E+34
 1.22087691004E+11 2.16918324223E+27 1.00003953862E+00 7.28898398784E+34
 1.22419934545E+11 2.18100529287E+27 1.00003964622E+00 7.30881948335E+34
 1.22753082255E+11 2.19289177368E+27 1.00003975411E+00 7.32870895716E+34
 1.23087136596E+11 2.20484303583E+27 1.00003986229E+00 7.34865255615E+34
 1.23422100035E+11 2.21685943237E+27 1.00003997077E+00 7.36865042760E+34
 1.23757975045E+11 2.22894131828E+27 1.00004007954E+00 7.38870271922E+34
 1.24094764108E+11 2.24108905048E+27 1.00004018861E+00 7.40880957910E+34
 1.24432469711E+11 2.25330298784E+27 1.00004029797E+00 7.42897115572E+34
 1.24771094348E+11 2.26558349116E+27 1.00004040764E+00 7.44918759800E+34
 1.25110640522E+11 2.27793092323E+27 1.00004051760E+00 7.46945905524E+34
 1.25451110738E+11 2.29034564882E+27 1.00004062786E+00 7.48978567715E+34
 1.25792507514E+11 2.30282803468E+27 1.00004073842E+00 7.51016761385E+34
 1.26134833370E+11 2.31537844955E+27 1.00004084928E+00 7.53060501586E+34
 1.26478090834E+11 2.32799726420E+27 1.00004096044E+00 7.55109803413E+34
 1.26822282442E+11 2.34068485139E+27 1.00004107191E+00 7.57164682001E+34
 1.27167410737E+11 2.35344158595E+27 1.00004118368E+00 7.59225152525E+34
 1.27513478268E+11 2.36626784472E+27 1.00004129575E+00 7.61291230202E+34
 1.27860487590E+11 2.37916400661E+27 1.00004140813E+00 7.63362930293E+34
 1.28208441267E+11 2.39213045260E+27 1.00004152081E+00 7.65440268095E+34
 1.28557341868E+11 2.40516756573E+27 1.00004163380E+00 7.67523258953E+34
 1.28907191972E+11 2.41827573114E+27 1.00004174710E+00 7.69611918249E+34
 1.29257994162E+11 2.43145533606E+27 1.00004186071E+00 7.71706261408E+34
 1.29609751029E+11 2.44470676984E+27 1.00004197462E+00 7.73806303899E+34
 1.29962465172E+11 2.45803042395E+27 1.00004208885E+00 7.75912061231E+34
 1.30316139195E+11 2.47142669198E+27 1.00004220338E+00 7.78023548955E+34
 1.30670775711E+11 2.48489596969E+27 1.00004231823E+00 7.80140782666E+34
 1.31026377340E+11 2.49843865497E+27 1.00004243339E+00 7.82263778000E+34
 1.31382946707E+11 2.51205514790E+27 1.00004254887E+00 7.84392550637E+34
 1.31740486448E+11 2.52574585072E+27 1.00004266466E+00 7.86527116298E+34
 1.32098999202E+11 2.53951116789E+27 1.00004278076E+00 7.88667490747E+34
 1.32458487617E+11 2.55335150606E+27 1.00004289718E+00 7.90813689793E+34
 1.32818954350E+11 2.56726727407E+27 1.00004301391E+00 7.92965729285E+34
 1.33180402062E+11 2.58125888304E+27 1.00004313097E+00 7.95123625117E+34
 1.33542833424E+11 2.59532674628E+27 1.00004324834E+00 7.97287393227E+34
 1.33906251112E+11 2.60947127940E+27 1.00004336603E+00 7.99457049593E+34
 1.34270657811E+11 2.62369290023E+27 1.00004348404E+00 8.01632610241E+34
 1.34636056211E+11 2.63799202891E+27 1.00004360238E+00 8.03814091236E+34
 1.35002449014E+11 2.65236908785E+27 1.00004372103E+00 8.06001508691E+34
 1.35369838923E+11 2.66682450178E+27 1.00004384001E+00 8.08194878761E+34
 1.35738228654E+11 2.68135869773E+27 1.00004395931E+00 8.10394217643E+34
 1.36107620928E+11 2.69597210505E+27 1.00004407894E+00 8.12599541581E+34
 1.36478018471E+11 2.71066515546E+27 1.00004419889E+00 8.14810866862E+34
 1.36849424022E+11 2.72543828301E+27 1.00004431917E+00 8.17028209817E+34
 1.37221840322E+11 2.74029192412E+27 1.00004443977E+00 8.19251586823E+34
 1.37595270124E+11 2.75522651758E+27 1.00004456071E+00 8.21481014299E+34
 1.37969716184E+11 2.77024250460E+27 1.00004468197E+00 8.23716508712E+34
 1.38345181269E+11 2.78534032875E+27 1.00004480356E+00 8.25958086570E+34
 1.38721668152E+11 2.80052043606E+27 1.00004492549E+00 8.28205764429E+34
 1.39099179614E+11 2.81578327497E+27 1.00004504774E+00 8.30459558889E+34
 1.39477718444E+11 2.83112929636E+27 1.00004517033E+00 8.32719486594E+34
 1.39857287437E+11 2.84655895359E+27 1.00004529325E+00 8.34985564236E+34
 1.40237889397E+11 2.86207270246E+27 1.00004541651E+00 8.37257808549E+34
 1.40619527135E+11 2.87767100128E+27 1.00004554010E+00 8.39536236316E+34
 1.41002203471E+11 2.89335431084E+27 1.00004566403E+00 8.41820864363E+34
 1.41385921230E+11 2.90912309445E+27 1.00004578829E+00 8.44111709563E+34
 1.41770683248E+11 2.92497781794E+27 1.00004591290E+00 8.46408788835E+34
 1.42156492366E+11 2.94091894969E+27 1.00004603784E+00 8.48712119143E+34
 1.42543351433E+11 2.95694696063E+27 1.00004616312E+00 8.51021717499E+34
 1.42931263308E+11 2.97306232424E+27 1.00004628875E+00 8.53337600960E+34
 1.43320230856E+11 2.98926551659E+27 1.00004641471E+00 8.55659786629E+34
 1.43710256949E+11 3.00555701636E+27 1.00004654102E+00 8.57988291657E+34
 1.44101344469E+11 3.02193730482E+27 1.00004666767E+00 8.60323133240E+34
 1.44493496305E+11 3.03840686586E+27 1.00004679467E+00 8.62664328622E+34
 1.44886715352E+11 3.05496618603E+27 1.00004692201E+00 8.65011895094E+34
 1.45281004515E+11 3.07161575451E+27 1.00004704970E+00 8.67365849993E+34
 1.45676366707E+11 3.08835606315E+27 1.00004717774E+00 8.69726210705E+34
 1.46072804849E+11 3.10518760648E+27 1.00004730612E+00 8.72092994660E+34
 1.46470321867E+11 3.12211088175E+27 1.00004743486E+00 8.74466219339E+34
 1.46868920700E+11 3.13912638888E+27 1.00004756394E+00 8.76845902270E+34
 1.47268604290E+11 3.15623463053E+27 1.00004769338E+00 8.79232061026E+34
 1.47669375589E+11 3.17343611212E+27 1.00004782316E+00 8.81624713230E+34
 1.48071237560E+11 3.19073134180E+27 1.00004795330E+00 8.84023876553E+34
 1.48474193168E+11 3.20812083050E+27 1.00004808380E+00 8.86429568714E+34
 1.48878245392E+11 3.22560509193E+27 1.00004821465E+00 8.88841807480E+34
 1.49283397215E+11 3.24318464260E+27 1.00004834586E+00 8.91260610665E+34
 1.49689651631E+11 3.26086000183E+27 1.00004847742E+00 8.93685996134E+34
 1.50097011639E+11 3.27863169179E+27 1.00004860934E+00 8.96117981799E+34
 1.50505480249E+11 3.29650023748E+27 1.00004874162E+00 8.98556585621E+34
 1.50915060478E+11 3.31446616675E+27 1.00004887426E+00 9.01001825610E+34
 1.51325755351E+11 3.33253001036E+27 1.00004900726E+00 9.03453719826E+34
 1.51737567902E+11 3.35069230193E+27 1.00004914063E+00 9.05912286375E+34
 1.52150501173E+11 3.36895357800E+27 1.00004927435E+00 9.08377543416E+34
 1.52564558213E+11 3.38731437805E+27 1.00004940844E+00 9.10849509155E+34
 1.52979742082E+11 3.40577524447E+27 1.00004954290E+00 9.13328201849E+34
 1.53396055846E+11 3.42433672263E+27 1.00004967772E+00 9.15813639803E+34
 1.53813502580E+11 3.44299936087E+27 1.00004981291E+00 9.18305841375E+34
 1.54232085367E+11 3.46176371050E+27 1.00004994846E+00 9.20804824968E+34
 1.54651807300E+11 3.48063032585E+27 1.00005008439E+00 9.23310609040E+34
 1.55072671478E+11 3.49959976427E+27 1.00005022068E+00 9.25823212097E+34
 1.55494681011E+11 3.51867258615E+27 1.00005035735E+00 9.28342652695E+34
 1.55917839015E+11 3.53784935493E+27 1.00005049438E+00 9.30868949440E+34
 1.56342148617E+11 3.55713063711E+27 1.00005063179E+00 9.33402120991E+34
 1.56767612949E+11 3.57651700230E+27 1.00005076958E+00 9.35942186056E+34
 1.57194235156E+11 3.59600902320E+27 1.00005090774E+00 9.38489163395E+34
 1.57622018387E+11 3.61560727563E+27 1.00005104627E+00 9.41043071817E+34
 1.58050965804E+11 3.63531233855E+27 1.00005118519E+00 9.43603930184E+34
 1.58481080574E+11 3.65512479408E+27 1.00005132448E+00 9.46171757409E+34
 1.58912365875E+11 3.67504522751E+27 1.00005146414E+00 9.48746572457E+34
 1.59344824892E+11 3.69507422733E+27 1.00005160419E+00 9.51328394342E+34
 1.59778460820E+11 3.71521238521E+27 1.00005174462E+00 9.53917242134E+34
 1.60213276861E+11 3.73546029607E+27 1.00005188544E+00 9.56513134952E+34
 1.60649276227E+11 3.75581855806E+27 1.00005202663E+00 9.59116091967E+34
 1.61086462140E+11 3.77628777260E+27 1.00005216821E+00 9.61726132402E+34
 1.61524837827E+11 3.79686854437E+27 1.00005231018E+00 9.64343275535E+34
 1.61964406528E+11 3.81756148137E+27 1.00005245253E+00 9.66967540694E+34
 1.62405171489E+11 3.83836719490E+27 1.00005259527E+00 9.69598947259E+34
 1.62847135966E+11 3.85928629958E+27 1.00005273840E+00 9.72237514665E+34
 1.63290303223E+11 3.88031941340E+27 1.00005288191E+00 9.74883262398E+34
 1.63734676534E+11 3.90146715771E+27 1.00005302582E+00 9.77536209999E+34
 1.64180259181E+11 3.92273015725E+27 1.00005317012E+00 9.80196377060E+34
 1.64627054456E+11 3.94410904016E+27 1.00005331481E+00 9.82863783227E+34
 1.65075065659E+11 3.96560443799E+27 1.00005345990E+00 9.85538448201E+34
 1.65524296099E+11 3.98721698576E+27 1.00005360538E+00 9.88220391735E+34
 1.65974749095E+11 4.00894732194E+27 1.00005375125E+00 9.90909633635E+34
 1.66426427973E+11 4.03079608847E+27 1.00005389753E+00 9.93606193763E+34
 1.66879336070E+11 4.05276393080E+27 1.00005404420E+00 9.96310092034E+34
 1.67333476731E+11 4.07485149789E+27 1.00005419127E+00 9.99021348418E+34
 1.67788853312E+11 4.09705944224E+27 1.00005433874E+00 1.00173998294E+35
 1.68245469175E+11 4.11938841990E+27 1.00005448661E+00 1.00446601567E+35
 1.68703327694E+11 4.14183909051E+27 1.00005463488E+00 1.00719946675E+35
 1.69162432250E+11 4.16441211730E+27 1.00005478356E+00 1.00994035636E+35
 1.69622786235E+11 4.18710816711E+27 1.00005493264E+00 1.01268870475E+35
 1.70084393049E+11 4.20992791040E+27 1.00005508213E+00 1.01544453222E+35
 1.70547256102E+11 4.23287202132E+27 1.00005523203E+00 1.01820785911E+35
 1.71011378813E+11 4.25594117767E+27 1.00005538233E+00 1.02097870584E+35
 1.71476764610E+11 4.27913606093E+27 1.00005553304E+00 1.02375709286E+35
 1.71943416931E+11 4.30245735633E+27 1.00005568416E+00 1.02654304071E+35
 1.72411339222E+11 4.32590575282E+27 1.00005583570E+00 1.02933656995E+35
 1.72880534940E+11 4.34948194308E+27 1.00005598764E+00 1.03213770121E+35
 1.73351007552E+11 4.37318662360E+27 1.00005614000E+00 1.03494645518E+35
 1.73822760531E+11 4.39702049466E+27 1.00005629278E+00 1.03776285261E+35
 1.74295797363E+11 4.42098426033E+27 1.00005644596E+00 1.04058691430E+35
 1.74770121542E+11 4.44507862855E+27 1.00005659957E+00 1.04341866110E+35
 1.75245736571E+11 4.46930431109E+27 1.00005675360E+00 1.04625811392E+35
 1.75722645964E+11 4.49366202363E+27 1.00005690804E+00 1.04910529374E+35
 1.76200853243E+11 4.51815248572E+27 1.00005706290E+00 1.05196022159E+35
 1.76680361941E+11 4.54277642085E+27 1.00005721819E+00 1.05482291854E+35
 1.77161175600E+11 4.56753455645E+27 1.00005737390E+00 1.05769340575E+35
 1.77643297771E+11 4.59242762392E+27 1.00005753003E+00 1.06057170440E+35
 1.78126732015E+11 4.61745635862E+27 1.00005768658E+00 1.06345783577E+35
 1.78611481904E+11 4.64262149995E+27 1.00005784357E+00 1.06635182115E+35
 1.79097551018E+11 4.66792379132E+27 1.00005800098E+00 1.06925368193E+35
 1.79584942948E+11 4.69336398021E+27 1.00005815881E+00 1.07216343954E+35
 1.80073661294E+11 4.71894281814E+27 1.00005831708E+00 1.07508111547E+35
 1.80563709665E+11 4.74466106077E+27 1.00005847578E+00 1.07800673126E+35
 1.81055091682E+11 4.77051946784E+27 1.00005863491E+00 1.08094030852E+35
 1.81547810974E+11 4.79651880325E+27 1.00005879447E+00 1.08388186892E+35
 1.82041871181E+11 4.82265983507E+27 1.00005895447E+00 1.08683143418E+35
 1.82537275952E+11 4.84894333553E+27 1.00005911490E+00 1.08978902608E+35
 1.83034028947E+11 4.87537008109E+27 1.00005927577E+00 1.09275466648E+35
 1.83532133835E+11 4.90194085245E+27 1.00005943708E+00 1.09572837726E+35
 1.84031594296E+11 4.92865643452E+27 1.00005959882E+00 1.09871018040E+35
 1.84532414018E+11 4.95551761655E+27 1.00005976101E+00 1.10170009791E+35
 1.85034596701E+11 4.98252519204E+27 1.00005992364E+00 1.10469815187E+35
 1.85538146055E+11 5.00967995884E+27 1.00006008671E+00 1.10770436444E+35
 1.86043065799E+11 5.03698271915E+27 1.00006025022E+00 1.11071875780E+35
 1.86549359662E+11 5.06443427952E+27 1.00006041418E+00 1.11374135422E+35
 1.87057031386E+11 5.09203545092E+27 1.00006057859E+00 1.11677217603E+35
 1.87566084719E+11 5.11978704874E+27 1.00006074344E+00 1.11981124561E+35
 1.88076523422E+11 5.14768989278E+27 1.00006090874E+00 1.12285858540E+35
 1.88588351266E+11 5.17574480735E+27 1.00006107449E+00 1.12591421791E+35
 1.89101572030E+11 5.20395262123E+27 1.00006124069E+00 1.12897816571E+35
 1.89616189507E+11 5.23231416772E+27 1.00006140735E+00 1.13205045142E+35
 1.90132207497E+11 5.26083028467E+27 1.00006157445E+00 1.13513109773E+35
 1.90649629813E+11 5.28950181448E+27 1.00006174202E+00 1.13822012740E+35
 1.91168460275E+11 5.31832960415E+27 1.00006191003E+00 1.14131756324E+35
 1.91688702718E+11 5.34731450530E+27 1.00006207851E+00 1.14442342813E+35
 1.92210360983E+11 5.37645737419E+27 1.00006224744E+00 1.14753774499E+35
 1.92733438923E+11 5.40575907174E+27 1.00006241684E+00 1.15066053684E+35
 1.93257940404E+11 5.43522046357E+27 1.00006258669E+00 1.15379182674E+35
 1.93783869299E+11 5.46484242001E+27 1.00006275701E+00 1.15693163781E+35
 1.94311229492E+11 5.49462581614E+27 1.00006292779E+00 1.16007999324E+35
 1.94840024881E+11 5.52457153181E+27 1.00006309903E+00 1.16323691628E+35
 1.95370259370E+11 5.55468045165E+27 1.00006327075E+00 1.16640243025E+35
 1.95901936876E+11 5.58495346514E+27 1.00006344292E+00 1.16957655853E+35
 1.96435061327E+11 5.61539146657E+27 1.00006361557E+00 1.17275932455E+35
 1.96969636660E+11 5.64599535514E+27 1.00006378869E+00 1.17595075183E+35
 1.97505666826E+11 5.67676603494E+27 1.00006396228E+00 1.17915086393E+35
 1.98043155782E+11 5.70770441496E+27 1.00006413634E+00 1.18235968449E+35
 1.98582107499E+11 5.73881140918E+27 1.00006431087E+00 1.18557723721E+35
 1.99122525960E+11 5.77008793655E+27 1.00006448588E+00 1.18880354584E+35
 1.99664415154E+11 5.80153492102E+27 1.00006466137E+00 1.19203863422E+35
 2.00207779086E+11 5.83315329159E+27 1.00006483733E+00 1.19528252624E+35
 2.00752621769E+11 5.86494398230E+27 1.00006501377E+00 1.19853524586E+35
 2.01298947228E+11 5.89690793231E+27 1.00006519069E+00 1.20179681709E+35
 2.01846759498E+11 5.92904608587E+27 1.00006536810E+00 1.20506726403E+35
 2.02396062626E+11 5.96135939240E+27 1.00006554598E+00 1.20834661083E+35
 2.02946860669E+11 5.99384880648E+27 1.00006572435E+00 1.21163488171E+35
 2.03499157697E+11 6.02651528790E+27 1.00006590321E+00 1.21493210095E+35
 2.04052957788E+11 6.05935980167E+27 1.00006608255E+00 1.21823829291E+35
 2.04608265034E+11 6.09238331806E+27 1.00006626238E+00 1.22155348200E+35
 2.05165083536E+11 6.12558681266E+27 1.00006644270E+00 1.22487769271E+35
 2.05723417408E+11 6.15897126632E+27 1.00006662351E+00 1.22821094958E+35
 2.06283270775E+11 6.19253766530E+27 1.00006680481E+00 1.23155327724E+35
 2.06844647771E+11 6.22628700117E+27 1.00006698661E+00 1.23490470037E+35
 2.07407552543E+11 6.26022027096E+27 1.00006716890E+00 1.23826524371E+35
 2.07971989250E+11 6.29433847709E+27 1.00006735168E+00 1.24163493210E+35
 2.08537962060E+11 6.32864262749E+27 1.00006753497E+00 1.24501379041E+35
 2.09105475156E+11 6.36313373553E+27 1.00006771875E+00 1.24840184360E+35
 2.09674532728E+11 6.39781282014E+27 1.00006790303E+00 1.25179911670E+35
 2.10245138980E+11 6.43268090580E+27 1.00006808782E+00 1.25520563478E+35
 2.10817298128E+11 6.46773902255E+27 1.00006827311E+00 1.25862142301E+35
 2.11391014398E+11 6.50298820607E+27 1.00006845890E+00 1.26204650662E+35
 2.11966292027E+11 6.53842949767E+27 1.00006864519E+00 1.26548091091E+35
 2.12543135266E+11 6.57406394435E+27 1.00006883200E+00 1.26892466123E+35
 2.13121548375E+11 6.60989259879E+27 1.00006901931E+00 1.27237778302E+35
 2.13701535628E+11 6.64591651943E+27 1.00006920713E+00 1.27584030178E+35
 2.14283101307E+11 6.68213677047E+27 1.00006939547E+00 1.27931224308E+35
 2.14866249710E+11 6.71855442191E+27 1.00006958431E+00 1.28279363258E+35
 2.15450985144E+11 6.75517054959E+27 1.00006977367E+00 1.28628449597E+35
 2.16037311928E+11 6.79198623519E+27 1.00006996355E+00 1.28978485903E+35
 2.16625234394E+11 6.82900256632E+27 1.00007015394E+00 1.29329474763E+35
 2.17214756884E+11 6.86622063648E+27 1.00007034485E+00 1.29681418768E+35
 2.17805883754E+11 6.90364154515E+27 1.00007053628E+00 1.30034320518E+35
 2.18398619369E+11 6.94126639782E+27 1.00007072823E+00 1.30388182618E+35
 2.18992968109E+11 6.97909630596E+27 1.00007092070E+00 1.30743007682E+35
 2.19588934363E+11 7.01713238714E+27 1.00007111370E+00 1.31098798331E+35
 2.20186522534E+11 7.05537576500E+27 1.00007130722E+00 1.31455557192E+35
 2.20785737037E+11 7.09382756930E+27 1.00007150127E+00 1.31813286900E+35
 2.21386582298E+11 7.13248893596E+27 1.00007169584E+00 1.32171990098E+35
 2.21989062755E+11 7.17136100711E+27 1.00007189095E+00 1.32531669433E+35
 2.22593182858E+11 7.21044493109E+27 1.00007208658E+00 1.32892327563E+35
 2.23198947071E+11 7.24974186248E+27 1.00007228275E+00 1.33253967151E+35
 2.23806359868E+11 7.28925296219E+27 1.00007247946E+00 1.33616590869E+35
 2.24415425736E+11 7.32897939742E+27 1.00007267669E+00 1.33980201393E+35
 2.25026149174E+11 7.36892234177E+27 1.00007287447E+00 1.34344801410E+35
 2.25638534694E+11 7.40908297519E+27 1.00007307278E+00 1.34710393612E+35
 2.26252586819E+11 7.44946248411E+27 1.00007327164E+00 1.35076980699E+35
 2.26868310085E+11 7.49006206138E+27 1.00007347103E+00 1.35444565379E+35
 2.27485709041E+11 7.53088290639E+27 1.00007367097E+00 1.35813150366E+35
 2.28104788247E+11 7.57192622504E+27 1.00007387145E+00 1.36182738382E+35
 2.28725552277E+11 7.61319322981E+27 1.00007407247E+00 1.36553332158E+35
 2.29348005715E+11 7.65468513980E+27 1.00007427405E+00 1.36924934430E+35
 2.29972153161E+11 7.69640318073E+27 1.00007447617E+00 1.37297547942E+35
 2.30597999225E+11 7.73834858503E+27 1.00007467884E+00 1.37671175446E+35
 2.31225548529E+11 7.78052259181E+27 1.00007488206E+00 1.38045819702E+35
 2.31854805709E+11 7.82292644697E+27 1.00007508584E+00 1.38421483477E+35
 2.32485775415E+11 7.86556140318E+27 1.00007529017E+00 1.38798169544E+35
 2.33118462307E+11 7.90842871994E+27 1.00007549506E+00 1.39175880687E+35
 2.33752871058E+11 7.95152966362E+27 1.00007570050E+00 1.39554619694E+35
 2.34389006355E+11 7.99486550748E+27 1.00007590651E+00 1.39934389363E+35
 2.35026872897E+11 8.03843753172E+27 1.00007611307E+00 1.40315192498E+35
 2.35666475396E+11 8.08224702354E+27 1.00007632020E+00 1.40697031911E+35
 2.36307818577E+11 8.12629527712E+27 1.00007652789E+00 1.41079910424E+35
 2.36950907177E+11 8.17058359373E+27 1.00007673614E+00 1.41463830862E+35
 2.37595745948E+11 8.21511328171E+27 1.00007694496E+00 1.41848796063E+35
 2.38242339652E+11 8.25988565652E+27 1.00007715435E+00 1.42234808868E+35
 2.38890693065E+11 8.30490204082E+27 1.00007736431E+00 1.42621872130E+35
 2.39540810979E+11 8.35016376445E+27 1.00007757484E+00 1.43009988705E+35
 2.40192698194E+11 8.39567216452E+27 1.00007778595E+00 1.43399161462E+35
 2.40846359526E+11 8.44142858541E+27 1.00007799763E+00 1.43789393273E+35
 2.41501799804E+11 8.48743437883E+27 1.00007820988E+00 1.44180687021E+35
 2.42159023870E+11 8.53369090387E+27 1.00007842271E+00 1.44573045597E+35
 2.42818036579E+11 8.58019952701E+27 1.00007863613E+00 1.44966471896E+35
 2.43478842799E+11 8.62696162219E+27 1.00007885012E+00 1.45360968826E+35
 2.44141447412E+11 8.67397857083E+27 1.00007906469E+00 1.45756539299E+35
 2.44805855311E+11 8.72125176189E+27 1.00007927985E+00 1.46153186237E+35
 2.45472071406E+11 8.76878259188E+27 1.00007949560E+00 1.46550912570E+35
 2.46140100617E+11 8.81657246493E+27 1.00007971193E+00 1.46949721234E+35
 2.46809947880E+11 8.86462279284E+27 1.00007992885E+00 1.47349615176E+35
 2.47481618143E+11 8.91293499508E+27 1.00008014636E+00 1.47750597348E+35
 2.48155116367E+11 8.96151049886E+27 1.00008036446E+00 1.48152670712E+35
 2.48830447528E+11 9.01035073918E+27 1.00008058315E+00 1.48555838237E+35
 2.49507616614E+11 9.05945715886E+27 1.00008080245E+00 1.48960102901E+35
 2.50186628628E+11 9.10883120856E+27 1.00008102233E+00 1.49365467690E+35
 2.50867488585E+11 9.15847434689E+27 1.00008124282E+00 1.49771935597E+35
 2.51550201517E+11 9.20838804036E+27 1.00008146390E+00 1.50179509624E+35
 2.52234772464E+11 9.25857376351E+27 1.00008168559E+00 1.50588192781E+35
 2.52921206486E+11 9.30903299889E+27 1.00008190788E+00 1.50997988087E+35
 2.53609508652E+11 9.35976723715E+27 1.00008213078E+00 1.51408898568E+35
 2.54299684047E+11 9.41077797706E+27 1.00008235428E+00 1.51820927259E+35
 2.54991737770E+11 9.46206672554E+27 1.00008257839E+00 1.52234077202E+35
 2.55685674932E+11 9.51363499775E+27 1.00008280311E+00 1.52648351450E+35
 2.56381500661E+11 9.56548431709E+27 1.00008302844E+00 1.53063753061E+35
 2.57079220097E+11 9.61761621527E+27 1.00008325439E+00 1.53480285103E+35
 2.57778838392E+11 9.67003223234E+27 1.00008348095E+00 1.53897950653E+35
 2.58480360717E+11 9.72273391675E+27 1.00008370813E+00 1.54316752796E+35
 2.59183792253E+11 9.77572282539E+27 1.00008393592E+00 1.54736694623E+35
 2.59889138196E+11 9.82900052363E+27 1.00008416433E+00 1.55157779238E+35
 2.60596403757E+11 9.88256858537E+27 1.00008439337E+00 1.55580009749E+35
 2.61305594162E+11 9.93642859310E+27 1.00008462303E+00 1.56003389275E+35
 2.62016714648E+11 9.99058213791E+27 1.00008485331E+00 1.56427920943E+35
 2.62729770468E+11 1.00450308196E+28 1.00008508423E+00 1.56853607888E+35
 2.63444766892E+11 1.00997762467E+28 1.00008531577E+00 1.57280453253E+35
 2.64161709200E+11 1.01548200363E+28 1.00008554794E+00 1.57708460193E+35
 2.64880602688E+11 1.02101638147E+28 1.00008578074E+00 1.58137631866E+35
 2.65601452667E+11 1.02658092167E+28 1.00008601417E+00 1.58567971443E+35
 2.66324264463E+11 1.03217578862E+28 1.00008624824E+00 1.58999482103E+35
 2.67049043415E+11 1.03780114761E+28 1.00008648295E+00 1.59432167031E+35
 2.67775794877E+11 1.04345716480E+28 1.00008671829E+00 1.59866029424E+35
 2.68504524218E+11 1.04914400729E+28 1.00008695428E+00 1.60301072485E+35
 2.69235236821E+11 1.05486184308E+28 1.00008719091E+00 1.60737299429E+35
 2.69967938084E+11 1.06061084108E+28 1.00008742818E+00 1.61174713475E+35
 2.70702633420E+11 1.06639117112E+28 1.00008766610E+00 1.61613317856E+35
 2.71439328256E+11 1.07220300397E+28 1.00008790467E+00 1.62053115810E+35
 2.72178028035E+11 1.07804651131E+28 1.00008814388E+00 1.62494110584E+35
 2.72918738213E+11 1.08392186577E+28 1.00008838375E+00 1.62936305437E+35
 2.73661464262E+11 1.08982924092E+28 1.00008862426E+00 1.63379703634E+35
 2.74406211669E+11 1.09576881127E+28 1.00008886544E+00 1.63824308449E+35
 2.75152985936E+11 1.10174075228E+28 1.00008910727E+00 1.64270123167E+35
 2.75901792580E+11 1.10774524038E+28 1.00008934975E+00 1.64717151078E+35
 2.76652637132E+11 1.11378245294E+28 1.00008959290E+00 1.65165395486E+35
 2.77405525138E+11 1.11985256831E+28 1.00008983671E+00 1.65614859701E+35
 2.78160462161E+11 1.12595576582E+28 1.00009008118E+00 1.66065547041E+35
 2.78917453778E+11 1.13209222576E+28 1.00009032632E+00 1.66517460836E+35
 2.79676505581E+11 1.13826212942E+28 1.00009057213E+00 1.66970604423E+35
 2.80437623177E+11 1.14446565905E+28 1.00009081860E+00 1.67424981148E+35
 2.81200812189E+11 1.15070299793E+28 1.00009106574E+00 1.67880594368E+35
 2.81966078255E+11 1.15697433031E+28 1.00009131356E+00 1.68337447447E+35
 2.82733427028E+11 1.16327984146E+28 1.00009156205E+00 1.68795543759E+35
 2.83502864177E+11 1.16961971764E+28 1.00009181122E+00 1.69254886687E+35
 2.84274395386E+11 1.17599414616E+28 1.00009206107E+00 1.69715479625E+35
 2.85048026355E+11 1.18240331532E+28 1.00009231159E+00 1.70177325973E+35
 2.85823762798E+11 1.18884741446E+28 1.00009256280E+00 1.70640429142E+35
 2.86601610447E+11 1.19532663394E+28 1.00009281469E+00 1.71104792553E+35
 2.87381575048E+11 1.20184116518E+28 1.00009306727E+00 1.71570419636E+35
 2.88163662362E+11 1.20839120062E+28 1.00009332053E+00 1.72037313828E+35
 2.88947878168E+11 1.21497693375E+28 1.00009357448E+00 1.72505478578E+35
 2.89734228258E+11 1.22159855914E+28 1.00009382913E+00 1.72974917343E+35
 2.90522718442E+11 1.22825627239E+28 1.00009408446E+00 1.73445633592E+35
 2.91313354545E+11 1.23495027019E+28 1.00009434050E+00 1.73917630799E+35
 2.92106142407E+11 1.24168075028E+28 1.00009459722E+00 1.74390912452E+35
 2.92901087886E+11 1.24844791149E+28 1.00009485465E+00 1.74865482045E+35
 2.93698196853E+11 1.25525195374E+28 1.00009511278E+00 1.75341343082E+35
 2.94497475197E+11 1.26209307802E+28 1.00009537161E+00 1.75818499080E+35
 2.95298928824E+11 1.26897148643E+28 1.00009563114E+00 1.76296953561E+35
 2.96102563653E+11 1.27588738218E+28 1.00009589138E+00 1.76776710059E+35
 2.96908385622E+11 1.28284096957E+28 1.00009615233E+00 1.77257772117E+35
 2.97716400683E+11 1.28983245401E+28 1.00009641399E+00 1.77740143288E+35
 2.98526614807E+11 1.29686204205E+28 1.00009667636E+00 1.78223827135E+35
 2.99339033977E+11 1.30392994136E+28 1.00009693945E+00 1.78708827230E+35
 3.00153664197E+11 1.31103636072E+28 1.00009720325E+00 1.79195147154E+35
 3.00970511484E+11 1.31818151007E+28 1.00009746777E+00 1.79682790500E+35
 3.01789581872E+11 1.32536560049E+28 1.00009773301E+00 1.80171760868E+35
 3.02610881413E+11 1.33258884421E+28 1.00009799897E+00 1.80662061871E+35
 3.03434416174E+11 1.33985145462E+28 1.00009826565E+00 1.81153697128E+35
 3.04260192238E+11 1.34715364626E+28 1.00009853306E+00 1.81646670271E+35
 3.05088215707E+11 1.35449563485E+28 1.00009880120E+00 1.82140984941E+35
 3.05918492697E+11 1.36187763728E+28 1.00009907007E+00 1.82636644789E+35
 3.06751029342E+11 1.36929987164E+28 1.00009933967E+00 1.83133653474E+35
 3.07585831792E+11 1.37676255717E+28 1.00009961000E+00 1.83632014668E+35
 3.08422906215E+11 1.38426591436E+28 1.00009988107E+00 1.84131732051E+35
 3.09262258795E+11 1.39181016484E+28 1.00010015287E+00 1.84632809314E+35
 3.10103895732E+11 1.39939553150E+28 1.00010042542E+00 1.85135250157E+35
 3.10947823243E+11 1.40702223841E+28 1.00010069871E+00 1.85639058292E+35
 3.11794047565E+11 1.41469051088E+28 1.00010097274E+00 1.86144237438E+35
 3.12642574947E+11 1.42240057544E+28 1.00010124752E+00 1.86650791327E+35
 3.13493411659E+11 1.43015265987E+28 1.00010152304E+00 1.87158723700E+35
 3.14346563987E+11 1.43794699316E+28 1.00010179931E+00 1.87668038309E+35
 3.15202038233E+11 1.44578380557E+28 1.00010207634E+00 1.88178738914E+35
 3.16059840717E+11 1.45366332862E+28 1.00010235412E+00 1.88690829287E+35
 3.16919977776E+11 1.46158579507E+28 1.00010263266E+00 1.89204313211E+35
 3.17782455764E+11 1.46955143898E+28 1.00010291195E+00 1.89719194477E+35
 3.18647281054E+11 1.47756049565E+28 1.00010319201E+00 1.90235476889E+35
 3.19514460034E+11 1.48561320169E+28 1.00010347282E+00 1.90753164259E+35
 3.20383999110E+11 1.49370979498E+28 1.00010375440E+00 1.91272260410E+35
 3.21255904708E+11 1.50185051471E+28 1.00010403675E+00 1.91792769177E+35
 3.22130183267E+11 1.51003560138E+28 1.00010431986E+00 1.92314694402E+35
 3.23006841246E+11 1.51826529677E+28 1.00010460375E+00 1.92838039942E+35
 3.23885885123E+11 1.52653984401E+28 1.00010488841E+00 1.93362809661E+35
 3.24767321392E+11 1.53485948754E+28 1.00010517384E+00 1.93889007434E+35
 3.25651156563E+11 1.54322447313E+28 1.00010546005E+00 1.94416637148E+35
 3.26537397167E+11 1.55163504791E+28 1.00010574704E+00 1.94945702700E+35
 3.27426049751E+11 1.56009146032E+28 1.00010603481E+00 1.95476207996E+35
 3.28317120880E+11 1.56859396019E+28 1.00010632336E+00 1.96008156956E+35
 3.29210617137E+11 1.57714279869E+28 1.00010661270E+00 1.96541553507E+35
 3.30106545123E+11 1.58573822837E+28 1.00010690282E+00 1.97076401589E+35
 3.31004911457E+11 1.59438050315E+28 1.00010719373E+00 1.97612705151E+35
 3.31905722775E+11 1.60306987833E+28 1.00010748544E+00 1.98150468155E+35
 3.32808985733E+11 1.61180661062E+28 1.00010777794E+00 1.98689694573E+35
 3.33714707003E+11 1.62059095811E+28 1.00010807124E+00 1.99230388386E+35
 3.34622893277E+11 1.62942318029E+28 1.00010836533E+00 1.99772553588E+35
 3.35533551265E+11 1.63830353810E+28 1.00010866023E+00 2.00316194183E+35
 3.36446687694E+11 1.64723229386E+28 1.00010895592E+00 2.00861314186E+35
 3.37362309310E+11 1.65620971135E+28 1.00010925242E+00 2.01407917622E+35
 3.38280422878E+11 1.66523605578E+28 1.00010954973E+00 2.01956008530E+35
 3.39201035180E+11 1.67431159379E+28 1.00010984785E+00 2.02505590955E+35
 3.40124153018E+11 1.68343659349E+28 1.00011014678E+00 2.03056668959E+35
 3.41049783211E+11 1.69261132445E+28 1.00011044652E+00 2.03609246609E+35
 3.41977932598E+11 1.70183605769E+28 1.00011074708E+00 2.04163327988E+35
 3.42908608036E+11 1.71111106575E+28 1.00011104845E+00 2.04718917187E+35
 3.43841816401E+11 1.72043662260E+28 1.00011135065E+00 2.05276018310E+35
 3.44777564587E+11 1.72981300375E+28 1.00011165367E+00 2.05834635471E+35
 3.45715859506E+11 1.73924048619E+28 1.00011195751E+00 2.06394772796E+35
 3.46656708092E+11 1.74871934841E+28 1.00011226218E+00 2.06956434421E+35
 3.47600117295E+11 1.75824987044E+28 1.00011256768E+00 2.07519624494E+35
 3.48546094084E+11 1.76783233382E+28 1.00011287401E+00 2.08084347175E+35
 3.49494645449E+11 1.77746702164E+28 1.00011318117E+00 2.08650606635E+35
 3.50445778396E+11 1.78715421852E+28 1.00011348917E+00 2.09218407056E+35
 3.51399499954E+11 1.79689421062E+28 1.00011379801E+00 2.09787752630E+35
 3.52355817168E+11 1.80668728570E+28 1.00011410769E+00 2.10358647563E+35
 3.53314737103E+11 1.81653373304E+28 1.00011441821E+00 2.10931096072E+35
 3.54276266844E+11 1.82643384352E+28 1.00011472958E+00 2.11505102383E+35
 3.55240413494E+11 1.83638790962E+28 1.00011504179E+00 2.12080670736E+35
 3.56207184176E+11 1.84639622539E+28 1.00011535485E+00 2.12657805382E+35
 3.57176586033E+11 1.85645908649E+28 1.00011566877E+00 2.13236510583E+35
 3.58148626227E+11 1.86657679019E+28 1.00011598354E+00 2.13816790614E+35
 3.59123311938E+11 1.87674963538E+28 1.00011629916E+00 2.14398649759E+35
 3.60100650369E+11 1.88697792259E+28 1.00011661565E+00 2.14982092316E+35
 3.61080648738E+11 1.89726195398E+28 1.00011693299E+00 2.15567122594E+35
 3.62063314288E+11 1.90760203334E+28 1.00011725120E+00 2.16153744913E+35
 3.63048654276E+11 1.91799846615E+28 1.00011757028E+00 2.16741963607E+35
 3.64036675984E+11 1.92845155952E+28 1.00011789022E+00 2.17331783019E+35
 3.65027386711E+11 1.93896162227E+28 1.00011821104E+00 2.17923207504E+35
 3.66020793775E+11 1.94952896486E+28 1.00011853272E+00 2.18516241433E+35
 3.67016904517E+11 1.96015389948E+28 1.00011885529E+00 2.19110889182E+35
 3.68015726295E+11 1.97083674001E+28 1.00011917873E+00 2.19707155146E+35
 3.69017266489E+11 1.98157780202E+28 1.00011950305E+00 2.20305043727E+35
 3.70021532498E+11 1.99237740284E+28 1.00011982825E+00 2.20904559340E+35
 3.71028531741E+11 2.00323586148E+28 1.00012015434E+00 2.21505706414E+35
 3.72038271659E+11 2.01415349874E+28 1.00012048131E+00 2.22108489388E+35
 3.73050759712E+11 2.02513063713E+28 1.00012080918E+00 2.22712912714E+35
 3.74066003379E+11 2.03616760093E+28 1.00012113794E+00 2.23318980856E+35
 3.75084010162E+11 2.04726471620E+28 1.00012146759E+00 2.23926698290E+35
 3.76104787581E+11 2.05842231075E+28 1.00012179814E+00 2.24536069504E+35
 3.77128343178E+11 2.06964071421E+28 1.00012212959E+00 2.25147098998E+35
 3.78154684515E+11 2.08092025797E+28 1.00012246194E+00 2.25759791286E+35
 3.79183819175E+11 2.09226127526E+28 1.00012279520E+00 2.26374150891E+35
 3.80215754761E+11 2.10366410110E+28 1.00012312936E+00 2.26990182352E+35
 3.81250498897E+11 2.11512907236E+28 1.00012346443E+00 2.27607890218E+35
 3.82288059229E+11 2.12665652771E+28 1.00012380041E+00 2.28227279051E+35
 3.83328443420E+11 2.13824680771E+28 1.00012413731E+00 2.28848353426E+35
 3.84371659159E+11 2.14990025475E+28 1.00012447513E+00 2.29471117929E+35
 3.85417714152E+11 2.16161721308E+28 1.00012481386E+00 2.30095577159E+35
 3.86466616128E+11 2.17339802885E+28 1.00012515351E+00 2.30721735729E+35
 3.87518372837E+11 2.18524305007E+28 1.00012549409E+00 2.31349598263E+35
 3.88572992048E+11 2.19715262667E+28 1.00012583560E+00 2.31979169397E+35
 3.89630481553E+11 2.20912711047E+28 1.00012617804E+00 2.32610453782E+35
 3.90690849166E+11 2.22116685522E+28 1.00012652141E+00 2.33243456080E+35
 3.91754102720E+11 2.23327221659E+28 1.00012686571E+00 2.33878180966E+35
 3.92820250072E+11 2.24544355219E+28 1.00012721095E+00 2.34514633127E+35
 3.93889299097E+11 2.25768122158E+28 1.00012755713E+00 2.35152817264E+35
 3.94961257694E+11 2.26998558628E+28 1.00012790425E+00 2.35792738089E+35
 3.96036133784E+11 2.28235700978E+28 1.00012825231E+00 2.36434400330E+35
 3.97113935307E+11 2.29479585754E+28 1.00012860133E+00 2.37077808725E+35
 3.98194670226E+11 2.30730249704E+28 1.00012895129E+00 2.37722968026E+35
 3.99278346527E+11 2.31987729774E+28 1.00012930220E+00 2.38369882997E+35
 4.00364972215E+11 2.33252063111E+28 1.00012965407E+00 2.39018558417E+35
 4.01454555319E+11 2.34523287066E+28 1.00013000690E+00 2.39668999075E+35
 4.02547103889E+11 2.35801439192E+28 1.00013036069E+00 2.40321209776E+35
 4.03642625997E+11 2.37086557249E+28 1.00013071544E+00 2.40975195337E+35
 4.04741129737E+11 2.38378679200E+28 1.00013107115E+00 2.41630960587E+35
 4.05842623225E+11 2.39677843218E+28 1.00013142784E+00 2.42288510369E+35
 4.06947114600E+11 2.40984087680E+28 1.00013178549E+00 2.42947849540E+35
 4.08054612020E+11 2.42297451176E+28 1.00013214412E+00 2.43608982970E+35
 4.09165123670E+11 2.43617972504E+28 1.00013250372E+00 2.44271915540E+35
 4.10278657753E+11 2.44945690674E+28 1.00013286430E+00 2.44936652147E+35
 4.11395222498E+11 2.46280644910E+28 1.00013322587E+00 2.45603197701E+35
 4.12514826152E+11 2.47622874647E+28 1.00013358841E+00 2.46271557123E+35
 4.13637476989E+11 2.48972419538E+28 1.00013395195E+00 2.46941735350E+35
 4.14763183303E+11 2.50329319450E+28 1.00013431647E+00 2.47613737332E+35
 4.15891953411E+11 2.51693614467E+28 1.00013468199E+00 2.48287568031E+35
 4.17023795653E+11 2.53065344893E+28 1.00013504850E+00 2.48963232424E+35
 4.18158718391E+11 2.54444551252E+28 1.00013541600E+00 2.49640735501E+35
 4.19296730010E+11 2.55831274286E+28 1.00013578451E+00 2.50320082266E+35
 4.20437838919E+11 2.57225554962E+28 1.00013615402E+00 2.51001277736E+35
 4.21582053548E+11 2.58627434470E+28 1.00013652454E+00 2.51684326941E+35
 4.22729382351E+11 2.60036954221E+28 1.00013689606E+00 2.52369234926E+35
 4.23879833806E+11 2.61454155857E+28 1.00013726860E+00 2.53056006750E+35
 4.25033416412E+11 2.62879081243E+28 1.00013764214E+00 2.53744647485E+35
 4.26190138692E+11 2.64311772473E+28 1.00013801671E+00 2.54435162216E+35
 4.27350009193E+11 2.65752271872E+28 1.00013839229E+00 2.55127556043E+35
 4.28513036484E+11 2.67200621994E+28 1.00013876890E+00 2.55821834080E+35
 4.29679229158E+11 2.68656865626E+28 1.00013914653E+00 2.56518001454E+35
 4.30848595832E+11 2.70121045786E+28 1.00013952519E+00 2.57216063307E+35
 4.32021145146E+11 2.71593205730E+28 1.00013990488E+00 2.57916024794E+35
 4.33196885762E+11 2.73073388947E+28 1.00014028560E+00 2.58617891085E+35
 4.34375826367E+11 2.74561639164E+28 1.00014066736E+00 2.59321667362E+35
 4.35557975673E+11 2.76058000345E+28 1.00014105016E+00 2.60027358825E+35
 4.36743342414E+11 2.77562516697E+28 1.00014143400E+00 2.60734970684E+35
 4.37931935347E+11 2.79075232664E+28 1.00014181888E+00 2.61444508166E+35
 4.39123763255E+11 2.80596192934E+28 1.00014220482E+00 2.62155976510E+35
 4.40318834943E+11 2.82125442439E+28 1.00014259180E+00 2.62869380972E+35
 4.41517159241E+11 2.83663026356E+28 1.00014297983E+00 2.63584726819E+35
 4.42718745003E+11 2.85208990106E+28 1.00014336892E+00 2.64302019336E+35
 4.43923601107E+11 2.86763379360E+28 1.00014375907E+00 2.65021263819E+35
 4.45131736455E+11 2.88326240037E+28 1.00014415028E+00 2.65742465580E+35
 4.46343159974E+11 2.89897618306E+28 1.00014454256E+00 2.66465629946E+35
 4.47557880614E+11 2.91477560588E+28 1.00014493590E+00 2.67190762258E+35
 4.48775907350E+11 2.93066113556E+28 1.00014533032E+00 2.67917867870E+35
 4.49997249181E+11 2.94663324140E+28 1.00014572580E+00 2.68646952154E+35
 4.51221915133E+11 2.96269239523E+28 1.00014612237E+00 2.69378020492E+35
 4.52449914252E+11 2.97883907147E+28 1.00014652001E+00 2.70111078286E+35
 4.53681255613E+11 2.99507374710E+28 1.00014691873E+00 2.70846130948E+35
 4.54915948314E+11 3.01139690173E+28 1.00014731854E+00 2.71583183907E+35
 4.56154001476E+11 3.02780901757E+28 1.00014771944E+00 2.72322242606E+35
 4.57395424248E+11 3.04431057945E+28 1.00014812143E+00 2.73063312505E+35
 4.58640225802E+11 3.06090207486E+28 1.00014852451E+00 2.73806399075E+35
 4.59888415335E+11 3.07758399394E+28 1.00014892869E+00 2.74551507805E+35
 4.61140002070E+11 3.09435682949E+28 1.00014933397E+00 2.75298644197E+35
 4.62394995255E+11 3.11122107701E+28 1.00014974035E+00 2.76047813770E+35
 4.63653404161E+11 3.12817723469E+28 1.00015014784E+00 2.76799022057E+35
 4.64915238088E+11 3.14522580345E+28 1.00015055644E+00 2.77552274605E+35
 4.66180506358E+11 3.16236728692E+28 1.00015096615E+00 2.78307576978E+35
 4.67449218320E+11 3.17960219149E+28 1.00015137697E+00 2.79064934753E+35
 4.68721383348E+11 3.19693102631E+28 1.00015178891E+00 2.79824353524E+35
 4.69997010843E+11 3.21435430330E+28 1.00015220198E+00 2.80585838899E+35
 4.71276110228E+11 3.23187253716E+28 1.00015261616E+00 2.81349396504E+35
 4.72558690956E+11 3.24948624541E+28 1.00015303148E+00 2.82115031975E+35
 4.73844762502E+11 3.26719594838E+28 1.00015344792E+00 2.82882750969E+35
 4.75134334370E+11 3.28500216925E+28 1.00015386550E+00 2.83652559155E+35
 4.76427416087E+11 3.30290543405E+28 1.00015428421E+00 2.84424462217E+35
 4.77724017208E+11 3.32090627165E+28 1.00015470406E+00 2.85198465858E+35
 4.79024147313E+11 3.33900521383E+28 1.00015512506E+00 2.85974575794E+35
 4.80327816009E+11 3.35720279527E+28 1.00015554720E+00 2.86752797755E+35
 4.81635032928E+11 3.37549955354E+28 1.00015597049E+00 2.87533137490E+35
 4.82945807729E+11 3.39389602916E+28 1.00015639493E+00 2.88315600762E+35
 4.84260150097E+11 3.41239276559E+28 1.00015682053E+00 2.89100193350E+35
 4.85578069744E+11 3.43099030924E+28 1.00015724729E+00 2.89886921047E+35
 4.86899576406E+11 3.44968920953E+28 1.00015767520E+00 2.90675789665E+35
 4.88224679850E+11 3.46849001884E+28 1.00015810429E+00 2.91466805029E+35
 4.89553389865E+11 3.48739329258E+28 1.00015853453E+00 2.92259972981E+35
 4.90885716270E+11 3.50639958918E+28 1.00015896595E+00 2.93055299380E+35
 4.92221668909E+11 3.52550947011E+28 1.00015939855E+00 2.93852790098E+35
 4.93561257653E+11 3.54472349991E+28 1.00015983232E+00 2.94652451027E+35
 4.94904492400E+11 3.56404224619E+28 1.00016026727E+00 2.95454288070E+35
 4.96251383075E+11 3.58346627966E+28 1.00016070340E+00 2.96258307151E+35
 4.97601939630E+11 3.60299617412E+28 1.00016114073E+00 2.97064514207E+35
 4.98956172045E+11 3.62263250653E+28 1.00016157924E+00 2.97872915193E+35
 5.00314090325E+11 3.64237585696E+28 1.00016201894E+00 2.98683516078E+35
 5.01675704505E+11 3.66222680868E+28 1.00016245985E+00 2.99496322850E+35
 5.03041024645E+11 3.68218594810E+28 1.00016290195E+00 3.00311341511E+35
 5.04410060834E+11 3.70225386484E+28 1.00016334525E+00 3.01128578081E+35
 5.05782823187E+11 3.72243115175E+28 1.00016378976E+00 3.01948038594E+35
 5.07159321848E+11 3.74271840490E+28 1.00016423548E+00 3.02769729103E+35
 5.08539566987E+11 3.76311622359E+28 1.00016468242E+00 3.03593655677E+35
 5.09923568804E+11 3.78362521041E+28 1.00016513057E+00 3.04419824401E+35
 5.11311337524E+11 3.80424597123E+28 1.00016557994E+00 3.05248241375E+35
 5.12702883402E+11 3.82497911521E+28 1.00016603053E+00 3.06078912719E+35
 5.14098216721E+11 3.84582525485E+28 1.00016648235E+00 3.06911844567E+35
 5.15497347789E+11 3.86678500596E+28 1.00016693539E+00 3.07747043070E+35
 5.16900286946E+11 3.88785898774E+28 1.00016738968E+00 3.08584514397E+35
 5.18307044558E+11 3.90904782274E+28 1.00016784519E+00 3.09424264733E+35
 5.19717631020E+11 3.93035213691E+28 1.00016830195E+00 3.10266300280E+35
 5.21132056754E+11 3.95177255961E+28 1.00016875995E+00 3.11110627256E+35
 5.22550332212E+11 3.97330972363E+28 1.00016921920E+00 3.11957251897E+35
 5.23972467874E+11 3.99496426522E+28 1.00016967969E+00 3.12806180456E+35
 5.25398474248E+11 4.01673682408E+28 1.00017014144E+00 3.13657419202E+35
 5.26828361870E+11 4.03862804340E+28 1.00017060445E+00 3.14510974422E+35
 5.28262141308E+11 4.06063856989E+28 1.00017106871E+00 3.15366852420E+35
 5.29699823154E+11 4.08276905377E+28 1.00017153424E+00 3.16225059517E+35
 5.31141418032E+11 4.10502014880E+28 1.00017200104E+00 3.17085602051E+35
 5.32586936595E+11 4.12739251233E+28 1.00017246910E+00 3.17948486377E+35
 5.34036389524E+11 4.14988680525E+28 1.00017293844E+00 3.18813718869E+35
 5.35489787528E+11 4.17250369209E+28 1.00017340906E+00 3.19681305915E+35
 5.36947141348E+11 4.19524384099E+28 1.00017388096E+00 3.20551253925E+35
 5.38408461751E+11 4.21810792371E+28 1.00017435414E+00 3.21423569322E+35
 5.39873759537E+11 4.24109661571E+28 1.00017482861E+00 3.22298258549E+35
 5.41343045533E+11 4.26421059610E+28 1.00017530437E+00 3.23175328065E+35
 5.42816330594E+11 4.28745054771E+28 1.00017578142E+00 3.24054784349E+35
 5.44293625609E+11 4.31081715707E+28 1.00017625978E+00 3.24936633895E+35
 5.45774941492E+11 4.33431111447E+28 1.00017673943E+00 3.25820883217E+35
 5.47260289191E+11 4.35793311397E+28 1.00017722039E+00 3.26707538844E+35
 5.48749679680E+11 4.38168385338E+28 1.00017770266E+00 3.27596607325E+35
 5.50243123965E+11 4.40556403434E+28 1.00017818624E+00 3.28488095226E+35
 5.51740633081E+11 4.42957436231E+28 1.00017867114E+00 3.29382009131E+35
 5.53242218095E+11 4.45371554659E+28 1.00017915736E+00 3.30278355642E+35
 5.54747890101E+11 4.47798830035E+28 1.00017964490E+00 3.31177141379E+35
 5.56257660226E+11 4.50239334064E+28 1.00018013377E+00 3.32078372979E+35
 5.57771539626E+11 4.52693138841E+28 1.00018062397E+00 3.32982057099E+35
 5.59289539488E+11 4.55160316857E+28 1.00018111550E+00 3.33888200412E+35
 5.60811671028E+11 4.57640940996E+28 1.00018160837E+00 3.34796809611E+35
 5.62337945495E+11 4.60135084538E+28 1.00018210258E+00 3.35707891406E+35
 5.63868374166E+11 4.62642821165E+28 1.00018259813E+00 3.36621452526E+35
 5.65402968350E+11 4.65164224959E+28 1.00018309504E+00 3.37537499718E+35
 5.66941739388E+11 4.67699370405E+28 1.00018359329E+00 3.38456039747E+35
 5.68484698649E+11 4.70248332397E+28 1.00018409290E+00 3.39377079397E+35
 5.70031857536E+11 4.72811186234E+28 1.00018459388E+00 3.40300625470E+35
 5.71583227481E+11 4.75388007626E+28 1.00018509621E+00 3.41226684786E+35
 5.73138819948E+11 4.77978872698E+28 1.00018559991E+00 3.42155264186E+35
 5.74698646431E+11 4.80583857986E+28 1.00018610498E+00 3.43086370527E+35
 5.76262718458E+11 4.83203040447E+28 1.00018661143E+00 3.44020010685E+35
 5.77831047586E+11 4.85836497454E+28 1.00018711926E+00 3.44956191557E+35
 5.79403645403E+11 4.88484306805E+28 1.00018762846E+00 3.45894920055E+35
 5.80980523532E+11 4.91146546718E+28 1.00018813906E+00 3.46836203112E+35
 5.82561693623E+11 4.93823295842E+28 1.00018865104E+00 3.47780047682E+35
 5.84147167362E+11 4.96514633251E+28 1.00018916442E+00 3.48726460733E+35
 5.85736956464E+11 4.99220638451E+28 1.00018967919E+00 3.49675449256E+35
 5.87331072677E+11 5.01941391382E+28 1.00019019536E+00 3.50627020259E+35
 5.88929527781E+11 5.04676972419E+28 1.00019071294E+00 3.51581180771E+35
 5.90532333587E+11 5.07427462375E+28 1.00019123193E+00 3.52537937837E+35
 5.92139501941E+11 5.10192942504E+28 1.00019175233E+00 3.53497298524E+35
 5.93751044718E+11 5.12973494502E+28 1.00019227414E+00 3.54459269917E+35
 5.95366973826E+11 5.15769200511E+28 1.00019279738E+00 3.55423859120E+35
 5.96987301208E+11 5.18580143120E+28 1.00019332203E+00 3.56391073258E+35
 5.98612038836E+11 5.21406405369E+28 1.00019384812E+00 3.57360919474E+35
 6.00241198717E+11 5.24248070750E+28 1.00019437564E+00 3.58333404930E+35
 6.01874792890E+11 5.27105223209E+28 1.00019490459E+00 3.59308536808E+35
 6.03512833427E+11 5.29977947152E+28 1.00019543499E+00 3.60286322311E+35
 6.05155332431E+11 5.32866327444E+28 1.00019596682E+00 3.61266768659E+35
 6.06802302042E+11 5.35770449410E+28 1.00019650011E+00 3.62249883093E+35
 6.08453754428E+11 5.38690398844E+28 1.00019703484E+00 3.63235672875E+35
 6.10109701795E+11 5.41626262005E+28 1.00019757103E+00 3.64224145284E+35
 6.11770156379E+11 5.44578125622E+28 1.00019810868E+00 3.65215307620E+35
 6.13435130451E+11 5.47546076899E+28 1.00019864780E+00 3.66209167205E+35
 6.15104636314E+11 5.50530203514E+28 1.00019918838E+00 3.67205731377E+35
 6.16778686305E+11 5.53530593621E+28 1.00019973043E+00 3.68205007497E+35
 6.18457292796E+11 5.56547335856E+28 1.00020027395E+00 3.69207002945E+35
 6.20140468190E+11 5.59580519340E+28 1.00020081896E+00 3.70211725121E+35
 6.21828224927E+11 5.62630233676E+28 1.00020136545E+00 3.71219181445E+35
 6.23520575478E+11 5.65696568959E+28 1.00020191342E+00 3.72229379358E+35
 6.25217532350E+11 5.68779615771E+28 1.00020246289E+00 3.73242326320E+35
 6.26919108083E+11 5.71879465191E+28 1.00020301385E+00 3.74258029812E+35
 6.28625315252E+11 5.74996208794E+28 1.00020356631E+00 3.75276497336E+35
 6.30336166464E+11 5.78129938652E+28 1.00020412028E+00 3.76297736413E+35
 6.32051674363E+11 5.81280747340E+28 1.00020467575E+00 3.77321754585E+35
 6.33771851626E+11 5.84448727939E+28 1.00020523273E+00 3.78348559416E+35
 6.35496710966E+11 5.87633974034E+28 1.00020579123E+00 3.79378158489E+35
 6.37226265129E+11 5.90836579724E+28 1.00020635125E+00 3.80410559407E+35
 6.38960526896E+11 5.94056639618E+28 1.00020691279E+00 3.81445769796E+35
 6.40699509083E+11 5.97294248841E+28 1.00020747586E+00 3.82483797300E+35
 6.42443224541E+11 6.00549503037E+28 1.00020804047E+00 3.83524649586E+35
 6.44191686156E+11 6.03822498372E+28 1.00020860661E+00 3.84568334341E+35
 6.45944906850E+11 6.07113331534E+28 1.00020917429E+00 3.85614859273E+35
 6.47702899578E+11 6.10422099740E+28 1.00020974351E+00 3.86664232111E+35
 6.49465677333E+11 6.13748900736E+28 1.00021031429E+00 3.87716460605E+35
 6.51233253141E+11 6.17093832800E+28 1.00021088662E+00 3.88771552526E+35
 6.53005640064E+11 6.20456994746E+28 1.00021146050E+00 3.89829515666E+35
 6.54782851201E+11 6.23838485929E+28 1.00021203595E+00 3.90890357839E+35
 6.56564899685E+11 6.27238406241E+28 1.00021261296E+00 3.91954086879E+35
 6.58351798686E+11 6.30656856122E+28 1.00021319154E+00 3.93020710642E+35
 6.60143561409E+11 6.34093936559E+28 1.00021377170E+00 3.94090237007E+35
 6.61940201095E+11 6.37549749086E+28 1.00021435344E+00 3.95162673871E+35
 6.63741731022E+11 6.41024395795E+28 1.00021493676E+00 3.96238029155E+35
 6.65548164503E+11 6.44517979332E+28 1.00021552167E+00 3.97316310801E+35
 6.67359514888E+11 6.48030602902E+28 1.00021610816E+00 3.98397526772E+35
 6.69175795564E+11 6.51562370274E+28 1.00021669626E+00 3.99481685054E+35
 6.70997019952E+11 6.55113385781E+28 1.00021728595E+00 4.00568793653E+35
 6.72823201512E+11 6.58683754326E+28 1.00021787725E+00 4.01658860599E+35
 6.74654353739E+11 6.62273581383E+28 1.00021847016E+00 4.02751893941E+35
 6.76490490167E+11 6.65882973000E+28 1.00021906468E+00 4.03847901752E+35
 6.78331624365E+11 6.69512035805E+28 1.00021966082E+00 4.04946892127E+35
 6.80177769939E+11 6.73160877006E+28 1.00022025859E+00 4.06048873182E+35
 6.82028940532E+11 6.76829604394E+28 1.00022085798E+00 4.07153853055E+35
 6.83885149826E+11 6.80518326350E+28 1.00022145900E+00 4.08261839908E+35
 6.85746411537E+11 6.84227151844E+28 1.00022206165E+00 4.09372841922E+35
 6.87612739422E+11 6.87956190440E+28 1.00022266595E+00 4.10486867304E+35
 6.89484147273E+11 6.91705552300E+28 1.00022327189E+00 4.11603924281E+35
 6.91360648920E+11 6.95475348186E+28 1.00022387948E+00 4.12724021102E+35
 6.93242258231E+11 6.99265689462E+28 1.00022448872E+00 4.13847166041E+35
 6.95128989113E+11 7.03076688102E+28 1.00022509962E+00 4.14973367391E+35
 6.97020855507E+11 7.06908456688E+28 1.00022571218E+00 4.16102633470E+35
 6.98917871397E+11 7.10761108416E+28 1.00022632641E+00 4.17234972618E+35
 7.00820050802E+11 7.14634757100E+28 1.00022694232E+00 4.18370393198E+35
 7.02727407779E+11 7.18529517172E+28 1.00022755989E+00 4.19508903596E+35
 7.04639956425E+11 7.22445503691E+28 1.00022817915E+00 4.20650512220E+35
 7.06557710874E+11 7.26382832339E+28 1.00022880010E+00 4.21795227500E+35
 7.08480685299E+11 7.30341619432E+28 1.00022942273E+00 4.22943057892E+35
 7.10408893912E+11 7.34321981918E+28 1.00023004706E+00 4.24094011871E+35
 7.12342350963E+11 7.38324037384E+28 1.00023067308E+00 4.25248097940E+35
 7.14281070742E+11 7.42347904055E+28 1.00023130081E+00 4.26405324620E+35
 7.16225067575E+11 7.46393700804E+28 1.00023193025E+00 4.27565700458E+35
 7.18174355832E+11 7.50461547148E+28 1.00023256140E+00 4.28729234024E+35
 7.20128949917E+11 7.54551563258E+28 1.00023319427E+00 4.29895933912E+35
 7.22088864276E+11 7.58663869960E+28 1.00023382886E+00 4.31065808737E+35
 7.24054113395E+11 7.62798588738E+28 1.00023446518E+00 4.32238867141E+35
 7.26024711796E+11 7.66955841736E+28 1.00023510323E+00 4.33415117785E+35
 7.28000674045E+11 7.71135751767E+28 1.00023574302E+00 4.34594569357E+35
 7.29982014745E+11 7.75338442312E+28 1.00023638454E+00 4.35777230569E+35
 7.31968748538E+11 7.79564037523E+28 1.00023702782E+00 4.36963110153E+35
 7.33960890108E+11 7.83812662233E+28 1.00023767284E+00 4.38152216869E+35
 7.35958454179E+11 7.88084441951E+28 1.00023831962E+00 4.39344559499E+35
 7.37961455513E+11 7.92379502872E+28 1.00023896816E+00 4.40540146848E+35
 7.39969908914E+11 7.96697971879E+28 1.00023961846E+00 4.41738987745E+35
 7.41983829226E+11 8.01039976546E+28 1.00024027053E+00 4.42941091046E+35
 7.44003231333E+11 8.05405645143E+28 1.00024092438E+00 4.44146465628E+35
 7.46028130160E+11 8.09795106637E+28 1.00024158001E+00 4.45355120393E+35
 7.48058540672E+11 8.14208490701E+28 1.00024223742E+00 4.46567064267E+35
 7.50094477875E+11 8.18645927711E+28 1.00024289662E+00 4.47782306202E+35
 7.52135956817E+11 8.23107548757E+28 1.00024355761E+00 4.49000855171E+35
 7.54182992586E+11 8.27593485642E+28 1.00024422041E+00 4.50222720176E+35
 7.56235600310E+11 8.32103870888E+28 1.00024488500E+00 4.51447910238E+35
 7.58293795160E+11 8.36638837736E+28 1.00024555141E+00 4.52676434408E+35
 7.60357592349E+11 8.41198520159E+28 1.00024621963E+00 4.53908301757E+35
 7.62427007128E+11 8.45783052854E+28 1.00024688966E+00 4.55143521384E+35
 7.64502054793E+11 8.50392571257E+28 1.00024756152E+00 4.56382102412E+35
 7.66582750679E+11 8.55027211539E+28 1.00024823521E+00 4.57624053988E+35
 7.68669110166E+11 8.59687110615E+28 1.00024891073E+00 4.58869385283E+35
 7.70761148673E+11 8.64372406146E+28 1.00024958809E+00 4.60118105496E+35
 7.72858881662E+11 8.69083236541E+28 1.00025026730E+00 4.61370223848E+35
 7.74962324638E+11 8.73819740966E+28 1.00025094835E+00 4.62625749587E+35
 7.77071493146E+11 8.78582059344E+28 1.00025163125E+00 4.63884691985E+35
 7.79186402775E+11 8.83370332362E+28 1.00025231602E+00 4.65147060340E+35
 7.81307069157E+11 8.88184701472E+28 1.00025300264E+00 4.66412863976E+35
 7.83433507965E+11 8.93025308898E+28 1.00025369114E+00 4.67682112240E+35
 7.85565734916E+11 8.97892297639E+28 1.00025438151E+00 4.68954814506E+35
 7.87703765769E+11 9.02785811473E+28 1.00025507376E+00 4.70230980174E+35
 7.89847616326E+11 9.07705994962E+28 1.00025576789E+00 4.71510618669E+35
 7.91997302432E+11 9.12652993456E+28 1.00025646391E+00 4.72793739441E+35
 7.94152839976E+11 9.17626953095E+28 1.00025716182E+00 4.74080351967E+35
 7.96314244890E+11 9.22628020819E+28 1.00025786164E+00 4.75370465749E+35
 7.98481533149E+11 9.27656344367E+28 1.00025856336E+00 4.76664090314E+35
 8.00654720771E+11 9.32712072283E+28 1.00025926698E+00 4.77961235217E+35
 8.02833823818E+11 9.37795353920E+28 1.00025997253E+00 4.79261910037E+35
 8.05018858397E+11 9.42906339447E+28 1.00026067999E+00 4.80566124381E+35
 8.07209840657E+11 9.48045179850E+28 1.00026138938E+00 4.81873887881E+35
 8.09406786792E+11 9.53212026937E+28 1.00026210070E+00 4.83185210194E+35
 8.11609713041E+11 9.58407033346E+28 1.00026281395E+00 4.84500101005E+35
 8.13818635685E+11 9.63630352544E+28 1.00026352914E+00 4.85818570026E+35
 8.16033571051E+11 9.68882138837E+28 1.00026424629E+00 4.87140626994E+35
 8.18254535510E+11 9.74162547370E+28 1.00026496538E+00 4.88466281672E+35
 8.20481545478E+11 9.79471734134E+28 1.00026568643E+00 4.89795543851E+35
 8.22714617414E+11 9.84809855971E+28 1.00026640944E+00 4.91128423349E+35
 8.24953767825E+11 9.90177070576E+28 1.00026713442E+00 4.92464930008E+35
 8.27199013261E+11 9.95573536506E+28 1.00026786137E+00 4.93805073700E+35
 8.29450370316E+11 1.00099941318E+29 1.00026859030E+00 4.95148864322E+35
 8.31707855632E+11 1.00645486089E+29 1.00026932122E+00 4.96496311798E+35
 8.33971485893E+11 1.01194004079E+29 1.00027005412E+00 4.97847426081E+35
 8.36241277832E+11 1.01745511493E+29 1.00027078902E+00 4.99202217147E+35
 8.38517248224E+11 1.02300024622E+29 1.00027152591E+00 5.00560695003E+35
 8.40799413894E+11 1.02857559849E+29 1.00027226482E+00 5.01922869682E+35
 8.43087791708E+11 1.03418133643E+29 1.00027300573E+00 5.03288751243E+35
 8.45382398582E+11 1.03981762565E+29 1.00027374866E+00 5.04658349775E+35
 8.47683251475E+11 1.04548463265E+29 1.00027449361E+00 5.06031675393E+35
 8.49990367394E+11 1.05118252484E+29 1.00027524059E+00 5.07408738238E+35
 8.52303763393E+11 1.05691147055E+29 1.00027598960E+00 5.08789548481E+35
 8.54623456570E+11 1.06267163903E+29 1.00027674065E+00 5.10174116320E+35
 8.56949464072E+11 1.06846320042E+29 1.00027749375E+00 5.11562451980E+35
 8.59281803091E+11 1.07428632583E+29 1.00027824889E+00 5.12954565715E+35
 8.61620490868E+11 1.08014118727E+29 1.00027900609E+00 5.14350467806E+35
 8.63965544687E+11 1.08602795772E+29 1.00027976535E+00 5.15750168562E+35
 8.66316981883E+11 1.09194681107E+29 1.00028052667E+00 5.17153678321E+35
 8.68674819837E+11 1.09789792218E+29 1.00028129007E+00 5.18561007447E+35
 8.71039075977E+11 1.10388146685E+29 1.00028205554E+00 5.19972166335E+35
 8.73409767778E+11 1.10989762184E+29 1.00028282310E+00 5.21387165407E+35
 8.75786912764E+11 1.11594656488E+29 1.00028359274E+00 5.22806015112E+35
 8.78170528506E+11 1.12202847467E+29 1.00028436448E+00 5.24228725930E+35
 8.80560632623E+11 1.12814353087E+29 1.00028513833E+00 5.25655308367E+35
 8.82957242781E+11 1.13429191414E+29 1.00028591427E+00 5.27085772960E+35
 8.85360376695E+11 1.14047380610E+29 1.00028669233E+00 5.28520130273E+35
 8.87770052129E+11 1.14668938937E+29 1.00028747250E+00 5.29958390899E+35
 8.90186286894E+11 1.15293884758E+29 1.00028825480E+00 5.31400565461E+35
 8.92609098852E+11 1.15922236534E+29 1.00028903923E+00 5.32846664609E+35
 8.95038505909E+11 1.16554012828E+29 1.00028982579E+00 5.34296699023E+35
 8.97474526024E+11 1.17189232303E+29 1.00029061449E+00 5.35750679413E+35
 8.99917177204E+11 1.17827913725E+29 1.00029140534E+00 5.37208616516E+35
 9.02366477505E+11 1.18470075962E+29 1.00029219834E+00 5.38670521100E+35
 9.04822445030E+11 1.19115737983E+29 1.00029299350E+00 5.40136403962E+35
 9.07285097934E+11 1.19764918863E+29 1.00029379082E+00 5.41606275927E+35
 9.09754454421E+11 1.20417637779E+29 1.00029459032E+00 5.43080147852E+35
 9.12230532744E+11 1.21073914013E+29 1.00029539198E+00 5.44558030621E+35
 9.14713351206E+11 1.21733766954E+29 1.00029619583E+00 5.46039935149E+35
 9.17202928159E+11 1.22397216094E+29 1.00029700187E+00 5.47525872380E+35
 9.19699282007E+11 1.23064281033E+29 1.00029781010E+00 5.49015853289E+35
 9.22202431202E+11 1.23734981476E+29 1.00029862053E+00 5.50509888880E+35
 9.24712394247E+11 1.24409337236E+29 1.00029943317E+00 5.52007990186E+35
 9.27229189697E+11 1.25087368237E+29 1.00030024801E+00 5.53510168272E+35
 9.29752836155E+11 1.25769094507E+29 1.00030106508E+00 5.55016434232E+35
 9.32283352276E+11 1.26454536186E+29 1.00030188437E+00 5.56526799190E+35
 9.34820756766E+11 1.27143713522E+29 1.00030270588E+00 5.58041274300E+35
 9.37365068381E+11 1.27836646876E+29 1.00030352964E+00 5.59559870748E+35
 9.39916305930E+11 1.28533356717E+29 1.00030435563E+00 5.61082599750E+35
 9.42474488271E+11 1.29233863627E+29 1.00030518387E+00 5.62609472550E+35
 9.45039634314E+11 1.29938188301E+29 1.00030601437E+00 5.64140500426E+35
 9.47611763022E+11 1.30646351545E+29 1.00030684713E+00 5.65675694684E+35
 9.50190893408E+11 1.31358374279E+29 1.00030768215E+00 5.67215066663E+35
 9.52777044537E+11 1.32074277537E+29 1.00030851944E+00 5.68758627732E+35
 9.55370235527E+11 1.32794082469E+29 1.00030935902E+00 5.70306389289E+35
 9.57970485547E+11 1.33517810339E+29 1.00031020087E+00 5.71858362767E+35
 9.60577813819E+11 1.34245482526E+29 1.00031104502E+00 5.73414559627E+35
 9.63192239617E+11 1.34977120527E+29 1.00031189147E+00 5.74974991361E+35
 9.65813782267E+11 1.35712745956E+29 1.00031274022E+00 5.76539669495E+35
 9.68442461148E+11 1.36452380544E+29 1.00031359128E+00 5.78108605584E+35
 9.71078295693E+11 1.37196046142E+29 1.00031444465E+00 5.79681811215E+35
 9.73721305386E+11 1.37943764717E+29 1.00031530035E+00 5.81259298007E+35
 9.76371509766E+11 1.38695558360E+29 1.00031615838E+00 5.82841077611E+35
 9.79028928423E+11 1.39451449278E+29 1.00031701874E+00 5.84427161707E+35
 9.81693581003E+11 1.40211459803E+29 1.00031788144E+00 5.86017562011E+35
 9.84365487203E+11 1.40975612385E+29 1.00031874649E+00 5.87612290267E+35
 9.87044666775E+11 1.41743929600E+29 1.00031961389E+00 5.89211358253E+35
 9.89731139525E+11 1.42516434145E+29 1.00032048366E+00 5.90814777780E+35
 9.92424925313E+11 1.43293148840E+29 1.00032135579E+00 5.92422560689E+35
 9.95126044052E+11 1.44074096631E+29 1.00032223029E+00 5.94034718853E+35
 9.97834515711E+11 1.44859300588E+29 1.00032310718E+00 5.95651264180E+35
 1.00055036031E+12 1.45648783907E+29 1.00032398645E+00 5.97272208608E+35
 1.00327359793E+12 1.46442569911E+29 1.00032486811E+00 5.98897564109E+35
 1.00600424870E+12 1.47240682049E+29 1.00032575218E+00 6.00527342685E+35
 1.00874233280E+12 1.48043143899E+29 1.00032663865E+00 6.02161556375E+35
 1.01148787049E+12 1.48849979168E+29 1.00032752753E+00 6.03800217246E+35
 1.01424088205E+12 1.49661211689E+29 1.00032841883E+00 6.05443337401E+35
 1.01700138784E+12 1.50476865428E+29 1.00032931255E+00 6.07090928976E+35
 1.01976940826E+12 1.51296964480E+29 1.00033020871E+00 6.08743004138E+35
 1.02254496377E+12 1.52121533074E+29 1.00033110731E+00 6.10399575088E+35
 1.02532807491E+12 1.52950595566E+29 1.00033200835E+00 6.12060654061E+35
 1.02811876224E+12 1.53784176451E+29 1.00033291184E+00 6.13726253324E+35
 1.03091704638E+12 1.54622300351E+29 1.00033381779E+00 6.15396385179E+35
 1.03372294804E+12 1.55464992028E+29 1.00033472621E+00 6.17071061960E+35
 1.03653648795E+12 1.56312276375E+29 1.00033563710E+00 6.18750296034E+35
 1.03935768691E+12 1.57164178423E+29 1.00033655047E+00 6.20434099805E+35
 1.04218656578E+12 1.58020723337E+29 1.00033746632E+00 6.22122485707E+35
 1.04502314547E+12 1.58881936422E+29 1.00033838467E+00 6.23815466210E+35
 1.04786744696E+12 1.59747843119E+29 1.00033930551E+00 6.25513053817E+35
 1.05071949126E+12 1.60618469009E+29 1.00034022887E+00 6.27215261065E+35
 1.05357929947E+12 1.61493839810E+29 1.00034115473E+00 6.28922100526E+35
 1.05644689273E+12 1.62373981383E+29 1.00034208311E+00 6.30633584805E+35
 1.05932229223E+12 1.63258919729E+29 1.00034301402E+00 6.32349726542E+35
 1.06220551924E+12 1.64148680989E+29 1.00034394747E+00 6.34070538413E+35
 1.06509659507E+12 1.65043291449E+29 1.00034488345E+00 6.35796033124E+35
 1.06799554110E+12 1.65942777536E+29 1.00034582198E+00 6.37526223420E+35
 1.07090237875E+12 1.66847165824E+29 1.00034676306E+00 6.39261122079E+35
 1.07381712951E+12 1.67756483028E+29 1.00034770671E+00 6.41000741914E+35
 1.07673981495E+12 1.68670756013E+29 1.00034865292E+00 6.42745095773E+35
 1.07967045665E+12 1.69590011785E+29 1.00034960171E+00 6.44494196537E+35
 1.08260907630E+12 1.70514277503E+29 1.00035055308E+00 6.46248057126E+35
 1.08555569561E+12 1.71443580470E+29 1.00035150704E+00 6.48006690491E+35
 1.08851033636E+12 1.72377948138E+29 1.00035246360E+00 6.49770109622E+35
 1.09147302042E+12 1.73317408111E+29 1.00035342276E+00 6.51538327540E+35
 1.09444376967E+12 1.74261988142E+29 1.00035438452E+00 6.53311357307E+35
 1.09742260608E+12 1.75211716135E+29 1.00035534891E+00 6.55089212015E+35
 1.10040955168E+12 1.76166620147E+29 1.00035631592E+00 6.56871904795E+35
 1.10340462854E+12 1.77126728386E+29 1.00035728556E+00 6.58659448813E+35
 1.10640785882E+12 1.78092069216E+29 1.00035825784E+00 6.60451857270E+35
 1.10941926470E+12 1.79062671154E+29 1.00035923277E+00 6.62249143404E+35
 1.11243886847E+12 1.80038562874E+29 1.00036021035E+00 6.64051320489E+35
 1.11546669244E+12 1.81019773204E+29 1.00036119059E+00 6.65858401835E+35
 1.11850275901E+12 1.82006331132E+29 1.00036217349E+00 6.67670400786E+35
 1.12154709060E+12 1.82998265801E+29 1.00036315908E+00 6.69487330727E+35
 1.12459970974E+12 1.83995606515E+29 1.00036414734E+00 6.71309205074E+35
 1.12766063900E+12 1.84998382737E+29 1.00036513829E+00 6.73136037285E+35
 1.13072990100E+12 1.86006624090E+29 1.00036613194E+00 6.74967840849E+35
 1.13380751844E+12 1.87020360360E+29 1.00036712830E+00 6.76804629296E+35
 1.13689351406E+12 1.88039621493E+29 1.00036812736E+00 6.78646416192E+35
 1.13998791070E+12 1.89064437600E+29 1.00036912915E+00 6.80493215138E+35
 1.14309073122E+12 1.90094838956E+29 1.00037013366E+00 6.82345039774E+35
 1.14620199857E+12 1.91130856000E+29 1.00037114090E+00 6.84201903776E+35
 1.14932173574E+12 1.92172519338E+29 1.00037215089E+00 6.86063820858E+35
 1.15244996582E+12 1.93219859742E+29 1.00037316362E+00 6.87930804770E+35
 1.15558671192E+12 1.94272908153E+29 1.00037417911E+00 6.89802869302E+35
 1.15873199723E+12 1.95331695678E+29 1.00037519736E+00 6.91680028278E+35
 1.16188584502E+12 1.96396253596E+29 1.00037621839E+00 6.93562295563E+35
 1.16504827860E+12 1.97466613355E+29 1.00037724219E+00 6.95449685058E+35
 1.16821932136E+12 1.98542806577E+29 1.00037826878E+00 6.97342210701E+35
 1.17139899673E+12 1.99624865052E+29 1.00037929816E+00 6.99239886470E+35
 1.17458732823E+12 2.00712820747E+29 1.00038033034E+00 7.01142726380E+35
 1.17778433943E+12 2.01806705802E+29 1.00038136533E+00 7.03050744484E+35
 1.18099005397E+12 2.02906552531E+29 1.00038240314E+00 7.04963954873E+35
 1.18420449556E+12 2.04012393426E+29 1.00038344377E+00 7.06882371677E+35
 1.18742768795E+12 2.05124261154E+29 1.00038448724E+00 7.08806009064E+35
 1.19065965499E+12 2.06242188563E+29 1.00038553354E+00 7.10734881242E+35
 1.19390042057E+12 2.07366208677E+29 1.00038658270E+00 7.12669002455E+35
 1.19715000865E+12 2.08496354702E+29 1.00038763470E+00 7.14608386987E+35
 1.20040844325E+12 2.09632660024E+29 1.00038868957E+00 7.16553049163E+35
 1.20367574848E+12 2.10775158210E+29 1.00038974731E+00 7.18503003343E+35
 1.20695194848E+12 2.11923883013E+29 1.00039080793E+00 7.20458263928E+35
 1.21023706749E+12 2.13078868367E+29 1.00039187143E+00 7.22418845361E+35
 1.21353112979E+12 2.14240148393E+29 1.00039293783E+00 7.24384762118E+35
 1.21683415974E+12 2.15407757395E+29 1.00039400713E+00 7.26356028721E+35
 1.22014618177E+12 2.16581729868E+29 1.00039507934E+00 7.28332659727E+35
 1.22346722035E+12 2.17762100491E+29 1.00039615447E+00 7.30314669734E+35
 1.22679730006E+12 2.18948904136E+29 1.00039723253E+00 7.32302073381E+35
 1.23013644550E+12 2.20142175861E+29 1.00039831352E+00 7.34294885345E+35
 1.23348468138E+12 2.21341950919E+29 1.00039939745E+00 7.36293120343E+35
 1.23684203245E+12 2.22548264752E+29 1.00040048432E+00 7.38296793134E+35
 1.24020852353E+12 2.23761152996E+29 1.00040157416E+00 7.40305918515E+35
 1.24358417952E+12 2.24980651482E+29 1.00040266696E+00 7.42320511324E+35
 1.24696902537E+12 2.26206796236E+29 1.00040376274E+00 7.44340586440E+35
 1.25036308613E+12 2.27439623480E+29 1.00040486150E+00 7.46366158782E+35
 1.25376638687E+12 2.28679169633E+29 1.00040596325E+00 7.48397243309E+35
 1.25717895277E+12 2.29925471315E+29 1.00040706800E+00 7.50433855022E+35
 1.26060080907E+12 2.31178565341E+29 1.00040817575E+00 7.52476008962E+35
 1.26403198106E+12 2.32438488732E+29 1.00040928652E+00 7.54523720211E+35
 1.26747249411E+12 2.33705278705E+29 1.00041040031E+00 7.56577003891E+35
 1.27092237367E+12 2.34978972686E+29 1.00041151713E+00 7.58635875168E+35
 1.27438164525E+12 2.36259608299E+29 1.00041263699E+00 7.60700349247E+35
 1.27785033442E+12 2.37547223378E+29 1.00041375990E+00 7.62770441374E+35
 1.28132846684E+12 2.38841855960E+29 1.00041488586E+00 7.64846166838E+35
 1.28481606823E+12 2.40143544291E+29 1.00041601489E+00 7.66927540969E+35
 1.28831316436E+12 2.41452326825E+29 1.00041714699E+00 7.69014579139E+35
 1.29181978111E+12 2.42768242224E+29 1.00041828217E+00 7.71107296761E+35
 1.29533594441E+12 2.44091329364E+29 1.00041942044E+00 7.73205709291E+35
 1.29886168024E+12 2.45421627330E+29 1.00042056181E+00 7.75309832226E+35
 1.30239701470E+12 2.46759175421E+29 1.00042170628E+00 7.77419681105E+35
 1.30594197391E+12 2.48104013150E+29 1.00042285387E+00 7.79535271512E+35
 1.30949658409E+12 2.49456180246E+29 1.00042400458E+00 7.81656619070E+35
 1.31306087154E+12 2.50815716654E+29 1.00042515842E+00 7.83783739447E+35
 1.31663486259E+12 2.52182662536E+29 1.00042631541E+00 7.85916648351E+35
 1.32021858369E+12 2.53557058275E+29 1.00042747554E+00 7.88055361536E+35
 1.32381206134E+12 2.54938944472E+29 1.00042863883E+00 7.90199894795E+35
 1.32741532211E+12 2.56328361950E+29 1.00042980528E+00 7.92350263969E+35
 1.33102839263E+12 2.57725351754E+29 1.00043097491E+00 7.94506484937E+35
 1.33465129964E+12 2.59129955154E+29 1.00043214772E+00 7.96668573624E+35
 1.33828406993E+12 2.60542213644E+29 1.00043332372E+00 7.98836545998E+35
 1.34192673035E+12 2.61962168944E+29 1.00043450293E+00 8.01010418070E+35
 1.34557930784E+12 2.63389863002E+29 1.00043568534E+00 8.03190205896E+35
 1.34924182942E+12 2.64825337993E+29 1.00043687097E+00 8.05375925573E+35
 1.35291432217E+12 2.66268636325E+29 1.00043805982E+00 8.07567593244E+35
 1.35659681325E+12 2.67719800634E+29 1.00043925191E+00 8.09765225096E+35
 1.36028932989E+12 2.69178873789E+29 1.00044044725E+00 8.11968837358E+35
 1.36399189939E+12 2.70645898895E+29 1.00044164584E+00 8.14178446305E+35
 1.36770454915E+12 2.72120919289E+29 1.00044284769E+00 8.16394068256E+35
 1.37142730661E+12 2.73603978545E+29 1.00044405281E+00 8.18615719573E+35
 1.37516019930E+12 2.75095120475E+29 1.00044526121E+00 8.20843416666E+35
 1.37890325483E+12 2.76594389131E+29 1.00044647290E+00 8.23077175985E+35
 1.38265650088E+12 2.78101828801E+29 1.00044768788E+00 8.25317014029E+35
 1.38641996521E+12 2.79617484020E+29 1.00044890617E+00 8.27562947339E+35
 1.39019367564E+12 2.81141399561E+29 1.00045012778E+00 8.29814992502E+35
 1.39397766010E+12 2.82673620442E+29 1.00045135271E+00 8.32073166150E+35
 1.39777194655E+12 2.84214191929E+29 1.00045258098E+00 8.34337484961E+35
 1.40157656306E+12 2.85763159532E+29 1.00045381259E+00 8.36607965658E+35
 1.40539153778E+12 2.87320569010E+29 1.00045504754E+00 8.38884625009E+35
 1.40921689890E+12 2.88886466371E+29 1.00045628586E+00 8.41167479827E+35
 1.41305267472E+12 2.90460897874E+29 1.00045752755E+00 8.43456546974E+35
 1.41689889361E+12 2.92043910030E+29 1.00045877262E+00 8.45751843353E+35
 1.42075558401E+12 2.93635549604E+29 1.00046002108E+00 8.48053385917E+35
 1.42462277445E+12 2.95235863615E+29 1.00046127293E+00 8.50361191664E+35
 1.42850049352E+12 2.96844899339E+29 1.00046252819E+00 8.52675277637E+35
 1.43238876991E+12 2.98462704308E+29 1.00046378687E+00 8.54995660928E+35
 1.43628763236E+12 3.00089326317E+29 1.00046504897E+00 8.57322358672E+35
 1.44019710972E+12 3.01724813417E+29 1.00046631451E+00 8.59655388053E+35
 1.44411723090E+12 3.03369213922E+29 1.00046758349E+00 8.61994766302E+35
 1.44804802489E+12 3.05022576413E+29 1.00046885592E+00 8.64340510695E+35
 1.45198952076E+12 3.06684949730E+29 1.00047013182E+00 8.66692638557E+35
 1.45594174765E+12 3.08356382983E+29 1.00047141119E+00 8.69051167260E+35
 1.45990473481E+12 3.10036925549E+29 1.00047269404E+00 8.71416114221E+35
 1.46387851154E+12 3.11726627074E+29 1.00047398038E+00 8.73787496907E+35
 1.46786310723E+12 3.13425537473E+29 1.00047527022E+00 8.76165332832E+35
 1.47185855135E+12 3.15133706936E+29 1.00047656358E+00 8.78549639556E+35
 1.47586487345E+12 3.16851185924E+29 1.00047786045E+00 8.80940434688E+35
 1.47988210315E+12 3.18578025174E+29 1.00047916085E+00 8.83337735886E+35
 1.48391027018E+12 3.20314275699E+29 1.00048046479E+00 8.85741560854E+35
 1.48794940432E+12 3.22059988791E+29 1.00048177227E+00 8.88151927345E+35
 1.49199953545E+12 3.23815216021E+29 1.00048308332E+00 8.90568853161E+35
 1.49606069352E+12 3.25580009241E+29 1.00048439793E+00 8.92992356152E+35
 1.50013290856E+12 3.27354420586E+29 1.00048571612E+00 8.95422454216E+35
 1.50421621071E+12 3.29138502474E+29 1.00048703790E+00 8.97859165301E+35
 1.50831063015E+12 3.30932307610E+29 1.00048836328E+00 9.00302507401E+35
 1.51241619717E+12 3.32735888986E+29 1.00048969226E+00 9.02752498563E+35
 1.51653294214E+12 3.34549299882E+29 1.00049102486E+00 9.05209156881E+35
 1.52066089550E+12 3.36372593869E+29 1.00049236108E+00 9.07672500497E+35
 1.52480008779E+12 3.38205824810E+29 1.00049370094E+00 9.10142547604E+35
 1.52895054962E+12 3.40049046861E+29 1.00049504445E+00 9.12619316445E+35
 1.53311231169E+12 3.41902314474E+29 1.00049639161E+00 9.15102825312E+35
 1.53728540477E+12 3.43765682397E+29 1.00049774244E+00 9.17593092545E+35
 1.54146985975E+12 3.45639205677E+29 1.00049909695E+00 9.20090136537E+35
 1.54566570756E+12 3.47522939660E+29 1.00050045514E+00 9.22593975729E+35
 1.54987297924E+12 3.49416939995E+29 1.00050181703E+00 9.25104628613E+35
 1.55409170590E+12 3.51321262634E+29 1.00050318262E+00 9.27622113731E+35
 1.55832191877E+12 3.53235963833E+29 1.00050455193E+00 9.30146449676E+35
 1.56256364911E+12 3.55161100156E+29 1.00050592497E+00 9.32677655090E+35
 1.56681692831E+12 3.57096728473E+29 1.00050730174E+00 9.35215748668E+35
 1.57108178782E+12 3.59042905966E+29 1.00050868226E+00 9.37760749154E+35
 1.57535825920E+12 3.60999690128E+29 1.00051006653E+00 9.40312675344E+35
 1.57964637407E+12 3.62967138766E+29 1.00051145458E+00 9.42871546084E+35
 1.58394616415E+12 3.64945310000E+29 1.00051284640E+00 9.45437380274E+35
 1.58825766125E+12 3.66934262270E+29 1.00051424201E+00 9.48010196863E+35
 1.59258089725E+12 3.68934054331E+29 1.00051564141E+00 9.50590014852E+35
 1.59691590413E+12 3.70944745261E+29 1.00051704462E+00 9.53176853293E+35
 1.60126271396E+12 3.72966394458E+29 1.00051845166E+00 9.55770731292E+35
 1.60562135890E+12 3.74999061645E+29 1.00051986252E+00 9.58371668006E+35
 1.60999187118E+12 3.77042806870E+29 1.00052127722E+00 9.60979682642E+35
 1.61437428312E+12 3.79097690508E+29 1.00052269577E+00 9.63594794463E+35
 1.61876862716E+12 3.81163773264E+29 1.00052411818E+00 9.66217022782E+35
 1.62317493578E+12 3.83241116173E+29 1.00052554446E+00 9.68846386964E+35
 1.62759324159E+12 3.85329780603E+29 1.00052697463E+00 9.71482906429E+35
 1.63202357727E+12 3.87429828256E+29 1.00052840868E+00 9.74126600649E+35
 1.63646597558E+12 3.89541321170E+29 1.00052984664E+00 9.76777489148E+35
 1.64092046940E+12 3.91664321722E+29 1.00053128851E+00 9.79435591504E+35
 1.64538709166E+12 3.93798892630E+29 1.00053273430E+00 9.82100927347E+35
 1.64986587541E+12 3.95945096951E+29 1.00053418403E+00 9.84773516363E+35
 1.65435685379E+12 3.98102998087E+29 1.00053563770E+00 9.87453378289E+35
 1.65886006000E+12 4.00272659787E+29 1.00053709533E+00 9.90140532918E+35
 1.66337552737E+12 4.02454146145E+29 1.00053855693E+00 9.92835000094E+35
 1.66790328929E+12 4.04647521605E+29 1.00054002250E+00 9.95536799717E+35
 1.67244337926E+12 4.06852850964E+29 1.00054149207E+00 9.98245951742E+35
 1.67699583086E+12 4.09070199369E+29 1.00054296563E+00 1.00096247618E+36
 1.68156067776E+12 4.11299632326E+29 1.00054444320E+00 1.00368639308E+36
 1.68613795375E+12 4.13541215694E+29 1.00054592479E+00 1.00641772258E+36
 1.69072769267E+12 4.15795015694E+29 1.00054741041E+00 1.00915648483E+36
 1.69532992848E+12 4.18061098905E+29 1.00054890008E+00 1.01190270007E+36
 1.69994469522E+12 4.20339532272E+29 1.00055039380E+00 1.01465638859E+36
 1.70457202704E+12 4.22630383103E+29 1.00055189159E+00 1.01741757070E+36
 1.70921195815E+12 4.24933719073E+29 1.00055339345E+00 1.02018626682E+36
 1.71386452290E+12 4.27249608226E+29 1.00055489940E+00 1.02296249739E+36
 1.71852975569E+12 4.29578118978E+29 1.00055640944E+00 1.02574628290E+36
 1.72320769104E+12 4.31919320114E+29 1.00055792360E+00 1.02853764392E+36
 1.72789836355E+12 4.34273280800E+29 1.00055944188E+00 1.03133660107E+36
 1.73260180792E+12 4.36640070573E+29 1.00056096428E+00 1.03414317501E+36
 1.73731805895E+12 4.39019759352E+29 1.00056249083E+00 1.03695738648E+36
 1.74204715153E+12 4.41412417438E+29 1.00056402154E+00 1.03977925625E+36
 1.74678912064E+12 4.43818115512E+29 1.00056555641E+00 1.04260880517E+36
 1.75154400137E+12 4.46236924643E+29 1.00056709546E+00 1.04544605414E+36
 1.75631182889E+12 4.48668916285E+29 1.00056863869E+00 1.04829102410E+36
 1.76109263846E+12 4.51114162285E+29 1.00057018613E+00 1.05114373608E+36
 1.76588646547E+12 4.53572734877E+29 1.00057173777E+00 1.05400421113E+36
 1.77069334538E+12 4.56044706692E+29 1.00057329364E+00 1.05687247039E+36
 1.77551331374E+12 4.58530150756E+29 1.00057485375E+00 1.05974853503E+36
 1.78034640621E+12 4.61029140493E+29 1.00057641809E+00 1.06263242631E+36
 1.78519265856E+12 4.63541749725E+29 1.00057798670E+00 1.06552416551E+36
 1.79005210663E+12 4.66068052680E+29 1.00057955957E+00 1.06842377399E+36
 1.79492478637E+12 4.68608123989E+29 1.00058113673E+00 1.07133127317E+36
 1.79981073384E+12 4.71162038688E+29 1.00058271817E+00 1.07424668453E+36
 1.80470998518E+12 4.73729872225E+29 1.00058430392E+00 1.07717002958E+36
 1.80962257664E+12 4.76311700457E+29 1.00058589399E+00 1.08010132993E+36
 1.81454854456E+12 4.78907599655E+29 1.00058748838E+00 1.08304060722E+36
 1.81948792538E+12 4.81517646507E+29 1.00058908711E+00 1.08598788315E+36
 1.82444075566E+12 4.84141918116E+29 1.00059069019E+00 1.08894317951E+36
 1.82940707203E+12 4.86780492007E+29 1.00059229764E+00 1.09190651810E+36
 1.83438691124E+12 4.89433446129E+29 1.00059390945E+00 1.09487792082E+36
 1.83938031013E+12 4.92100858853E+29 1.00059552566E+00 1.09785740961E+36
 1.84438730564E+12 4.94782808978E+29 1.00059714626E+00 1.10084500648E+36
 1.84940793481E+12 4.97479375735E+29 1.00059877127E+00 1.10384073348E+36
 1.85444223481E+12 5.00190638782E+29 1.00060040071E+00 1.10684461276E+36
 1.85949024286E+12 5.02916678216E+29 1.00060203458E+00 1.10985666648E+36
 1.86455199632E+12 5.05657574567E+29 1.00060367289E+00 1.11287691690E+36
 1.86962753264E+12 5.08413408806E+29 1.00060531567E+00 1.11590538632E+36
 1.87471688938E+12 5.11184262343E+29 1.00060696291E+00 1.11894209710E+36
 1.87982010418E+12 5.13970217035E+29 1.00060861464E+00 1.12198707168E+36
 1.88493721481E+12 5.16771355183E+29 1.00061027086E+00 1.12504033254E+36
 1.89006825912E+12 5.19587759536E+29 1.00061193159E+00 1.12810190224E+36
 1.89521327508E+12 5.22419513295E+29 1.00061359684E+00 1.13117180337E+36
 1.90037230076E+12 5.25266700115E+29 1.00061526662E+00 1.13425005862E+36
 1.90554537433E+12 5.28129404106E+29 1.00061694094E+00 1.13733669072E+36
 1.91073253407E+12 5.31007709836E+29 1.00061861982E+00 1.14043172247E+36
 1.91593381835E+12 5.33901702335E+29 1.00062030327E+00 1.14353517672E+36
 1.92114926566E+12 5.36811467095E+29 1.00062199130E+00 1.14664707639E+36
 1.92637891459E+12 5.39737090076E+29 1.00062368392E+00 1.14976744446E+36
 1.93162280383E+12 5.42678657705E+29 1.00062538115E+00 1.15289630399E+36
 1.93688097218E+12 5.45636256880E+29 1.00062708300E+00 1.15603367808E+36
 1.94215345856E+12 5.48609974974E+29 1.00062878948E+00 1.15917958989E+36
 1.94744030197E+12 5.51599899833E+29 1.00063050060E+00 1.16233406267E+36
 1.95274154154E+12 5.54606119786E+29 1.00063221638E+00 1.16549711970E+36
 1.95805721648E+12 5.57628723641E+29 1.00063393683E+00 1.16866878436E+36
 1.96338736614E+12 5.60667800689E+29 1.00063566196E+00 1.17184908006E+36
 1.96873202994E+12 5.63723440709E+29 1.00063739179E+00 1.17503803029E+36
 1.97409124744E+12 5.66795733971E+29 1.00063912632E+00 1.17823565860E+36
 1.97946505830E+12 5.69884771234E+29 1.00064086557E+00 1.18144198862E+36
 1.98485350228E+12 5.72990643752E+29 1.00064260956E+00 1.18465704401E+36
 1.99025661924E+12 5.76113443279E+29 1.00064435829E+00 1.18788084852E+36
 1.99567444918E+12 5.79253262066E+29 1.00064611178E+00 1.19111342597E+36
 2.00110703218E+12 5.82410192868E+29 1.00064787004E+00 1.19435480022E+36
 2.00655440843E+12 5.85584328946E+29 1.00064963309E+00 1.19760499522E+36
 2.01201661826E+12 5.88775764068E+29 1.00065140094E+00 1.20086403496E+36
 2.01749370208E+12 5.91984592514E+29 1.00065317359E+00 1.20413194353E+36
 2.02298570041E+12 5.95210909079E+29 1.00065495107E+00 1.20740874504E+36
 2.02849265390E+12 5.98454809072E+29 1.00065673339E+00 1.21069446371E+36
 2.03401460330E+12 6.01716388322E+29 1.00065852056E+00 1.21398912379E+36
 2.03955158948E+12 6.04995743183E+29 1.00066031259E+00 1.21729274963E+36
 2.04510365339E+12 6.08292970530E+29 1.00066210949E+00 1.22060536562E+36
 2.05067083614E+12 6.11608167770E+29 1.00066391129E+00 1.22392699622E+36
 2.05625317891E+12 6.14941432837E+29 1.00066571799E+00 1.22725766596E+36
 2.06185072302E+12 6.18292864202E+29 1.00066752961E+00 1.23059739945E+36
 2.06746350989E+12 6.21662560871E+29 1.00066934615E+00 1.23394622135E+36
 2.07309158105E+12 6.25050622390E+29 1.00067116764E+00 1.23730415639E+36
 2.07873497816E+12 6.28457148847E+29 1.00067299409E+00 1.24067122937E+36
 2.08439374297E+12 6.31882240877E+29 1.00067482551E+00 1.24404746516E+36
 2.09006791737E+12 6.35325999661E+29 1.00067666191E+00 1.24743288870E+36
 2.09575754334E+12 6.38788526933E+29 1.00067850331E+00 1.25082752497E+36
 2.10146266298E+12 6.42269924983E+29 1.00068034972E+00 1.25423139907E+36
 2.10718331853E+12 6.45770296655E+29 1.00068220115E+00 1.25764453611E+36
 2.11291955231E+12 6.49289745355E+29 1.00068405762E+00 1.26106696133E+36
 2.11867140678E+12 6.52828375055E+29 1.00068591915E+00 1.26449869997E+36
 2.12443892450E+12 6.56386290289E+29 1.00068778574E+00 1.26793977741E+36
 2.13022214815E+12 6.59963596165E+29 1.00068965741E+00 1.27139021903E+36
 2.13602112054E+12 6.63560398361E+29 1.00069153417E+00 1.27485005034E+36
 2.14183588458E+12 6.67176803132E+29 1.00069341604E+00 1.27831929688E+36
 2.14766648330E+12 6.70812917312E+29 1.00069530303E+00 1.28179798427E+36
 2.15351295986E+12 6.74468848318E+29 1.00069719516E+00 1.28528613820E+36
 2.15937535752E+12 6.78144704151E+29 1.00069909244E+00 1.28878378444E+36
 2.16525371967E+12 6.81840593402E+29 1.00070099487E+00 1.29229094882E+36
 2.17114808981E+12 6.85556625253E+29 1.00070290249E+00 1.29580765723E+36
 2.17705851157E+12 6.89292909480E+29 1.00070481530E+00 1.29933393565E+36
 2.18298502870E+12 6.93049556460E+29 1.00070673331E+00 1.30286981013E+36
 2.18892768504E+12 6.96826677170E+29 1.00070865654E+00 1.30641530678E+36
 2.19488652460E+12 7.00624383190E+29 1.00071058501E+00 1.30997045178E+36
 2.20086159145E+12 7.04442786712E+29 1.00071251872E+00 1.31353527138E+36
 2.20685292984E+12 7.08282000537E+29 1.00071445770E+00 1.31710979192E+36
 2.21286058410E+12 7.12142138080E+29 1.00071640195E+00 1.32069403980E+36
 2.21888459869E+12 7.16023313377E+29 1.00071835149E+00 1.32428804148E+36
 2.22492501821E+12 7.19925641082E+29 1.00072030634E+00 1.32789182351E+36
 2.23098188735E+12 7.23849236477E+29 1.00072226651E+00 1.33150541250E+36
 2.23705525095E+12 7.27794215470E+29 1.00072423201E+00 1.33512883515E+36
 2.24314515396E+12 7.31760694603E+29 1.00072620286E+00 1.33876211821E+36
 2.24925164145E+12 7.35748791050E+29 1.00072817907E+00 1.34240528851E+36
 2.25537475862E+12 7.39758622627E+29 1.00073016067E+00 1.34605837296E+36
 2.26151455078E+12 7.43790307789E+29 1.00073214765E+00 1.34972139854E+36
 2.26767106339E+12 7.47843965639E+29 1.00073414004E+00 1.35339439231E+36
 2.27384434201E+12 7.51919715928E+29 1.00073613786E+00 1.35707738139E+36
 2.28003443234E+12 7.56017679060E+29 1.00073814111E+00 1.36077039297E+36
 2.28624138018E+12 7.60137976094E+29 1.00074014981E+00 1.36447345434E+36
 2.29246523149E+12 7.64280728751E+29 1.00074216398E+00 1.36818659284E+36
 2.29870603233E+12 7.68446059414E+29 1.00074418363E+00 1.37190983590E+36
 2.30496382889E+12 7.72634091133E+29 1.00074620877E+00 1.37564321101E+36
 2.31123866749E+12 7.76844947628E+29 1.00074823943E+00 1.37938674575E+36
 2.31753059458E+12 7.81078753295E+29 1.00075027561E+00 1.38314046776E+36
 2.32383965674E+12 7.85335633207E+29 1.00075231733E+00 1.38690440476E+36
 2.33016590065E+12 7.89615713118E+29 1.00075436461E+00 1.39067858456E+36
 2.33650937315E+12 7.93919119468E+29 1.00075641746E+00 1.39446303502E+36
 2.34287012120E+12 7.98245979387E+29 1.00075847590E+00 1.39825778410E+36
 2.34924819187E+12 8.02596420697E+29 1.00076053994E+00 1.40206285982E+36
 2.35564363238E+12 8.06970571915E+29 1.00076260959E+00 1.40587829029E+36
 2.36205649006E+12 8.11368562262E+29 1.00076468488E+00 1.40970410368E+36
 2.36848681240E+12 8.15790521660E+29 1.00076676582E+00 1.41354032824E+36
 2.37493464698E+12 8.20236580741E+29 1.00076885242E+00 1.41738699232E+36
 2.38140004153E+12 8.24706870848E+29 1.00077094469E+00 1.42124412431E+36
 2.38788304393E+12 8.29201524039E+29 1.00077304266E+00 1.42511175271E+36
 2.39438370215E+12 8.33720673095E+29 1.00077514634E+00 1.42898990607E+36
 2.40090206431E+12 8.38264451517E+29 1.00077725574E+00 1.43287861305E+36
 2.40743817868E+12 8.42832993536E+29 1.00077937089E+00 1.43677790235E+36
 2.41399209362E+12 8.47426434113E+29 1.00078149179E+00 1.44068780278E+36
 2.42056385767E+12 8.52044908945E+29 1.00078361846E+00 1.44460834322E+36
 2.42715351947E+12 8.56688554470E+29 1.00078575092E+00 1.44853955261E+36
 2.43376112780E+12 8.61357507866E+29 1.00078788918E+00 1.45248146000E+36
 2.44038673157E+12 8.66051907063E+29 1.00079003326E+00 1.45643409448E+36
 2.44703037983E+12 8.70771890740E+29 1.00079218318E+00 1.46039748527E+36
 2.45369212177E+12 8.75517598331E+29 1.00079433895E+00 1.46437166161E+36
 2.46037200671E+12 8.80289170034E+29 1.00079650058E+00 1.46835665288E+36
 2.46707008408E+12 8.85086746807E+29 1.00079866809E+00 1.47235248849E+36
 2.47378640348E+12 8.89910470377E+29 1.00080084151E+00 1.47635919797E+36
 2.48052101464E+12 8.94760483245E+29 1.00080302084E+00 1.48037681089E+36
 2.48727396740E+12 8.99636928688E+29 1.00080520609E+00 1.48440535693E+36
 2.49404531176E+12 9.04539950763E+29 1.00080739730E+00 1.48844486585E+36
 2.50083509785E+12 9.09469694313E+29 1.00080959447E+00 1.49249536747E+36
 2.50764337594E+12 9.14426304969E+29 1.00081179762E+00 1.49655689171E+36
 2.51447019642E+12 9.19409929158E+29 1.00081400676E+00 1.50062946857E+36
 2.52131560985E+12 9.24420714103E+29 1.00081622191E+00 1.50471312812E+36
 2.52817966690E+12 9.29458807831E+29 1.00081844310E+00 1.50880790053E+36
 2.53506241839E+12 9.34524359174E+29 1.00082067032E+00 1.51291381603E+36
 2.54196391528E+12 9.39617517777E+29 1.00082290361E+00 1.51703090495E+36
 2.54888420865E+12 9.44738434098E+29 1.00082514298E+00 1.52115919770E+36
 2.55582334975E+12 9.49887259418E+29 1.00082738844E+00 1.52529872476E+36
 2.56278138996E+12 9.55064145841E+29 1.00082964001E+00 1.52944951670E+36
 2.56975838078E+12 9.60269246300E+29 1.00083189770E+00 1.53361160419E+36
 2.57675437387E+12 9.65502714560E+29 1.00083416155E+00 1.53778501795E+36
 2.58376942103E+12 9.70764705228E+29 1.00083643155E+00 1.54196978882E+36
 2.59080357420E+12 9.76055373749E+29 1.00083870773E+00 1.54616594769E+36
 2.59785688546E+12 9.81374876419E+29 1.00084099010E+00 1.55037352556E+36
 2.60492940702E+12 9.86723370383E+29 1.00084327869E+00 1.55459255350E+36
 2.61202119127E+12 9.92101013643E+29 1.00084557350E+00 1.55882306268E+36
 2.61913229069E+12 9.97507965065E+29 1.00084787455E+00 1.56306508432E+36
 2.62626275795E+12 1.00294438438E+30 1.00085018187E+00 1.56731864978E+36
 2.63341264584E+12 1.00841043218E+30 1.00085249547E+00 1.57158379045E+36
 2.64058200730E+12 1.01390626995E+30 1.00085481537E+00 1.57586053784E+36
 2.64777089541E+12 1.01943206003E+30 1.00085714157E+00 1.58014892353E+36
 2.65497936341E+12 1.02498796568E+30 1.00085947411E+00 1.58444897919E+36
 2.66220746466E+12 1.03057415102E+30 1.00086181300E+00 1.58876073659E+36
 2.66945525268E+12 1.03619078108E+30 1.00086415825E+00 1.59308422756E+36
 2.67672278115E+12 1.04183802177E+30 1.00086650988E+00 1.59741948404E+36
 2.68401010387E+12 1.04751603993E+30 1.00086886791E+00 1.60176653804E+36
 2.69131727481E+12 1.05322500330E+30 1.00087123236E+00 1.60612542167E+36
 2.69864434806E+12 1.05896508052E+30 1.00087360324E+00 1.61049616712E+36
 2.70599137789E+12 1.06473644116E+30 1.00087598057E+00 1.61487880667E+36
 2.71335841870E+12 1.07053925573E+30 1.00087836438E+00 1.61927337269E+36
 2.72074552504E+12 1.07637369564E+30 1.00088075467E+00 1.62367989763E+36
 2.72815275161E+12 1.08223993326E+30 1.00088315146E+00 1.62809841404E+36
 2.73558015325E+12 1.08813814187E+30 1.00088555478E+00 1.63252895454E+36
 2.74302778498E+12 1.09406849573E+30 1.00088796464E+00 1.63697155186E+36
 2.75049570193E+12 1.10003117002E+30 1.00089038106E+00 1.64142623882E+36
 2.75798395941E+12 1.10602634089E+30 1.00089280405E+00 1.64589304830E+36
 2.76549261288E+12 1.11205418545E+30 1.00089523363E+00 1.65037201330E+36
 2.77302171792E+12 1.11811488177E+30 1.00089766983E+00 1.65486316690E+36
 2.78057133030E+12 1.12420860888E+30 1.00090011266E+00 1.65936654227E+36
 2.78814150593E+12 1.13033554682E+30 1.00090256213E+00 1.66388217266E+36
 2.79573230086E+12 1.13649587657E+30 1.00090501827E+00 1.66841009142E+36
 2.80334377130E+12 1.14268978012E+30 1.00090748110E+00 1.67295033200E+36
 2.81097597363E+12 1.14891744046E+30 1.00090995062E+00 1.67750292793E+36
 2.81862896436E+12 1.15517904155E+30 1.00091242687E+00 1.68206791283E+36
 2.82630280017E+12 1.16147476837E+30 1.00091490986E+00 1.68664532041E+36
 2.83399753789E+12 1.16780480691E+30 1.00091739960E+00 1.69123518447E+36
 2.84171323449E+12 1.17416934416E+30 1.00091989611E+00 1.69583753893E+36
 2.84944994713E+12 1.18056856815E+30 1.00092239943E+00 1.70045241776E+36
 2.85720773309E+12 1.18700266791E+30 1.00092490955E+00 1.70507985505E+36
 2.86498664983E+12 1.19347183353E+30 1.00092742650E+00 1.70971988497E+36
 2.87278675497E+12 1.19997625610E+30 1.00092995031E+00 1.71437254180E+36
 2.88060810625E+12 1.20651612778E+30 1.00093248098E+00 1.71903785989E+36
 2.88845076162E+12 1.21309164177E+30 1.00093501854E+00 1.72371587370E+36
 2.89631477916E+12 1.21970299231E+30 1.00093756300E+00 1.72840661778E+36
 2.90420021710E+12 1.22635037472E+30 1.00094011439E+00 1.73311012677E+36
 2.91210713384E+12 1.23303398537E+30 1.00094267272E+00 1.73782643541E+36
 2.92003558796E+12 1.23975402171E+30 1.00094523801E+00 1.74255557853E+36
 2.92798563815E+12 1.24651068225E+30 1.00094781029E+00 1.74729759106E+36
 2.93595734332E+12 1.25330416659E+30 1.00095038956E+00 1.75205250801E+36
 2.94395076250E+12 1.26013467543E+30 1.00095297585E+00 1.75682036451E+36
 2.95196595488E+12 1.26700241056E+30 1.00095556919E+00 1.76160119576E+36
 2.96000297985E+12 1.27390757484E+30 1.00095816957E+00 1.76639503708E+36
 2.96806189691E+12 1.28085037227E+30 1.00096077704E+00 1.77120192387E+36
 2.97614276577E+12 1.28783100796E+30 1.00096339160E+00 1.77602189163E+36
 2.98424564627E+12 1.29484968812E+30 1.00096601327E+00 1.78085497596E+36
 2.99237059843E+12 1.30190662009E+30 1.00096864208E+00 1.78570121255E+36
 3.00051768243E+12 1.30900201235E+30 1.00097127805E+00 1.79056063719E+36
 3.00868695861E+12 1.31613607450E+30 1.00097392118E+00 1.79543328577E+36
 3.01687848748E+12 1.32330901729E+30 1.00097657151E+00 1.80031919428E+36
 3.02509232973E+12 1.33052105263E+30 1.00097922906E+00 1.80521839880E+36
 3.03332854617E+12 1.33777239357E+30 1.00098189383E+00 1.81013093552E+36
 3.04158719783E+12 1.34506325433E+30 1.00098456585E+00 1.81505684071E+36
 3.04986834588E+12 1.35239385028E+30 1.00098724515E+00 1.81999615075E+36
 3.05817205165E+12 1.35976439799E+30 1.00098993174E+00 1.82494890213E+36
 3.06649837666E+12 1.36717511519E+30 1.00099262564E+00 1.82991513142E+36
 3.07484738257E+12 1.37462622080E+30 1.00099532687E+00 1.83489487530E+36
 3.08321913124E+12 1.38211793495E+30 1.00099803545E+00 1.83988817054E+36
 3.09161368467E+12 1.38965047894E+30 1.00100075140E+00 1.84489505403E+36
 3.10003110506E+12 1.39722407531E+30 1.00100347474E+00 1.84991556273E+36
 3.10847145474E+12 1.40483894778E+30 1.00100620550E+00 1.85494973374E+36
 3.11693479625E+12 1.41249532132E+30 1.00100894368E+00 1.85999760422E+36
 3.12542119227E+12 1.42019342210E+30 1.00101168932E+00 1.86505921147E+36
 3.13393070568E+12 1.42793347753E+30 1.00101444243E+00 1.87013459285E+36
 3.14246339950E+12 1.43571571628E+30 1.00101720303E+00 1.87522378585E+36
 3.15101933696E+12 1.44354036823E+30 1.00101997114E+00 1.88032682807E+36
 3.15959858142E+12 1.45140766454E+30 1.00102274678E+00 1.88544375718E+36
 3.16820119645E+12 1.45931783762E+30 1.00102552998E+00 1.89057461098E+36
 3.17682724577E+12 1.46727112116E+30 1.00102832075E+00 1.89571942737E+36
 3.18547679328E+12 1.47526775010E+30 1.00103111912E+00 1.90087824432E+36
 3.19414990307E+12 1.48330796067E+30 1.00103392510E+00 1.90605109996E+36
 3.20284663938E+12 1.49139199039E+30 1.00103673872E+00 1.91123803247E+36
 3.21156706665E+12 1.49952007809E+30 1.00103956000E+00 1.91643908018E+36
 3.22031124947E+12 1.50769246387E+30 1.00104238895E+00 1.92165428148E+36
 3.22907925263E+12 1.51590938916E+30 1.00104522560E+00 1.92688367490E+36
 3.23787114108E+12 1.52417109671E+30 1.00104806997E+00 1.93212729905E+36
 3.24668697996E+12 1.53247783056E+30 1.00105092208E+00 1.93738519267E+36
 3.25552683459E+12 1.54082983612E+30 1.00105378195E+00 1.94265739458E+36
 3.26439077044E+12 1.54922736012E+30 1.00105664961E+00 1.94794394372E+36
 3.27327885321E+12 1.55767065064E+30 1.00105952506E+00 1.95324487913E+36
 3.28219114872E+12 1.56615995709E+30 1.00106240835E+00 1.95856023997E+36
 3.29112772302E+12 1.57469553027E+30 1.00106529948E+00 1.96389006549E+36
 3.30008864232E+12 1.58327762234E+30 1.00106819847E+00 1.96923439505E+36
 3.30907397300E+12 1.59190648681E+30 1.00107110536E+00 1.97459326813E+36
 3.31808378163E+12 1.60058237860E+30 1.00107402016E+00 1.97996672429E+36
 3.32711813498E+12 1.60930555401E+30 1.00107694288E+00 1.98535480322E+36
 3.33617709998E+12 1.61807627074E+30 1.00107987357E+00 1.99075754472E+36
 3.34526074375E+12 1.62689478788E+30 1.00108281222E+00 1.99617498869E+36
 3.35436913359E+12 1.63576136594E+30 1.00108575888E+00 2.00160717514E+36
 3.36350233699E+12 1.64467626687E+30 1.00108871355E+00 2.00705414419E+36
 3.37266042163E+12 1.65363975401E+30 1.00109167627E+00 2.01251593606E+36
 3.38184345535E+12 1.66265209216E+30 1.00109464704E+00 2.01799259109E+36
 3.39105150620E+12 1.67171354757E+30 1.00109762590E+00 2.02348414973E+36
 3.40028464242E+12 1.68082438791E+30 1.00110061287E+00 2.02899065254E+36
 3.40954293240E+12 1.68998488235E+30 1.00110360796E+00 2.03451214017E+36
 3.41882644477E+12 1.69919530149E+30 1.00110661121E+00 2.04004865343E+36
 3.42813524829E+12 1.70845591742E+30 1.00110962263E+00 2.04560023318E+36
 3.43746941196E+12 1.71776700371E+30 1.00111264224E+00 2.05116692043E+36
 3.44682900494E+12 1.72712883543E+30 1.00111567007E+00 2.05674875630E+36
 3.45621409658E+12 1.73654168915E+30 1.00111870614E+00 2.06234578200E+36
 3.46562475642E+12 1.74600584292E+30 1.00112175048E+00 2.06795803888E+36
 3.47506105421E+12 1.75552157635E+30 1.00112480309E+00 2.07358556838E+36
 3.48452305986E+12 1.76508917053E+30 1.00112786402E+00 2.07922841206E+36
 3.49401084350E+12 1.77470890810E+30 1.00113093327E+00 2.08488661160E+36
 3.50352447543E+12 1.78438107326E+30 1.00113401088E+00 2.09056020879E+36
 3.51306402614E+12 1.79410595172E+30 1.00113709686E+00 2.09624924552E+36
 3.52262956634E+12 1.80388383078E+30 1.00114019124E+00 2.10195376382E+36
 3.53222116691E+12 1.81371499929E+30 1.00114329404E+00 2.10767380581E+36
 3.54183889893E+12 1.82359974767E+30 1.00114640528E+00 2.11340941373E+36
 3.55148283367E+12 1.83353836795E+30 1.00114952499E+00 2.11916062995E+36
 3.56115304261E+12 1.84353115371E+30 1.00115265319E+00 2.12492749695E+36
 3.57084959740E+12 1.85357840016E+30 1.00115578990E+00 2.13071005730E+36
 3.58057256990E+12 1.86368040412E+30 1.00115893515E+00 2.13650835373E+36
 3.59032203219E+12 1.87383746401E+30 1.00116208896E+00 2.14232242904E+36
 3.60009805649E+12 1.88404987988E+30 1.00116525135E+00 2.14815232619E+36
 3.60990071528E+12 1.89431795343E+30 1.00116842234E+00 2.15399808822E+36
 3.61973008119E+12 1.90464198799E+30 1.00117160197E+00 2.15985975831E+36
 3.62958622708E+12 1.91502228855E+30 1.00117479025E+00 2.16573737975E+36
 3.63946922600E+12 1.92545916175E+30 1.00117798720E+00 2.17163099594E+36
 3.64937915118E+12 1.93595291592E+30 1.00118119286E+00 2.17754065042E+36
 3.65931607608E+12 1.94650386107E+30 1.00118440723E+00 2.18346638683E+36
 3.66928007434E+12 1.95711230887E+30 1.00118763036E+00 2.18940824894E+36
 3.67927121982E+12 1.96777857272E+30 1.00119086225E+00 2.19536628062E+36
 3.68928958657E+12 1.97850296772E+30 1.00119410294E+00 2.20134052587E+36
 3.69933524883E+12 1.98928581069E+30 1.00119735245E+00 2.20733102883E+36
 3.70940828107E+12 2.00012742015E+30 1.00120061081E+00 2.21333783373E+36
 3.71950875794E+12 2.01102811640E+30 1.00120387803E+00 2.21936098493E+36
 3.72963675431E+12 2.02198822145E+30 1.00120715414E+00 2.22540052693E+36
 3.73979234526E+12 2.03300805909E+30 1.00121043916E+00 2.23145650431E+36
 3.74997560604E+12 2.04408795485E+30 1.00121373313E+00 2.23752896181E+36
 3.76018661216E+12 2.05522823605E+30 1.00121703606E+00 2.24361794427E+36
 3.77042543928E+12 2.06642923180E+30 1.00122034797E+00 2.24972349667E+36
 3.78069216330E+12 2.07769127298E+30 1.00122366890E+00 2.25584566410E+36
 3.79098686033E+12 2.08901469230E+30 1.00122699887E+00 2.26198449177E+36
 3.80130960668E+12 2.10039982426E+30 1.00123033790E+00 2.26814002501E+36
 3.81166047886E+12 2.11184700520E+30 1.00123368602E+00 2.27431230929E+36
 3.82203955359E+12 2.12335657329E+30 1.00123704324E+00 2.28050139020E+36
 3.83244690783E+12 2.13492886853E+30 1.00124040961E+00 2.28670731343E+36
 3.84288261871E+12 2.14656423280E+30 1.00124378513E+00 2.29293012484E+36
 3.85334676359E+12 2.15826300981E+30 1.00124716984E+00 2.29916987036E+36
 3.86383942004E+12 2.17002554516E+30 1.00125056376E+00 2.30542659609E+36
 3.87436066585E+12 2.18185218634E+30 1.00125396692E+00 2.31170034823E+36
 3.88491057900E+12 2.19374328273E+30 1.00125737933E+00 2.31799117312E+36
 3.89548923771E+12 2.20569918561E+30 1.00126080104E+00 2.32429911722E+36
 3.90609672041E+12 2.21772024816E+30 1.00126423205E+00 2.33062422711E+36
 3.91673310571E+12 2.22980682552E+30 1.00126767240E+00 2.33696654951E+36
 3.92739847249E+12 2.24195927474E+30 1.00127112212E+00 2.34332613126E+36
 3.93809289980E+12 2.25417795481E+30 1.00127458122E+00 2.34970301932E+36
 3.94881646692E+12 2.26646322670E+30 1.00127804973E+00 2.35609726079E+36
 3.95956925337E+12 2.27881545334E+30 1.00128152769E+00 2.36250890290E+36
 3.97035133885E+12 2.29123499962E+30 1.00128501511E+00 2.36893799299E+36
 3.98116280330E+12 2.30372223244E+30 1.00128851202E+00 2.37538457856E+36
 3.99200372688E+12 2.31627752069E+30 1.00129201844E+00 2.38184870720E+36
 4.00287418995E+12 2.32890123527E+30 1.00129553441E+00 2.38833042666E+36
 4.01377427312E+12 2.34159374911E+30 1.00129905994E+00 2.39482978481E+36
 4.02470405720E+12 2.35435543716E+30 1.00130259507E+00 2.40134682964E+36
 4.03566362322E+12 2.36718667642E+30 1.00130613982E+00 2.40788160930E+36
 4.04665305244E+12 2.38008784595E+30 1.00130969422E+00 2.41443417204E+36
 4.05767242634E+12 2.39305932686E+30 1.00131325828E+00 2.42100456625E+36
 4.06872182661E+12 2.40610150236E+30 1.00131683205E+00 2.42759284046E+36
 4.07980133519E+12 2.41921475772E+30 1.00132041554E+00 2.43419904332E+36
 4.09091103423E+12 2.43239948034E+30 1.00132400879E+00 2.44082322363E+36
 4.10205100609E+12 2.44565605970E+30 1.00132761181E+00 2.44746543031E+36
 4.11322133338E+12 2.45898488744E+30 1.00133122463E+00 2.45412571241E+36
 4.12442209893E+12 2.47238635730E+30 1.00133484729E+00 2.46080411912E+36
 4.13565338578E+12 2.48586086518E+30 1.00133847981E+00 2.46750069976E+36
 4.14691527722E+12 2.49940880915E+30 1.00134212221E+00 2.47421550379E+36
 4.15820785675E+12 2.51303058942E+30 1.00134577453E+00 2.48094858080E+36
 4.16953120811E+12 2.52672660840E+30 1.00134943678E+00 2.48769998052E+36
 4.18088541526E+12 2.54049727070E+30 1.00135310900E+00 2.49446975281E+36
 4.19227056239E+12 2.55434298313E+30 1.00135679121E+00 2.50125794767E+36
 4.20368673394E+12 2.56826415469E+30 1.00136048344E+00 2.50806461522E+36
 4.21513401456E+12 2.58226119666E+30 1.00136418572E+00 2.51488980574E+36
 4.22661248913E+12 2.59633452252E+30 1.00136789808E+00 2.52173356964E+36
 4.23812224278E+12 2.61048454801E+30 1.00137162054E+00 2.52859595746E+36
 4.24966336085E+12 2.62471169116E+30 1.00137535313E+00 2.53547701988E+36
 4.26123592894E+12 2.63901637225E+30 1.00137909587E+00 2.54237680771E+36
 4.27284003286E+12 2.65339901386E+30 1.00138284880E+00 2.54929537193E+36
 4.28447575867E+12 2.66786004089E+30 1.00138661194E+00 2.55623276362E+36
 4.29614319265E+12 2.68239988052E+30 1.00139038533E+00 2.56318903401E+36
 4.30784242135E+12 2.69701896230E+30 1.00139416898E+00 2.57016423449E+36
 4.31957353151E+12 2.71171771808E+30 1.00139796293E+00 2.57715841656E+36
 4.33133661014E+12 2.72649658210E+30 1.00140176720E+00 2.58417163189E+36
 4.34313174448E+12 2.74135599094E+30 1.00140558183E+00 2.59120393226E+36
 4.35495902201E+12 2.75629638356E+30 1.00140940684E+00 2.59825536962E+36
 4.36681853045E+12 2.77131820135E+30 1.00141324225E+00 2.60532599604E+36
 4.37871035774E+12 2.78642188805E+30 1.00141708810E+00 2.61241586374E+36
 4.39063459209E+12 2.80160788986E+30 1.00142094442E+00 2.61952502507E+36
 4.40259132194E+12 2.81687665539E+30 1.00142481124E+00 2.62665353255E+36
 4.41458063597E+12 2.83222863571E+30 1.00142868857E+00 2.63380143883E+36
 4.42660262310E+12 2.84766428434E+30 1.00143257646E+00 2.64096879668E+36
 4.43865737250E+12 2.86318405726E+30 1.00143647493E+00 2.64815565905E+36
 4.45074497359E+12 2.87878841296E+30 1.00144038400E+00 2.65536207901E+36
 4.46286551601E+12 2.89447781242E+30 1.00144430372E+00 2.66258810979E+36
 4.47501908967E+12 2.91025271911E+30 1.00144823410E+00 2.66983380474E+36
 4.48720578472E+12 2.92611359906E+30 1.00145217517E+00 2.67709921739E+36
 4.49942569154E+12 2.94206092082E+30 1.00145612697E+00 2.68438440139E+36
 4.51167890079E+12 2.95809515550E+30 1.00146008953E+00 2.69168941055E+36
 4.52396550335E+12 2.97421677678E+30 1.00146406287E+00 2.69901429881E+36
 4.53628559037E+12 2.99042626090E+30 1.00146804702E+00 2.70635912027E+36
 4.54863925321E+12 3.00672408672E+30 1.00147204201E+00 2.71372392918E+36
 4.56102658354E+12 3.02311073572E+30 1.00147604787E+00 2.72110877992E+36
 4.57344767323E+12 3.03958669196E+30 1.00148006464E+00 2.72851372705E+36
 4.58590261443E+12 3.05615244218E+30 1.00148409234E+00 2.73593882523E+36
 4.59839149952E+12 3.07280847575E+30 1.00148813099E+00 2.74338412933E+36
 4.61091442116E+12 3.08955528472E+30 1.00149218064E+00 2.75084969431E+36
 4.62347147224E+12 3.10639336382E+30 1.00149624131E+00 2.75833557531E+36
 4.63606274592E+12 3.12332321046E+30 1.00150031303E+00 2.76584182763E+36
 4.64868833560E+12 3.14034532478E+30 1.00150439583E+00 2.77336850669E+36
 4.66134833496E+12 3.15746020964E+30 1.00150848973E+00 2.78091566809E+36
 4.67404283790E+12 3.17466837064E+30 1.00151259478E+00 2.78848336756E+36
 4.68677193861E+12 3.19197031613E+30 1.00151671101E+00 2.79607166099E+36
 4.69953573152E+12 3.20936655724E+30 1.00152083843E+00 2.80368060444E+36
 4.71233431133E+12 3.22685760788E+30 1.00152497708E+00 2.81131025408E+36
 4.72516777299E+12 3.24444398476E+30 1.00152912700E+00 2.81896066626E+36
 4.73803621171E+12 3.26212620741E+30 1.00153328821E+00 2.82663189750E+36
 4.75093972298E+12 3.27990479819E+30 1.00153746074E+00 2.83432400444E+36
 4.76387840251E+12 3.29778028231E+30 1.00154164463E+00 2.84203704390E+36
 4.77685234632E+12 3.31575318783E+30 1.00154583990E+00 2.84977107283E+36
 4.78986165065E+12 3.33382404570E+30 1.00155004659E+00 2.85752614836E+36
 4.80290641204E+12 3.35199338976E+30 1.00155426473E+00 2.86530232776E+36
 4.81598672728E+12 3.37026175677E+30 1.00155849435E+00 2.87309966845E+36
 4.82910269341E+12 3.38862968639E+30 1.00156273548E+00 2.88091822803E+36
 4.84225440776E+12 3.40709772125E+30 1.00156698815E+00 2.88875806424E+36
 4.85544196791E+12 3.42566640691E+30 1.00157125239E+00 2.89661923498E+36
 4.86866547171E+12 3.44433629192E+30 1.00157552823E+00 2.90450179831E+36
 4.88192501728E+12 3.46310792783E+30 1.00157981571E+00 2.91240581243E+36
 4.89522070302E+12 3.48198186917E+30 1.00158411486E+00 2.92033133573E+36
 4.90855262758E+12 3.50095867350E+30 1.00158842571E+00 2.92827842674E+36
 4.92192088990E+12 3.52003890144E+30 1.00159274829E+00 2.93624714415E+36
 4.93532558916E+12 3.53922311663E+30 1.00159708263E+00 2.94423754682E+36
 4.94876682485E+12 3.55851188582E+30 1.00160142877E+00 2.95224969374E+36
 4.96224469670E+12 3.57790577882E+30 1.00160578673E+00 2.96028364411E+36
 4.97575930474E+12 3.59740536855E+30 1.00161015656E+00 2.96833945724E+36
 4.98931074925E+12 3.61701123106E+30 1.00161453827E+00 2.97641719265E+36
 5.00289913080E+12 3.63672394554E+30 1.00161893191E+00 2.98451690997E+36
 5.01652455023E+12 3.65654409433E+30 1.00162333751E+00 2.99263866904E+36
 5.03018710867E+12 3.67647226295E+30 1.00162775509E+00 3.00078252983E+36
 5.04388690749E+12 3.69650904011E+30 1.00163218470E+00 3.00894855249E+36
 5.05762404838E+12 3.71665501772E+30 1.00163662636E+00 3.01713679733E+36
 5.07139863329E+12 3.73691079093E+30 1.00164108011E+00 3.02534732482E+36
 5.08521076443E+12 3.75727695812E+30 1.00164554598E+00 3.03358019560E+36
 5.09906054434E+12 3.77775412093E+30 1.00165002400E+00 3.04183547048E+36
 5.11294807579E+12 3.79834288431E+30 1.00165451420E+00 3.05011321041E+36
 5.12687346185E+12 3.81904385646E+30 1.00165901663E+00 3.05841347654E+36
 5.14083680589E+12 3.83985764894E+30 1.00166353131E+00 3.06673633017E+36
 5.15483821154E+12 3.86078487659E+30 1.00166805827E+00 3.07508183275E+36
 5.16887778272E+12 3.88182615766E+30 1.00167259755E+00 3.08345004594E+36
 5.18295562363E+12 3.90298211373E+30 1.00167714919E+00 3.09184103152E+36
 5.19707183877E+12 3.92425336978E+30 1.00168171321E+00 3.10025485148E+36
 5.21122653292E+12 3.94564055420E+30 1.00168628965E+00 3.10869156794E+36
 5.22541981113E+12 3.96714429878E+30 1.00169087855E+00 3.11715124322E+36
 5.23965177877E+12 3.98876523880E+30 1.00169547993E+00 3.12563393980E+36
 5.25392254148E+12 4.01050401296E+30 1.00170009384E+00 3.13413972032E+36
 5.26823220518E+12 4.03236126345E+30 1.00170472030E+00 3.14266864760E+36
 5.28258087609E+12 4.05433763599E+30 1.00170935935E+00 3.15122078463E+36
 5.29696866073E+12 4.07643377977E+30 1.00171401103E+00 3.15979619457E+36
 5.31139566591E+12 4.09865034755E+30 1.00171867536E+00 3.16839494075E+36
 5.32586199871E+12 4.12098799566E+30 1.00172335239E+00 3.17701708668E+36
 5.34036776653E+12 4.14344738396E+30 1.00172804214E+00 3.18566269604E+36
 5.35491307705E+12 4.16602917595E+30 1.00173274466E+00 3.19433183268E+36
 5.36949803825E+12 4.18873403872E+30 1.00173745998E+00 3.20302456062E+36
 5.38412275841E+12 4.21156264302E+30 1.00174218812E+00 3.21174094406E+36
 5.39878734610E+12 4.23451566323E+30 1.00174692913E+00 3.22048104737E+36
 5.41349191018E+12 4.25759377743E+30 1.00175168305E+00 3.22924493511E+36
 5.42823655982E+12 4.28079766737E+30 1.00175644990E+00 3.23803267199E+36
 5.44302140450E+12 4.30412801852E+30 1.00176122972E+00 3.24684432292E+36
 5.45784655397E+12 4.32758552012E+30 1.00176602255E+00 3.25567995298E+36
 5.47271211831E+12 4.35117086511E+30 1.00177082843E+00 3.26453962742E+36
 5.48761820788E+12 4.37488475026E+30 1.00177564738E+00 3.27342341167E+36
 5.50256493336E+12 4.39872787611E+30 1.00178047944E+00 3.28233137134E+36
 5.51755240572E+12 4.42270094701E+30 1.00178532466E+00 3.29126357222E+36
 5.53258073623E+12 4.44680467117E+30 1.00179018306E+00 3.30022008028E+36
 5.54765003649E+12 4.47103976065E+30 1.00179505468E+00 3.30920096167E+36
 5.56276041838E+12 4.49540693139E+30 1.00179993956E+00 3.31820628270E+36
 5.57791199410E+12 4.51990690323E+30 1.00180483773E+00 3.32723610990E+36
 5.59310487616E+12 4.54454039994E+30 1.00180974923E+00 3.33629050994E+36
 5.60833917735E+12 4.56930814923E+30 1.00181467410E+00 3.34536954971E+36
 5.62361501082E+12 4.59421088277E+30 1.00181961236E+00 3.35447329624E+36
 5.63893248998E+12 4.61924933624E+30 1.00182456407E+00 3.36360181678E+36
 5.65429172858E+12 4.64442424930E+30 1.00182952925E+00 3.37275517874E+36
 5.66969284067E+12 4.66973636566E+30 1.00183450795E+00 3.38193344972E+36
 5.68513594063E+12 4.69518643307E+30 1.00183950019E+00 3.39113669751E+36
 5.70062114313E+12 4.72077520338E+30 1.00184450602E+00 3.40036499008E+36
 5.71614856316E+12 4.74650343251E+30 1.00184952547E+00 3.40961839558E+36
 5.73171831604E+12 4.77237188051E+30 1.00185455858E+00 3.41889698235E+36
 5.74733051740E+12 4.79838131157E+30 1.00185960538E+00 3.42820081892E+36
 5.76298528316E+12 4.82453249406E+30 1.00186466592E+00 3.43752997400E+36
 5.77868272961E+12 4.85082620051E+30 1.00186974023E+00 3.44688451648E+36
 5.79442297331E+12 4.87726320769E+30 1.00187482835E+00 3.45626451546E+36
 5.81020613116E+12 4.90384429658E+30 1.00187993032E+00 3.46567004021E+36
 5.82603232039E+12 4.93057025243E+30 1.00188504617E+00 3.47510116020E+36
 5.84190165853E+12 4.95744186477E+30 1.00189017594E+00 3.48455794507E+36
 5.85781426345E+12 4.98445992741E+30 1.00189531967E+00 3.49404046466E+36
 5.87377025334E+12 5.01162523853E+30 1.00190047740E+00 3.50354878902E+36
 5.88976974670E+12 5.03893860061E+30 1.00190564917E+00 3.51308298836E+36
 5.90581286237E+12 5.06640082054E+30 1.00191083501E+00 3.52264313309E+36
 5.92189971951E+12 5.09401270959E+30 1.00191603496E+00 3.53222929382E+36
 5.93803043762E+12 5.12177508346E+30 1.00192124906E+00 3.54184154135E+36
 5.95420513650E+12 5.14968876230E+30 1.00192647735E+00 3.55147994666E+36
 5.97042393629E+12 5.17775457071E+30 1.00193171987E+00 3.56114458095E+36
 5.98668695749E+12 5.20597333780E+30 1.00193697665E+00 3.57083551559E+36
 6.00299432088E+12 5.23434589720E+30 1.00194224774E+00 3.58055282214E+36
 6.01934614760E+12 5.26287308708E+30 1.00194753318E+00 3.59029657237E+36
 6.03574255912E+12 5.29155575016E+30 1.00195283299E+00 3.60006683826E+36
 6.05218367724E+12 5.32039473378E+30 1.00195814723E+00 3.60986369194E+36
 6.06866962410E+12 5.34939088989E+30 1.00196347594E+00 3.61968720578E+36
 6.08520052216E+12 5.37854507508E+30 1.00196881914E+00 3.62953745233E+36
 6.10177649423E+12 5.40785815060E+30 1.00197417688E+00 3.63941450432E+36
 6.11839766346E+12 5.43733098241E+30 1.00197954920E+00 3.64931843472E+36
 6.13506415331E+12 5.46696444118E+30 1.00198493615E+00 3.65924931666E+36
 6.15177608762E+12 5.49675940233E+30 1.00199033775E+00 3.66920722349E+36
 6.16853359054E+12 5.52671674605E+30 1.00199575405E+00 3.67919222875E+36
 6.18533678656E+12 5.55683735731E+30 1.00200118509E+00 3.68920440618E+36
 6.20218580053E+12 5.58712212593E+30 1.00200663091E+00 3.69924382972E+36
 6.21908075764E+12 5.61757194657E+30 1.00201209155E+00 3.70931057353E+36
 6.23602178340E+12 5.64818771876E+30 1.00201756705E+00 3.71940471194E+36
 6.25300900368E+12 5.67897034693E+30 1.00202305745E+00 3.72952631951E+36
 6.27004254471E+12 5.70992074046E+30 1.00202856279E+00 3.73967547098E+36
 6.28712253304E+12 5.74103981366E+30 1.00203408312E+00 3.74985224132E+36
 6.30424909559E+12 5.77232848583E+30 1.00203961846E+00 3.76005670568E+36
 6.32142235961E+12 5.80378768130E+30 1.00204516887E+00 3.77028893943E+36
 6.33864245271E+12 5.83541832941E+30 1.00205073439E+00 3.78054901813E+36
 6.35590950284E+12 5.86722136458E+30 1.00205631504E+00 3.79083701756E+36
 6.37322363831E+12 5.89919772633E+30 1.00206191089E+00 3.80115301369E+36
 6.39058498778E+12 5.93134835927E+30 1.00206752196E+00 3.81149708273E+36
 6.40799368026E+12 5.96367421319E+30 1.00207314831E+00 3.82186930106E+36
 6.42544984512E+12 5.99617624305E+30 1.00207878996E+00 3.83226974528E+36
 6.44295361209E+12 6.02885540899E+30 1.00208444697E+00 3.84269849220E+36
 6.46050511123E+12 6.06171267642E+30 1.00209011937E+00 3.85315561885E+36
 6.47810447299E+12 6.09474901599E+30 1.00209580720E+00 3.86364120246E+36
 6.49575182815E+12 6.12796540364E+30 1.00210151052E+00 3.87415532046E+36
 6.51344730786E+12 6.16136282063E+30 1.00210722936E+00 3.88469805051E+36
 6.53119104364E+12 6.19494225357E+30 1.00211296375E+00 3.89526947046E+36
 6.54898316736E+12 6.22870469446E+30 1.00211871376E+00 3.90586965840E+36
 6.56682381125E+12 6.26265114068E+30 1.00212447941E+00 3.91649869260E+36
 6.58471310791E+12 6.29678259505E+30 1.00213026075E+00 3.92715665157E+36
 6.60265119029E+12 6.33110006589E+30 1.00213605782E+00 3.93784361401E+36
 6.62063819174E+12 6.36560456698E+30 1.00214187067E+00 3.94855965887E+36
 6.63867424592E+12 6.40029711762E+30 1.00214769934E+00 3.95930486527E+36
 6.65675948691E+12 6.43517874270E+30 1.00215354387E+00 3.97007931258E+36
 6.67489404913E+12 6.47025047267E+30 1.00215940430E+00 3.98088308037E+36
 6.69307806737E+12 6.50551334359E+30 1.00216528069E+00 3.99171624842E+36
 6.71131167680E+12 6.54096839720E+30 1.00217117306E+00 4.00257889675E+36
 6.72959501295E+12 6.57661668088E+30 1.00217708147E+00 4.01347110559E+36
 6.74792821174E+12 6.61245924774E+30 1.00218300595E+00 4.02439295536E+36
 6.76631140944E+12 6.64849715662E+30 1.00218894656E+00 4.03534452674E+36
 6.78474474271E+12 6.68473147213E+30 1.00219490334E+00 4.04632590061E+36
 6.80322834858E+12 6.72116326470E+30 1.00220087632E+00 4.05733715806E+36
 6.82176236445E+12 6.75779361057E+30 1.00220686556E+00 4.06837838042E+36
 6.84034692811E+12 6.79462359186E+30 1.00221287110E+00 4.07944964924E+36
 6.85898217772E+12 6.83165429658E+30 1.00221889298E+00 4.09055104628E+36
 6.87766825182E+12 6.86888681867E+30 1.00222493125E+00 4.10168265352E+36
 6.89640528933E+12 6.90632225804E+30 1.00223098595E+00 4.11284455318E+36
 6.91519342956E+12 6.94396172060E+30 1.00223705713E+00 4.12403682769E+36
 6.93403281219E+12 6.98180631825E+30 1.00224314483E+00 4.13525955971E+36
 6.95292357729E+12 7.01985716900E+30 1.00224924909E+00 4.14651283213E+36
 6.97186586531E+12 7.05811539692E+30 1.00225536997E+00 4.15779672805E+36
 6.99085981709E+12 7.09658213221E+30 1.00226150750E+00 4.16911133081E+36
 7.00990557385E+12 7.13525851125E+30 1.00226766174E+00 4.18045672398E+36
 7.02900327722E+12 7.17414567659E+30 1.00227383272E+00 4.19183299134E+36
 7.04815306918E+12 7.21324477702E+30 1.00228002050E+00 4.20324021690E+36
 7.06735509214E+12 7.25255696757E+30 1.00228622511E+00 4.21467848493E+36
 7.08660948888E+12 7.29208340960E+30 1.00229244661E+00 4.22614787989E+36
 7.10591640257E+12 7.33182527078E+30 1.00229868504E+00 4.23764848648E+36
 7.12527597678E+12 7.37178372514E+30 1.00230494045E+00 4.24918038965E+36
 7.14468835547E+12 7.41195995310E+30 1.00231121287E+00 4.26074367457E+36
 7.16415368301E+12 7.45235514155E+30 1.00231750237E+00 4.27233842662E+36
 7.18367210413E+12 7.49297048381E+30 1.00232380899E+00 4.28396473145E+36
 7.20324376401E+12 7.53380717972E+30 1.00233013276E+00 4.29562267491E+36
 7.22286880818E+12 7.57486643567E+30 1.00233647375E+00 4.30731234311E+36
 7.24254738260E+12 7.61614946459E+30 1.00234283199E+00 4.31903382237E+36
 7.26227963362E+12 7.65765748606E+30 1.00234920753E+00 4.33078719927E+36
 7.28206570799E+12 7.69939172628E+30 1.00235560043E+00 4.34257256061E+36
 7.30190575287E+12 7.74135341815E+30 1.00236201072E+00 4.35438999342E+36
 7.32179991582E+12 7.78354380128E+30 1.00236843845E+00 4.36623958499E+36
 7.34174834480E+12 7.82596412204E+30 1.00237488368E+00 4.37812142283E+36
 7.36175118819E+12 7.86861563358E+30 1.00238134644E+00 4.39003559468E+36
 7.38180859476E+12 7.91149959590E+30 1.00238782679E+00 4.40198218854E+36
 7.40192071371E+12 7.95461727585E+30 1.00239432478E+00 4.41396129264E+36
 7.42208769463E+12 7.99796994720E+30 1.00240084045E+00 4.42597299545E+36
 7.44230968753E+12 8.04155889064E+30 1.00240737385E+00 4.43801738567E+36
 7.46258684284E+12 8.08538539387E+30 1.00241392503E+00 4.45009455227E+36
 7.48291931138E+12 8.12945075157E+30 1.00242049404E+00 4.46220458444E+36
 7.50330724441E+12 8.17375626552E+30 1.00242708093E+00 4.47434757161E+36
 7.52375079359E+12 8.21830324456E+30 1.00243368574E+00 4.48652360346E+36
 7.54425011101E+12 8.26309300467E+30 1.00244030852E+00 4.49873276992E+36
 7.56480534915E+12 8.30812686902E+30 1.00244694933E+00 4.51097516116E+36
 7.58541666095E+12 8.35340616797E+30 1.00245360821E+00 4.52325086758E+36
 7.60608419973E+12 8.39893223914E+30 1.00246028520E+00 4.53555997986E+36
 7.62680811926E+12 8.44470642744E+30 1.00246698037E+00 4.54790258890E+36
 7.64758857372E+12 8.49073008510E+30 1.00247369376E+00 4.56027878585E+36
 7.66842571772E+12 8.53700457174E+30 1.00248042542E+00 4.57268866212E+36
 7.68931970628E+12 8.58353125438E+30 1.00248717539E+00 4.58513230936E+36
 7.71027069487E+12 8.63031150748E+30 1.00249394374E+00 4.59760981947E+36
 7.73127883936E+12 8.67734671300E+30 1.00250073050E+00 4.61012128459E+36
 7.75234429607E+12 8.72463826043E+30 1.00250753573E+00 4.62266679714E+36
 7.77346722174E+12 8.77218754684E+30 1.00251435949E+00 4.63524644976E+36
 7.79464777354E+12 8.81999597690E+30 1.00252120181E+00 4.64786033537E+36
 7.81588610909E+12 8.86806496295E+30 1.00252806275E+00 4.66050854711E+36
 7.83718238641E+12 8.91639592502E+30 1.00253494236E+00 4.67319117840E+36
 7.85853676397E+12 8.96499029087E+30 1.00254184069E+00 4.68590832290E+36
 7.87994940070E+12 9.01384949606E+30 1.00254875780E+00 4.69866007454E+36
 7.90142045592E+12 9.06297498397E+30 1.00255569372E+00 4.71144652750E+36
 7.92295008943E+12 9.11236820583E+30 1.00256264853E+00 4.72426777620E+36
 7.94453846144E+12 9.16203062079E+30 1.00256962226E+00 4.73712391533E+36
 7.96618573262E+12 9.21196369596E+30 1.00257661497E+00 4.75001503985E+36
 7.98789206407E+12 9.26216890643E+30 1.00258362670E+00 4.76294124496E+36
 8.00965761734E+12 9.31264773534E+30 1.00259065752E+00 4.77590262611E+36
 8.03148255441E+12 9.36340167392E+30 1.00259770747E+00 4.78889927905E+36
 8.05336703774E+12 9.41443222151E+30 1.00260477660E+00 4.80193129974E+36
 8.07531123019E+12 9.46574088563E+30 1.00261186498E+00 4.81499878445E+36
 8.09731529509E+12 9.51732918202E+30 1.00261897264E+00 4.82810182967E+36
 8.11937939624E+12 9.56919863467E+30 1.00262609964E+00 4.84124053218E+36
 8.14150369786E+12 9.62135077588E+30 1.00263324604E+00 4.85441498901E+36
 8.16368836462E+12 9.67378714631E+30 1.00264041189E+00 4.86762529746E+36
 8.18593356167E+12 9.72650929500E+30 1.00264759724E+00 4.88087155509E+36
 8.20823945460E+12 9.77951877946E+30 1.00265480214E+00 4.89415385973E+36
 8.23060620944E+12 9.83281716565E+30 1.00266202664E+00 4.90747230948E+36
 8.25303399270E+12 9.88640602809E+30 1.00266927081E+00 4.92082700269E+36
 8.27552297134E+12 9.94028694988E+30 1.00267653469E+00 4.93421803800E+36
 8.29807331276E+12 9.99446152275E+30 1.00268381834E+00 4.94764551430E+36
 8.32068518487E+12 1.00489313471E+31 1.00269112181E+00 4.96110953077E+36
 8.34335875598E+12 1.01036980320E+31 1.00269844515E+00 4.97461018683E+36
 8.36609419490E+12 1.01587631954E+31 1.00270578842E+00 4.98814758220E+36
 8.38889167091E+12 1.02141284640E+31 1.00271315168E+00 5.00172181685E+36
 8.41175135373E+12 1.02697954734E+31 1.00272053497E+00 5.01533299103E+36
 8.43467341357E+12 1.03257658680E+31 1.00272793836E+00 5.02898120527E+36
 8.45765802108E+12 1.03820413013E+31 1.00273536189E+00 5.04266656037E+36
 8.48070534741E+12 1.04386234358E+31 1.00274280563E+00 5.05638915739E+36
 8.50381556417E+12 1.04955139430E+31 1.00275026962E+00 5.07014909768E+36
 8.52698884343E+12 1.05527145035E+31 1.00275775392E+00 5.08394648287E+36
 8.55022535775E+12 1.06102268070E+31 1.00276525859E+00 5.09778141485E+36
 8.57352528016E+12 1.06680525527E+31 1.00277278368E+00 5.11165399580E+36
 8.59688878416E+12 1.07261934488E+31 1.00278032925E+00 5.12556432817E+36
 8.62031604372E+12 1.07846512128E+31 1.00278789535E+00 5.13951251470E+36
 8.64380723332E+12 1.08434275716E+31 1.00279548205E+00 5.15349865839E+36
 8.66736252789E+12 1.09025242617E+31 1.00280308939E+00 5.16752286255E+36
 8.69098210285E+12 1.09619430288E+31 1.00281071743E+00 5.18158523074E+36
 8.71466613411E+12 1.10216856282E+31 1.00281836623E+00 5.19568586682E+36
 8.73841479806E+12 1.10817538249E+31 1.00282603584E+00 5.20982487493E+36
 8.76222827156E+12 1.11421493932E+31 1.00283372632E+00 5.22400235950E+36
 8.78610673198E+12 1.12028741175E+31 1.00284143774E+00 5.23821842521E+36
 8.81005035716E+12 1.12639297916E+31 1.00284917013E+00 5.25247317708E+36
 8.83405932545E+12 1.13253182191E+31 1.00285692358E+00 5.26676672037E+36
 8.85813381567E+12 1.13870412137E+31 1.00286469811E+00 5.28109916064E+36
 8.88227400714E+12 1.14491005986E+31 1.00287249381E+00 5.29547060376E+36
 8.90648007967E+12 1.15114982072E+31 1.00288031072E+00 5.30988115584E+36
 8.93075221359E+12 1.15742358828E+31 1.00288814891E+00 5.32433092334E+36
 8.95509058968E+12 1.16373154788E+31 1.00289600842E+00 5.33882001295E+36
 8.97949538925E+12 1.17007388587E+31 1.00290388932E+00 5.35334853168E+36
 9.00396679411E+12 1.17645078961E+31 1.00291179167E+00 5.36791658684E+36
 9.02850498656E+12 1.18286244748E+31 1.00291971552E+00 5.38252428602E+36
 9.05311014940E+12 1.18930904888E+31 1.00292766093E+00 5.39717173710E+36
 9.07778246593E+12 1.19579078428E+31 1.00293562797E+00 5.41185904825E+36
 9.10252211998E+12 1.20230784513E+31 1.00294361669E+00 5.42658632794E+36
 9.12732929585E+12 1.20886042397E+31 1.00295162715E+00 5.44135368495E+36
 9.15220417838E+12 1.21544871438E+31 1.00295965940E+00 5.45616122834E+36
 9.17714695290E+12 1.22207291097E+31 1.00296771352E+00 5.47100906746E+36
 9.20215780524E+12 1.22873320944E+31 1.00297578955E+00 5.48589731197E+36
 9.22723692178E+12 1.23542980654E+31 1.00298388756E+00 5.50082607182E+36
 9.25238448937E+12 1.24216290011E+31 1.00299200760E+00 5.51579545728E+36
 9.27760069541E+12 1.24893268904E+31 1.00300014975E+00 5.53080557889E+36
 9.30288572778E+12 1.25573937332E+31 1.00300831405E+00 5.54585654751E+36
 9.32823977492E+12 1.26258315404E+31 1.00301650057E+00 5.56094847429E+36
 9.35366302575E+12 1.26946423337E+31 1.00302470936E+00 5.57608147071E+36
 9.37915566972E+12 1.27638281459E+31 1.00303294050E+00 5.59125564851E+36
 9.40471789683E+12 1.28333910208E+31 1.00304119403E+00 5.60647111976E+36
 9.43034989757E+12 1.29033330135E+31 1.00304947003E+00 5.62172799685E+36
 9.45605186296E+12 1.29736561901E+31 1.00305776854E+00 5.63702639244E+36
 9.48182398456E+12 1.30443626281E+31 1.00306608964E+00 5.65236641951E+36
 9.50766645445E+12 1.31154544162E+31 1.00307443338E+00 5.66774819137E+36
 9.53357946523E+12 1.31869336546E+31 1.00308279983E+00 5.68317182161E+36
 9.55956321004E+12 1.32588024550E+31 1.00309118905E+00 5.69863742414E+36
 9.58561788257E+12 1.33310629403E+31 1.00309960109E+00 5.71414511318E+36
 9.61174367700E+12 1.34037172454E+31 1.00310803603E+00 5.72969500325E+36
 9.63794078808E+12 1.34767675165E+31 1.00311649392E+00 5.74528720921E+36
 9.66420941109E+12 1.35502159117E+31 1.00312497483E+00 5.76092184620E+36
 9.69054974184E+12 1.36240646006E+31 1.00313347882E+00 5.77659902970E+36
 9.71696197668E+12 1.36983157650E+31 1.00314200595E+00 5.79231887547E+36
 9.74344631251E+12 1.37729715983E+31 1.00315055628E+00 5.80808149963E+36
 9.77000294677E+12 1.38480343060E+31 1.00315912988E+00 5.82388701858E+36
 9.79663207743E+12 1.39235061055E+31 1.00316772681E+00 5.83973554906E+36
 9.82333390302E+12 1.39993892264E+31 1.00317634714E+00 5.85562720810E+36
 9.85010862262E+12 1.40756859103E+31 1.00318499093E+00 5.87156211308E+36
 9.87695643585E+12 1.41523984112E+31 1.00319365824E+00 5.88754038168E+36
 9.90387754287E+12 1.42295289954E+31 1.00320234913E+00 5.90356213191E+36
 9.93087214442E+12 1.43070799413E+31 1.00321106368E+00 5.91962748208E+36
 9.95794044176E+12 1.43850535399E+31 1.00321980194E+00 5.93573655086E+36
 9.98508263674E+12 1.44634520947E+31 1.00322856398E+00 5.95188945721E+36
 1.00122989317E+13 1.45422779217E+31 1.00323734986E+00 5.96808632043E+36
 1.00395895297E+13 1.46215333495E+31 1.00324615965E+00 5.98432726014E+36
 1.00669546341E+13 1.47012207195E+31 1.00325499342E+00 6.00061239628E+36
 1.00943944491E+13 1.47813423857E+31 1.00326385123E+00 6.01694184912E+36
 1.01219091792E+13 1.48619007151E+31 1.00327273314E+00 6.03331573926E+36
 1.01494990297E+13 1.49428980874E+31 1.00328163922E+00 6.04973418764E+36
 1.01771642063E+13 1.50243368955E+31 1.00329056954E+00 6.06619731550E+36
 1.02049049153E+13 1.51062195452E+31 1.00329952416E+00 6.08270524443E+36
 1.02327213637E+13 1.51885484553E+31 1.00330850314E+00 6.09925809635E+36
 1.02606137588E+13 1.52713260582E+31 1.00331750656E+00 6.11585599351E+36
 1.02885823088E+13 1.53545547990E+31 1.00332653449E+00 6.13249905849E+36
 1.03166272223E+13 1.54382371365E+31 1.00333558698E+00 6.14918741421E+36
 1.03447487083E+13 1.55223755429E+31 1.00334466410E+00 6.16592118391E+36
 1.03729469768E+13 1.56069725036E+31 1.00335376593E+00 6.18270049117E+36
 1.04012222379E+13 1.56920305179E+31 1.00336289253E+00 6.19952545993E+36
 1.04295747028E+13 1.57775520984E+31 1.00337204396E+00 6.21639621444E+36
 1.04580045827E+13 1.58635397716E+31 1.00338122029E+00 6.23331287930E+36
 1.04865120899E+13 1.59499960777E+31 1.00339042160E+00 6.25027557943E+36
 1.05150974370E+13 1.60369235707E+31 1.00339964795E+00 6.26728444012E+36
 1.05437608373E+13 1.61243248187E+31 1.00340889940E+00 6.28433958699E+36
 1.05725025046E+13 1.62122024035E+31 1.00341817603E+00 6.30144114599E+36
 1.06013226533E+13 1.63005589213E+31 1.00342747791E+00 6.31858924342E+36
 1.06302214985E+13 1.63893969822E+31 1.00343680509E+00 6.33578400593E+36
 1.06591992557E+13 1.64787192105E+31 1.00344615766E+00 6.35302556051E+36
 1.06882561413E+13 1.65685282451E+31 1.00345553568E+00 6.37031403450E+36
 1.07173923719E+13 1.66588267391E+31 1.00346493923E+00 6.38764955556E+36
 1.07466081651E+13 1.67496173598E+31 1.00347436836E+00 6.40503225174E+36
 1.07759037388E+13 1.68409027896E+31 1.00348382315E+00 6.42246225142E+36
 1.08052793116E+13 1.69326857250E+31 1.00349330367E+00 6.43993968331E+36
 1.08347351028E+13 1.70249688775E+31 1.00350280999E+00 6.45746467650E+36
 1.08642713321E+13 1.71177549733E+31 1.00351234218E+00 6.47503736041E+36
 1.08938882200E+13 1.72110467534E+31 1.00352190031E+00 6.49265786482E+36
 1.09235859875E+13 1.73048469738E+31 1.00353148444E+00 6.51032631988E+36
 1.09533648562E+13 1.73991584054E+31 1.00354109466E+00 6.52804285606E+36
 1.09832250485E+13 1.74939838345E+31 1.00355073104E+00 6.54580760421E+36
 1.10131667872E+13 1.75893260622E+31 1.00356039363E+00 6.56362069552E+36
 1.10431902956E+13 1.76851879051E+31 1.00357008253E+00 6.58148226157E+36
 1.10732957981E+13 1.77815721952E+31 1.00357979778E+00 6.59939243425E+36
 1.11034835192E+13 1.78784817798E+31 1.00358953948E+00 6.61735134584E+36
 1.11337536843E+13 1.79759195216E+31 1.00359930768E+00 6.63535912898E+36
 1.11641065194E+13 1.80738882993E+31 1.00360910247E+00 6.65341591666E+36
 1.11945422510E+13 1.81723910068E+31 1.00361892391E+00 6.67152184224E+36
 1.12250611064E+13 1.82714305543E+31 1.00362877208E+00 6.68967703943E+36
 1.12556633133E+13 1.83710098673E+31 1.00363864705E+00 6.70788164231E+36
 1.12863491003E+13 1.84711318877E+31 1.00364854889E+00 6.72613578534E+36
 1.13171186965E+13 1.85717995732E+31 1.00365847768E+00 6.74443960333E+36
 1.13479723315E+13 1.86730158977E+31 1.00366843349E+00 6.76279323145E+36
 1.13789102357E+13 1.87747838512E+31 1.00367841639E+00 6.78119680526E+36
 1.14099326402E+13 1.88771064401E+31 1.00368842646E+00 6.79965046068E+36
 1.14410397765E+13 1.89799866873E+31 1.00369846376E+00 6.81815433398E+36
 1.14722318770E+13 1.90834276319E+31 1.00370852838E+00 6.83670856184E+36
 1.15035091745E+13 1.91874323298E+31 1.00371862039E+00 6.85531328127E+36
 1.15348719026E+13 1.92920038533E+31 1.00372873987E+00 6.87396862968E+36
 1.15663202955E+13 1.93971452918E+31 1.00373888688E+00 6.89267474485E+36
 1.15978545881E+13 1.95028597511E+31 1.00374906150E+00 6.91143176493E+36
 1.16294750158E+13 1.96091503544E+31 1.00375926381E+00 6.93023982844E+36
 1.16611818148E+13 1.97160202416E+31 1.00376949389E+00 6.94909907430E+36
 1.16929752220E+13 1.98234725697E+31 1.00377975180E+00 6.96800964178E+36
 1.17248554747E+13 1.99315105132E+31 1.00379003763E+00 6.98697167054E+36
 1.17568228111E+13 2.00401372635E+31 1.00380035146E+00 7.00598530062E+36
 1.17888774699E+13 2.01493560297E+31 1.00381069334E+00 7.02505067246E+36
 1.18210196906E+13 2.02591700383E+31 1.00382106337E+00 7.04416792685E+36
 1.18532497132E+13 2.03695825333E+31 1.00383146163E+00 7.06333720498E+36
 1.18855677786E+13 2.04805967765E+31 1.00384188817E+00 7.08255864842E+36
 1.19179741281E+13 2.05922160475E+31 1.00385234309E+00 7.10183239913E+36
 1.19504690038E+13 2.07044436436E+31 1.00386282647E+00 7.12115859946E+36
 1.19830526485E+13 2.08172828801E+31 1.00387333837E+00 7.14053739213E+36
 1.20157253055E+13 2.09307370907E+31 1.00388387888E+00 7.15996892026E+36
 1.20484872190E+13 2.10448096267E+31 1.00389444807E+00 7.17945332737E+36
 1.20813386338E+13 2.11595038582E+31 1.00390504602E+00 7.19899075735E+36
 1.21142797953E+13 2.12748231734E+31 1.00391567281E+00 7.21858135450E+36
 1.21473109496E+13 2.13907709789E+31 1.00392632852E+00 7.23822526349E+36
 1.21804323436E+13 2.15073507001E+31 1.00393701323E+00 7.25792262941E+36
 1.22136442247E+13 2.16245657809E+31 1.00394772702E+00 7.27767359772E+36
 1.22469468410E+13 2.17424196839E+31 1.00395846996E+00 7.29747831430E+36
 1.22803404415E+13 2.18609158909E+31 1.00396924213E+00 7.31733692541E+36
 1.23138252758E+13 2.19800579022E+31 1.00398004362E+00 7.33724957771E+36
 1.23474015939E+13 2.20998492377E+31 1.00399087451E+00 7.35721641827E+36
 1.23810696469E+13 2.22202934360E+31 1.00400173486E+00 7.37723759455E+36
 1.24148296864E+13 2.23413940553E+31 1.00401262478E+00 7.39731325440E+36
 1.24486819646E+13 2.24631546731E+31 1.00402354432E+00 7.41744354611E+36
 1.24826267347E+13 2.25855788864E+31 1.00403449358E+00 7.43762861833E+36
 1.25166642503E+13 2.27086703118E+31 1.00404547264E+00 7.45786862014E+36
 1.25507947658E+13 2.28324325855E+31 1.00405648158E+00 7.47816370102E+36
 1.25850185363E+13 2.29568693637E+31 1.00406752047E+00 7.49851401086E+36
 1.26193358178E+13 2.30819843225E+31 1.00407858941E+00 7.51891969996E+36
 1.26537468666E+13 2.32077811580E+31 1.00408968846E+00 7.53938091900E+36
 1.26882519401E+13 2.33342635863E+31 1.00410081772E+00 7.55989781912E+36
 1.27228512961E+13 2.34614353439E+31 1.00411197727E+00 7.58047055183E+36
 1.27575451934E+13 2.35893001877E+31 1.00412316718E+00 7.60109926907E+36
 1.27923338914E+13 2.37178618951E+31 1.00413438755E+00 7.62178412319E+36
 1.28272176501E+13 2.38471242639E+31 1.00414563845E+00 7.64252526696E+36
 1.28621967303E+13 2.39770911127E+31 1.00415691996E+00 7.66332285356E+36
 1.28972713936E+13 2.41077662809E+31 1.00416823218E+00 7.68417703658E+36
 1.29324419022E+13 2.42391536289E+31 1.00417957518E+00 7.70508797004E+36
 1.29677085192E+13 2.43712570381E+31 1.00419094905E+00 7.72605580837E+36
 1.30030715082E+13 2.45040804110E+31 1.00420235387E+00 7.74708070644E+36
 1.30385311337E+13 2.46376276714E+31 1.00421378973E+00 7.76816281952E+36
 1.30740876609E+13 2.47719027645E+31 1.00422525670E+00 7.78930230330E+36
 1.31097413556E+13 2.49069096570E+31 1.00423675488E+00 7.81049931391E+36
 1.31454924846E+13 2.50426523371E+31 1.00424828436E+00 7.83175400789E+36
 1.31813413151E+13 2.51791348150E+31 1.00425984520E+00 7.85306654223E+36
 1.32172881154E+13 2.53163611225E+31 1.00427143751E+00 7.87443707432E+36
 1.32533331542E+13 2.54543353135E+31 1.00428306136E+00 7.89586576199E+36
 1.32894767012E+13 2.55930614640E+31 1.00429471685E+00 7.91735276349E+36
 1.33257190267E+13 2.57325436721E+31 1.00430640405E+00 7.93889823753E+36
 1.33620604019E+13 2.58727860584E+31 1.00431812306E+00 7.96050234321E+36
 1.33985010986E+13 2.60137927658E+31 1.00432987396E+00 7.98216524010E+36
 1.34350413894E+13 2.61555679599E+31 1.00434165683E+00 8.00388708818E+36
 1.34716815476E+13 2.62981158290E+31 1.00435347177E+00 8.02566804788E+36
 1.35084218474E+13 2.64414405840E+31 1.00436531887E+00 8.04750828005E+36
 1.35452625636E+13 2.65855464591E+31 1.00437719820E+00 8.06940794600E+36
 1.35822039719E+13 2.67304377114E+31 1.00438910986E+00 8.09136720745E+36
 1.36192463487E+13 2.68761186211E+31 1.00440105393E+00 8.11338622660E+36
 1.36563899711E+13 2.70225934918E+31 1.00441303051E+00 8.13546516605E+36
 1.36936351171E+13 2.71698666508E+31 1.00442503968E+00 8.15760418887E+36
 1.37309820654E+13 2.73179424486E+31 1.00443708153E+00 8.17980345856E+36
 1.37684310954E+13 2.74668252597E+31 1.00444915615E+00 8.20206313908E+36
 1.38059824873E+13 2.76165194822E+31 1.00446126363E+00 8.22438339481E+36
 1.38436365223E+13 2.77670295383E+31 1.00447340406E+00 8.24676439060E+36
 1.38813934821E+13 2.79183598744E+31 1.00448557752E+00 8.26920629175E+36
 1.39192536492E+13 2.80705149610E+31 1.00449778411E+00 8.29170926399E+36
 1.39572173071E+13 2.82234992929E+31 1.00451002392E+00 8.31427347352E+36
 1.39952847399E+13 2.83773173896E+31 1.00452229704E+00 8.33689908697E+36
 1.40334562325E+13 2.85319737950E+31 1.00453460356E+00 8.35958627146E+36
 1.40717320707E+13 2.86874730780E+31 1.00454694356E+00 8.38233519454E+36
 1.41101125409E+13 2.88438198322E+31 1.00455931715E+00 8.40514602420E+36
 1.41485979305E+13 2.90010186764E+31 1.00457172441E+00 8.42801892893E+36
 1.41871885276E+13 2.91590742544E+31 1.00458416543E+00 8.45095407764E+36
 1.42258846210E+13 2.93179912354E+31 1.00459664031E+00 8.47395163971E+36
 1.42646865005E+13 2.94777743142E+31 1.00460914914E+00 8.49701178500E+36
 1.43035944566E+13 2.96384282108E+31 1.00462169200E+00 8.52013468381E+36
 1.43426087806E+13 2.97999576714E+31 1.00463426900E+00 8.54332050691E+36
 1.43817297646E+13 2.99623674676E+31 1.00464688023E+00 8.56656942554E+36
 1.44209577016E+13 3.01256623974E+31 1.00465952577E+00 8.58988161140E+36
 1.44602928852E+13 3.02898472847E+31 1.00467220573E+00 8.61325723666E+36
 1.44997356100E+13 3.04549269798E+31 1.00468492019E+00 8.63669647395E+36
 1.45392861714E+13 3.06209063594E+31 1.00469766926E+00 8.66019949639E+36
 1.45789448657E+13 3.07877903268E+31 1.00471045301E+00 8.68376647754E+36
 1.46187119897E+13 3.09555838119E+31 1.00472327156E+00 8.70739759147E+36
 1.46585878413E+13 3.11242917717E+31 1.00473612499E+00 8.73109301270E+36
 1.46985727192E+13 3.12939191900E+31 1.00474901339E+00 8.75485291622E+36
 1.47386669228E+13 3.14644710778E+31 1.00476193687E+00 8.77867747751E+36
 1.47788707526E+13 3.16359524737E+31 1.00477489552E+00 8.80256687253E+36
 1.48191845095E+13 3.18083684432E+31 1.00478788943E+00 8.82652127770E+36
 1.48596084957E+13 3.19817240800E+31 1.00480091871E+00 8.85054086994E+36
 1.49001430139E+13 3.21560245052E+31 1.00481398343E+00 8.87462582665E+36
 1.49407883678E+13 3.23312748678E+31 1.00482708372E+00 8.89877632569E+36
 1.49815448618E+13 3.25074803451E+31 1.00484021965E+00 8.92299254543E+36
 1.50224128014E+13 3.26846461424E+31 1.00485339133E+00 8.94727466471E+36
 1.50633924927E+13 3.28627774934E+31 1.00486659885E+00 8.97162286287E+36
 1.51044842428E+13 3.30418796604E+31 1.00487984231E+00 8.99603731972E+36
 1.51456883595E+13 3.32219579345E+31 1.00489312182E+00 9.02051821558E+36
 1.51870051517E+13 3.34030176353E+31 1.00490643746E+00 9.04506573125E+36
 1.52284349288E+13 3.35850641116E+31 1.00491978934E+00 9.06968004802E+36
 1.52699780014E+13 3.37681027413E+31 1.00493317755E+00 9.09436134767E+36
 1.53116346808E+13 3.39521389318E+31 1.00494660219E+00 9.11910981248E+36
 1.53534052792E+13 3.41371781197E+31 1.00496006337E+00 9.14392562523E+36
 1.53952901096E+13 3.43232257713E+31 1.00497356118E+00 9.16880896920E+36
 1.54372894860E+13 3.45102873828E+31 1.00498709572E+00 9.19376002816E+36
 1.54794037231E+13 3.46983684803E+31 1.00500066709E+00 9.21877898638E+36
 1.55216331366E+13 3.48874746199E+31 1.00501427540E+00 9.24386602863E+36
 1.55639780430E+13 3.50776113881E+31 1.00502792073E+00 9.26902134019E+36
 1.56064387599E+13 3.52687844019E+31 1.00504160320E+00 9.29424510684E+36
 1.56490156054E+13 3.54609993087E+31 1.00505532290E+00 9.31953751487E+36
 1.56917088987E+13 3.56542617870E+31 1.00506907994E+00 9.34489875108E+36
 1.57345189600E+13 3.58485775460E+31 1.00508287442E+00 9.37032900276E+36
 1.57774461102E+13 3.60439523261E+31 1.00509670643E+00 9.39582845772E+36
 1.58204906711E+13 3.62403918988E+31 1.00511057609E+00 9.42139730430E+36
 1.58636529654E+13 3.64379020675E+31 1.00512448349E+00 9.44703573131E+36
 1.59069333169E+13 3.66364886667E+31 1.00513842873E+00 9.47274392812E+36
 1.59503320501E+13 3.68361575630E+31 1.00515241193E+00 9.49852208459E+36
 1.59938494903E+13 3.70369146551E+31 1.00516643317E+00 9.52437039110E+36
 1.60374859639E+13 3.72387658734E+31 1.00518049258E+00 9.55028903854E+36
 1.60812417983E+13 3.74417171811E+31 1.00519459024E+00 9.57627821834E+36
 1.61251173214E+13 3.76457745736E+31 1.00520872627E+00 9.60233812244E+36
 1.61691128625E+13 3.78509440791E+31 1.00522290076E+00 9.62846894329E+36
 1.62132287514E+13 3.80572317585E+31 1.00523711383E+00 9.65467087389E+36
 1.62574653191E+13 3.82646437060E+31 1.00525136558E+00 9.68094410774E+36
 1.63018228974E+13 3.84731860488E+31 1.00526565611E+00 9.70728883888E+36
 1.63463018190E+13 3.86828649476E+31 1.00527998552E+00 9.73370526188E+36
 1.63909024176E+13 3.88936865965E+31 1.00529435394E+00 9.76019357183E+36
 1.64356250278E+13 3.91056572236E+31 1.00530876145E+00 9.78675396436E+36
 1.64804699852E+13 3.93187830909E+31 1.00532320817E+00 9.81338663562E+36
 1.65254376260E+13 3.95330704943E+31 1.00533769420E+00 9.84009178231E+36
 1.65705282878E+13 3.97485257642E+31 1.00535221966E+00 9.86686960166E+36
 1.66157423088E+13 3.99651552656E+31 1.00536678464E+00 9.89372029143E+36
 1.66610800284E+13 4.01829653979E+31 1.00538138926E+00 9.92064404991E+36
 1.67065417867E+13 4.04019625957E+31 1.00539603362E+00 9.94764107596E+36
 1.67521279249E+13 4.06221533283E+31 1.00541071784E+00 9.97471156895E+36
 1.67978387850E+13 4.08435441007E+31 1.00542544201E+00 1.00018557288E+37
 1.68436747101E+13 4.10661414530E+31 1.00544020625E+00 1.00290737560E+37
 1.68896360443E+13 4.12899519610E+31 1.00545501067E+00 1.00563658516E+37
 1.69357231325E+13 4.15149822366E+31 1.00546985538E+00 1.00837322171E+37
 1.69819363206E+13 4.17412389273E+31 1.00548474049E+00 1.01111730546E+37
 1.70282759554E+13 4.19687287172E+31 1.00549966610E+00 1.01386885668E+37
 1.70747423849E+13 4.21974583267E+31 1.00551463233E+00 1.01662789569E+37
 1.71213359578E+13 4.24274345127E+31 1.00552963929E+00 1.01939444286E+37
 1.71680570239E+13 4.26586640692E+31 1.00554468708E+00 1.02216851864E+37
 1.72149059340E+13 4.28911538269E+31 1.00555977582E+00 1.02495014350E+37
 1.72618830398E+13 4.31249106540E+31 1.00557490563E+00 1.02773933799E+37
 1.73089886939E+13 4.33599414561E+31 1.00559007661E+00 1.03053612271E+37
 1.73562232502E+13 4.35962531763E+31 1.00560528887E+00 1.03334051831E+37
 1.74035870632E+13 4.38338527955E+31 1.00562054253E+00 1.03615254551E+37
 1.74510804886E+13 4.40727473329E+31 1.00563583770E+00 1.03897222507E+37
 1.74987038831E+13 4.43129438457E+31 1.00565117449E+00 1.04179957782E+37
 1.75464576043E+13 4.45544494297E+31 1.00566655302E+00 1.04463462463E+37
 1.75943420107E+13 4.47972712194E+31 1.00568197340E+00 1.04747738646E+37
 1.76423574622E+13 4.50414163880E+31 1.00569743574E+00 1.05032788428E+37
 1.76905043192E+13 4.52868921481E+31 1.00571294016E+00 1.05318613916E+37
 1.77387829435E+13 4.55337057512E+31 1.00572848677E+00 1.05605217220E+37
 1.77871936976E+13 4.57818644888E+31 1.00574407569E+00 1.05892600457E+37
 1.78357369452E+13 4.60313756916E+31 1.00575970703E+00 1.06180765750E+37
 1.78844130510E+13 4.62822467308E+31 1.00577538090E+00 1.06469715225E+37
 1.79332223806E+13 4.65344850173E+31 1.00579109744E+00 1.06759451019E+37
 1.79821653008E+13 4.67880980027E+31 1.00580685674E+00 1.07049975270E+37
 1.80312421792E+13 4.70430931791E+31 1.00582265892E+00 1.07341290124E+37
 1.80804533846E+13 4.72994780795E+31 1.00583850411E+00 1.07633397732E+37
 1.81297992868E+13 4.75572602778E+31 1.00585439242E+00 1.07926300252E+37
 1.81792802565E+13 4.78164473893E+31 1.00587032396E+00 1.08219999847E+37
 1.82288966656E+13 4.80770470708E+31 1.00588629886E+00 1.08514498686E+37
 1.82786488868E+13 4.83390670209E+31 1.00590231723E+00 1.08809798944E+37
 1.83285372943E+13 4.86025149798E+31 1.00591837920E+00 1.09105902802E+37
 1.83785622627E+13 4.88673987304E+31 1.00593448487E+00 1.09402812446E+37
 1.84287241682E+13 4.91337260977E+31 1.00595063437E+00 1.09700530071E+37
 1.84790233878E+13 4.94015049494E+31 1.00596682782E+00 1.09999057873E+37
 1.85294602996E+13 4.96707431960E+31 1.00598306533E+00 1.10298398059E+37
 1.85800352826E+13 4.99414487913E+31 1.00599934703E+00 1.10598552838E+37
 1.86307487171E+13 5.02136297324E+31 1.00601567304E+00 1.10899524428E+37
 1.86816009843E+13 5.04872940599E+31 1.00603204348E+00 1.11201315051E+37
 1.87325924666E+13 5.07624498581E+31 1.00604845847E+00 1.11503926936E+37
 1.87837235472E+13 5.10391052558E+31 1.00606491812E+00 1.11807362319E+37
 1.88349946107E+13 5.13172684256E+31 1.00608142257E+00 1.12111623439E+37
 1.88864060426E+13 5.15969475849E+31 1.00609797193E+00 1.12416712544E+37
 1.89379582294E+13 5.18781509959E+31 1.00611456633E+00 1.12722631888E+37
 1.89896515588E+13 5.21608869657E+31 1.00613120588E+00 1.13029383729E+37
 1.90414864195E+13 5.24451638468E+31 1.00614789072E+00 1.13336970334E+37
 1.90934632015E+13 5.27309900372E+31 1.00616462096E+00 1.13645393973E+37
 1.91455822955E+13 5.30183739806E+31 1.00618139673E+00 1.13954656925E+37
 1.91978440936E+13 5.33073241668E+31 1.00619821815E+00 1.14264761473E+37
 1.92502489889E+13 5.35978491317E+31 1.00621508535E+00 1.14575709908E+37
 1.93027973756E+13 5.38899574579E+31 1.00623199845E+00 1.14887504526E+37
 1.93554896490E+13 5.41836577748E+31 1.00624895757E+00 1.15200147630E+37
 1.94083262055E+13 5.44789587586E+31 1.00626596284E+00 1.15513641530E+37
 1.94613074425E+13 5.47758691331E+31 1.00628301439E+00 1.15827988539E+37
 1.95144337586E+13 5.50743976694E+31 1.00630011235E+00 1.16143190980E+37
 1.95677055537E+13 5.53745531865E+31 1.00631725683E+00 1.16459251181E+37
 1.96211232284E+13 5.56763445515E+31 1.00633444796E+00 1.16776171476E+37
 1.96746871849E+13 5.59797806796E+31 1.00635168588E+00 1.17093954206E+37
 1.97283978260E+13 5.62848705350E+31 1.00636897071E+00 1.17412601716E+37
 1.97822555561E+13 5.65916231303E+31 1.00638630258E+00 1.17732116362E+37
 1.98362607804E+13 5.69000475275E+31 1.00640368161E+00 1.18052500502E+37
 1.98904139055E+13 5.72101528380E+31 1.00642110793E+00 1.18373756503E+37
 1.99447153388E+13 5.75219482227E+31 1.00643858168E+00 1.18695886737E+37
 1.99991654891E+13 5.78354428925E+31 1.00645610298E+00 1.19018893583E+37
 2.00537647663E+13 5.81506461086E+31 1.00647367195E+00 1.19342779427E+37
 2.01085135813E+13 5.84675671825E+31 1.00649128874E+00 1.19667546660E+37
 2.01634123464E+13 5.87862154765E+31 1.00650895347E+00 1.19993197682E+37
 2.02184614748E+13 5.91066004040E+31 1.00652666627E+00 1.20319734898E+37
 2.02736613811E+13 5.94287314296E+31 1.00654442727E+00 1.20647160718E+37
 2.03290124807E+13 5.97526180697E+31 1.00656223661E+00 1.20975477562E+37
 2.03845151904E+13 6.00782698922E+31 1.00658009441E+00 1.21304687853E+37
 2.04401699283E+13 6.04056965174E+31 1.00659800080E+00 1.21634794024E+37
 2.04959771134E+13 6.07349076180E+31 1.00661595593E+00 1.21965798512E+37
 2.05519371660E+13 6.10659129195E+31 1.00663395992E+00 1.22297703761E+37
 2.06080505075E+13 6.13987222001E+31 1.00665201290E+00 1.22630512224E+37
 2.06643175605E+13 6.17333452916E+31 1.00667011500E+00 1.22964226357E+37
 2.07207387489E+13 6.20697920793E+31 1.00668826637E+00 1.23298848626E+37
 2.07773144976E+13 6.24080725022E+31 1.00670646714E+00 1.23634381502E+37
 2.08340452329E+13 6.27481965538E+31 1.00672471743E+00 1.23970827463E+37
 2.08909313820E+13 6.30901742818E+31 1.00674301739E+00 1.24308188993E+37
 2.09479733735E+13 6.34340157887E+31 1.00676136715E+00 1.24646468585E+37
 2.10051716372E+13 6.37797312321E+31 1.00677976684E+00 1.24985668736E+37
 2.10625266040E+13 6.41273308250E+31 1.00679821660E+00 1.25325791951E+37
 2.11200387062E+13 6.44768248359E+31 1.00681671657E+00 1.25666840743E+37
 2.11777083769E+13 6.48282235896E+31 1.00683526689E+00 1.26008817631E+37
 2.12355360509E+13 6.51815374668E+31 1.00685386769E+00 1.26351725139E+37
 2.12935221639E+13 6.55367769049E+31 1.00687251910E+00 1.26695565801E+37
 2.13516671529E+13 6.58939523983E+31 1.00689122127E+00 1.27040342155E+37
 2.14099714562E+13 6.62530744985E+31 1.00690997434E+00 1.27386056749E+37
 2.14684355131E+13 6.66141538144E+31 1.00692877843E+00 1.27732712135E+37
 2.15270597645E+13 6.69772010129E+31 1.00694763370E+00 1.28080310873E+37
 2.15858446521E+13 6.73422268190E+31 1.00696654028E+00 1.28428855531E+37
 2.16447906191E+13 6.77092420161E+31 1.00698549831E+00 1.28778348683E+37
 2.17038981100E+13 6.80782574463E+31 1.00700450793E+00 1.29128792910E+37
 2.17631675703E+13 6.84492840109E+31 1.00702356928E+00 1.29480190800E+37
 2.18225994469E+13 6.88223326707E+31 1.00704268251E+00 1.29832544948E+37
 2.18821941880E+13 6.91974144460E+31 1.00706184774E+00 1.30185857957E+37
 2.19419522429E+13 6.95745404173E+31 1.00708106513E+00 1.30540132436E+37
 2.20018740622E+13 6.99537217255E+31 1.00710033482E+00 1.30895371001E+37
 2.20619600979E+13 7.03349695721E+31 1.00711965694E+00 1.31251576276E+37
 2.21222108031E+13 7.07182952199E+31 1.00713903165E+00 1.31608750891E+37
 2.21826266321E+13 7.11037099928E+31 1.00715845908E+00 1.31966897485E+37
 2.22432080408E+13 7.14912252765E+31 1.00717793938E+00 1.32326018702E+37
 2.23039554861E+13 7.18808525189E+31 1.00719747269E+00 1.32686117196E+37
 2.23648694262E+13 7.22726032302E+31 1.00721705916E+00 1.33047195624E+37
 2.24259503207E+13 7.26664889831E+31 1.00723669892E+00 1.33409256654E+37
 2.24871986303E+13 7.30625214138E+31 1.00725639213E+00 1.33772302960E+37
 2.25486148172E+13 7.34607122216E+31 1.00727613894E+00 1.34136337224E+37
 2.26101993448E+13 7.38610731696E+31 1.00729593948E+00 1.34501362133E+37
 2.26719526778E+13 7.42636160852E+31 1.00731579390E+00 1.34867380383E+37
 2.27338752821E+13 7.46683528600E+31 1.00733570235E+00 1.35234394678E+37
 2.27959676251E+13 7.50752954506E+31 1.00735566498E+00 1.35602407728E+37
 2.28582301753E+13 7.54844558787E+31 1.00737568194E+00 1.35971422251E+37
 2.29206634027E+13 7.58958462315E+31 1.00739575337E+00 1.36341440973E+37
 2.29832677786E+13 7.63094786621E+31 1.00741587941E+00 1.36712466625E+37
 2.30460437754E+13 7.67253653898E+31 1.00743606023E+00 1.37084501949E+37
 2.31089918671E+13 7.71435187005E+31 1.00745629596E+00 1.37457549692E+37
 2.31721125288E+13 7.75639509472E+31 1.00747658676E+00 1.37831612609E+37
 2.32354062371E+13 7.79866745500E+31 1.00749693278E+00 1.38206693462E+37
 2.32988734698E+13 7.84117019968E+31 1.00751733417E+00 1.38582795022E+37
 2.33625147062E+13 7.88390458436E+31 1.00753779107E+00 1.38959920066E+37
 2.34263304269E+13 7.92687187147E+31 1.00755830365E+00 1.39338071380E+37
 2.34903211136E+13 7.97007333034E+31 1.00757887204E+00 1.39717251756E+37
 2.35544872496E+13 8.01351023720E+31 1.00759949641E+00 1.40097463995E+37
 2.36188293196E+13 8.05718387524E+31 1.00762017690E+00 1.40478710905E+37
 2.36833478096E+13 8.10109553464E+31 1.00764091367E+00 1.40860995301E+37
 2.37480432067E+13 8.14524651263E+31 1.00766170687E+00 1.41244320006E+37
 2.38129159997E+13 8.18963811349E+31 1.00768255666E+00 1.41628687853E+37
 2.38779666787E+13 8.23427164862E+31 1.00770346318E+00 1.42014101678E+37
 2.39431957350E+13 8.27914843655E+31 1.00772442660E+00 1.42400564329E+37
 2.40086036616E+13 8.32426980301E+31 1.00774544706E+00 1.42788078661E+37
 2.40741909525E+13 8.36963708097E+31 1.00776652473E+00 1.43176647534E+37
 2.41399581033E+13 8.41525161063E+31 1.00778765975E+00 1.43566273819E+37
 2.42059056111E+13 8.46111473951E+31 1.00780885230E+00 1.43956960392E+37
 2.42720339741E+13 8.50722782250E+31 1.00783010251E+00 1.44348710141E+37
 2.43383436921E+13 8.55359222182E+31 1.00785141055E+00 1.44741525957E+37
 2.44048352662E+13 8.60020930716E+31 1.00787277657E+00 1.45135410741E+37
 2.44715091991E+13 8.64708045567E+31 1.00789420074E+00 1.45530367404E+37
 2.45383659946E+13 8.69420705197E+31 1.00791568321E+00 1.45926398861E+37
 2.46054061582E+13 8.74159048826E+31 1.00793722414E+00 1.46323508038E+37
 2.46726301966E+13 8.78923216433E+31 1.00795882369E+00 1.46721697867E+37
 2.47400386181E+13 8.83713348757E+31 1.00798048202E+00 1.47120971289E+37
 2.48076319323E+13 8.88529587307E+31 1.00800219929E+00 1.47521331253E+37
 2.48754106503E+13 8.93372074361E+31 1.00802397566E+00 1.47922780716E+37
 2.49433752845E+13 8.98240952974E+31 1.00804581128E+00 1.48325322642E+37
 2.50115263491E+13 9.03136366980E+31 1.00806770633E+00 1.48728960004E+37
 2.50798643592E+13 9.08058460997E+31 1.00808966096E+00 1.49133695784E+37
 2.51483898318E+13 9.13007380431E+31 1.00811167534E+00 1.49539532971E+37
 2.52171032852E+13 9.17983271480E+31 1.00813374962E+00 1.49946474561E+37
 2.52860052391E+13 9.22986281139E+31 1.00815588398E+00 1.50354523561E+37
 2.53550962146E+13 9.28016557206E+31 1.00817807856E+00 1.50763682983E+37
 2.54243767345E+13 9.33074248282E+31 1.00820033355E+00 1.51173955850E+37
 2.54938473229E+13 9.38159503779E+31 1.00822264910E+00 1.51585345192E+37
 2.55635085053E+13 9.43272473923E+31 1.00824502538E+00 1.51997854046E+37
 2.56333608090E+13 9.48413309759E+31 1.00826746254E+00 1.52411485460E+37
 2.57034047623E+13 9.53582163154E+31 1.00828996077E+00 1.52826242488E+37
 2.57736408954E+13 9.58779186806E+31 1.00831252022E+00 1.53242128194E+37
 2.58440697398E+13 9.64004534241E+31 1.00833514107E+00 1.53659145648E+37
 2.59146918285E+13 9.69258359824E+31 1.00835782347E+00 1.54077297931E+37
 2.59855076961E+13 9.74540818762E+31 1.00838056759E+00 1.54496588131E+37
 2.60565178785E+13 9.79852067105E+31 1.00840337361E+00 1.54917019344E+37
 2.61277229133E+13 9.85192261757E+31 1.00842624169E+00 1.55338594676E+37
 2.61991233396E+13 9.90561560475E+31 1.00844917201E+00 1.55761317239E+37
 2.62707196978E+13 9.95960121875E+31 1.00847216472E+00 1.56185190157E+37
 2.63425125301E+13 1.00138810544E+32 1.00849522000E+00 1.56610216559E+37
 2.64145023800E+13 1.00684567152E+32 1.00851833802E+00 1.57036399585E+37
 2.64866897928E+13 1.01233298134E+32 1.00854151896E+00 1.57463742381E+37
 2.65590753149E+13 1.01785019700E+32 1.00856476297E+00 1.57892248104E+37
 2.66316594947E+13 1.02339748150E+32 1.00858807024E+00 1.58321919919E+37
 2.67044428819E+13 1.02897499870E+32 1.00861144094E+00 1.58752760999E+37
 2.67774260277E+13 1.03458291337E+32 1.00863487523E+00 1.59184774526E+37
 2.68506094850E+13 1.04022139118E+32 1.00865837330E+00 1.59617963690E+37
 2.69239938082E+13 1.04589059871E+32 1.00868193531E+00 1.60052331691E+37
 2.69975795532E+13 1.05159070342E+32 1.00870556144E+00 1.60487881737E+37
 2.70713672775E+13 1.05732187370E+32 1.00872925187E+00 1.60924617044E+37
 2.71453575402E+13 1.06308427887E+32 1.00875300676E+00 1.61362540837E+37
 2.72195509020E+13 1.06887808915E+32 1.00877682630E+00 1.61801656352E+37
 2.72939479250E+13 1.07470347570E+32 1.00880071065E+00 1.62241966831E+37
 2.73685491731E+13 1.08056061062E+32 1.00882466001E+00 1.62683475526E+37
 2.74433552118E+13 1.08644966692E+32 1.00884867454E+00 1.63126185697E+37
 2.75183666079E+13 1.09237081859E+32 1.00887275441E+00 1.63570100614E+37
 2.75935839300E+13 1.09832424054E+32 1.00889689982E+00 1.64015223556E+37
 2.76690077484E+13 1.10431010864E+32 1.00892111093E+00 1.64461557811E+37
 2.77446386348E+13 1.11032859973E+32 1.00894538793E+00 1.64909106673E+37
 2.78204771627E+13 1.11637989160E+32 1.00896973100E+00 1.65357873449E+37
 2.78965239070E+13 1.12246416302E+32 1.00899414030E+00 1.65807861454E+37
 2.79727794443E+13 1.12858159373E+32 1.00901861604E+00 1.66259074009E+37
 2.80492443530E+13 1.13473236443E+32 1.00904315838E+00 1.66711514448E+37
 2.81259192129E+13 1.14091665684E+32 1.00906776750E+00 1.67165186113E+37
 2.82028046056E+13 1.14713465366E+32 1.00909244360E+00 1.67620092353E+37
 2.82799011141E+13 1.15338653856E+32 1.00911718684E+00 1.68076236528E+37
 2.83572093233E+13 1.15967249623E+32 1.00914199742E+00 1.68533622008E+37
 2.84347298196E+13 1.16599271239E+32 1.00916687552E+00 1.68992252169E+37
 2.85124631912E+13 1.17234737372E+32 1.00919182132E+00 1.69452130400E+37
 2.85904100277E+13 1.17873666797E+32 1.00921683500E+00 1.69913260097E+37
 2.86685709206E+13 1.18516078388E+32 1.00924191675E+00 1.70375644664E+37
 2.87469464630E+13 1.19161991122E+32 1.00926706676E+00 1.70839287518E+37
 2.88255372497E+13 1.19811424082E+32 1.00929228521E+00 1.71304192082E+37
 2.89043438770E+13 1.20464396451E+32 1.00931757228E+00 1.71770361789E+37
 2.89833669431E+13 1.21120927521E+32 1.00934292817E+00 1.72237800083E+37
 2.90626070478E+13 1.21781036685E+32 1.00936835306E+00 1.72706510416E+37
 2.91420647925E+13 1.22444743445E+32 1.00939384714E+00 1.73176496249E+37
 2.92217407805E+13 1.23112067408E+32 1.00941941059E+00 1.73647761054E+37
 2.93016356166E+13 1.23783028286E+32 1.00944504361E+00 1.74120308311E+37
 2.93817499075E+13 1.24457645903E+32 1.00947074639E+00 1.74594141509E+37
 2.94620842614E+13 1.25135940185E+32 1.00949651911E+00 1.75069264148E+37
 2.95426392884E+13 1.25817931172E+32 1.00952236196E+00 1.75545679738E+37
 2.96234156002E+13 1.26503639011E+32 1.00954827515E+00 1.76023391796E+37
 2.97044138102E+13 1.27193083958E+32 1.00957425885E+00 1.76502403851E+37
 2.97856345337E+13 1.27886286381E+32 1.00960031326E+00 1.76982719441E+37
 2.98670783876E+13 1.28583266757E+32 1.00962643857E+00 1.77464342112E+37
 2.99487459905E+13 1.29284045677E+32 1.00965263497E+00 1.77947275422E+37
 3.00306379630E+13 1.29988643843E+32 1.00967890266E+00 1.78431522937E+37
 3.01127549271E+13 1.30697082070E+32 1.00970524184E+00 1.78917088234E+37
 3.01950975068E+13 1.31409381285E+32 1.00973165269E+00 1.79403974898E+37
 3.02776663278E+13 1.32125562532E+32 1.00975813542E+00 1.79892186526E+37
 3.03604620175E+13 1.32845646967E+32 1.00978469021E+00 1.80381726724E+37
 3.04434852052E+13 1.33569655863E+32 1.00981131726E+00 1.80872599106E+37
 3.05267365218E+13 1.34297610608E+32 1.00983801678E+00 1.81364807297E+37
 3.06102166003E+13 1.35029532708E+32 1.00986478895E+00 1.81858354934E+37
 3.06939260750E+13 1.35765443783E+32 1.00989163398E+00 1.82353245661E+37
 3.07778655824E+13 1.36505365574E+32 1.00991855206E+00 1.82849483133E+37
 3.08620357607E+13 1.37249319940E+32 1.00994554339E+00 1.83347071015E+37
 3.09464372499E+13 1.37997328858E+32 1.00997260818E+00 1.83846012982E+37
 3.10310706916E+13 1.38749414425E+32 1.00999974661E+00 1.84346312718E+37
 3.11159367295E+13 1.39505598859E+32 1.01002695890E+00 1.84847973919E+37
 3.12010360090E+13 1.40265904499E+32 1.01005424524E+00 1.85351000289E+37
 3.12863691774E+13 1.41030353805E+32 1.01008160584E+00 1.85855395544E+37
 3.13719368836E+13 1.41798969361E+32 1.01010904089E+00 1.86361163408E+37
 3.14577397787E+13 1.42571773872E+32 1.01013655060E+00 1.86868307617E+37
 3.15437785152E+13 1.43348790169E+32 1.01016413517E+00 1.87376831917E+37
 3.16300537479E+13 1.44130041205E+32 1.01019179481E+00 1.87886740063E+37
 3.17165661331E+13 1.44915550060E+32 1.01021952972E+00 1.88398035820E+37
 3.18033163292E+13 1.45705339939E+32 1.01024734010E+00 1.88910722966E+37
 3.18903049962E+13 1.46499434173E+32 1.01027522616E+00 1.89424805286E+37
 3.19775327963E+13 1.47297856222E+32 1.01030318811E+00 1.89940286577E+37
 3.20650003932E+13 1.48100629672E+32 1.01033122615E+00 1.90457170646E+37
 3.21527084528E+13 1.48907778237E+32 1.01035934050E+00 1.90975461311E+37
 3.22406576428E+13 1.49719325763E+32 1.01038753135E+00 1.91495162398E+37
 3.23288486326E+13 1.50535296224E+32 1.01041579891E+00 1.92016277747E+37
 3.24172820937E+13 1.51355713725E+32 1.01044414340E+00 1.92538811207E+37
 3.25059586994E+13 1.52180602501E+32 1.01047256502E+00 1.93062766635E+37
 3.25948791250E+13 1.53009986922E+32 1.01050106399E+00 1.93588147902E+37
 3.26840440477E+13 1.53843891490E+32 1.01052964051E+00 1.94114958888E+37
 3.27734541464E+13 1.54682340837E+32 1.01055829480E+00 1.94643203483E+37
 3.28631101023E+13 1.55525359735E+32 1.01058702706E+00 1.95172885589E+37
 3.29530125982E+13 1.56372973086E+32 1.01061583752E+00 1.95704009118E+37
 3.30431623190E+13 1.57225205931E+32 1.01064472637E+00 1.96236577992E+37
 3.31335599515E+13 1.58082083445E+32 1.01067369384E+00 1.96770596145E+37
 3.32242061844E+13 1.58943630943E+32 1.01070274014E+00 1.97306067519E+37
 3.33151017084E+13 1.59809873875E+32 1.01073186548E+00 1.97842996071E+37
 3.34062472162E+13 1.60680837832E+32 1.01076107008E+00 1.98381385766E+37
 3.34976434024E+13 1.61556548544E+32 1.01079035416E+00 1.98921240579E+37
 3.35892909636E+13 1.62437031879E+32 1.01081971792E+00 1.99462564498E+37
 3.36811905983E+13 1.63322313850E+32 1.01084916160E+00 2.00005361520E+37
 3.37733430071E+13 1.64212420608E+32 1.01087868540E+00 2.00549635655E+37
 3.38657488924E+13 1.65107378449E+32 1.01090828954E+00 2.01095390921E+37
 3.39584089589E+13 1.66007213811E+32 1.01093797424E+00 2.01642631350E+37
 3.40513239129E+13 1.66911953276E+32 1.01096773973E+00 2.02191360983E+37
 3.41444944631E+13 1.67821623573E+32 1.01099758621E+00 2.02741583873E+37
 3.42379213199E+13 1.68736251573E+32 1.01102751392E+00 2.03293304084E+37
 3.43316051960E+13 1.69655864296E+32 1.01105752307E+00 2.03846525689E+37
 3.44255468057E+13 1.70580488910E+32 1.01108761388E+00 2.04401252775E+37
 3.45197468658E+13 1.71510152729E+32 1.01111778658E+00 2.04957489438E+37
 3.46142060949E+13 1.72444883217E+32 1.01114804138E+00 2.05515239787E+37
 3.47089252135E+13 1.73384707986E+32 1.01117837852E+00 2.06074507941E+37
 3.48039049445E+13 1.74329654801E+32 1.01120879822E+00 2.06635298030E+37
 3.48991460126E+13 1.75279751578E+32 1.01123930070E+00 2.07197614196E+37
 3.49946491445E+13 1.76235026382E+32 1.01126988618E+00 2.07761460591E+37
 3.50904150692E+13 1.77195507435E+32 1.01130055490E+00 2.08326841380E+37
 3.51864445176E+13 1.78161223111E+32 1.01133130707E+00 2.08893760739E+37
 3.52827382227E+13 1.79132201938E+32 1.01136214293E+00 2.09462222854E+37
 3.53792969196E+13 1.80108472601E+32 1.01139306270E+00 2.10032231924E+37
 3.54761213456E+13 1.81090063939E+32 1.01142406662E+00 2.10603792158E+37
 3.55732122398E+13 1.82077004951E+32 1.01145515491E+00 2.11176907778E+37
 3.56705703437E+13 1.83069324793E+32 1.01148632779E+00 2.11751583016E+37
 3.57681964008E+13 1.84067052779E+32 1.01151758551E+00 2.12327822116E+37
 3.58660911566E+13 1.85070218383E+32 1.01154892829E+00 2.12905629335E+37
 3.59642553589E+13 1.86078851240E+32 1.01158035636E+00 2.13485008939E+37
 3.60626897576E+13 1.87092981148E+32 1.01161186996E+00 2.14065965207E+37
 3.61613951045E+13 1.88112638064E+32 1.01164346931E+00 2.14648502431E+37
 3.62603721538E+13 1.89137852112E+32 1.01167515466E+00 2.15232624911E+37
 3.63596216618E+13 1.90168653577E+32 1.01170692623E+00 2.15818336963E+37
 3.64591443869E+13 1.91205072911E+32 1.01173878426E+00 2.16405642912E+37
 3.65589410896E+13 1.92247140731E+32 1.01177072899E+00 2.16994547095E+37
 3.66590125326E+13 1.93294887822E+32 1.01180276065E+00 2.17585053861E+37
 3.67593594809E+13 1.94348345135E+32 1.01183487948E+00 2.18177167572E+37
 3.68599827015E+13 1.95407543792E+32 1.01186708571E+00 2.18770892601E+37
 3.69608829637E+13 1.96472515083E+32 1.01189937958E+00 2.19366233333E+37
 3.70620610389E+13 1.97543290467E+32 1.01193176133E+00 2.19963194164E+37
 3.71635177007E+13 1.98619901579E+32 1.01196423121E+00 2.20561779503E+37
 3.72652537250E+13 1.99702380222E+32 1.01199678944E+00 2.21161993771E+37
 3.73672698898E+13 2.00790758375E+32 1.01202943628E+00 2.21763841401E+37
 3.74695669753E+13 2.01885068190E+32 1.01206217196E+00 2.22367326837E+37
 3.75721457642E+13 2.02985341994E+32 1.01209499672E+00 2.22972454537E+37
 3.76750070410E+13 2.04091612291E+32 1.01212791081E+00 2.23579228969E+37
 3.77781515926E+13 2.05203911763E+32 1.01216091446E+00 2.24187654616E+37
 3.78815802084E+13 2.06322273268E+32 1.01219400793E+00 2.24797735969E+37
 3.79852936796E+13 2.07446729843E+32 1.01222719146E+00 2.25409477536E+37
 3.80892928001E+13 2.08577314709E+32 1.01226046528E+00 2.26022883834E+37
 3.81935783657E+13 2.09714061262E+32 1.01229382966E+00 2.26637959393E+37
 3.82981511746E+13 2.10857003086E+32 1.01232728483E+00 2.27254708755E+37
 3.84030120273E+13 2.12006173943E+32 1.01236083104E+00 2.27873136476E+37
 3.85081617266E+13 2.13161607783E+32 1.01239446854E+00 2.28493247123E+37
 3.86136010776E+13 2.14323338738E+32 1.01242819758E+00 2.29115045276E+37
 3.87193308876E+13 2.15491401128E+32 1.01246201841E+00 2.29738535527E+37
 3.88253519662E+13 2.16665829459E+32 1.01249593127E+00 2.30363722480E+37
 3.89316651253E+13 2.17846658426E+32 1.01252993642E+00 2.30990610753E+37
 3.90382711794E+13 2.19033922911E+32 1.01256403411E+00 2.31619204976E+37
 3.91451709449E+13 2.20227657989E+32 1.01259822459E+00 2.32249509791E+37
 3.92523652407E+13 2.21427898924E+32 1.01263250811E+00 2.32881529852E+37
 3.93598548883E+13 2.22634681174E+32 1.01266688492E+00 2.33515269829E+37
 3.94676407110E+13 2.23848040387E+32 1.01270135529E+00 2.34150734401E+37
 3.95757235349E+13 2.25068012410E+32 1.01273591946E+00 2.34787928261E+37
 3.96841041884E+13 2.26294633281E+32 1.01277057768E+00 2.35426856115E+37
 3.97927835019E+13 2.27527939237E+32 1.01280533023E+00 2.36067522682E+37
 3.99017623087E+13 2.28767966712E+32 1.01284017734E+00 2.36709932694E+37
 4.00110414441E+13 2.30014752337E+32 1.01287511929E+00 2.37354090894E+37
 4.01206217459E+13 2.31268332945E+32 1.01291015632E+00 2.38000002041E+37
 4.02305040543E+13 2.32528745569E+32 1.01294528870E+00 2.38647670904E+37
 4.03406892120E+13 2.33796027443E+32 1.01298051669E+00 2.39297102267E+37
 4.04511780638E+13 2.35070216004E+32 1.01301584054E+00 2.39948300926E+37
 4.05619714572E+13 2.36351348893E+32 1.01305126051E+00 2.40601271691E+37
 4.06730702421E+13 2.37639463959E+32 1.01308677688E+00 2.41256019383E+37
 4.07844752707E+13 2.38934599252E+32 1.01312238990E+00 2.41912548839E+37
 4.08961873977E+13 2.40236793034E+32 1.01315809982E+00 2.42570864907E+37
 4.10082074802E+13 2.41546083773E+32 1.01319390693E+00 2.43230972449E+37
 4.11205363779E+13 2.42862510148E+32 1.01322981148E+00 2.43892876340E+37
 4.12331749527E+13 2.44186111048E+32 1.01326581374E+00 2.44556581469E+37
 4.13461240692E+13 2.45516925574E+32 1.01330191397E+00 2.45222092737E+37
 4.14593845943E+13 2.46854993041E+32 1.01333811243E+00 2.45889415059E+37
 4.15729573975E+13 2.48200352976E+32 1.01337440941E+00 2.46558553364E+37
 4.16868433508E+13 2.49553045124E+32 1.01341080516E+00 2.47229512593E+37
 4.18010433286E+13 2.50913109446E+32 1.01344729995E+00 2.47902297703E+37
 4.19155582078E+13 2.52280586119E+32 1.01348389406E+00 2.48576913661E+37
 4.20303888678E+13 2.53655515541E+32 1.01352058775E+00 2.49253365449E+37
 4.21455361907E+13 2.55037938331E+32 1.01355738129E+00 2.49931658065E+37
 4.22610010609E+13 2.56427895325E+32 1.01359427496E+00 2.50611796516E+37
 4.23767843654E+13 2.57825427586E+32 1.01363126903E+00 2.51293785827E+37
 4.24928869938E+13 2.59230576400E+32 1.01366836377E+00 2.51977631034E+37
 4.26093098382E+13 2.60643383276E+32 1.01370555946E+00 2.52663337187E+37
 4.27260537932E+13 2.62063889950E+32 1.01374285637E+00 2.53350909351E+37
 4.28431197560E+13 2.63492138387E+32 1.01378025477E+00 2.54040352603E+37
 4.29605086265E+13 2.64928170780E+32 1.01381775495E+00 2.54731672036E+37
 4.30782213070E+13 2.66372029550E+32 1.01385535717E+00 2.55424872755E+37
 4.31962587024E+13 2.67823757352E+32 1.01389306173E+00 2.56119959879E+37
 4.33146217203E+13 2.69283397072E+32 1.01393086888E+00 2.56816938542E+37
 4.34333112708E+13 2.70750991829E+32 1.01396877893E+00 2.57515813892E+37
 4.35523282666E+13 2.72226584980E+32 1.01400679213E+00 2.58216591090E+37
 4.36716736232E+13 2.73710220114E+32 1.01404490878E+00 2.58919275311E+37
 4.37913482585E+13 2.75201941061E+32 1.01408312916E+00 2.59623871745E+37
 4.39113530931E+13 2.76701791889E+32 1.01412145355E+00 2.60330385595E+37
 4.40316890502E+13 2.78209816905E+32 1.01415988223E+00 2.61038822080E+37
 4.41523570558E+13 2.79726060659E+32 1.01419841548E+00 2.61749186432E+37
 4.42733580385E+13 2.81250567942E+32 1.01423705360E+00 2.62461483897E+37
 4.43946929293E+13 2.82783383792E+32 1.01427579686E+00 2.63175719735E+37
 4.45163626624E+13 2.84324553489E+32 1.01431464555E+00 2.63891899221E+37
 4.46383681741E+13 2.85874122563E+32 1.01435359997E+00 2.64610027645E+37
 4.47607104037E+13 2.87432136789E+32 1.01439266039E+00 2.65330110311E+37
 4.48833902933E+13 2.88998642195E+32 1.01443182710E+00 2.66052152535E+37
 4.50064087875E+13 2.90573685056E+32 1.01447110040E+00 2.66776159652E+37
 4.51297668335E+13 2.92157311902E+32 1.01451048057E+00 2.67502137007E+37
 4.52534653816E+13 2.93749569516E+32 1.01454996791E+00 2.68230089963E+37
 4.53775053844E+13 2.95350504936E+32 1.01458956270E+00 2.68960023896E+37
 4.55018877977E+13 2.96960165455E+32 1.01462926525E+00 2.69691944196E+37
 4.56266135796E+13 2.98578598625E+32 1.01466907583E+00 2.70425856269E+37
 4.57516836912E+13 3.00205852257E+32 1.01470899475E+00 2.71161765536E+37
 4.58770990963E+13 3.01841974424E+32 1.01474902231E+00 2.71899677430E+37
 4.60028607614E+13 3.03487013457E+32 1.01478915879E+00 2.72639597403E+37
 4.61289696560E+13 3.05141017955E+32 1.01482940449E+00 2.73381530918E+37
 4.62554267522E+13 3.06804036779E+32 1.01486975972E+00 2.74125483455E+37
 4.63822330248E+13 3.08476119057E+32 1.01491022476E+00 2.74871460509E+37
 4.65093894517E+13 3.10157314184E+32 1.01495079992E+00 2.75619467588E+37
 4.66368970133E+13 3.11847671827E+32 1.01499148550E+00 2.76369510217E+37
 4.67647566930E+13 3.13547241921E+32 1.01503228180E+00 2.77121593936E+37
 4.68929694770E+13 3.15256074673E+32 1.01507318911E+00 2.77875724298E+37
 4.70215363544E+13 3.16974220565E+32 1.01511420774E+00 2.78631906873E+37
 4.71504583169E+13 3.18701730353E+32 1.01515533800E+00 2.79390147247E+37
 4.72797363594E+13 3.20438655072E+32 1.01519658019E+00 2.80150451018E+37
 4.74093714794E+13 3.22185046032E+32 1.01523793461E+00 2.80912823802E+37
 4.75393646774E+13 3.23940954824E+32 1.01527940157E+00 2.81677271229E+37
 4.76697169566E+13 3.25706433321E+32 1.01532098137E+00 2.82443798945E+37
 4.78004293234E+13 3.27481533677E+32 1.01536267432E+00 2.83212412612E+37
 4.79315027867E+13 3.29266308332E+32 1.01540448073E+00 2.83983117905E+37
 4.80629383588E+13 3.31060810010E+32 1.01544640091E+00 2.84755920517E+37
 4.81947370544E+13 3.32865091724E+32 1.01548843516E+00 2.85530826154E+37
 4.83268998915E+13 3.34679206775E+32 1.01553058381E+00 2.86307840541E+37
 4.84594278909E+13 3.36503208754E+32 1.01557284715E+00 2.87086969415E+37
 4.85923220762E+13 3.38337151546E+32 1.01561522550E+00 2.87868218531E+37
 4.87255834742E+13 3.40181089328E+32 1.01565771918E+00 2.88651593658E+37
 4.88592131145E+13 3.42035076572E+32 1.01570032850E+00 2.89437100582E+37
 4.89932120297E+13 3.43899168049E+32 1.01574305376E+00 2.90224745105E+37
 4.91275812553E+13 3.45773418826E+32 1.01578589530E+00 2.91014533042E+37
 4.92623218301E+13 3.47657884271E+32 1.01582885342E+00 2.91806470228E+37
 4.93974347955E+13 3.49552620055E+32 1.01587192844E+00 2.92600562510E+37
 4.95329211961E+13 3.51457682150E+32 1.01591512069E+00 2.93396815754E+37
 4.96687820794E+13 3.53373126836E+32 1.01595843047E+00 2.94195235841E+37
 4.98050184962E+13 3.55299010697E+32 1.01600185811E+00 2.94995828666E+37
 4.99416314999E+13 3.57235390626E+32 1.01604540393E+00 2.95798600142E+37
 5.00786221474E+13 3.59182323828E+32 1.01608906825E+00 2.96603556199E+37
 5.02159914982E+13 3.61139867818E+32 1.01613285139E+00 2.97410702780E+37
 5.03537406152E+13 3.63108080424E+32 1.01617675369E+00 2.98220045848E+37
 5.04918705643E+13 3.65087019791E+32 1.01622077545E+00 2.99031591379E+37
 5.06303824143E+13 3.67076744379E+32 1.01626491701E+00 2.99845345368E+37
 5.07692772373E+13 3.69077312967E+32 1.01630917869E+00 3.00661313823E+37
 5.09085561083E+13 3.71088784657E+32 1.01635356082E+00 3.01479502771E+37
 5.10482201057E+13 3.73111218869E+32 1.01639806373E+00 3.02299918255E+37
 5.11882703106E+13 3.75144675349E+32 1.01644268774E+00 3.03122566334E+37
 5.13287078076E+13 3.77189214169E+32 1.01648743319E+00 3.03947453083E+37
 5.14695336843E+13 3.79244895727E+32 1.01653230040E+00 3.04774584594E+37
 5.16107490313E+13 3.81311780752E+32 1.01657728972E+00 3.05603966977E+37
 5.17523549426E+13 3.83389930302E+32 1.01662240146E+00 3.06435606356E+37
 5.18943525152E+13 3.85479405768E+32 1.01666763596E+00 3.07269508873E+37
 5.20367428493E+13 3.87580268878E+32 1.01671299356E+00 3.08105680688E+37
 5.21795270483E+13 3.89692581694E+32 1.01675847459E+00 3.08944127975E+37
 5.23227062188E+13 3.91816406617E+32 1.01680407939E+00 3.09784856926E+37
 5.24662814706E+13 3.93951806387E+32 1.01684980829E+00 3.10627873751E+37
 5.26102539167E+13 3.96098844088E+32 1.01689566164E+00 3.11473184676E+37
 5.27546246732E+13 3.98257583147E+32 1.01694163976E+00 3.12320795944E+37
 5.28993948597E+13 4.00428087335E+32 1.01698774301E+00 3.13170713815E+37
 5.30445655988E+13 4.02610420773E+32 1.01703397172E+00 3.14022944565E+37
 5.31901380165E+13 4.04804647930E+32 1.01708032622E+00 3.14877494488E+37
 5.33361132419E+13 4.07010833628E+32 1.01712680688E+00 3.15734369896E+37
 5.34824924076E+13 4.09229043039E+32 1.01717341402E+00 3.16593577118E+37
 5.36292766493E+13 4.11459341694E+32 1.01722014799E+00 3.17455122498E+37
 5.37764671059E+13 4.13701795478E+32 1.01726700914E+00 3.18319012399E+37
 5.39240649199E+13 4.15956470637E+32 1.01731399781E+00 3.19185253202E+37
 5.40720712369E+13 4.18223433779E+32 1.01736111435E+00 3.20053851305E+37
 5.42204872059E+13 4.20502751871E+32 1.01740835912E+00 3.20924813121E+37
 5.43693139791E+13 4.22794492249E+32 1.01745573244E+00 3.21798145084E+37
 5.45185527123E+13 4.25098722614E+32 1.01750323469E+00 3.22673853643E+37
 5.46682045643E+13 4.27415511036E+32 1.01755086620E+00 3.23551945265E+37
 5.48182706975E+13 4.29744925958E+32 1.01759862733E+00 3.24432426437E+37
 5.49687522777E+13 4.32087036193E+32 1.01764651844E+00 3.25315303660E+37
 5.51196504739E+13 4.34441910931E+32 1.01769453987E+00 3.26200583454E+37
 5.52709664586E+13 4.36809619739E+32 1.01774269198E+00 3.27088272359E+37
 5.54227014078E+13 4.39190232561E+32 1.01779097513E+00 3.27978376929E+37
 5.55748565007E+13 4.41583819726E+32 1.01783938967E+00 3.28870903739E+37
 5.57274329201E+13 4.43990451943E+32 1.01788793596E+00 3.29765859380E+37
 5.58804318520E+13 4.46410200307E+32 1.01793661436E+00 3.30663250462E+37
 5.60338544863E+13 4.48843136302E+32 1.01798542522E+00 3.31563083612E+37
 5.61877020157E+13 4.51289331801E+32 1.01803436892E+00 3.32465365476E+37
 5.63419756370E+13 4.53748859068E+32 1.01808344581E+00 3.33370102717E+37
 5.64966765501E+13 4.56221790760E+32 1.01813265625E+00 3.34277302018E+37
 5.66518059585E+13 4.58708199932E+32 1.01818200060E+00 3.35186970079E+37
 5.68073650692E+13 4.61208160036E+32 1.01823147924E+00 3.36099113617E+37
 5.69633550926E+13 4.63721744926E+32 1.01828109252E+00 3.37013739369E+37
 5.71197772428E+13 4.66249028855E+32 1.01833084082E+00 3.37930854090E+37
 5.72766327373E+13 4.68790086484E+32 1.01838072449E+00 3.38850464553E+37
 5.74339227971E+13 4.71344992879E+32 1.01843074392E+00 3.39772577550E+37
 5.75916486470E+13 4.73913823516E+32 1.01848089946E+00 3.40697199891E+37
 5.77498115151E+13 4.76496654283E+32 1.01853119149E+00 3.41624338405E+37
 5.79084126332E+13 4.79093561480E+32 1.01858162038E+00 3.42553999939E+37
 5.80674532365E+13 4.81704621823E+32 1.01863218650E+00 3.43486191358E+37
 5.82269345642E+13 4.84329912448E+32 1.01868289023E+00 3.44420919548E+37
 5.83868578586E+13 4.86969510908E+32 1.01873373193E+00 3.45358191412E+37
 5.85472243659E+13 4.89623495183E+32 1.01878471199E+00 3.46298013871E+37
 5.87080353361E+13 4.92291943675E+32 1.01883583079E+00 3.47240393867E+37
 5.88692920224E+13 4.94974935213E+32 1.01888708869E+00 3.48185338360E+37
 5.90309956819E+13 4.97672549057E+32 1.01893848608E+00 3.49132854328E+37
 5.91931475755E+13 5.00384864900E+32 1.01899002334E+00 3.50082948769E+37
 5.93557489675E+13 5.03111962866E+32 1.01904170085E+00 3.51035628699E+37
 5.95188011260E+13 5.05853923518E+32 1.01909351899E+00 3.51990901156E+37
 5.96823053228E+13 5.08610827859E+32 1.01914547814E+00 3.52948773193E+37
 5.98462628334E+13 5.11382757331E+32 1.01919757868E+00 3.53909251886E+37
 6.00106749371E+13 5.14169793821E+32 1.01924982101E+00 3.54872344326E+37
 6.01755429167E+13 5.16972019662E+32 1.01930220550E+00 3.55838057628E+37
 6.03408680591E+13 5.19789517637E+32 1.01935473255E+00 3.56806398924E+37
 6.05066516545E+13 5.22622370978E+32 1.01940740254E+00 3.57777375364E+37
 6.06728949972E+13 5.25470663372E+32 1.01946021586E+00 3.58750994121E+37
 6.08395993853E+13 5.28334478963E+32 1.01951317290E+00 3.59727262384E+37
 6.10067661204E+13 5.31213902351E+32 1.01956627406E+00 3.60706187363E+37
 6.11743965082E+13 5.34109018599E+32 1.01961951971E+00 3.61687776289E+37
 6.13424918581E+13 5.37019913233E+32 1.01967291027E+00 3.62672036410E+37
 6.15110534831E+13 5.39946672246E+32 1.01972644611E+00 3.63658974997E+37
 6.16800827004E+13 5.42889382098E+32 1.01978012765E+00 3.64648599337E+37
 6.18495808309E+13 5.45848129721E+32 1.01983395526E+00 3.65640916739E+37
 6.20195491993E+13 5.48823002522E+32 1.01988792936E+00 3.66635934533E+37
 6.21899891342E+13 5.51814088382E+32 1.01994205034E+00 3.67633660066E+37
 6.23609019682E+13 5.54821475663E+32 1.01999631859E+00 3.68634100708E+37
 6.25322890375E+13 5.57845253207E+32 1.02005073453E+00 3.69637263846E+37
 6.27041516826E+13 5.60885510341E+32 1.02010529855E+00 3.70643156890E+37
 6.28764912475E+13 5.63942336880E+32 1.02016001105E+00 3.71651787268E+37
 6.30493090806E+13 5.67015823126E+32 1.02021487244E+00 3.72663162430E+37
 6.32226065338E+13 5.70106059874E+32 1.02026988313E+00 3.73677289845E+37
 6.33963849632E+13 5.73213138416E+32 1.02032504352E+00 3.74694177002E+37
 6.35706457288E+13 5.76337150539E+32 1.02038035401E+00 3.75713831412E+37
 6.37453901947E+13 5.79478188530E+32 1.02043581502E+00 3.76736260606E+37
 6.39206197287E+13 5.82636345182E+32 1.02049142696E+00 3.77761472133E+37
 6.40963357030E+13 5.85811713790E+32 1.02054719023E+00 3.78789473567E+37
 6.42725394934E+13 5.89004388160E+32 1.02060310525E+00 3.79820272498E+37
 6.44492324800E+13 5.92214462608E+32 1.02065917244E+00 3.80853876540E+37
 6.46264160470E+13 5.95442031965E+32 1.02071539220E+00 3.81890293327E+37
 6.48040915823E+13 5.98687191577E+32 1.02077176494E+00 3.82929530512E+37
 6.49822604784E+13 6.01950037313E+32 1.02082829110E+00 3.83971595770E+37
 6.51609241313E+13 6.05230665560E+32 1.02088497108E+00 3.85016496799E+37
 6.53400839415E+13 6.08529173235E+32 1.02094180531E+00 3.86064241315E+37
 6.55197413134E+13 6.11845657779E+32 1.02099879419E+00 3.87114837055E+37
 6.56998976557E+13 6.15180217168E+32 1.02105593816E+00 3.88168291779E+37
 6.58805543811E+13 6.18532949907E+32 1.02111323764E+00 3.89224613267E+37
 6.60617129064E+13 6.21903955044E+32 1.02117069305E+00 3.90283809320E+37
 6.62433746527E+13 6.25293332161E+32 1.02122830481E+00 3.91345887761E+37
 6.64255410452E+13 6.28701181387E+32 1.02128607334E+00 3.92410856434E+37
 6.66082135131E+13 6.32127603394E+32 1.02134399909E+00 3.93478723203E+37
 6.67913934902E+13 6.35572699404E+32 1.02140208246E+00 3.94549495956E+37
 6.69750824141E+13 6.39036571190E+32 1.02146032390E+00 3.95623182601E+37
 6.71592817270E+13 6.42519321081E+32 1.02151872383E+00 3.96699791066E+37
 6.73439928749E+13 6.46021051962E+32 1.02157728268E+00 3.97779329303E+37
 6.75292173085E+13 6.49541867280E+32 1.02163600089E+00 3.98861805286E+37
 6.77149564824E+13 6.53081871044E+32 1.02169487889E+00 3.99947227008E+37
 6.79012118557E+13 6.56641167831E+32 1.02175391712E+00 4.01035602485E+37
 6.80879848916E+13 6.60219862790E+32 1.02181311600E+00 4.02126939757E+37
 6.82752770578E+13 6.63818061639E+32 1.02187247599E+00 4.03221246882E+37
 6.84630898263E+13 6.67435870675E+32 1.02193199751E+00 4.04318531942E+37
 6.86514246732E+13 6.71073396774E+32 1.02199168100E+00 4.05418803042E+37
 6.88402830791E+13 6.74730747393E+32 1.02205152691E+00 4.06522068307E+37
 6.90296665291E+13 6.78408030577E+32 1.02211153568E+00 4.07628335885E+37
 6.92195765123E+13 6.82105354957E+32 1.02217170775E+00 4.08737613947E+37
 6.94100145226E+13 6.85822829758E+32 1.02223204357E+00 4.09849910684E+37
 6.96009820580E+13 6.89560564800E+32 1.02229254358E+00 4.10965234312E+37
 6.97924806211E+13 6.93318670502E+32 1.02235320823E+00 4.12083593068E+37
 6.99845117186E+13 6.97097257883E+32 1.02241403796E+00 4.13204995211E+37
 7.01770768622E+13 7.00896438569E+32 1.02247503323E+00 4.14329449023E+37
 7.03701775674E+13 7.04716324793E+32 1.02253619449E+00 4.15456962808E+37
 7.05638153547E+13 7.08557029400E+32 1.02259752219E+00 4.16587544895E+37
 7.07579917488E+13 7.12418665851E+32 1.02265901677E+00 4.17721203631E+37
 7.09527082790E+13 7.16301348224E+32 1.02272067870E+00 4.18857947391E+37
 7.11479664790E+13 7.20205191220E+32 1.02278250843E+00 4.19997784569E+37
 7.13437678871E+13 7.24130310163E+32 1.02284450642E+00 4.21140723583E+37
 7.15401140461E+13 7.28076821009E+32 1.02290667313E+00 4.22286772875E+37
 7.17370065035E+13 7.32044840341E+32 1.02296900900E+00 4.23435940907E+37
 7.19344468112E+13 7.36034485383E+32 1.02303151451E+00 4.24588236169E+37
 7.21324365256E+13 7.40045873994E+32 1.02309419012E+00 4.25743667168E+37
 7.23309772079E+13 7.44079124677E+32 1.02315703629E+00 4.26902242440E+37
 7.25300704239E+13 7.48134356579E+32 1.02322005348E+00 4.28063970539E+37
 7.27297177438E+13 7.52211689499E+32 1.02328324216E+00 4.29228860047E+37
 7.29299207427E+13 7.56311243887E+32 1.02334660279E+00 4.30396919566E+37
 7.31306810002E+13 7.60433140850E+32 1.02341013585E+00 4.31568157722E+37
 7.33320001006E+13 7.64577502155E+32 1.02347384180E+00 4.32742583167E+37
 7.35338796328E+13 7.68744450233E+32 1.02353772111E+00 4.33920204572E+37
 7.37363211906E+13 7.72934108182E+32 1.02360177426E+00 4.35101030636E+37
 7.39393263723E+13 7.77146599771E+32 1.02366600171E+00 4.36285070079E+37
 7.41428967811E+13 7.81382049442E+32 1.02373040395E+00 4.37472331647E+37
 7.43470340248E+13 7.85640582318E+32 1.02379498144E+00 4.38662824106E+37
 7.45517397159E+13 7.89922324202E+32 1.02385973467E+00 4.39856556250E+37
 7.47570154720E+13 7.94227401583E+32 1.02392466411E+00 4.41053536894E+37
 7.49628629152E+13 7.98555941640E+32 1.02398977025E+00 4.42253774879E+37
 7.51692836723E+13 8.02908072244E+32 1.02405505355E+00 4.43457279069E+37
 7.53762793753E+13 8.07283921964E+32 1.02412051452E+00 4.44664058352E+37
 7.55838516606E+13 8.11683620069E+32 1.02418615362E+00 4.45874121641E+37
 7.57920021699E+13 8.16107296532E+32 1.02425197134E+00 4.47087477872E+37
 7.60007325493E+13 8.20555082036E+32 1.02431796818E+00 4.48304136007E+37
 7.62100444502E+13 8.25027107975E+32 1.02438414461E+00 4.49524105031E+37
 7.64199395285E+13 8.29523506460E+32 1.02445050113E+00 4.50747393954E+37
 7.66304194453E+13 8.34044410320E+32 1.02451703822E+00 4.51974011810E+37
 7.68414858665E+13 8.38589953111E+32 1.02458375638E+00 4.53203967658E+37
 7.70531404629E+13 8.43160269113E+32 1.02465065610E+00 4.54437270583E+37
 7.72653849104E+13 8.47755493342E+32 1.02471773787E+00 4.55673929692E+37
 7.74782208898E+13 8.52375761548E+32 1.02478500220E+00 4.56913954118E+37
 7.76916500868E+13 8.57021210219E+32 1.02485244957E+00 4.58157353021E+37
 7.79056741922E+13 8.61691976590E+32 1.02492008048E+00 4.59404135581E+37
 7.81202949018E+13 8.66388198641E+32 1.02498789544E+00 4.60654311009E+37
 7.83355139164E+13 8.71110015107E+32 1.02505589494E+00 4.61907888536E+37
 7.85513329418E+13 8.75857565477E+32 1.02512407949E+00 4.63164877420E+37
 7.87677536891E+13 8.80630990001E+32 1.02519244959E+00 4.64425286946E+37
 7.89847778742E+13 8.85430429693E+32 1.02526100575E+00 4.65689126421E+37
 7.92024072183E+13 8.90256026335E+32 1.02532974847E+00 4.66956405180E+37
 7.94206434476E+13 8.95107922484E+32 1.02539867825E+00 4.68227132581E+37
 7.96394882934E+13 8.99986261471E+32 1.02546779562E+00 4.69501318010E+37
 7.98589434923E+13 9.04891187410E+32 1.02553710107E+00 4.70778970877E+37
 8.00790107860E+13 9.09822845199E+32 1.02560659513E+00 4.72060100618E+37
 8.02996919212E+13 9.14781380528E+32 1.02567627830E+00 4.73344716694E+37
 8.05209886501E+13 9.19766939879E+32 1.02574615109E+00 4.74632828593E+37
 8.07429027298E+13 9.24779670534E+32 1.02581621404E+00 4.75924445828E+37
 8.09654359230E+13 9.29819720574E+32 1.02588646764E+00 4.77219577938E+37
 8.11885899973E+13 9.34887238892E+32 1.02595691243E+00 4.78518234488E+37
 8.14123667257E+13 9.39982375189E+32 1.02602754891E+00 4.79820425070E+37
 8.16367678865E+13 9.45105279984E+32 1.02609837762E+00 4.81126159299E+37
 8.18617952633E+13 9.50256104615E+32 1.02616939908E+00 4.82435446820E+37
 8.20874506449E+13 9.55435001244E+32 1.02624061380E+00 4.83748297302E+37
 8.23137358257E+13 9.60642122865E+32 1.02631202233E+00 4.85064720441E+37
 8.25406526051E+13 9.65877623303E+32 1.02638362517E+00 4.86384725960E+37
 8.27682027880E+13 9.71141657224E+32 1.02645542287E+00 4.87708323607E+37
 8.29963881848E+13 9.76434380134E+32 1.02652741595E+00 4.89035523156E+37
 8.32252106113E+13 9.81755948388E+32 1.02659960495E+00 4.90366334411E+37
 8.34546718884E+13 9.87106519195E+32 1.02667199039E+00 4.91700767200E+37
 8.36847738428E+13 9.92486250617E+32 1.02674457282E+00 4.93038831377E+37
 8.39155183065E+13 9.97895301580E+32 1.02681735277E+00 4.94380536826E+37
 8.41469071170E+13 1.00333383188E+33 1.02689033077E+00 4.95725893454E+37
 8.43789421172E+13 1.00880200217E+33 1.02696350736E+00 4.97074911198E+37
 8.46116251556E+13 1.01429997399E+33 1.02703688309E+00 4.98427600022E+37
 8.48449580861E+13 1.01982790977E+33 1.02711045850E+00 4.99783969914E+37
 8.50789427683E+13 1.02538597280E+33 1.02718423413E+00 5.01144030892E+37
 8.53135810673E+13 1.03097432728E+33 1.02725821053E+00 5.02507793002E+37
 8.55488748537E+13 1.03659313829E+33 1.02733238823E+00 5.03875266314E+37
 8.57848260038E+13 1.04224257183E+33 1.02740676780E+00 5.05246460928E+37
 8.60214363995E+13 1.04792279479E+33 1.02748134977E+00 5.06621386971E+37
 8.62587079281E+13 1.05363397497E+33 1.02755613471E+00 5.08000054597E+37
 8.64966424829E+13 1.05937628109E+33 1.02763112315E+00 5.09382473988E+37
 8.67352419626E+13 1.06514988278E+33 1.02770631567E+00 5.10768655354E+37
 8.69745082717E+13 1.07095495060E+33 1.02778171280E+00 5.12158608932E+37
 8.72144433203E+13 1.07679165605E+33 1.02785731511E+00 5.13552344987E+37
 8.74550490245E+13 1.08266017155E+33 1.02793312316E+00 5.14949873814E+37
 8.76963273058E+13 1.08856067046E+33 1.02800913750E+00 5.16351205732E+37
 8.79382800915E+13 1.09449332710E+33 1.02808535871E+00 5.17756351092E+37
 8.81809093149E+13 1.10045831672E+33 1.02816178733E+00 5.19165320270E+37
 8.84242169149E+13 1.10645581555E+33 1.02823842394E+00 5.20578123673E+37
 8.86682048363E+13 1.11248600074E+33 1.02831526910E+00 5.21994771735E+37
 8.89128750297E+13 1.11854905045E+33 1.02839232337E+00 5.23415274918E+37
 8.91582294515E+13 1.12464514379E+33 1.02846958734E+00 5.24839643713E+37
 8.94042700640E+13 1.13077446084E+33 1.02854706156E+00 5.26267888640E+37
 8.96509988354E+13 1.13693718267E+33 1.02862474661E+00 5.27700020246E+37
 8.98984177399E+13 1.14313349135E+33 1.02870264307E+00 5.29136049109E+37
 9.01465287574E+13 1.14936356991E+33 1.02878075151E+00 5.30575985833E+37
 9.03953338740E+13 1.15562760240E+33 1.02885907250E+00 5.32019841055E+37
 9.06448350815E+13 1.16192577388E+33 1.02893760663E+00 5.33467625436E+37
 9.08950343779E+13 1.16825827040E+33 1.02901635447E+00 5.34919349670E+37
 9.11459337672E+13 1.17462527903E+33 1.02909531661E+00 5.36375024477E+37
 9.13975352592E+13 1.18102698786E+33 1.02917449363E+00 5.37834660609E+37
 9.16498408700E+13 1.18746358601E+33 1.02925388611E+00 5.39298268845E+37
 9.19028526215E+13 1.19393526363E+33 1.02933349465E+00 5.40765859996E+37
 9.21565725419E+13 1.20044221190E+33 1.02941331982E+00 5.42237444898E+37
 9.24110026655E+13 1.20698462304E+33 1.02949336222E+00 5.43713034422E+37
 9.26661450326E+13 1.21356269033E+33 1.02957362244E+00 5.45192639463E+37
 9.29220016896E+13 1.22017660809E+33 1.02965410107E+00 5.46676270951E+37
 9.31785746892E+13 1.22682657170E+33 1.02973479871E+00 5.48163939841E+37
 9.34358660902E+13 1.23351277763E+33 1.02981571595E+00 5.49655657122E+37
 9.36938779577E+13 1.24023542338E+33 1.02989685339E+00 5.51151433809E+37
 9.39526123628E+13 1.24699470756E+33 1.02997821163E+00 5.52651280950E+37
 9.42120713832E+13 1.25379082984E+33 1.03005979127E+00 5.54155209622E+37
 9.44722571023E+13 1.26062399100E+33 1.03014159291E+00 5.55663230931E+37
 9.47331716104E+13 1.26749439289E+33 1.03022361716E+00 5.57175356015E+37
 9.49948170038E+13 1.27440223848E+33 1.03030586462E+00 5.58691596042E+37
 9.52571953850E+13 1.28134773183E+33 1.03038833590E+00 5.60211962209E+37
 9.55203088630E+13 1.28833107813E+33 1.03047103161E+00 5.61736465746E+37
 9.57841595532E+13 1.29535248367E+33 1.03055395236E+00 5.63265117910E+37
 9.60487495774E+13 1.30241215588E+33 1.03063709876E+00 5.64797929992E+37
 9.63140810636E+13 1.30951030330E+33 1.03072047142E+00 5.66334913312E+37
 9.65801561463E+13 1.31664713564E+33 1.03080407097E+00 5.67876079221E+37
 9.68469769667E+13 1.32382286372E+33 1.03088789802E+00 5.69421439102E+37
 9.71145456721E+13 1.33103769952E+33 1.03097195319E+00 5.70971004367E+37
 9.73828644166E+13 1.33829185619E+33 1.03105623709E+00 5.72524786460E+37
 9.76519353605E+13 1.34558554802E+33 1.03114075036E+00 5.74082796857E+37
 9.79217606709E+13 1.35291899047E+33 1.03122549361E+00 5.75645047064E+37
 9.81923425213E+13 1.36029240019E+33 1.03131046748E+00 5.77211548619E+37
 9.84636830918E+13 1.36770599500E+33 1.03139567258E+00 5.78782313091E+37
 9.87357845691E+13 1.37515999391E+33 1.03148110955E+00 5.80357352081E+37
 9.90086491466E+13 1.38265461712E+33 1.03156677903E+00 5.81936677220E+37
 9.92822790242E+13 1.39019008604E+33 1.03165268163E+00 5.83520300174E+37
 9.95566764086E+13 1.39776662326E+33 1.03173881800E+00 5.85108232637E+37
 9.98318435130E+13 1.40538445262E+33 1.03182518877E+00 5.86700486338E+37
 1.00107782557E+14 1.41304379916E+33 1.03191179459E+00 5.88297073034E+37
 1.00384495769E+14 1.42074488914E+33 1.03199863608E+00 5.89898004519E+37
 1.00661985380E+14 1.42848795007E+33 1.03208571390E+00 5.91503292614E+37
 1.00940253632E+14 1.43627321069E+33 1.03217302868E+00 5.93112949177E+37
 1.01219302771E+14 1.44410090099E+33 1.03226058107E+00 5.94726986094E+37
 1.01499135052E+14 1.45197125221E+33 1.03234837171E+00 5.96345415286E+37
 1.01779752735E+14 1.45988449684E+33 1.03243640126E+00 5.97968248706E+37
 1.02061158088E+14 1.46784086867E+33 1.03252467037E+00 5.99595498339E+37
 1.02343353384E+14 1.47584060273E+33 1.03261317968E+00 6.01227176202E+37
 1.02626340906E+14 1.48388393535E+33 1.03270192985E+00 6.02863294347E+37
 1.02910122942E+14 1.49197110414E+33 1.03279092154E+00 6.04503864856E+37
 1.03194701786E+14 1.50010234801E+33 1.03288015540E+00 6.06148899846E+37
 1.03480079741E+14 1.50827790716E+33 1.03296963209E+00 6.07798411466E+37
 1.03766259116E+14 1.51649802312E+33 1.03305935227E+00 6.09452411899E+37
 1.04053242228E+14 1.52476293872E+33 1.03314931661E+00 6.11110913358E+37
 1.04341031399E+14 1.53307289811E+33 1.03323952577E+00 6.12773928094E+37
 1.04629628960E+14 1.54142814679E+33 1.03332998042E+00 6.14441468389E+37
 1.04919037248E+14 1.54982893159E+33 1.03342068122E+00 6.16113546557E+37
 1.05209258608E+14 1.55827550067E+33 1.03351162884E+00 6.17790174947E+37
 1.05500295391E+14 1.56676810355E+33 1.03360282396E+00 6.19471365943E+37
 1.05792149956E+14 1.57530699114E+33 1.03369426725E+00 6.21157131959E+37
 1.06084824670E+14 1.58389241566E+33 1.03378595938E+00 6.22847485447E+37
 1.06378321904E+14 1.59252463076E+33 1.03387790104E+00 6.24542438890E+37
 1.06672644040E+14 1.60120389144E+33 1.03397009289E+00 6.26242004806E+37
 1.06967793465E+14 1.60993045409E+33 1.03406253563E+00 6.27946195747E+37
 1.07263772574E+14 1.61870457652E+33 1.03415522993E+00 6.29655024298E+37
 1.07560583770E+14 1.62752651793E+33 1.03424817648E+00 6.31368503081E+37
 1.07858229461E+14 1.63639653892E+33 1.03434137596E+00 6.33086644750E+37
 1.08156712065E+14 1.64531490154E+33 1.03443482907E+00 6.34809461994E+37
 1.08456034006E+14 1.65428186924E+33 1.03452853649E+00 6.36536967537E+37
 1.08756197716E+14 1.66329770693E+33 1.03462249892E+00 6.38269174136E+37
 1.09057205634E+14 1.67236268093E+33 1.03471671705E+00 6.40006094585E+37
 1.09359060205E+14 1.68147705906E+33 1.03481119157E+00 6.41747741712E+37
 1.09661763885E+14 1.69064111055E+33 1.03490592319E+00 6.43494128380E+37
 1.09965319135E+14 1.69985510613E+33 1.03500091260E+00 6.45245267485E+37
 1.10269728424E+14 1.70911931799E+33 1.03509616050E+00 6.47001171961E+37
 1.10574994227E+14 1.71843401982E+33 1.03519166760E+00 6.48761854776E+37
 1.10881119031E+14 1.72779948678E+33 1.03528743461E+00 6.50527328933E+37
 1.11188105325E+14 1.73721599555E+33 1.03538346222E+00 6.52297607471E+37
 1.11495955610E+14 1.74668382430E+33 1.03547975116E+00 6.54072703464E+37
 1.11804672392E+14 1.75620325272E+33 1.03557630212E+00 6.55852630022E+37
 1.12114258187E+14 1.76577456203E+33 1.03567311583E+00 6.57637400290E+37
 1.12424715515E+14 1.77539803499E+33 1.03577019300E+00 6.59427027449E+37
 1.12736046909E+14 1.78507395589E+33 1.03586753435E+00 6.61221524716E+37
 1.13048254905E+14 1.79480261056E+33 1.03596514059E+00 6.63020905344E+37
 1.13361342049E+14 1.80458428641E+33 1.03606301244E+00 6.64825182623E+37
 1.13675310894E+14 1.81441927241E+33 1.03616115063E+00 6.66634369878E+37
 1.13990164002E+14 1.82430785908E+33 1.03625955589E+00 6.68448480470E+37
 1.14305903942E+14 1.83425033856E+33 1.03635822894E+00 6.70267527797E+37
 1.14622533290E+14 1.84424700457E+33 1.03645717050E+00 6.72091525293E+37
 1.14940054632E+14 1.85429815241E+33 1.03655638132E+00 6.73920486429E+37
 1.15258470560E+14 1.86440407902E+33 1.03665586212E+00 6.75754424714E+37
 1.15577783675E+14 1.87456508293E+33 1.03675561363E+00 6.77593353690E+37
 1.15897996586E+14 1.88478146433E+33 1.03685563660E+00 6.79437286939E+37
 1.16219111909E+14 1.89505352502E+33 1.03695593176E+00 6.81286238080E+37
 1.16541132270E+14 1.90538156844E+33 1.03705649985E+00 6.83140220767E+37
 1.16864060301E+14 1.91576589971E+33 1.03715734162E+00 6.84999248694E+37
 1.17187898643E+14 1.92620682560E+33 1.03725845781E+00 6.86863335588E+37
 1.17512649946E+14 1.93670465454E+33 1.03735984916E+00 6.88732495218E+37
 1.17838316865E+14 1.94725969666E+33 1.03746151644E+00 6.90606741388E+37
 1.18164902067E+14 1.95787226377E+33 1.03756346038E+00 6.92486087940E+37
 1.18492408226E+14 1.96854266937E+33 1.03766568174E+00 6.94370548754E+37
 1.18820838023E+14 1.97927122870E+33 1.03776818127E+00 6.96260137746E+37
 1.19150194147E+14 1.99005825869E+33 1.03787095973E+00 6.98154868872E+37
 1.19480479299E+14 2.00090407800E+33 1.03797401789E+00 7.00054756126E+37
 1.19811696183E+14 2.01180900703E+33 1.03807735650E+00 7.01959813539E+37
 1.20143847516E+14 2.02277336794E+33 1.03818097632E+00 7.03870055180E+37
 1.20476936020E+14 2.03379748462E+33 1.03828487813E+00 7.05785495157E+37
 1.20810964427E+14 2.04488168275E+33 1.03838906268E+00 7.07706147617E+37
 1.21145935478E+14 2.05602628977E+33 1.03849353075E+00 7.09632026744E+37
 1.21481851920E+14 2.06723163491E+33 1.03859828310E+00 7.11563146762E+37
 1.21818716512E+14 2.07849804919E+33 1.03870332052E+00 7.13499521932E+37
 1.22156532019E+14 2.08982586544E+33 1.03880864378E+00 7.15441166555E+37
 1.22495301214E+14 2.10121541830E+33 1.03891425366E+00 7.17388094971E+37
 1.22835026881E+14 2.11266704423E+33 1.03902015093E+00 7.19340321560E+37
 1.23175711811E+14 2.12418108153E+33 1.03912633637E+00 7.21297860738E+37
 1.23517358803E+14 2.13575787034E+33 1.03923281078E+00 7.23260726963E+37
 1.23859970667E+14 2.14739775267E+33 1.03933957494E+00 7.25228934731E+37
 1.24203550220E+14 2.15910107236E+33 1.03944662964E+00 7.27202498578E+37
 1.24548100287E+14 2.17086817516E+33 1.03955397566E+00 7.29181433081E+37
 1.24893623703E+14 2.18269940868E+33 1.03966161381E+00 7.31165752853E+37
 1.25240123313E+14 2.19459512243E+33 1.03976954487E+00 7.33155472551E+37
 1.25587601967E+14 2.20655566783E+33 1.03987776964E+00 7.35150606868E+37
 1.25936062528E+14 2.21858139821E+33 1.03998628892E+00 7.37151170539E+37
 1.26285507864E+14 2.23067266884E+33 1.04009510352E+00 7.39157178340E+37
 1.26635940856E+14 2.24282983690E+33 1.04020421423E+00 7.41168645085E+37
 1.26987364390E+14 2.25505326154E+33 1.04031362187E+00 7.43185585630E+37
 1.27339781364E+14 2.26734330386E+33 1.04042332724E+00 7.45208014871E+37
 1.27693194684E+14 2.27970032691E+33 1.04053333114E+00 7.47235947744E+37
 1.28047607263E+14 2.29212469575E+33 1.04064363441E+00 7.49269399226E+37
 1.28403022026E+14 2.30461677742E+33 1.04075423783E+00 7.51308384335E+37
 1.28759441905E+14 2.31717694094E+33 1.04086514225E+00 7.53352918129E+37
 1.29116869842E+14 2.32980555736E+33 1.04097634847E+00 7.55403015709E+37
 1.29475308790E+14 2.34250299976E+33 1.04108785731E+00 7.57458692214E+37
 1.29834761706E+14 2.35526964322E+33 1.04119966960E+00 7.59519962827E+37
 1.30195231562E+14 2.36810586491E+33 1.04131178617E+00 7.61586842772E+37
 1.30556721336E+14 2.38101204402E+33 1.04142420784E+00 7.63659347312E+37
 1.30919234015E+14 2.39398856181E+33 1.04153693544E+00 7.65737491753E+37
 1.31282772598E+14 2.40703580163E+33 1.04164996981E+00 7.67821291445E+37
 1.31647340089E+14 2.42015414893E+33 1.04176331178E+00 7.69910761776E+37
 1.32012939506E+14 2.43334399123E+33 1.04187696218E+00 7.72005918178E+37
 1.32379573873E+14 2.44660571818E+33 1.04199092187E+00 7.74106776124E+37
 1.32747246225E+14 2.45993972156E+33 1.04210519167E+00 7.76213351130E+37
 1.33115959606E+14 2.47334639527E+33 1.04221977243E+00 7.78325658754E+37
 1.33485717071E+14 2.48682613536E+33 1.04233466500E+00 7.80443714595E+37
 1.33856521681E+14 2.50037934004E+33 1.04244987023E+00 7.82567534298E+37
 1.34228376509E+14 2.51400640971E+33 1.04256538896E+00 7.84697133546E+37
 1.34601284639E+14 2.52770774691E+33 1.04268122206E+00 7.86832528067E+37
 1.34975249160E+14 2.54148375642E+33 1.04279737037E+00 7.88973733633E+37
 1.35350273176E+14 2.55533484519E+33 1.04291383476E+00 7.91120766057E+37
 1.35726359797E+14 2.56926142241E+33 1.04303061608E+00 7.93273641195E+37
 1.36103512144E+14 2.58326389948E+33 1.04314771519E+00 7.95432374947E+37
 1.36481733348E+14 2.59734269007E+33 1.04326513297E+00 7.97596983257E+37
 1.36861026549E+14 2.61149821008E+33 1.04338287028E+00 7.99767482110E+37
 1.37241394897E+14 2.62573087769E+33 1.04350092799E+00 8.01943887537E+37
 1.37622841552E+14 2.64004111335E+33 1.04361930696E+00 8.04126215610E+37
 1.38005369684E+14 2.65442933980E+33 1.04373800808E+00 8.06314482449E+37
 1.38388982473E+14 2.66889598210E+33 1.04385703223E+00 8.08508704213E+37
 1.38773683109E+14 2.68344146762E+33 1.04397638027E+00 8.10708897107E+37
 1.39159474791E+14 2.69806622604E+33 1.04409605309E+00 8.12915077382E+37
 1.39546360729E+14 2.71277068942E+33 1.04421605158E+00 8.15127261330E+37
 1.39934344144E+14 2.72755529213E+33 1.04433637662E+00 8.17345465289E+37
 1.40323428264E+14 2.74242047093E+33 1.04445702910E+00 8.19569705641E+37
 1.40713616329E+14 2.75736666498E+33 1.04457800991E+00 8.21799998813E+37
 1.41104911591E+14 2.77239431580E+33 1.04469931995E+00 8.24036361278E+37
 1.41497317309E+14 2.78750386733E+33 1.04482096011E+00 8.26278809550E+37
 1.41890836754E+14 2.80269576592E+33 1.04494293128E+00 8.28527360192E+37
 1.42285473206E+14 2.81797046038E+33 1.04506523438E+00 8.30782029809E+37
 1.42681229957E+14 2.83332840194E+33 1.04518787030E+00 8.33042835054E+37
 1.43078110308E+14 2.84877004429E+33 1.04531083995E+00 8.35309792623E+37
 1.43476117571E+14 2.86429584361E+33 1.04543414423E+00 8.37582919258E+37
 1.43875255067E+14 2.87990625855E+33 1.04555778407E+00 8.39862231748E+37
 1.44275526131E+14 2.89560175026E+33 1.04568176036E+00 8.42147746926E+37
 1.44676934104E+14 2.91138278242E+33 1.04580607403E+00 8.44439481671E+37
 1.45079482340E+14 2.92724982121E+33 1.04593072600E+00 8.46737452908E+37
 1.45483174204E+14 2.94320333539E+33 1.04605571718E+00 8.49041677609E+37
 1.45888013070E+14 2.95924379623E+33 1.04618104849E+00 8.51352172792E+37
 1.46294002323E+14 2.97537167759E+33 1.04630672088E+00 8.53668955520E+37
 1.46701145360E+14 2.99158745593E+33 1.04643273525E+00 8.55992042904E+37
 1.47109445586E+14 3.00789161027E+33 1.04655909255E+00 8.58321452100E+37
 1.47518906420E+14 3.02428462226E+33 1.04668579370E+00 8.60657200312E+37
 1.47929531290E+14 3.04076697619E+33 1.04681283964E+00 8.62999304790E+37
 1.48341323634E+14 3.05733915896E+33 1.04694023132E+00 8.65347782831E+37
 1.48754286902E+14 3.07400166014E+33 1.04706796966E+00 8.67702651781E+37
 1.49168424555E+14 3.09075497197E+33 1.04719605562E+00 8.70063929030E+37
 1.49583740065E+14 3.10759958936E+33 1.04732449014E+00 8.72431632018E+37
 1.50000236913E+14 3.12453600993E+33 1.04745327417E+00 8.74805778230E+37
 1.50417918594E+14 3.14156473401E+33 1.04758240865E+00 8.77186385201E+37
 1.50836788612E+14 3.15868626465E+33 1.04771189455E+00 8.79573470513E+37
 1.51256850483E+14 3.17590110765E+33 1.04784173282E+00 8.81967051794E+37
 1.51678107732E+14 3.19320977156E+33 1.04797192442E+00 8.84367146722E+37
 1.52100563899E+14 3.21061276770E+33 1.04810247031E+00 8.86773773024E+37
 1.52524222532E+14 3.22811061019E+33 1.04823337145E+00 8.89186948472E+37
 1.52949087191E+14 3.24570381593E+33 1.04836462882E+00 8.91606690889E+37
 1.53375161449E+14 3.26339290466E+33 1.04849624337E+00 8.94033018145E+37
 1.53802448886E+14 3.28117839894E+33 1.04862821609E+00 8.96465948160E+37
 1.54230953099E+14 3.29906082419E+33 1.04876054794E+00 8.98905498902E+37
 1.54660677691E+14 3.31704070866E+33 1.04889323991E+00 9.01351688388E+37
 1.55091626281E+14 3.33511858352E+33 1.04902629297E+00 9.03804534684E+37
 1.55523802496E+14 3.35329498282E+33 1.04915970811E+00 9.06264055905E+37
 1.55957209977E+14 3.37157044351E+33 1.04929348631E+00 9.08730270215E+37
 1.56391852374E+14 3.38994550547E+33 1.04942762857E+00 9.11203195829E+37
 1.56827733351E+14 3.40842071154E+33 1.04956213586E+00 9.13682851010E+37
 1.57264856583E+14 3.42699660750E+33 1.04969700919E+00 9.16169254070E+37
 1.57703225755E+14 3.44567374211E+33 1.04983224954E+00 9.18662423374E+37
 1.58142844565E+14 3.46445266712E+33 1.04996785793E+00 9.21162377334E+37
 1.58583716724E+14 3.48333393729E+33 1.05010383535E+00 9.23669134412E+37
 1.59025845953E+14 3.50231811040E+33 1.05024018280E+00 9.26182713123E+37
 1.59469235984E+14 3.52140574727E+33 1.05037690130E+00 9.28703132030E+37
 1.59913890563E+14 3.54059741178E+33 1.05051399184E+00 9.31230409747E+37
 1.60359813448E+14 3.55989367087E+33 1.05065145545E+00 9.33764564939E+37
 1.60807008407E+14 3.57929509460E+33 1.05078929314E+00 9.36305616322E+37
 1.61255479221E+14 3.59880225610E+33 1.05092750593E+00 9.38853582663E+37
 1.61705229683E+14 3.61841573165E+33 1.05106609484E+00 9.41408482778E+37
 1.62156263598E+14 3.63813610066E+33 1.05120506089E+00 9.43970335537E+37
 1.62608584784E+14 3.65796394570E+33 1.05134440510E+00 9.46539159860E+37
 1.63062197069E+14 3.67789985251E+33 1.05148412851E+00 9.49114974719E+37
 1.63517104296E+14 3.69794441003E+33 1.05162423216E+00 9.51697799137E+37
 1.63973310318E+14 3.71809821041E+33 1.05176471706E+00 9.54287652190E+37
 1.64430819001E+14 3.73836184902E+33 1.05190558427E+00 9.56884553003E+37
 1.64889634224E+14 3.75873592448E+33 1.05204683482E+00 9.59488520757E+37
 1.65349759877E+14 3.77922103866E+33 1.05218846975E+00 9.62099574682E+37
 1.65811199863E+14 3.79981779674E+33 1.05233049011E+00 9.64717734063E+37
 1.66273958099E+14 3.82052680717E+33 1.05247289696E+00 9.67343018234E+37
 1.66738038512E+14 3.84134868172E+33 1.05261569133E+00 9.69975446586E+37
 1.67203445044E+14 3.86228403551E+33 1.05275887429E+00 9.72615038559E+37
 1.67670181646E+14 3.88333348700E+33 1.05290244690E+00 9.75261813647E+37
 1.68138252287E+14 3.90449765801E+33 1.05304641020E+00 9.77915791398E+37
 1.68607660943E+14 3.92577717378E+33 1.05319076528E+00 9.80576991413E+37
 1.69078411606E+14 3.94717266293E+33 1.05333551319E+00 9.83245433346E+37
 1.69550508280E+14 3.96868475751E+33 1.05348065500E+00 9.85921136903E+37
 1.70023954983E+14 3.99031409303E+33 1.05362619178E+00 9.88604121846E+37
 1.70498755744E+14 4.01206130844E+33 1.05377212462E+00 9.91294407991E+37
 1.70974914606E+14 4.03392704620E+33 1.05391845458E+00 9.93992015205E+37
 1.71452435624E+14 4.05591195225E+33 1.05406518274E+00 9.96696963411E+37
 1.71931322868E+14 4.07801667606E+33 1.05421231020E+00 9.99409272586E+37
 1.72411580418E+14 4.10024187063E+33 1.05435983804E+00 1.00212896276E+38
 1.72893212369E+14 4.12258819253E+33 1.05450776734E+00 1.00485605403E+38
 1.73376222830E+14 4.14505630191E+33 1.05465609921E+00 1.00759056652E+38
 1.73860615921E+14 4.16764686250E+33 1.05480483472E+00 1.01033252043E+38
 1.74346395778E+14 4.19036054167E+33 1.05495397500E+00 1.01308193601E+38
 1.74833566546E+14 4.21319801041E+33 1.05510352112E+00 1.01583883358E+38
 1.75322132388E+14 4.23615994338E+33 1.05525347421E+00 1.01860323348E+38
 1.75812097478E+14 4.25924701890E+33 1.05540383536E+00 1.02137515614E+38
 1.76303466003E+14 4.28245991901E+33 1.05555460569E+00 1.02415462203E+38
 1.76796242165E+14 4.30579932944E+33 1.05570578632E+00 1.02694165166E+38
 1.77290430177E+14 4.32926593968E+33 1.05585737834E+00 1.02973626564E+38
 1.77786034270E+14 4.35286044296E+33 1.05600938290E+00 1.03253848459E+38
 1.78283058683E+14 4.37658353631E+33 1.05616180111E+00 1.03534832922E+38
 1.78781507674E+14 4.40043592054E+33 1.05631463409E+00 1.03816582027E+38
 1.79281385511E+14 4.42441830029E+33 1.05646788297E+00 1.04099097855E+38
 1.79782696476E+14 4.44853138403E+33 1.05662154890E+00 1.04382382493E+38
 1.80285444868E+14 4.47277588409E+33 1.05677563299E+00 1.04666438033E+38
 1.80789634996E+14 4.49715251671E+33 1.05693013639E+00 1.04951266572E+38
 1.81295271186E+14 4.52166200199E+33 1.05708506024E+00 1.05236870214E+38
 1.81802357775E+14 4.54630506399E+33 1.05724040568E+00 1.05523251070E+38
 1.82310899116E+14 4.57108243070E+33 1.05739617387E+00 1.05810411252E+38
 1.82820899576E+14 4.59599483408E+33 1.05755236595E+00 1.06098352883E+38
 1.83332363536E+14 4.62104301008E+33 1.05770898307E+00 1.06387078089E+38
 1.83845295390E+14 4.64622769866E+33 1.05786602639E+00 1.06676589002E+38
 1.84359699547E+14 4.67154964382E+33 1.05802349708E+00 1.06966887761E+38
 1.84875580430E+14 4.69700959361E+33 1.05818139629E+00 1.07257976509E+38
 1.85392942478E+14 4.72260830014E+33 1.05833972519E+00 1.07549857396E+38
 1.85911790142E+14 4.74834651964E+33 1.05849848495E+00 1.07842532578E+38
 1.86432127889E+14 4.77422501247E+33 1.05865767674E+00 1.08136004216E+38
 1.86953960199E+14 4.80024454311E+33 1.05881730175E+00 1.08430274478E+38
 1.87477291568E+14 4.82640588021E+33 1.05897736114E+00 1.08725345537E+38
 1.88002126505E+14 4.85270979662E+33 1.05913785609E+00 1.09021219572E+38
 1.88528469536E+14 4.87915706940E+33 1.05929878781E+00 1.09317898768E+38
 1.89056325199E+14 4.90574847984E+33 1.05946015746E+00 1.09615385317E+38
 1.89585698049E+14 4.93248481349E+33 1.05962196625E+00 1.09913681416E+38
 1.90116592653E+14 4.95936686018E+33 1.05978421537E+00 1.10212789266E+38
 1.90649013596E+14 4.98639541405E+33 1.05994690602E+00 1.10512711079E+38
 1.91182965477E+14 5.01357127357E+33 1.06011003940E+00 1.10813449068E+38
 1.91718452907E+14 5.04089524154E+33 1.06027361672E+00 1.11115005454E+38
 1.92255480517E+14 5.06836812517E+33 1.06043763917E+00 1.11417382465E+38
 1.92794052949E+14 5.09599073603E+33 1.06060210798E+00 1.11720582334E+38
 1.93334174861E+14 5.12376389015E+33 1.06076702436E+00 1.12024607300E+38
 1.93875850928E+14 5.15168840799E+33 1.06093238952E+00 1.12329459609E+38
 1.94419085838E+14 5.17976511447E+33 1.06109820470E+00 1.12635141511E+38
 1.94963884296E+14 5.20799483903E+33 1.06126447110E+00 1.12941655265E+38
 1.95510251020E+14 5.23637841561E+33 1.06143118997E+00 1.13249003134E+38
 1.96058190746E+14 5.26491668271E+33 1.06159836253E+00 1.13557187389E+38
 1.96607708224E+14 5.29361048339E+33 1.06176599001E+00 1.13866210304E+38
 1.97158808219E+14 5.32246066531E+33 1.06193407366E+00 1.14176074163E+38
 1.97711495514E+14 5.35146808075E+33 1.06210261471E+00 1.14486781253E+38
 1.98265774904E+14 5.38063358663E+33 1.06227161441E+00 1.14798333870E+38
 1.98821651203E+14 5.40995804454E+33 1.06244107402E+00 1.15110734314E+38
 1.99379129238E+14 5.43944232078E+33 1.06261099477E+00 1.15423984893E+38
 1.99938213854E+14 5.46908728635E+33 1.06278137793E+00 1.15738087921E+38
 2.00498909911E+14 5.49889381700E+33 1.06295222475E+00 1.16053045716E+38
 2.01061222284E+14 5.52886279328E+33 1.06312353649E+00 1.16368860604E+38
 2.01625155865E+14 5.55899510050E+33 1.06329531443E+00 1.16685534920E+38
 2.02190715561E+14 5.58929162882E+33 1.06346755982E+00 1.17003071000E+38
 2.02757906297E+14 5.61975327326E+33 1.06364027395E+00 1.17321471190E+38
 2.03326733012E+14 5.65038093368E+33 1.06381345808E+00 1.17640737843E+38
 2.03897200662E+14 5.68117551487E+33 1.06398711350E+00 1.17960873314E+38
 2.04469314220E+14 5.71213792657E+33 1.06416124149E+00 1.18281879970E+38
 2.05043078674E+14 5.74326908343E+33 1.06433584333E+00 1.18603760181E+38
 2.05618499028E+14 5.77456990513E+33 1.06451092031E+00 1.18926516323E+38
 2.06195580305E+14 5.80604131634E+33 1.06468647373E+00 1.19250150781E+38
 2.06774327542E+14 5.83768424676E+33 1.06486250489E+00 1.19574665945E+38
 2.07354745794E+14 5.86949963118E+33 1.06503901507E+00 1.19900064211E+38
 2.07936840131E+14 5.90148840948E+33 1.06521600560E+00 1.20226347982E+38
 2.08520615640E+14 5.93365152665E+33 1.06539347776E+00 1.20553519669E+38
 2.09106077427E+14 5.96598993283E+33 1.06557143289E+00 1.20881581687E+38
 2.09693230612E+14 5.99850458336E+33 1.06574987228E+00 1.21210536460E+38
 2.10282080333E+14 6.03119643877E+33 1.06592879725E+00 1.21540386417E+38
 2.10872631745E+14 6.06406646481E+33 1.06610820914E+00 1.21871133993E+38
 2.11464890019E+14 6.09711563253E+33 1.06628810926E+00 1.22202781633E+38
 2.12058860345E+14 6.13034491824E+33 1.06646849894E+00 1.22535331784E+38
 2.12654547928E+14 6.16375530359E+33 1.06664937951E+00 1.22868786903E+38
 2.13251957991E+14 6.19734777557E+33 1.06683075232E+00 1.23203149453E+38
 2.13851095775E+14 6.23112332655E+33 1.06701261869E+00 1.23538421903E+38
 2.14451966537E+14 6.26508295431E+33 1.06719497998E+00 1.23874606729E+38
 2.15054575552E+14 6.29922766208E+33 1.06737783752E+00 1.24211706414E+38
 2.15658928111E+14 6.33355845853E+33 1.06756119268E+00 1.24549723448E+38
 2.16265029526E+14 6.36807635786E+33 1.06774504680E+00 1.24888660326E+38
 2.16872885122E+14 6.40278237977E+33 1.06792940124E+00 1.25228519553E+38
 2.17482500245E+14 6.43767754953E+33 1.06811425737E+00 1.25569303638E+38
 2.18093880257E+14 6.47276289799E+33 1.06829961654E+00 1.25911015098E+38
 2.18707030538E+14 6.50803946164E+33 1.06848548013E+00 1.26253656456E+38
 2.19321956487E+14 6.54350828259E+33 1.06867184951E+00 1.26597230244E+38
 2.19938663519E+14 6.57917040865E+33 1.06885872606E+00 1.26941738998E+38
 2.20557157068E+14 6.61502689332E+33 1.06904611115E+00 1.27287185263E+38
 2.21177442586E+14 6.65107879587E+33 1.06923400618E+00 1.27633571590E+38
 2.21799525542E+14 6.68732718133E+33 1.06942241252E+00 1.27980900538E+38
 2.22423411424E+14 6.72377312051E+33 1.06961133157E+00 1.28329174671E+38
 2.23049105739E+14 6.76041769010E+33 1.06980076473E+00 1.28678396562E+38
 2.23676614011E+14 6.79726197262E+33 1.06999071339E+00 1.29028568789E+38
 2.24305941782E+14 6.83430705652E+33 1.07018117896E+00 1.29379693939E+38
 2.24937094613E+14 6.87155403616E+33 1.07037216285E+00 1.29731774606E+38
 2.25570078085E+14 6.90900401187E+33 1.07056366645E+00 1.30084813388E+38
 2.26204897795E+14 6.94665808998E+33 1.07075569120E+00 1.30438812895E+38
 2.26841559359E+14 6.98451738285E+33 1.07094823850E+00 1.30793775739E+38
 2.27480068413E+14 7.02258300890E+33 1.07114130978E+00 1.31149704543E+38
 2.28120430611E+14 7.06085609265E+33 1.07133490646E+00 1.31506601935E+38
 2.28762651626E+14 7.09933776474E+33 1.07152902998E+00 1.31864470551E+38
 2.29406737150E+14 7.13802916198E+33 1.07172368177E+00 1.32223313034E+38
 2.30052692892E+14 7.17693142737E+33 1.07191886326E+00 1.32583132035E+38
 2.30700524584E+14 7.21604571014E+33 1.07211457590E+00 1.32943930210E+38
 2.31350237973E+14 7.25537316578E+33 1.07231082113E+00 1.33305710224E+38
 2.32001838827E+14 7.29491495610E+33 1.07250760040E+00 1.33668474750E+38
 2.32655332933E+14 7.33467224920E+33 1.07270491517E+00 1.34032226466E+38
 2.33310726099E+14 7.37464621959E+33 1.07290276689E+00 1.34396968058E+38
 2.33968024148E+14 7.41483804816E+33 1.07310115702E+00 1.34762702221E+38
 2.34627232928E+14 7.45524892223E+33 1.07330008703E+00 1.35129431655E+38
 2.35288358302E+14 7.49588003559E+33 1.07349955839E+00 1.35497159070E+38
 2.35951406155E+14 7.53673258857E+33 1.07369957258E+00 1.35865887180E+38
 2.36616382391E+14 7.57780778799E+33 1.07390013105E+00 1.36235618709E+38
 2.37283292933E+14 7.61910684729E+33 1.07410123531E+00 1.36606356388E+38
 2.37952143725E+14 7.66063098649E+33 1.07430288684E+00 1.36978102955E+38
 2.38622940730E+14 7.70238143230E+33 1.07450508711E+00 1.37350861154E+38
 2.39295689931E+14 7.74435941807E+33 1.07470783764E+00 1.37724633740E+38
 2.39970397333E+14 7.78656618390E+33 1.07491113990E+00 1.38099423472E+38
 2.40647068958E+14 7.82900297664E+33 1.07511499542E+00 1.38475233118E+38
 2.41325710850E+14 7.87167104994E+33 1.07531940568E+00 1.38852065454E+38
 2.42006329072E+14 7.91457166428E+33 1.07552437221E+00 1.39229923264E+38
 2.42688929710E+14 7.95770608701E+33 1.07572989651E+00 1.39608809337E+38
 2.43373518867E+14 8.00107559238E+33 1.07593598011E+00 1.39988726471E+38
 2.44060102669E+14 8.04468146160E+33 1.07614262452E+00 1.40369677474E+38
 2.44748687262E+14 8.08852498284E+33 1.07634983127E+00 1.40751665157E+38
 2.45439278811E+14 8.13260745131E+33 1.07655760189E+00 1.41134692343E+38
 2.46131883503E+14 8.17693016927E+33 1.07676593792E+00 1.41518761860E+38
 2.46826507547E+14 8.22149444609E+33 1.07697484089E+00 1.41903876544E+38
 2.47523157171E+14 8.26630159825E+33 1.07718431235E+00 1.42290039240E+38
 2.48221838625E+14 8.31135294944E+33 1.07739435384E+00 1.42677252799E+38
 2.48922558179E+14 8.35664983053E+33 1.07760496692E+00 1.43065520082E+38
 2.49625322125E+14 8.40219357966E+33 1.07781615314E+00 1.43454843956E+38
 2.50330136776E+14 8.44798554227E+33 1.07802791406E+00 1.43845227296E+38
 2.51037008466E+14 8.49402707111E+33 1.07824025125E+00 1.44236672985E+38
 2.51745943551E+14 8.54031952633E+33 1.07845316626E+00 1.44629183915E+38
 2.52456948407E+14 8.58686427547E+33 1.07866666069E+00 1.45022762984E+38
 2.53170029434E+14 8.63366269354E+33 1.07888073609E+00 1.45417413098E+38
 2.53885193050E+14 8.68071616302E+33 1.07909539406E+00 1.45813137173E+38
 2.54602445698E+14 8.72802607396E+33 1.07931063617E+00 1.46209938131E+38
 2.55321793841E+14 8.77559382396E+33 1.07952646403E+00 1.46607818902E+38
 2.56043243965E+14 8.82342081823E+33 1.07974287921E+00 1.47006782426E+38
 2.56766802577E+14 8.87150846967E+33 1.07995988333E+00 1.47406831648E+38
 2.57492476205E+14 8.91985819885E+33 1.08017747798E+00 1.47807969523E+38
 2.58220271402E+14 8.96847143410E+33 1.08039566476E+00 1.48210199014E+38
 2.58950194741E+14 9.01734961153E+33 1.08061444530E+00 1.48613523091E+38
 2.59682252816E+14 9.06649417507E+33 1.08083382121E+00 1.49017944732E+38
 2.60416452247E+14 9.11590657652E+33 1.08105379410E+00 1.49423466926E+38
 2.61152799674E+14 9.16558827560E+33 1.08127436561E+00 1.49830092666E+38
 2.61891301760E+14 9.21554073999E+33 1.08149553735E+00 1.50237824956E+38
 2.62631965190E+14 9.26576544536E+33 1.08171731097E+00 1.50646666806E+38
 2.63374796673E+14 9.31626387542E+33 1.08193968811E+00 1.51056621238E+38
 2.64119802939E+14 9.36703752196E+33 1.08216267039E+00 1.51467691277E+38
 2.64866990742E+14 9.41808788493E+33 1.08238625948E+00 1.51879879960E+38
 2.65616366859E+14 9.46941647241E+33 1.08261045702E+00 1.52293190331E+38
 2.66367938090E+14 9.52102480075E+33 1.08283526467E+00 1.52707625443E+38
 2.67121711258E+14 9.57291439453E+33 1.08306068409E+00 1.53123188356E+38
 2.67877693209E+14 9.62508678663E+33 1.08328671694E+00 1.53539882140E+38
 2.68635890812E+14 9.67754351832E+33 1.08351336489E+00 1.53957709871E+38
 2.69396310960E+14 9.73028613925E+33 1.08374062962E+00 1.54376674636E+38
 2.70158960568E+14 9.78331620751E+33 1.08396851280E+00 1.54796779529E+38
 2.70923846578E+14 9.83663528968E+33 1.08419701613E+00 1.55218027653E+38
 2.71690975951E+14 9.89024496091E+33 1.08442614128E+00 1.55640422118E+38
 2.72460355676E+14 9.94414680489E+33 1.08465588994E+00 1.56063966044E+38
 2.73231992764E+14 9.99834241397E+33 1.08488626382E+00 1.56488662559E+38
 2.74005894248E+14 1.00528333892E+34 1.08511726462E+00 1.56914514800E+38
 2.74782067188E+14 1.01076213402E+34 1.08534889404E+00 1.57341525911E+38
 2.75560518667E+14 1.01627078857E+34 1.08558115379E+00 1.57769699047E+38
 2.76341255793E+14 1.02180946528E+34 1.08581404559E+00 1.58199037370E+38
 2.77124285695E+14 1.02737832779E+34 1.08604757115E+00 1.58629544050E+38
 2.77909615531E+14 1.03297754061E+34 1.08628173221E+00 1.59061222267E+38
 2.78697252481E+14 1.03860726914E+34 1.08651653049E+00 1.59494075208E+38
 2.79487203748E+14 1.04426767970E+34 1.08675196773E+00 1.59928106072E+38
 2.80279476564E+14 1.04995893949E+34 1.08698804566E+00 1.60363318062E+38
 2.81074078182E+14 1.05568121666E+34 1.08722476603E+00 1.60799714394E+38
 2.81871015881E+14 1.06143468025E+34 1.08746213059E+00 1.61237298291E+38
 2.82670296965E+14 1.06721950022E+34 1.08770014109E+00 1.61676072983E+38
 2.83471928763E+14 1.07303584746E+34 1.08793879928E+00 1.62116041712E+38
 2.84275918630E+14 1.07888389380E+34 1.08817810693E+00 1.62557207727E+38
 2.85082273944E+14 1.08476381199E+34 1.08841806582E+00 1.62999574286E+38
 2.85891002112E+14 1.09067577575E+34 1.08865867770E+00 1.63443144656E+38
 2.86702110562E+14 1.09661995971E+34 1.08889994435E+00 1.63887922114E+38
 2.87515606750E+14 1.10259653949E+34 1.08914186757E+00 1.64333909943E+38
 2.88331498158E+14 1.10860569162E+34 1.08938444913E+00 1.64781111437E+38
 2.89149792293E+14 1.11464759364E+34 1.08962769083E+00 1.65229529900E+38
 2.89970496688E+14 1.12072242404E+34 1.08987159446E+00 1.65679168644E+38
 2.90793618901E+14 1.12683036226E+34 1.09011616183E+00 1.66130030988E+38
 2.91619166517E+14 1.13297158876E+34 1.09036139473E+00 1.66582120263E+38
 2.92447147147E+14 1.13914628494E+34 1.09060729499E+00 1.67035439807E+38
 2.93277568429E+14 1.14535463322E+34 1.09085386441E+00 1.67489992969E+38
 2.94110438025E+14 1.15159681701E+34 1.09110110483E+00 1.67945783105E+38
 2.94945763626E+14 1.15787302070E+34 1.09134901806E+00 1.68402813582E+38
 2.95783552948E+14 1.16418342971E+34 1.09159760593E+00 1.68861087775E+38
 2.96623813734E+14 1.17052823046E+34 1.09184687029E+00 1.69320609068E+38
 2.97466553753E+14 1.17690761037E+34 1.09209681297E+00 1.69781380856E+38
 2.98311780803E+14 1.18332175791E+34 1.09234743582E+00 1.70243406541E+38
 2.99159502707E+14 1.18977086256E+34 1.09259874068E+00 1.70706689535E+38
 3.00009727315E+14 1.19625511484E+34 1.09285072942E+00 1.71171233260E+38
 3.00862462505E+14 1.20277470630E+34 1.09310340390E+00 1.71637041147E+38
 3.01717716183E+14 1.20932982953E+34 1.09335676598E+00 1.72104116636E+38
 3.02575496280E+14 1.21592067820E+34 1.09361081754E+00 1.72572463177E+38
 3.03435810756E+14 1.22254744699E+34 1.09386556044E+00 1.73042084227E+38
 3.04298667598E+14 1.22921033169E+34 1.09412099658E+00 1.73512983257E+38
 3.05164074823E+14 1.23590952911E+34 1.09437712783E+00 1.73985163743E+38
 3.06032040471E+14 1.24264523716E+34 1.09463395609E+00 1.74458629173E+38
 3.06902572615E+14 1.24941765482E+34 1.09489148326E+00 1.74933383043E+38
 3.07775679353E+14 1.25622698217E+34 1.09514971124E+00 1.75409428859E+38
 3.08651368812E+14 1.26307342036E+34 1.09540864193E+00 1.75886770138E+38
 3.09529649147E+14 1.26995717164E+34 1.09566827725E+00 1.76365410405E+38
 3.10410528541E+14 1.27687843938E+34 1.09592861912E+00 1.76845353195E+38
 3.11294015206E+14 1.28383742803E+34 1.09618966945E+00 1.77326602051E+38
 3.12180117382E+14 1.29083434317E+34 1.09645143018E+00 1.77809160530E+38
 3.13068843340E+14 1.29786939151E+34 1.09671390324E+00 1.78293032193E+38
 3.13960201375E+14 1.30494278086E+34 1.09697709056E+00 1.78778220615E+38
 3.14854199816E+14 1.31205472020E+34 1.09724099410E+00 1.79264729380E+38
 3.15750847018E+14 1.31920541961E+34 1.09750561579E+00 1.79752562079E+38
 3.16650151365E+14 1.32639509034E+34 1.09777095760E+00 1.80241722317E+38
 3.17552121273E+14 1.33362394478E+34 1.09803702149E+00 1.80732213705E+38
 3.18456765183E+14 1.34089219649E+34 1.09830380941E+00 1.81224039867E+38
 3.19364091570E+14 1.34820006017E+34 1.09857132334E+00 1.81717204433E+38
 3.20274108936E+14 1.35554775172E+34 1.09883956526E+00 1.82211711048E+38
 3.21186825812E+14 1.36293548819E+34 1.09910853714E+00 1.82707563362E+38
 3.22102250762E+14 1.37036348783E+34 1.09937824098E+00 1.83204765038E+38
 3.23020392376E+14 1.37783197008E+34 1.09964867876E+00 1.83703319747E+38
 3.23941259276E+14 1.38534115557E+34 1.09991985248E+00 1.84203231173E+38
 3.24864860116E+14 1.39289126612E+34 1.10019176415E+00 1.84704503006E+38
 3.25791203576E+14 1.40048252478E+34 1.10046441577E+00 1.85207138949E+38
 3.26720298370E+14 1.40811515580E+34 1.10073780935E+00 1.85711142714E+38
 3.27652153242E+14 1.41578938467E+34 1.10101194693E+00 1.86216518024E+38
 3.28586776965E+14 1.42350543810E+34 1.10128683051E+00 1.86723268610E+38
 3.29524178344E+14 1.43126354403E+34 1.10156246213E+00 1.87231398216E+38
 3.30464366214E+14 1.43906393164E+34 1.10183884382E+00 1.87740910593E+38
 3.31407349442E+14 1.44690683136E+34 1.10211597764E+00 1.88251809505E+38
 3.32353136926E+14 1.45479247490E+34 1.10239386562E+00 1.88764098725E+38
 3.33301737595E+14 1.46272109521E+34 1.10267250981E+00 1.89277782037E+38
 3.34253160408E+14 1.47069292650E+34 1.10295191228E+00 1.89792863234E+38
 3.35207414359E+14 1.47870820428E+34 1.10323207508E+00 1.90309346120E+38
 3.36164508469E+14 1.48676716533E+34 1.10351300029E+00 1.90827234510E+38
 3.37124451796E+14 1.49487004772E+34 1.10379468998E+00 1.91346532229E+38
 3.38087253425E+14 1.50301709084E+34 1.10407714624E+00 1.91867243111E+38
 3.39052922475E+14 1.51120853534E+34 1.10436037114E+00 1.92389371003E+38
 3.40021468098E+14 1.51944462322E+34 1.10464436678E+00 1.92912919760E+38
 3.40992899477E+14 1.52772559779E+34 1.10492913525E+00 1.93437893249E+38
 3.41967225829E+14 1.53605170368E+34 1.10521467867E+00 1.93964295347E+38
 3.42944456400E+14 1.54442318686E+34 1.10550099914E+00 1.94492129942E+38
 3.43924600473E+14 1.55284029462E+34 1.10578809876E+00 1.95021400932E+38
 3.44907667361E+14 1.56130327563E+34 1.10607597968E+00 1.95552112226E+38
 3.45893666410E+14 1.56981237990E+34 1.10636464400E+00 1.96084267743E+38
 3.46882607001E+14 1.57836785879E+34 1.10665409386E+00 1.96617871414E+38
 3.47874498545E+14 1.58696996504E+34 1.10694433140E+00 1.97152927180E+38
 3.48869350490E+14 1.59561895279E+34 1.10723535877E+00 1.97689438991E+38
 3.49867172314E+14 1.60431507752E+34 1.10752717811E+00 1.98227410811E+38
 3.50867973530E+14 1.61305859615E+34 1.10781979157E+00 1.98766846612E+38
 3.51871763686E+14 1.62184976696E+34 1.10811320133E+00 1.99307750379E+38
 3.52878552362E+14 1.63068884965E+34 1.10840740953E+00 1.99850126106E+38
 3.53888349172E+14 1.63957610536E+34 1.10870241837E+00 2.00393977799E+38
 3.54901163766E+14 1.64851179661E+34 1.10899823001E+00 2.00939309474E+38
 3.55917005825E+14 1.65749618740E+34 1.10929484665E+00 2.01486125159E+38
 3.56935885067E+14 1.66652954312E+34 1.10959227047E+00 2.02034428893E+38
 3.57957811244E+14 1.67561213063E+34 1.10989050366E+00 2.02584224724E+38
 3.58982794141E+14 1.68474421826E+34 1.11018954844E+00 2.03135516713E+38
 3.60010843581E+14 1.69392607577E+34 1.11048940701E+00 2.03688308931E+38
 3.61041969420E+14 1.70315797442E+34 1.11079008158E+00 2.04242605462E+38
 3.62076181547E+14 1.71244018692E+34 1.11109157437E+00 2.04798410399E+38
 3.63113489890E+14 1.72177298749E+34 1.11139388762E+00 2.05355727847E+38
 3.64153904411E+14 1.73115665182E+34 1.11169702355E+00 2.05914561921E+38
 3.65197435106E+14 1.74059145714E+34 1.11200098441E+00 2.06474916749E+38
 3.66244092007E+14 1.75007768216E+34 1.11230577243E+00 2.07036796470E+38
 3.67293885185E+14 1.75961560711E+34 1.11261138988E+00 2.07600205232E+38
 3.68346824742E+14 1.76920551376E+34 1.11291783900E+00 2.08165147198E+38
 3.69402920819E+14 1.77884768541E+34 1.11322512205E+00 2.08731626539E+38
 3.70462183594E+14 1.78854240690E+34 1.11353324132E+00 2.09299647438E+38
 3.71524623279E+14 1.79828996464E+34 1.11384219907E+00 2.09869214092E+38
 3.72590250123E+14 1.80809064657E+34 1.11415199759E+00 2.10440330706E+38
 3.73659074413E+14 1.81794474223E+34 1.11446263916E+00 2.11013001499E+38
 3.74731106471E+14 1.82785254272E+34 1.11477412608E+00 2.11587230699E+38
 3.75806356657E+14 1.83781434073E+34 1.11508646065E+00 2.12163022548E+38
 3.76884835369E+14 1.84783043055E+34 1.11539964517E+00 2.12740381297E+38
 3.77966553040E+14 1.85790110806E+34 1.11571368196E+00 2.13319311212E+38
 3.79051520142E+14 1.86802667078E+34 1.11602857334E+00 2.13899816568E+38
 3.80139747184E+14 1.87820741783E+34 1.11634432163E+00 2.14481901651E+38
 3.81231244712E+14 1.88844364995E+34 1.11666092917E+00 2.15065570762E+38
 3.82326023312E+14 1.89873566955E+34 1.11697839829E+00 2.15650828209E+38
 3.83424093605E+14 1.90908378067E+34 1.11729673134E+00 2.16237678317E+38
 3.84525466253E+14 1.91948828900E+34 1.11761593067E+00 2.16826125418E+38
 3.85630151954E+14 1.92994950191E+34 1.11793599863E+00 2.17416173859E+38
 3.86738161445E+14 1.94046772844E+34 1.11825693759E+00 2.18007827998E+38
 3.87849505503E+14 1.95104327932E+34 1.11857874993E+00 2.18601092203E+38
 3.88964194943E+14 1.96167646695E+34 1.11890143801E+00 2.19195970857E+38
 3.90082240618E+14 1.97236760547E+34 1.11922500422E+00 2.19792468353E+38
 3.91203653421E+14 1.98311701071E+34 1.11954945096E+00 2.20390589097E+38
 3.92328444284E+14 1.99392500021E+34 1.11987478060E+00 2.20990337505E+38
 3.93456624178E+14 2.00479189326E+34 1.12020099557E+00 2.21591718007E+38
 3.94588204114E+14 2.01571801089E+34 1.12052809827E+00 2.22194735044E+38
 3.95723195143E+14 2.02670367587E+34 1.12085609111E+00 2.22799393070E+38
 3.96861608356E+14 2.03774921274E+34 1.12118497651E+00 2.23405696551E+38
 3.98003454882E+14 2.04885494779E+34 1.12151475691E+00 2.24013649964E+38
 3.99148745893E+14 2.06002120911E+34 1.12184543474E+00 2.24623257799E+38
 4.00297492600E+14 2.07124832656E+34 1.12217701245E+00 2.25234524559E+38
 4.01449706254E+14 2.08253663182E+34 1.12250949247E+00 2.25847454757E+38
 4.02605398148E+14 2.09388645834E+34 1.12284287728E+00 2.26462052921E+38
 4.03764579615E+14 2.10529814143E+34 1.12317716932E+00 2.27078323590E+38
 4.04927262028E+14 2.11677201821E+34 1.12351237107E+00 2.27696271314E+38
 4.06093456805E+14 2.12830842762E+34 1.12384848500E+00 2.28315900659E+38
 4.07263175400E+14 2.13990771048E+34 1.12418551360E+00 2.28937216199E+38
 4.08436429313E+14 2.15157020943E+34 1.12452345936E+00 2.29560222524E+38
 4.09613230083E+14 2.16329626902E+34 1.12486232476E+00 2.30184924234E+38
 4.10793589292E+14 2.17508623564E+34 1.12520211232E+00 2.30811325944E+38
 4.11977518565E+14 2.18694045759E+34 1.12554282455E+00 2.31439432279E+38
 4.13165029566E+14 2.19885928507E+34 1.12588446395E+00 2.32069247879E+38
 4.14356134005E+14 2.21084307016E+34 1.12622703305E+00 2.32700777395E+38
 4.15550843633E+14 2.22289216689E+34 1.12657053439E+00 2.33334025490E+38
 4.16749170243E+14 2.23500693121E+34 1.12691497050E+00 2.33968996842E+38
 4.17951125671E+14 2.24718772101E+34 1.12726034392E+00 2.34605696140E+38
 4.19156721798E+14 2.25943489612E+34 1.12760665720E+00 2.35244128086E+38
 4.20365970547E+14 2.27174881834E+34 1.12795391291E+00 2.35884297396E+38
 4.21578883883E+14 2.28412985146E+34 1.12830211360E+00 2.36526208797E+38
 4.22795473817E+14 2.29657836121E+34 1.12865126185E+00 2.37169867030E+38
 4.24015752403E+14 2.30909471536E+34 1.12900136023E+00 2.37815276849E+38
 4.25239731738E+14 2.32167928365E+34 1.12935241134E+00 2.38462443020E+38
 4.26467423965E+14 2.33433243784E+34 1.12970441776E+00 2.39111370323E+38
 4.27698841269E+14 2.34705455174E+34 1.13005738210E+00 2.39762063550E+38
 4.28933995881E+14 2.35984600117E+34 1.13041130696E+00 2.40414527507E+38
 4.30172900076E+14 2.37270716401E+34 1.13076619495E+00 2.41068767013E+38
 4.31415566176E+14 2.38563842020E+34 1.13112204870E+00 2.41724786899E+38
 4.32662006544E+14 2.39864015174E+34 1.13147887083E+00 2.42382592011E+38
 4.33912233593E+14 2.41171274274E+34 1.13183666398E+00 2.43042187207E+38
 4.35166259777E+14 2.42485657937E+34 1.13219543080E+00 2.43703577357E+38
 4.36424097599E+14 2.43807204992E+34 1.13255517392E+00 2.44366767347E+38
 4.37685759606E+14 2.45135954480E+34 1.13291589601E+00 2.45031762074E+38
 4.38951258391E+14 2.46471945653E+34 1.13327759974E+00 2.45698566450E+38
 4.40220606595E+14 2.47815217980E+34 1.13364028777E+00 2.46367185399E+38
 4.41493816902E+14 2.49165811142E+34 1.13400396278E+00 2.47037623859E+38
 4.42770902047E+14 2.50523765038E+34 1.13436862746E+00 2.47709886782E+38
 4.44051874807E+14 2.51889119784E+34 1.13473428450E+00 2.48383979132E+38
 4.45336748010E+14 2.53261915715E+34 1.13510093660E+00 2.49059905889E+38
 4.46625534529E+14 2.54642193384E+34 1.13546858647E+00 2.49737672043E+38
 4.47918247285E+14 2.56029993568E+34 1.13583723682E+00 2.50417282601E+38
 4.49214899246E+14 2.57425357265E+34 1.13620689039E+00 2.51098742582E+38
 4.50515503429E+14 2.58828325695E+34 1.13657754989E+00 2.51782057018E+38
 4.51820072896E+14 2.60238940304E+34 1.13694921806E+00 2.52467230956E+38
 4.53128620761E+14 2.61657242764E+34 1.13732189766E+00 2.53154269456E+38
 4.54441160184E+14 2.63083274974E+34 1.13769559143E+00 2.53843177593E+38
 4.55757704374E+14 2.64517079060E+34 1.13807030212E+00 2.54533960454E+38
 4.57078266589E+14 2.65958697380E+34 1.13844603252E+00 2.55226623140E+38
 4.58402860135E+14 2.67408172521E+34 1.13882278540E+00 2.55921170768E+38
 4.59731498369E+14 2.68865547303E+34 1.13920056353E+00 2.56617608467E+38
 4.61064194695E+14 2.70330864779E+34 1.13957936970E+00 2.57315941380E+38
 4.62400962568E+14 2.71804168237E+34 1.13995920672E+00 2.58016174665E+38
 4.63741815493E+14 2.73285501199E+34 1.14034007739E+00 2.58718313494E+38
 4.65086767025E+14 2.74774907428E+34 1.14072198453E+00 2.59422363051E+38
 4.66435830767E+14 2.76272430922E+34 1.14110493094E+00 2.60128328536E+38
 4.67789020376E+14 2.77778115920E+34 1.14148891947E+00 2.60836215164E+38
 4.69146349556E+14 2.79292006903E+34 1.14187395294E+00 2.61546028162E+38
 4.70507832064E+14 2.80814148594E+34 1.14226003421E+00 2.62257772772E+38
 4.71873481707E+14 2.82344585957E+34 1.14264716611E+00 2.62971454252E+38
 4.73243312345E+14 2.83883364206E+34 1.14303535152E+00 2.63687077871E+38
 4.74617337887E+14 2.85430528798E+34 1.14342459330E+00 2.64404648915E+38
 4.75995572294E+14 2.86986125438E+34 1.14381489432E+00 2.65124172684E+38
 4.77378029582E+14 2.88550200081E+34 1.14420625746E+00 2.65845654491E+38
 4.78764723814E+14 2.90122798932E+34 1.14459868562E+00 2.66569099665E+38
 4.80155669110E+14 2.91703968449E+34 1.14499218170E+00 2.67294513548E+38
 4.81550879640E+14 2.93293755341E+34 1.14538674859E+00 2.68021901499E+38
 4.82950369626E+14 2.94892206572E+34 1.14578238922E+00 2.68751268889E+38
 4.84354153347E+14 2.96499369365E+34 1.14617910650E+00 2.69482621105E+38
 4.85762245129E+14 2.98115291196E+34 1.14657690337E+00 2.70215963547E+38
 4.87174659358E+14 2.99740019803E+34 1.14697578276E+00 2.70951301633E+38
 4.88591410469E+14 3.01373603182E+34 1.14737574763E+00 2.71688640793E+38
 4.90012512952E+14 3.03016089591E+34 1.14777680091E+00 2.72427986472E+38
 4.91437981352E+14 3.04667527554E+34 1.14817894558E+00 2.73169344131E+38
 4.92867830268E+14 3.06327965854E+34 1.14858218461E+00 2.73912719245E+38
 4.94302074353E+14 3.07997453545E+34 1.14898652097E+00 2.74658117304E+38
 4.95740728314E+14 3.09676039946E+34 1.14939195765E+00 2.75405543812E+38
 4.97183806916E+14 3.11363774643E+34 1.14979849765E+00 2.76155004291E+38
 4.98631324976E+14 3.13060707497E+34 1.15020614396E+00 2.76906504275E+38
 5.00083297367E+14 3.14766888636E+34 1.15061489959E+00 2.77660049314E+38
 5.01539739021E+14 3.16482368463E+34 1.15102476758E+00 2.78415644974E+38
 5.03000664921E+14 3.18207197658E+34 1.15143575093E+00 2.79173296834E+38
 5.04466090109E+14 3.19941427173E+34 1.15184785270E+00 2.79933010491E+38
 5.05936029683E+14 3.21685108240E+34 1.15226107591E+00 2.80694791554E+38
 5.07410498799E+14 3.23438292371E+34 1.15267542363E+00 2.81458645651E+38
 5.08889512666E+14 3.25201031357E+34 1.15309089891E+00 2.82224578422E+38
 5.10373086554E+14 3.26973377272E+34 1.15350750483E+00 2.82992595524E+38
 5.11861235789E+14 3.28755382474E+34 1.15392524445E+00 2.83762702630E+38
 5.13353975755E+14 3.30547099605E+34 1.15434412087E+00 2.84534905426E+38
 5.14851321892E+14 3.32348581597E+34 1.15476413717E+00 2.85309209616E+38
 5.16353289700E+14 3.34159881667E+34 1.15518529647E+00 2.86085620918E+38
 5.17859894736E+14 3.35981053325E+34 1.15560760186E+00 2.86864145066E+38
 5.19371152619E+14 3.37812150369E+34 1.15603105647E+00 2.87644787810E+38
 5.20887079021E+14 3.39653226894E+34 1.15645566343E+00 2.88427554916E+38
 5.22407689679E+14 3.41504337288E+34 1.15688142587E+00 2.89212452164E+38
 5.23933000385E+14 3.43365536235E+34 1.15730834694E+00 2.89999485351E+38
 5.25463026992E+14 3.45236878718E+34 1.15773642978E+00 2.90788660290E+38
 5.26997785414E+14 3.47118420019E+34 1.15816567757E+00 2.91579982809E+38
 5.28537291624E+14 3.49010215722E+34 1.15859609347E+00 2.92373458751E+38
 5.30081561656E+14 3.50912321713E+34 1.15902768066E+00 2.93169093979E+38
 5.31630611602E+14 3.52824794184E+34 1.15946044232E+00 2.93966894366E+38
 5.33184457619E+14 3.54747689631E+34 1.15989438166E+00 2.94766865806E+38
 5.34743115922E+14 3.56681064860E+34 1.16032950188E+00 2.95569014206E+38
 5.36306602789E+14 3.58624976986E+34 1.16076580618E+00 2.96373345491E+38
 5.37874934559E+14 3.60579483435E+34 1.16120329781E+00 2.97179865601E+38
 5.39448127632E+14 3.62544641946E+34 1.16164197997E+00 2.97988580492E+38
 5.41026198473E+14 3.64520510572E+34 1.16208185593E+00 2.98799496137E+38
 5.42609163606E+14 3.66507147685E+34 1.16252292891E+00 2.99612618525E+38
 5.44197039619E+14 3.68504611971E+34 1.16296520219E+00 3.00427953661E+38
 5.45789843165E+14 3.70512962439E+34 1.16340867902E+00 3.01245507567E+38
 5.47387590956E+14 3.72532258420E+34 1.16385336269E+00 3.02065286280E+38
 5.48990299772E+14 3.74562559565E+34 1.16429925647E+00 3.02887295856E+38
 5.50597986454E+14 3.76603925853E+34 1.16474636366E+00 3.03711542364E+38
 5.52210667907E+14 3.78656417590E+34 1.16519468756E+00 3.04538031892E+38
 5.53828361102E+14 3.80720095408E+34 1.16564423149E+00 3.05366770544E+38
 5.55451083074E+14 3.82795020272E+34 1.16609499876E+00 3.06197764441E+38
 5.57078850921E+14 3.84881253479E+34 1.16654699270E+00 3.07031019720E+38
 5.58711681809E+14 3.86978856658E+34 1.16700021665E+00 3.07866542534E+38
 5.60349592967E+14 3.89087891777E+34 1.16745467396E+00 3.08704339055E+38
 5.61992601692E+14 3.91208421139E+34 1.16791036799E+00 3.09544415469E+38
 5.63640725344E+14 3.93340507388E+34 1.16836730209E+00 3.10386777982E+38
 5.65293981353E+14 3.95484213509E+34 1.16882547964E+00 3.11231432814E+38
 5.66952387212E+14 3.97639602830E+34 1.16928490404E+00 3.12078386203E+38
 5.68615960484E+14 3.99806739025E+34 1.16974557866E+00 3.12927644404E+38
 5.70284718796E+14 4.01985686115E+34 1.17020750692E+00 3.13779213690E+38
 5.71958679845E+14 4.04176508467E+34 1.17067069222E+00 3.14633100349E+38
 5.73637861393E+14 4.06379270804E+34 1.17113513798E+00 3.15489310688E+38
 5.75322281274E+14 4.08594038197E+34 1.17160084764E+00 3.16347851030E+38
 5.77011957386E+14 4.10820876075E+34 1.17206782464E+00 3.17208727717E+38
 5.78706907698E+14 4.13059850221E+34 1.17253607242E+00 3.18071947104E+38
 5.80407150248E+14 4.15311026778E+34 1.17300559444E+00 3.18937515569E+38
 5.82112703142E+14 4.17574472250E+34 1.17347639417E+00 3.19805439504E+38
 5.83823584556E+14 4.19850253501E+34 1.17394847509E+00 3.20675725318E+38
 5.85539812736E+14 4.22138437762E+34 1.17442184068E+00 3.21548379438E+38
 5.87261405997E+14 4.24439092630E+34 1.17489649443E+00 3.22423408311E+38
 5.88988382726E+14 4.26752286069E+34 1.17537243986E+00 3.23300818397E+38
 5.90720761380E+14 4.29078086414E+34 1.17584968049E+00 3.24180616177E+38
 5.92458560486E+14 4.31416562373E+34 1.17632821982E+00 3.25062808150E+38
 5.94201798643E+14 4.33767783028E+34 1.17680806140E+00 3.25947400829E+38
 5.95950494523E+14 4.36131817837E+34 1.17728920878E+00 3.26834400748E+38
 5.97704666867E+14 4.38508736639E+34 1.17777166550E+00 3.27723814458E+38
 5.99464334491E+14 4.40898609650E+34 1.17825543513E+00 3.28615648528E+38
 6.01229516282E+14 4.43301507471E+34 1.17874052124E+00 3.29509909543E+38
 6.03000231200E+14 4.45717501088E+34 1.17922692741E+00 3.30406604109E+38
 6.04776498278E+14 4.48146661872E+34 1.17971465724E+00 3.31305738848E+38
 6.06558336624E+14 4.50589061584E+34 1.18020371433E+00 3.32207320400E+38
 6.08345765417E+14 4.53044772377E+34 1.18069410228E+00 3.33111355424E+38
 6.10138803912E+14 4.55513866797E+34 1.18118582473E+00 3.34017850597E+38
 6.11937471438E+14 4.57996417783E+34 1.18167888530E+00 3.34926812613E+38
 6.13741787400E+14 4.60492498674E+34 1.18217328764E+00 3.35838248185E+38
 6.15551771275E+14 4.63002183208E+34 1.18266903539E+00 3.36752164044E+38
 6.17367442619E+14 4.65525545525E+34 1.18316613222E+00 3.37668566941E+38
 6.19188821061E+14 4.68062660169E+34 1.18366458180E+00 3.38587463643E+38
 6.21015926307E+14 4.70613602090E+34 1.18416438781E+00 3.39508860936E+38
 6.22848778140E+14 4.73178446647E+34 1.18466555394E+00 3.40432765626E+38
 6.24687396419E+14 4.75757269609E+34 1.18516808389E+00 3.41359184535E+38
 6.26531801080E+14 4.78350147159E+34 1.18567198137E+00 3.42288124506E+38
 6.28382012136E+14 4.80957155893E+34 1.18617725011E+00 3.43219592400E+38
 6.30238049680E+14 4.83578372828E+34 1.18668389384E+00 3.44153595094E+38
 6.32099933879E+14 4.86213875397E+34 1.18719191629E+00 3.45090139489E+38
 6.33967684983E+14 4.88863741458E+34 1.18770132123E+00 3.46029232499E+38
 6.35841323317E+14 4.91528049291E+34 1.18821211241E+00 3.46970881061E+38
 6.37720869287E+14 4.94206877604E+34 1.18872429360E+00 3.47915092129E+38
 6.39606343378E+14 4.96900305534E+34 1.18923786859E+00 3.48861872676E+38
 6.41497766155E+14 4.99608412648E+34 1.18975284117E+00 3.49811229696E+38
 6.43395158263E+14 5.02331278949E+34 1.19026921515E+00 3.50763170198E+38
 6.45298540426E+14 5.05068984873E+34 1.19078699433E+00 3.51717701214E+38
 6.47207933452E+14 5.07821611298E+34 1.19130618254E+00 3.52674829793E+38
 6.49123358228E+14 5.10589239538E+34 1.19182678362E+00 3.53634563004E+38
 6.51044835721E+14 5.13371951355E+34 1.19234880141E+00 3.54596907934E+38
 6.52972386984E+14 5.16169828955E+34 1.19287223976E+00 3.55561871692E+38
 6.54906033149E+14 5.18982954989E+34 1.19339710255E+00 3.56529461403E+38
 6.56845795432E+14 5.21811412563E+34 1.19392339364E+00 3.57499684214E+38
 6.58791695131E+14 5.24655285233E+34 1.19445111693E+00 3.58472547290E+38
 6.60743753629E+14 5.27514657012E+34 1.19498027631E+00 3.59448057816E+38
 6.62701992390E+14 5.30389612370E+34 1.19551087570E+00 3.60426222997E+38
 6.64666432965E+14 5.33280236237E+34 1.19604291900E+00 3.61407050056E+38
 6.66637096987E+14 5.36186614007E+34 1.19657641015E+00 3.62390546238E+38
 6.68614006176E+14 5.39108831538E+34 1.19711135308E+00 3.63376718806E+38
 6.70597182336E+14 5.42046975157E+34 1.19764775176E+00 3.64365575043E+38
 6.72586647355E+14 5.45001131662E+34 1.19818561014E+00 3.65357122252E+38
 6.74582423210E+14 5.47971388323E+34 1.19872493218E+00 3.66351367756E+38
 6.76584531963E+14 5.50957832884E+34 1.19926572189E+00 3.67348318899E+38
 6.78592995762E+14 5.53960553572E+34 1.19980798324E+00 3.68347983042E+38
 6.80607836842E+14 5.56979639090E+34 1.20035172025E+00 3.69350367569E+38
 6.82629077526E+14 5.60015178626E+34 1.20089693693E+00 3.70355479882E+38
 6.84656740226E+14 5.63067261856E+34 1.20144363731E+00 3.71363327406E+38
 6.86690847440E+14 5.66135978943E+34 1.20199182542E+00 3.72373917583E+38
 6.88731421757E+14 5.69221420540E+34 1.20254150532E+00 3.73387257876E+38
 6.90778485852E+14 5.72323677796E+34 1.20309268105E+00 3.74403355770E+38
 6.92832062491E+14 5.75442842358E+34 1.20364535670E+00 3.75422218769E+38
 6.94892174531E+14 5.78579006369E+34 1.20419953635E+00 3.76443854398E+38
 6.96958844917E+14 5.81732262477E+34 1.20475522408E+00 3.77468270201E+38
 6.99032096687E+14 5.84902703834E+34 1.20531242401E+00 3.78495473745E+38
 7.01111952966E+14 5.88090424098E+34 1.20587114024E+00 3.79525472615E+38
 7.03198436975E+14 5.91295517442E+34 1.20643137690E+00 3.80558274419E+38
 7.05291572024E+14 5.94518078546E+34 1.20699313814E+00 3.81593886784E+38
 7.07391381516E+14 5.97758202612E+34 1.20755642809E+00 3.82632317359E+38
 7.09497888945E+14 6.01015985357E+34 1.20812125093E+00 3.83673573812E+38
 7.11611117902E+14 6.04291523020E+34 1.20868761081E+00 3.84717663834E+38
 7.13731092066E+14 6.07584912367E+34 1.20925551193E+00 3.85764595136E+38
 7.15857835215E+14 6.10896250689E+34 1.20982495848E+00 3.86814375450E+38
 7.17991371218E+14 6.14225635808E+34 1.21039595466E+00 3.87867012528E+38
 7.20131724040E+14 6.17573166078E+34 1.21096850470E+00 3.88922514146E+38
 7.22278917739E+14 6.20938940392E+34 1.21154261281E+00 3.89980888097E+38
 7.24432976472E+14 6.24323058179E+34 1.21211828324E+00 3.91042142200E+38
 7.26593924489E+14 6.27725619410E+34 1.21269552024E+00 3.92106284290E+38
 7.28761786138E+14 6.31146724604E+34 1.21327432807E+00 3.93173322228E+38
 7.30936585863E+14 6.34586474823E+34 1.21385471102E+00 3.94243263894E+38
 7.33118348205E+14 6.38044971685E+34 1.21443667335E+00 3.95316117190E+38
 7.35307097803E+14 6.41522317358E+34 1.21502021938E+00 3.96391890039E+38
 7.37502859395E+14 6.45018614567E+34 1.21560535342E+00 3.97470590386E+38
 7.39705657815E+14 6.48533966600E+34 1.21619207977E+00 3.98552226198E+38
 7.41915518000E+14 6.52068477304E+34 1.21678040279E+00 3.99636805463E+38
 7.44132464981E+14 6.55622251095E+34 1.21737032680E+00 4.00724336191E+38
 7.46356523893E+14 6.59195392957E+34 1.21796185618E+00 4.01814826414E+38
 7.48587719971E+14 6.62788008444E+34 1.21855499528E+00 4.02908284186E+38
 7.50826078549E+14 6.66400203690E+34 1.21914974849E+00 4.04004717582E+38
 7.53071625062E+14 6.70032085402E+34 1.21974612020E+00 4.05104134699E+38
 7.55324385048E+14 6.73683760874E+34 1.22034411482E+00 4.06206543658E+38
 7.57584384147E+14 6.77355337980E+34 1.22094373676E+00 4.07311952599E+38
 7.59851648101E+14 6.81046925184E+34 1.22154499044E+00 4.08420369688E+38
 7.62126202755E+14 6.84758631542E+34 1.22214788032E+00 4.09531803109E+38
 7.64408074058E+14 6.88490566703E+34 1.22275241084E+00 4.10646261072E+38
 7.66697288062E+14 6.92242840914E+34 1.22335858647E+00 4.11763751807E+38
 7.68993870923E+14 6.96015565023E+34 1.22396641168E+00 4.12884283566E+38
 7.71297848903E+14 6.99808850482E+34 1.22457589097E+00 4.14007864626E+38
 7.73609248370E+14 7.03622809350E+34 1.22518702883E+00 4.15134503285E+38
 7.75928095796E+14 7.07457554297E+34 1.22579982978E+00 4.16264207863E+38
 7.78254417760E+14 7.11313198608E+34 1.22641429834E+00 4.17396986703E+38
 7.80588240948E+14 7.15189856184E+34 1.22703043905E+00 4.18532848172E+38
 7.82929592152E+14 7.19087641547E+34 1.22764825647E+00 4.19671800658E+38
 7.85278498273E+14 7.23006669843E+34 1.22826775515E+00 4.20813852573E+38
 7.87634986320E+14 7.26947056848E+34 1.22888893967E+00 4.21959012351E+38
 7.89999083410E+14 7.30908918965E+34 1.22951181462E+00 4.23107288450E+38
 7.92370816770E+14 7.34892373234E+34 1.23013638460E+00 4.24258689350E+38
 7.94750213736E+14 7.38897537333E+34 1.23076265422E+00 4.25413223555E+38
 7.97137301754E+14 7.42924529579E+34 1.23139062811E+00 4.26570899591E+38
 7.99532108380E+14 7.46973468937E+34 1.23202031090E+00 4.27731726008E+38
 8.01934661284E+14 7.51044475019E+34 1.23265170724E+00 4.28895711379E+38
 8.04344988245E+14 7.55137668087E+34 1.23328482180E+00 4.30062864301E+38
 8.06763117153E+14 7.59253169060E+34 1.23391965925E+00 4.31233193394E+38
 8.09189076014E+14 7.63391099518E+34 1.23455622429E+00 4.32406707301E+38
 8.11622892945E+14 7.67551581701E+34 1.23519452161E+00 4.33583414688E+38
 8.14064596177E+14 7.71734738515E+34 1.23583455592E+00 4.34763324247E+38
 8.16514214056E+14 7.75940693538E+34 1.23647633196E+00 4.35946444690E+38
 8.18971775040E+14 7.80169571020E+34 1.23711985447E+00 4.37132784757E+38
 8.21437307706E+14 7.84421495887E+34 1.23776512819E+00 4.38322353208E+38
 8.23910840743E+14 7.88696593749E+34 1.23841215789E+00 4.39515158829E+38
 8.26392402959E+14 7.92994990898E+34 1.23906094835E+00 4.40711210429E+38
 8.28882023278E+14 7.97316814316E+34 1.23971150437E+00 4.41910516842E+38
 8.31379730740E+14 8.01662191675E+34 1.24036383074E+00 4.43113086925E+38
 8.33885554504E+14 8.06031251344E+34 1.24101793228E+00 4.44318929559E+38
 8.36399523847E+14 8.10424122393E+34 1.24167381383E+00 4.45528053649E+38
 8.38921668165E+14 8.14840934593E+34 1.24233148023E+00 4.46740468126E+38
 8.41452016974E+14 8.19281818423E+34 1.24299093633E+00 4.47956181944E+38
 8.43990599907E+14 8.23746905074E+34 1.24365218702E+00 4.49175204082E+38
 8.46537446723E+14 8.28236326452E+34 1.24431523716E+00 4.50397543541E+38
 8.49092587296E+14 8.32750215180E+34 1.24498009166E+00 4.51623209350E+38
 8.51656051625E+14 8.37288704606E+34 1.24564675542E+00 4.52852210561E+38
 8.54227869831E+14 8.41851928803E+34 1.24631523338E+00 4.54084556249E+38
 8.56808072157E+14 8.46440022576E+34 1.24698553046E+00 4.55320255518E+38
 8.59396688969E+14 8.51053121465E+34 1.24765765162E+00 4.56559317492E+38
 8.61993750757E+14 8.55691361746E+34 1.24833160182E+00 4.57801751322E+38
 8.64599288135E+14 8.60354880441E+34 1.24900738605E+00 4.59047566185E+38
 8.67213331844E+14 8.65043815318E+34 1.24968500928E+00 4.60296771281E+38
 8.69835912748E+14 8.69758304893E+34 1.25036447653E+00 4.61549375836E+38
 8.72467061837E+14 8.74498488442E+34 1.25104579281E+00 4.62805389100E+38
 8.75106810229E+14 8.79264505994E+34 1.25172896315E+00 4.64064820351E+38
 8.77755189170E+14 8.84056498347E+34 1.25241399260E+00 4.65327678889E+38
 8.80412230031E+14 8.88874607063E+34 1.25310088623E+00 4.66593974042E+38
 8.83077964313E+14 8.93718974475E+34 1.25378964909E+00 4.67863715160E+38
 8.85752423646E+14 8.98589743694E+34 1.25448028628E+00 4.69136911622E+38
 8.88435639789E+14 9.03487058610E+34 1.25517280291E+00 4.70413572831E+38
 8.91127644633E+14 9.08411063896E+34 1.25586720408E+00 4.71693708215E+38
 8.93828470196E+14 9.13361905016E+34 1.25656349491E+00 4.72977327228E+38
 8.96538148630E+14 9.18339728224E+34 1.25726168057E+00 4.74264439351E+38
 8.99256712219E+14 9.23344680573E+34 1.25796176619E+00 4.75555054089E+38
 9.01984193378E+14 9.28376909917E+34 1.25866375696E+00 4.76849180974E+38
 9.04720624656E+14 9.33436564916E+34 1.25936765805E+00 4.78146829564E+38
 9.07466038736E+14 9.38523795039E+34 1.26007347467E+00 4.79448009442E+38
 9.10220468436E+14 9.43638750570E+34 1.26078121202E+00 4.80752730218E+38
 9.12983946705E+14 9.48781582614E+34 1.26149087534E+00 4.82061001527E+38
 9.15756506633E+14 9.53952443097E+34 1.26220246987E+00 4.83372833032E+38
 9.18538181443E+14 9.59151484775E+34 1.26291600085E+00 4.84688234421E+38
 9.21329004495E+14 9.64378861234E+34 1.26363147356E+00 4.86007215409E+38
 9.24129009286E+14 9.69634726900E+34 1.26434889329E+00 4.87329785737E+38
 9.26938229454E+14 9.74919237038E+34 1.26506826533E+00 4.88655955173E+38
 9.29756698771E+14 9.80232547762E+34 1.26578959500E+00 4.89985733510E+38
 9.32584451153E+14 9.85574816033E+34 1.26651288762E+00 4.91319130570E+38
 9.35421520652E+14 9.90946199672E+34 1.26723814853E+00 4.92656156201E+38
 9.38267941463E+14 9.96346857356E+34 1.26796538310E+00 4.93996820276E+38
 9.41123747922E+14 1.00177694863E+35 1.26869459668E+00 4.95341132697E+38
 9.43988974507E+14 1.00723663391E+35 1.26942579468E+00 4.96689103393E+38
 9.46863655836E+14 1.01272607447E+35 1.27015898248E+00 4.98040742319E+38
 9.49747826674E+14 1.01824543249E+35 1.27089416550E+00 4.99396059456E+38
 9.52641521927E+14 1.02379487102E+35 1.27163134918E+00 5.00755064815E+38
 9.55544776646E+14 1.02937455399E+35 1.27237053895E+00 5.02117768431E+38
 9.58457626029E+14 1.03498464624E+35 1.27311174028E+00 5.03484180371E+38
 9.61380105418E+14 1.04062531350E+35 1.27385495863E+00 5.04854310723E+38
 9.64312250302E+14 1.04629672240E+35 1.27460019951E+00 5.06228169609E+38
 9.67254096317E+14 1.05199904048E+35 1.27534746840E+00 5.07605767173E+38
 9.70205679247E+14 1.05773243621E+35 1.27609677084E+00 5.08987113591E+38
 9.73167035024E+14 1.06349707894E+35 1.27684811236E+00 5.10372219064E+38
 9.76138199730E+14 1.06929313898E+35 1.27760149849E+00 5.11761093820E+38
 9.79119209597E+14 1.07512078756E+35 1.27835693482E+00 5.13153748119E+38
 9.82110101007E+14 1.08098019682E+35 1.27911442691E+00 5.14550192244E+38
 9.85110910493E+14 1.08687153987E+35 1.27987398037E+00 5.15950436510E+38
 9.88121674742E+14 1.09279499075E+35 1.28063560079E+00 5.17354491257E+38
 9.91142430590E+14 1.09875072443E+35 1.28139929381E+00 5.18762366856E+38
 9.94173215029E+14 1.10473891688E+35 1.28216506507E+00 5.20174073703E+38
 9.97214065206E+14 1.11075974497E+35 1.28293292022E+00 5.21589622224E+38
 1.00026501842E+15 1.11681338659E+35 1.28370286493E+00 5.23009022875E+38
 1.00332611213E+15 1.12290002055E+35 1.28447490489E+00 5.24432286137E+38
 1.00639738394E+15 1.12901982668E+35 1.28524904580E+00 5.25859422522E+38
 1.00947887163E+15 1.13517298576E+35 1.28602529338E+00 5.27290442571E+38
 1.01257061311E+15 1.14135967956E+35 1.28680365336E+00 5.28725356851E+38
 1.01567264649E+15 1.14758009084E+35 1.28758413148E+00 5.30164175959E+38
 1.01878500999E+15 1.15383440337E+35 1.28836673353E+00 5.31606910524E+38
 1.02190774203E+15 1.16012280192E+35 1.28915146526E+00 5.33053571198E+38
 1.02504088117E+15 1.16644547224E+35 1.28993833248E+00 5.34504168667E+38
 1.02818446613E+15 1.17280260111E+35 1.29072734101E+00 5.35958713643E+38
 1.03133853580E+15 1.17919437635E+35 1.29151849666E+00 5.37417216869E+38
 1.03450312924E+15 1.18562098677E+35 1.29231180528E+00 5.38879689117E+38
 1.03767828566E+15 1.19208262222E+35 1.29310727273E+00 5.40346141187E+38
 1.04086404444E+15 1.19857947359E+35 1.29390490488E+00 5.41816583910E+38
 1.04406044512E+15 1.20511173280E+35 1.29470470763E+00 5.43291028145E+38
 1.04726752741E+15 1.21167959283E+35 1.29550668688E+00 5.44769484782E+38
 1.05048533119E+15 1.21828324771E+35 1.29631084855E+00 5.46251964740E+38
 1.05371389650E+15 1.22492289251E+35 1.29711719859E+00 5.47738478967E+38
 1.05695326355E+15 1.23159872339E+35 1.29792574295E+00 5.49229038442E+38
 1.06020347273E+15 1.23831093754E+35 1.29873648759E+00 5.50723654172E+38
 1.06346456459E+15 1.24505973327E+35 1.29954943851E+00 5.52222337198E+38
 1.06673657984E+15 1.25184530994E+35 1.30036460172E+00 5.53725098586E+38
 1.07001955939E+15 1.25866786801E+35 1.30118198323E+00 5.55231949435E+38
 1.07331354429E+15 1.26552760903E+35 1.30200158907E+00 5.56742900874E+38
 1.07661857579E+15 1.27242473565E+35 1.30282342531E+00 5.58257964061E+38
 1.07993469529E+15 1.27935945161E+35 1.30364749800E+00 5.59777150187E+38
 1.08326194439E+15 1.28633196177E+35 1.30447381325E+00 5.61300470470E+38
 1.08660036483E+15 1.29334247213E+35 1.30530237714E+00 5.62827936162E+38
 1.08994999857E+15 1.30039118977E+35 1.30613319581E+00 5.64359558542E+38
 1.09331088772E+15 1.30747832293E+35 1.30696627537E+00 5.65895348923E+38
 1.09668307456E+15 1.31460408097E+35 1.30780162200E+00 5.67435318646E+38
 1.10006660157E+15 1.32176867440E+35 1.30863924185E+00 5.68979479086E+38
 1.10346151141E+15 1.32897231487E+35 1.30947914112E+00 5.70527841646E+38
 1.10686784689E+15 1.33621521519E+35 1.31032132600E+00 5.72080417761E+38
 1.11028565104E+15 1.34349758932E+35 1.31116580272E+00 5.73637218899E+38
 1.11371496705E+15 1.35081965240E+35 1.31201257751E+00 5.75198256556E+38
 1.11715583829E+15 1.35818162073E+35 1.31286165662E+00 5.76763542261E+38
 1.12060830833E+15 1.36558371179E+35 1.31371304634E+00 5.78333087574E+38
 1.12407242091E+15 1.37302614425E+35 1.31456675293E+00 5.79906904087E+38
 1.12754821997E+15 1.38050913798E+35 1.31542278272E+00 5.81485003424E+38
 1.13103574961E+15 1.38803291403E+35 1.31628114202E+00 5.83067397239E+38
 1.13453505415E+15 1.39559769467E+35 1.31714183717E+00 5.84654097219E+38
 1.13804617807E+15 1.40320370337E+35 1.31800487453E+00 5.86245115081E+38
 1.14156916606E+15 1.41085116482E+35 1.31887026047E+00 5.87840462577E+38
 1.14510406299E+15 1.41854030494E+35 1.31973800139E+00 5.89440151489E+38
 1.14865091392E+15 1.42627135089E+35 1.32060810368E+00 5.91044193630E+38
 1.15220976410E+15 1.43404453104E+35 1.32148057378E+00 5.92652600847E+38
 1.15578065899E+15 1.44186007503E+35 1.32235541814E+00 5.94265385020E+38
 1.15936364421E+15 1.44971821374E+35 1.32323264320E+00 5.95882558058E+38
 1.16295876560E+15 1.45761917932E+35 1.32411225546E+00 5.97504131905E+38
 1.16656606920E+15 1.46556320516E+35 1.32499426140E+00 5.99130118538E+38
 1.17018560122E+15 1.47355052596E+35 1.32587866754E+00 6.00760529964E+38
 1.17381740809E+15 1.48158137766E+35 1.32676548042E+00 6.02395378226E+38
 1.17746153643E+15 1.48965599750E+35 1.32765470657E+00 6.04034675396E+38
 1.18111803306E+15 1.49777462404E+35 1.32854635258E+00 6.05678433582E+38
 1.18478694499E+15 1.50593749709E+35 1.32944042502E+00 6.07326664923E+38
 1.18846831944E+15 1.51414485781E+35 1.33033693050E+00 6.08979381593E+38
 1.19216220385E+15 1.52239694866E+35 1.33123587564E+00 6.10636595796E+38
 1.19586864582E+15 1.53069401340E+35 1.33213726707E+00 6.12298319773E+38
 1.19958769318E+15 1.53903629716E+35 1.33304111146E+00 6.13964565795E+38
 1.20331939398E+15 1.54742404637E+35 1.33394741548E+00 6.15635346169E+38
 1.20706379645E+15 1.55585750882E+35 1.33485618582E+00 6.17310673234E+38
 1.21082094902E+15 1.56433693365E+35 1.33576742919E+00 6.18990559363E+38
 1.21459090036E+15 1.57286257136E+35 1.33668115233E+00 6.20675016961E+38
 1.21837369932E+15 1.58143467379E+35 1.33759736198E+00 6.22364058471E+38
 1.22216939496E+15 1.59005349420E+35 1.33851606492E+00 6.24057696365E+38
 1.22597803658E+15 1.59871928718E+35 1.33943726791E+00 6.25755943152E+38
 1.22979967367E+15 1.60743230874E+35 1.34036097778E+00 6.27458811375E+38
 1.23363435591E+15 1.61619281627E+35 1.34128720133E+00 6.29166313608E+38
 1.23748213324E+15 1.62500106858E+35 1.34221594541E+00 6.30878462464E+38
 1.24134305579E+15 1.63385732588E+35 1.34314721689E+00 6.32595270586E+38
 1.24521717389E+15 1.64276184978E+35 1.34408102262E+00 6.34316750655E+38
 1.24910453812E+15 1.65171490335E+35 1.34501736953E+00 6.36042915383E+38
 1.25300519926E+15 1.66071675106E+35 1.34595626451E+00 6.37773777520E+38
 1.25691920829E+15 1.66976765886E+35 1.34689771450E+00 6.39509349847E+38
 1.26084661645E+15 1.67886789411E+35 1.34784172646E+00 6.41249645184E+38
 1.26478747517E+15 1.68801772565E+35 1.34878830736E+00 6.42994676382E+38
 1.26874183612E+15 1.69721742378E+35 1.34973746419E+00 6.44744456330E+38
 1.27270975117E+15 1.70646726028E+35 1.35068920395E+00 6.46498997950E+38
 1.27669127243E+15 1.71576750839E+35 1.35164353368E+00 6.48258314200E+38
 1.28068645224E+15 1.72511844286E+35 1.35260046043E+00 6.50022418073E+38
 1.28469534315E+15 1.73452033993E+35 1.35355999126E+00 6.51791322598E+38
 1.28871799796E+15 1.74397347736E+35 1.35452213326E+00 6.53565040840E+38
 1.29275446966E+15 1.75347813438E+35 1.35548689353E+00 6.55343585896E+38
 1.29680481150E+15 1.76303459180E+35 1.35645427921E+00 6.57126970903E+38
 1.30086907696E+15 1.77264313192E+35 1.35742429742E+00 6.58915209032E+38
 1.30494731973E+15 1.78230403859E+35 1.35839695535E+00 6.60708313489E+38
 1.30903959376E+15 1.79201759722E+35 1.35937226017E+00 6.62506297517E+38
 1.31314595321E+15 1.80178409474E+35 1.36035021908E+00 6.64309174395E+38
 1.31726645248E+15 1.81160381969E+35 1.36133083931E+00 6.66116957437E+38
 1.32140114622E+15 1.82147706214E+35 1.36231412810E+00 6.67929659996E+38
 1.32555008930E+15 1.83140411378E+35 1.36330009271E+00 6.69747295458E+38
 1.32971333683E+15 1.84138526785E+35 1.36428874043E+00 6.71569877247E+38
 1.33389094416E+15 1.85142081923E+35 1.36528007854E+00 6.73397418824E+38
 1.33808296690E+15 1.86151106437E+35 1.36627411439E+00 6.75229933685E+38
 1.34228946087E+15 1.87165630135E+35 1.36727085530E+00 6.77067435365E+38
 1.34651048215E+15 1.88185682989E+35 1.36827030864E+00 6.78909937434E+38
 1.35074608705E+15 1.89211295131E+35 1.36927248180E+00 6.80757453500E+38
 1.35499633216E+15 1.90242496861E+35 1.37027738216E+00 6.82609997207E+38
 1.35926127426E+15 1.91279318641E+35 1.37128501716E+00 6.84467582237E+38
 1.36354097043E+15 1.92321791100E+35 1.37229539423E+00 6.86330222309E+38
 1.36783547797E+15 1.93369945036E+35 1.37330852084E+00 6.88197931179E+38
 1.37214485444E+15 1.94423811411E+35 1.37432440446E+00 6.90070722641E+38
 1.37646915764E+15 1.95483421359E+35 1.37534305261E+00 6.91948610527E+38
 1.38080844562E+15 1.96548806182E+35 1.37636447281E+00 6.93831608704E+38
 1.38516277671E+15 1.97619997353E+35 1.37738867259E+00 6.95719731080E+38
 1.38953220946E+15 1.98697026518E+35 1.37841565952E+00 6.97612991599E+38
 1.39391680270E+15 1.99779925492E+35 1.37944544119E+00 6.99511404243E+38
 1.39831661551E+15 2.00868726266E+35 1.38047802521E+00 7.01414983034E+38
 1.40273170721E+15 2.01963461006E+35 1.38151341919E+00 7.03323742029E+38
 1.40716213741E+15 2.03064162051E+35 1.38255163079E+00 7.05237695325E+38
 1.41160796595E+15 2.04170861918E+35 1.38359266767E+00 7.07156857059E+38
 1.41606925296E+15 2.05283593300E+35 1.38463653752E+00 7.09081241403E+38
 1.42054605882E+15 2.06402389069E+35 1.38568324806E+00 7.11010862569E+38
 1.42503844417E+15 2.07527282276E+35 1.38673280700E+00 7.12945734810E+38
 1.42954646991E+15 2.08658306152E+35 1.38778522211E+00 7.14885872413E+38
 1.43407019722E+15 2.09795494110E+35 1.38884050115E+00 7.16831289709E+38
 1.43860968755E+15 2.10938879742E+35 1.38989865192E+00 7.18782001064E+38
 1.44316500261E+15 2.12088496828E+35 1.39095968223E+00 7.20738020886E+38
 1.44773620438E+15 2.13244379327E+35 1.39202359993E+00 7.22699363620E+38
 1.45232335512E+15 2.14406561387E+35 1.39309041285E+00 7.24666043752E+38
 1.45692651735E+15 2.15575077341E+35 1.39416012890E+00 7.26638075805E+38
 1.46154575387E+15 2.16749961707E+35 1.39523275596E+00 7.28615474345E+38
 1.46618112777E+15 2.17931249194E+35 1.39630830196E+00 7.30598253976E+38
 1.47083270241E+15 2.19118974700E+35 1.39738677484E+00 7.32586429339E+38
 1.47550054140E+15 2.20313173310E+35 1.39846818256E+00 7.34580015120E+38
 1.48018470867E+15 2.21513880304E+35 1.39955253312E+00 7.36579026042E+38
 1.48488526841E+15 2.22721131152E+35 1.40063983452E+00 7.38583476867E+38
 1.48960228510E+15 2.23934961518E+35 1.40173009479E+00 7.40593382400E+38
 1.49433582349E+15 2.25155407261E+35 1.40282332198E+00 7.42608757484E+38
 1.49908594864E+15 2.26382504434E+35 1.40391952417E+00 7.44629617004E+38
 1.50385272587E+15 2.27616289288E+35 1.40501870945E+00 7.46655975884E+38
 1.50863622081E+15 2.28856798270E+35 1.40612088594E+00 7.48687849090E+38
 1.51343649936E+15 2.30104068028E+35 1.40722606178E+00 7.50725251627E+38
 1.51825362772E+15 2.31358135406E+35 1.40833424513E+00 7.52768198544E+38
 1.52308767238E+15 2.32619037454E+35 1.40944544418E+00 7.54816704928E+38
 1.52793870014E+15 2.33886811418E+35 1.41055966714E+00 7.56870785907E+38
 1.53280677806E+15 2.35161494752E+35 1.41167692223E+00 7.58930456652E+38
 1.53769197353E+15 2.36443125111E+35 1.41279721770E+00 7.60995732374E+38
 1.54259435421E+15 2.37731740356E+35 1.41392056182E+00 7.63066628327E+38
 1.54751398809E+15 2.39027378556E+35 1.41504696291E+00 7.65143159804E+38
 1.55245094343E+15 2.40330077986E+35 1.41617642926E+00 7.67225342141E+38
 1.55740528882E+15 2.41639877128E+35 1.41730896923E+00 7.69313190717E+38
 1.56237709312E+15 2.42956814677E+35 1.41844459118E+00 7.71406720950E+38
 1.56736642553E+15 2.44280929537E+35 1.41958330349E+00 7.73505948302E+38
 1.57237335552E+15 2.45612260823E+35 1.42072511458E+00 7.75610888277E+38
 1.57739795291E+15 2.46950847867E+35 1.42187003287E+00 7.77721556420E+38
 1.58244028780E+15 2.48296730211E+35 1.42301806683E+00 7.79837968319E+38
 1.58750043061E+15 2.49649947615E+35 1.42416922493E+00 7.81960139605E+38
 1.59257845206E+15 2.51010540056E+35 1.42532351568E+00 7.84088085952E+38
 1.59767442320E+15 2.52378547726E+35 1.42648094759E+00 7.86221823073E+38
 1.60278841540E+15 2.53754011039E+35 1.42764152922E+00 7.88361366729E+38
 1.60792050032E+15 2.55136970629E+35 1.42880526914E+00 7.90506732720E+38
 1.61307074997E+15 2.56527467349E+35 1.42997217594E+00 7.92657936891E+38
 1.61823923665E+15 2.57925542278E+35 1.43114225825E+00 7.94814995128E+38
 1.62342603301E+15 2.59331236717E+35 1.43231552469E+00 7.96977923363E+38
 1.62863121201E+15 2.60744592192E+35 1.43349198394E+00 7.99146737570E+38
 1.63385484692E+15 2.62165650455E+35 1.43467164469E+00 8.01321453766E+38
 1.63909701136E+15 2.63594453487E+35 1.43585451565E+00 8.03502088013E+38
 1.64435777927E+15 2.65031043497E+35 1.43704060555E+00 8.05688656414E+38
 1.64963722492E+15 2.66475462924E+35 1.43822992315E+00 8.07881175119E+38
 1.65493542289E+15 2.67927754437E+35 1.43942247724E+00 8.10079660320E+38
 1.66025244814E+15 2.69387960941E+35 1.44061827663E+00 8.12284128254E+38
 1.66558837591E+15 2.70856125572E+35 1.44181733014E+00 8.14494595201E+38
 1.67094328181E+15 2.72332291701E+35 1.44301964664E+00 8.16711077487E+38
 1.67631724178E+15 2.73816502937E+35 1.44422523499E+00 8.18933591482E+38
 1.68171033210E+15 2.75308803126E+35 1.44543410411E+00 8.21162153598E+38
 1.68712262938E+15 2.76809236352E+35 1.44664626292E+00 8.23396780296E+38
 1.69255421059E+15 2.78317846941E+35 1.44786172038E+00 8.25637488078E+38
 1.69800515302E+15 2.79834679458E+35 1.44908048546E+00 8.27884293493E+38
 1.70347553434E+15 2.81359778714E+35 1.45030256716E+00 8.30137213134E+38
 1.70896543253E+15 2.82893189763E+35 1.45152797451E+00 8.32396263641E+38
 1.71447492595E+15 2.84434957903E+35 1.45275671656E+00 8.34661461697E+38
 1.72000409329E+15 2.85985128680E+35 1.45398880238E+00 8.36932824031E+38
 1.72555301360E+15 2.87543747890E+35 1.45522424108E+00 8.39210367418E+38
 1.73112176629E+15 2.89110861576E+35 1.45646304177E+00 8.41494108678E+38
 1.73671043111E+15 2.90686516033E+35 1.45770521360E+00 8.43784064679E+38
 1.74231908819E+15 2.92270757808E+35 1.45895076576E+00 8.46080252332E+38
 1.74794781799E+15 2.93863633703E+35 1.46019970743E+00 8.48382688594E+38
 1.75359670136E+15 2.95465190772E+35 1.46145204784E+00 8.50691390472E+38
 1.75926581950E+15 2.97075476329E+35 1.46270779625E+00 8.53006375014E+38
 1.76495525397E+15 2.98694537944E+35 1.46396696192E+00 8.55327659319E+38
 1.77066508670E+15 3.00322423446E+35 1.46522955416E+00 8.57655260530E+38
 1.77639540000E+15 3.01959180925E+35 1.46649558228E+00 8.59989195836E+38
 1.78214627653E+15 3.03604858734E+35 1.46776505565E+00 8.62329482475E+38
 1.78791779934E+15 3.05259505489E+35 1.46903798363E+00 8.64676137731E+38
 1.79371005185E+15 3.06923170070E+35 1.47031437563E+00 8.67029178934E+38
 1.79952311783E+15 3.08595901624E+35 1.47159424106E+00 8.69388623463E+38
 1.80535708146E+15 3.10277749567E+35 1.47287758940E+00 8.71754488744E+38
 1.81121202729E+15 3.11968763583E+35 1.47416443010E+00 8.74126792247E+38
 1.81708804025E+15 3.13668993626E+35 1.47545477269E+00 8.76505551495E+38
 1.82298520563E+15 3.15378489925E+35 1.47674862668E+00 8.78890784056E+38
 1.82890360915E+15 3.17097302980E+35 1.47804600163E+00 8.81282507544E+38
 1.83484333689E+15 3.18825483568E+35 1.47934690712E+00 8.83680739623E+38
 1.84080447530E+15 3.20563082742E+35 1.48065135277E+00 8.86085498007E+38
 1.84678711126E+15 3.22310151833E+35 1.48195934820E+00 8.88496800453E+38
 1.85279133201E+15 3.24066742452E+35 1.48327090308E+00 8.90914664772E+38
 1.85881722520E+15 3.25832906491E+35 1.48458602708E+00 8.93339108819E+38
 1.86486487888E+15 3.27608696126E+35 1.48590472994E+00 8.95770150501E+38
 1.87093438149E+15 3.29394163817E+35 1.48722702137E+00 8.98207807770E+38
 1.87702582186E+15 3.31189362307E+35 1.48855291115E+00 9.00652098631E+38
 1.88313928925E+15 3.32994344631E+35 1.48988240908E+00 9.03103041135E+38
 1.88927487329E+15 3.34809164111E+35 1.49121552496E+00 9.05560653383E+38
 1.89543266404E+15 3.36633874358E+35 1.49255226865E+00 9.08024953526E+38
 1.90161275196E+15 3.38468529277E+35 1.49389265002E+00 9.10495959763E+38
 1.90781522792E+15 3.40313183068E+35 1.49523667896E+00 9.12973690343E+38
 1.91404018320E+15 3.42167890223E+35 1.49658436541E+00 9.15458163567E+38
 1.92028770950E+15 3.44032705535E+35 1.49793571931E+00 9.17949397781E+38
 1.92655789893E+15 3.45907684091E+35 1.49929075065E+00 9.20447411386E+38
 1.93285084402E+15 3.47792881282E+35 1.50064946943E+00 9.22952222829E+38
 1.93916663772E+15 3.49688352799E+35 1.50201188569E+00 9.25463850610E+38
 1.94550537340E+15 3.51594154638E+35 1.50337800949E+00 9.27982313278E+38
 1.95186714485E+15 3.53510343099E+35 1.50474785092E+00 9.30507629433E+38
 1.95825204630E+15 3.55436974789E+35 1.50612142010E+00 9.33039817725E+38
 1.96466017240E+15 3.57374106623E+35 1.50749872716E+00 9.35578896855E+38
 1.97109161823E+15 3.59321795827E+35 1.50887978229E+00 9.38124885575E+38
 1.97754647930E+15 3.61280099939E+35 1.51026459569E+00 9.40677802689E+38
 1.98402485156E+15 3.63249076810E+35 1.51165317757E+00 9.43237667050E+38
 1.99052683140E+15 3.65228784608E+35 1.51304553819E+00 9.45804497564E+38
 1.99705251563E+15 3.67219281814E+35 1.51444168785E+00 9.48378313188E+38
 2.00360200152E+15 3.69220627232E+35 1.51584163684E+00 9.50959132931E+38
 2.01017538679E+15 3.71232879984E+35 1.51724539551E+00 9.53546975853E+38
 2.01677276957E+15 3.73256099516E+35 1.51865297423E+00 9.56141861065E+38
 2.02339424848E+15 3.75290345596E+35 1.52006438338E+00 9.58743807733E+38
 2.03003992256E+15 3.77335678318E+35 1.52147963341E+00 9.61352835073E+38
 2.03670989132E+15 3.79392158107E+35 1.52289873474E+00 9.63968962352E+38
 2.04340425471E+15 3.81459845711E+35 1.52432169788E+00 9.66592208893E+38
 2.05012311315E+15 3.83538802215E+35 1.52574853332E+00 9.69222594069E+38
 2.05686656750E+15 3.85629089034E+35 1.52717925161E+00 9.71860137306E+38
 2.06363471910E+15 3.87730767918E+35 1.52861386330E+00 9.74504858083E+38
 2.07042766975E+15 3.89843900954E+35 1.53005237901E+00 9.77156775933E+38
 2.07724552170E+15 3.91968550567E+35 1.53149480934E+00 9.79815910441E+38
 2.08408837769E+15 3.94104779522E+35 1.53294116495E+00 9.82482281245E+38
 2.09095634091E+15 3.96252650926E+35 1.53439145653E+00 9.85155908039E+38
 2.09784951505E+15 3.98412228232E+35 1.53584569478E+00 9.87836810567E+38
 2.10476800423E+15 4.00583575236E+35 1.53730389045E+00 9.90525008628E+38
 2.11171191310E+15 4.02766756084E+35 1.53876605430E+00 9.93220522077E+38
 2.11868134674E+15 4.04961835269E+35 1.54023219714E+00 9.95923370821E+38
 2.12567641075E+15 4.07168877637E+35 1.54170232979E+00 9.98633574821E+38
 2.13269721120E+15 4.09387948388E+35 1.54317646310E+00 1.00135115409E+39
 2.13974385463E+15 4.11619113077E+35 1.54465460797E+00 1.00407612871E+39
 2.14681644811E+15 4.13862437616E+35 1.54613677532E+00 1.00680851879E+39
 2.15391509915E+15 4.16117988275E+35 1.54762297608E+00 1.00954834452E+39
 2.16103991579E+15 4.18385831687E+35 1.54911322124E+00 1.01229562613E+39
 2.16819100657E+15 4.20666034848E+35 1.55060752179E+00 1.01505038391E+39
 2.17536848049E+15 4.22958665119E+35 1.55210588879E+00 1.01781263820E+39
 2.18257244710E+15 4.25263790226E+35 1.55360833328E+00 1.02058240942E+39
 2.18980301641E+15 4.27581478267E+35 1.55511486638E+00 1.02335971800E+39
 2.19706029897E+15 4.29911797710E+35 1.55662549920E+00 1.02614458447E+39
 2.20434440582E+15 4.32254817397E+35 1.55814024290E+00 1.02893702939E+39
 2.21165544852E+15 4.34610606542E+35 1.55965910868E+00 1.03173707338E+39
 2.21899353913E+15 4.36979234741E+35 1.56118210773E+00 1.03454473713E+39
 2.22635879024E+15 4.39360771966E+35 1.56270925132E+00 1.03736004137E+39
 2.23375131496E+15 4.41755288570E+35 1.56424055073E+00 1.04018300688E+39
 2.24117122692E+15 4.44162855292E+35 1.56577601725E+00 1.04301365453E+39
 2.24861864025E+15 4.46583543255E+35 1.56731566224E+00 1.04585200521E+39
 2.25609366965E+15 4.49017423970E+35 1.56885949706E+00 1.04869807989E+39
 2.26359643031E+15 4.51464569336E+35 1.57040753311E+00 1.05155189959E+39
 2.27112703797E+15 4.53925051648E+35 1.57195978183E+00 1.05441348537E+39
 2.27868560891E+15 4.56398943590E+35 1.57351625468E+00 1.05728285839E+39
 2.28627225994E+15 4.58886318245E+35 1.57507696316E+00 1.06016003982E+39
 2.29388710840E+15 4.61387249094E+35 1.57664191879E+00 1.06304505092E+39
 2.30153027218E+15 4.63901810019E+35 1.57821113313E+00 1.06593791300E+39
 2.30920186973E+15 4.66430075303E+35 1.57978461777E+00 1.06883864741E+39
 2.31690202002E+15 4.68972119635E+35 1.58136238433E+00 1.07174727559E+39
 2.32463084260E+15 4.71528018111E+35 1.58294444446E+00 1.07466381901E+39
 2.33238845754E+15 4.74097846236E+35 1.58453080985E+00 1.07758829921E+39
 2.34017498550E+15 4.76681679927E+35 1.58612149221E+00 1.08052073779E+39
 2.34799054767E+15 4.79279595514E+35 1.58771650329E+00 1.08346115641E+39
 2.35583526583E+15 4.81891669743E+35 1.58931585487E+00 1.08640957679E+39
 2.36370926229E+15 4.84517979779E+35 1.59091955876E+00 1.08936602070E+39
 2.37161265996E+15 4.87158603206E+35 1.59252762681E+00 1.09233050997E+39
 2.37954558231E+15 4.89813618034E+35 1.59414007089E+00 1.09530306649E+39
 2.38750815337E+15 4.92483102696E+35 1.59575690292E+00 1.09828371223E+39
 2.39550049776E+15 4.95167136051E+35 1.59737813482E+00 1.10127246920E+39
 2.40352274066E+15 4.97865797390E+35 1.59900377857E+00 1.10426935946E+39
 2.41157500786E+15 5.00579166436E+35 1.60063384619E+00 1.10727440515E+39
 2.41965742571E+15 5.03307323346E+35 1.60226834971E+00 1.11028762847E+39
 2.42777012117E+15 5.06050348713E+35 1.60390730120E+00 1.11330905166E+39
 2.43591322176E+15 5.08808323571E+35 1.60555071276E+00 1.11633869705E+39
 2.44408685562E+15 5.11581329395E+35 1.60719859654E+00 1.11937658700E+39
 2.45229115146E+15 5.14369448102E+35 1.60885096469E+00 1.12242274395E+39
 2.46052623863E+15 5.17172762060E+35 1.61050782944E+00 1.12547719041E+39
 2.46879224703E+15 5.19991354081E+35 1.61216920300E+00 1.12853994892E+39
 2.47708930721E+15 5.22825307431E+35 1.61383509766E+00 1.13161104212E+39
 2.48541755030E+15 5.25674705829E+35 1.61550552571E+00 1.13469049267E+39
 2.49377710806E+15 5.28539633451E+35 1.61718049950E+00 1.13777832332E+39
 2.50216811285E+15 5.31420174931E+35 1.61886003138E+00 1.14087455688E+39
 2.51059069764E+15 5.34316415365E+35 1.62054413378E+00 1.14397921621E+39
 2.51904499605E+15 5.37228440312E+35 1.62223281911E+00 1.14709232424E+39
 2.52753114230E+15 5.40156335797E+35 1.62392609987E+00 1.15021390397E+39
 2.53604927123E+15 5.43100188316E+35 1.62562398854E+00 1.15334397845E+39
 2.54459951834E+15 5.46060084833E+35 1.62732649767E+00 1.15648257079E+39
 2.55318201973E+15 5.49036112790E+35 1.62903363984E+00 1.15962970417E+39
 2.56179691216E+15 5.52028360101E+35 1.63074542765E+00 1.16278540184E+39
 2.57044433301E+15 5.55036915162E+35 1.63246187375E+00 1.16594968711E+39
 2.57912442032E+15 5.58061866852E+35 1.63418299080E+00 1.16912258334E+39
 2.58783731276E+15 5.61103304531E+35 1.63590879153E+00 1.17230411396E+39
 2.59658314966E+15 5.64161318048E+35 1.63763928868E+00 1.17549430247E+39
 2.60536207100E+15 5.67235997742E+35 1.63937449502E+00 1.17869317244E+39
 2.61417421740E+15 5.70327434442E+35 1.64111442338E+00 1.18190074748E+39
 2.62301973016E+15 5.73435719476E+35 1.64285908660E+00 1.18511705130E+39
 2.63189875124E+15 5.76560944665E+35 1.64460849757E+00 1.18834210763E+39
 2.64081142324E+15 5.79703202335E+35 1.64636266920E+00 1.19157594030E+39
 2.64975788946E+15 5.82862585312E+35 1.64812161446E+00 1.19481857319E+39
 2.65873829386E+15 5.86039186929E+35 1.64988534633E+00 1.19807003025E+39
 2.66775278106E+15 5.89233101028E+35 1.65165387784E+00 1.20133033549E+39
 2.67680149639E+15 5.92444421961E+35 1.65342722206E+00 1.20459951300E+39
 2.68588458583E+15 5.95673244596E+35 1.65520539207E+00 1.20787758691E+39
 2.69500219606E+15 5.98919664318E+35 1.65698840101E+00 1.21116458143E+39
 2.70415447445E+15 6.02183777030E+35 1.65877626205E+00 1.21446052085E+39
 2.71334156906E+15 6.05465679160E+35 1.66056898839E+00 1.21776542950E+39
 2.72256362864E+15 6.08765467659E+35 1.66236659327E+00 1.22107933178E+39
 2.73182080266E+15 6.12083240008E+35 1.66416908997E+00 1.22440225219E+39
 2.74111324126E+15 6.15419094219E+35 1.66597649180E+00 1.22773421525E+39
 2.75044109532E+15 6.18773128839E+35 1.66778881211E+00 1.23107524557E+39
 2.75980451640E+15 6.22145442951E+35 1.66960606429E+00 1.23442536783E+39
 2.76920365679E+15 6.25536136178E+35 1.67142826174E+00 1.23778460677E+39
 2.77863866950E+15 6.28945308685E+35 1.67325541794E+00 1.24115298720E+39
 2.78810970824E+15 6.32373061187E+35 1.67508754638E+00 1.24453053400E+39
 2.79761692748E+15 6.35819494942E+35 1.67692466058E+00 1.24791727210E+39
 2.80716048237E+15 6.39284711764E+35 1.67876677411E+00 1.25131322653E+39
 2.81674052884E+15 6.42768814021E+35 1.68061390059E+00 1.25471842237E+39
 2.82635722352E+15 6.46271904639E+35 1.68246605365E+00 1.25813288475E+39
 2.83601072379E+15 6.49794087104E+35 1.68432324696E+00 1.26155663890E+39
 2.84570118779E+15 6.53335465466E+35 1.68618549426E+00 1.26498971011E+39
 2.85542877436E+15 6.56896144344E+35 1.68805280928E+00 1.26843212372E+39
 2.86519364315E+15 6.60476228924E+35 1.68992520582E+00 1.27188390517E+39
 2.87499595451E+15 6.64075824969E+35 1.69180269771E+00 1.27534507995E+39
 2.88483586959E+15 6.67695038816E+35 1.69368529882E+00 1.27881567361E+39
 2.89471355027E+15 6.71333977381E+35 1.69557302304E+00 1.28229571178E+39
 2.90462915921E+15 6.74992748165E+35 1.69746588432E+00 1.28578522018E+39
 2.91458285984E+15 6.78671459253E+35 1.69936389664E+00 1.28928422457E+39
 2.92457481636E+15 6.82370219319E+35 1.70126707402E+00 1.29279275080E+39
 2.93460519374E+15 6.86089137632E+35 1.70317543051E+00 1.29631082476E+39
 2.94467415774E+15 6.89828324052E+35 1.70508898021E+00 1.29983847246E+39
 2.95478187491E+15 6.93587889042E+35 1.70700773725E+00 1.30337571993E+39
 2.96492851256E+15 6.97367943664E+35 1.70893171579E+00 1.30692259331E+39
 2.97511423883E+15 7.01168599588E+35 1.71086093005E+00 1.31047911878E+39
 2.98533922263E+15 7.04989969090E+35 1.71279539428E+00 1.31404532262E+39
 2.99560363369E+15 7.08832165059E+35 1.71473512276E+00 1.31762123117E+39
 3.00590764253E+15 7.12695300999E+35 1.71668012983E+00 1.32120687082E+39
 3.01625142047E+15 7.16579491034E+35 1.71863042983E+00 1.32480226807E+39
 3.02663513967E+15 7.20484849908E+35 1.72058603718E+00 1.32840744946E+39
 3.03705897310E+15 7.24411492992E+35 1.72254696632E+00 1.33202244163E+39
 3.04752309452E+15 7.28359536284E+35 1.72451323174E+00 1.33564727126E+39
 3.05802767856E+15 7.32329096415E+35 1.72648484794E+00 1.33928196514E+39
 3.06857290064E+15 7.36320290653E+35 1.72846182950E+00 1.34292655010E+39
 3.07915893705E+15 7.40333236903E+35 1.73044419102E+00 1.34658105306E+39
 3.08978596488E+15 7.44368053713E+35 1.73243194713E+00 1.35024550101E+39
 3.10045416210E+15 7.48424860279E+35 1.73442511252E+00 1.35391992101E+39
 3.11116370749E+15 7.52503776444E+35 1.73642370191E+00 1.35760434021E+39
 3.12191478071E+15 7.56604922706E+35 1.73842773005E+00 1.36129878581E+39
 3.13270756226E+15 7.60728420219E+35 1.74043721175E+00 1.36500328509E+39
 3.14354223350E+15 7.64874390797E+35 1.74245216185E+00 1.36871786542E+39
 3.15441897665E+15 7.69042956919E+35 1.74447259522E+00 1.37244255423E+39
 3.16533797480E+15 7.73234241730E+35 1.74649852680E+00 1.37617737903E+39
 3.17629941192E+15 7.77448369046E+35 1.74852997154E+00 1.37992236739E+39
 3.18730347286E+15 7.81685463361E+35 1.75056694445E+00 1.38367754699E+39
 3.19835034333E+15 7.85945649843E+35 1.75260946056E+00 1.38744294554E+39
 3.20944020994E+15 7.90229054345E+35 1.75465753497E+00 1.39121859087E+39
 3.22057326018E+15 7.94535803406E+35 1.75671118280E+00 1.39500451085E+39
 3.23174968246E+15 7.98866024253E+35 1.75877041922E+00 1.39880073345E+39
 3.24296966606E+15 8.03219844807E+35 1.76083525943E+00 1.40260728670E+39
 3.25423340117E+15 8.07597393688E+35 1.76290571869E+00 1.40642419871E+39
 3.26554107890E+15 8.11998800214E+35 1.76498181228E+00 1.41025149768E+39
 3.27689289126E+15 8.16424194409E+35 1.76706355555E+00 1.41408921186E+39
 3.28828903118E+15 8.20873707007E+35 1.76915096385E+00 1.41793736961E+39
 3.29972969252E+15 8.25347469452E+35 1.77124405262E+00 1.42179599935E+39
 3.31121507006E+15 8.29845613907E+35 1.77334283730E+00 1.42566512956E+39
 3.32274535952E+15 8.34368273253E+35 1.77544733340E+00 1.42954478883E+39
 3.33432075753E+15 8.38915581097E+35 1.77755755646E+00 1.43343500581E+39
 3.34594146168E+15 8.43487671773E+35 1.77967352207E+00 1.43733580922E+39
 3.35760767053E+15 8.48084680347E+35 1.78179524585E+00 1.44124722788E+39
 3.36931958354E+15 8.52706742621E+35 1.78392274347E+00 1.44516929068E+39
 3.38107740115E+15 8.57353995140E+35 1.78605603065E+00 1.44910202658E+39
 3.39288132478E+15 8.62026575189E+35 1.78819512313E+00 1.45304546462E+39
 3.40473155677E+15 8.66724620803E+35 1.79034003672E+00 1.45699963393E+39
 3.41662830047E+15 8.71448270770E+35 1.79249078727E+00 1.46096456372E+39
 3.42857176019E+15 8.76197664634E+35 1.79464739064E+00 1.46494028326E+39
 3.44056214122E+15 8.80972942698E+35 1.79680986277E+00 1.46892682191E+39
 3.45259964982E+15 8.85774246033E+35 1.79897821964E+00 1.47292420912E+39
 3.46468449327E+15 8.90601716474E+35 1.80115247725E+00 1.47693247442E+39
 3.47681687981E+15 8.95455496635E+35 1.80333265166E+00 1.48095164740E+39
 3.48899701871E+15 9.00335729901E+35 1.80551875897E+00 1.48498175774E+39
 3.50122512024E+15 9.05242560443E+35 1.80771081533E+00 1.48902283521E+39
 3.51350139565E+15 9.10176133216E+35 1.80990883694E+00 1.49307490966E+39
 3.52582605725E+15 9.15136593965E+35 1.81211284001E+00 1.49713801101E+39
 3.53819931833E+15 9.20124089230E+35 1.81432284083E+00 1.50121216927E+39
 3.55062139324E+15 9.25138766348E+35 1.81653885572E+00 1.50529741453E+39
 3.56309249732E+15 9.30180773461E+35 1.81876090105E+00 1.50939377695E+39
 3.57561284700E+15 9.35250259518E+35 1.82098899322E+00 1.51350128680E+39
 3.58818265969E+15 9.40347374278E+35 1.82322314870E+00 1.51761997440E+39
 3.60080215390E+15 9.45472268318E+35 1.82546338398E+00 1.52174987018E+39
 3.61347154915E+15 9.50625093035E+35 1.82770971560E+00 1.52589100463E+39
 3.62619106605E+15 9.55806000652E+35 1.82996216017E+00 1.53004340835E+39
 3.63896092626E+15 9.61015144220E+35 1.83222073430E+00 1.53420711199E+39
 3.65178135249E+15 9.66252677625E+35 1.83448545469E+00 1.53838214631E+39
 3.66465256855E+15 9.71518755591E+35 1.83675633806E+00 1.54256854214E+39
 3.67757479932E+15 9.76813533688E+35 1.83903340117E+00 1.54676633039E+39
 3.69054827076E+15 9.82137168330E+35 1.84131666086E+00 1.55097554208E+39
 3.70357320992E+15 9.87489816785E+35 1.84360613397E+00 1.55519620829E+39
 3.71664984494E+15 9.92871637180E+35 1.84590183742E+00 1.55942836019E+39
 3.72977840509E+15 9.98282788500E+35 1.84820378816E+00 1.56367202904E+39
 3.74295912071E+15 1.00372343060E+36 1.85051200320E+00 1.56792724616E+39
 3.75619222327E+15 1.00919372420E+36 1.85282649957E+00 1.57219404301E+39
 3.76947794535E+15 1.01469383091E+36 1.85514729438E+00 1.57647245107E+39
 3.78281652067E+15 1.02022391321E+36 1.85747440477E+00 1.58076250196E+39
 3.79620818406E+15 1.02578413446E+36 1.85980784791E+00 1.58506422736E+39
 3.80965317149E+15 1.03137465892E+36 1.86214764105E+00 1.58937765903E+39
 3.82315172009E+15 1.03699565174E+36 1.86449380146E+00 1.59370282883E+39
 3.83670406810E+15 1.04264727898E+36 1.86684634647E+00 1.59803976871E+39
 3.85031045494E+15 1.04832970760E+36 1.86920529346E+00 1.60238851069E+39
 3.86397112119E+15 1.05404310545E+36 1.87157065984E+00 1.60674908689E+39
 3.87768630858E+15 1.05978764133E+36 1.87394246310E+00 1.61112152952E+39
 3.89145626002E+15 1.06556348493E+36 1.87632072073E+00 1.61550587087E+39
 3.90528121958E+15 1.07137080689E+36 1.87870545031E+00 1.61990214331E+39
 3.91916143254E+15 1.07720977876E+36 1.88109666945E+00 1.62431037933E+39
 3.93309714535E+15 1.08308057302E+36 1.88349439581E+00 1.62873061146E+39
 3.94708860564E+15 1.08898336313E+36 1.88589864709E+00 1.63316287236E+39
 3.96113606228E+15 1.09491832344E+36 1.88830944106E+00 1.63760719476E+39
 3.97523976532E+15 1.10088562929E+36 1.89072679552E+00 1.64206361149E+39
 3.98939996602E+15 1.10688545697E+36 1.89315072832E+00 1.64653215546E+39
 4.00361691686E+15 1.11291798371E+36 1.89558125736E+00 1.65101285966E+39
 4.01789087157E+15 1.11898338773E+36 1.89801840060E+00 1.65550575719E+39
 4.03222208508E+15 1.12508184820E+36 1.90046217603E+00 1.66001088124E+39
 4.04661081358E+15 1.13121354529E+36 1.90291260169E+00 1.66452826507E+39
 4.06105731448E+15 1.13737866014E+36 1.90536969570E+00 1.66905794204E+39
 4.07556184647E+15 1.14357737486E+36 1.90783347619E+00 1.67359994562E+39
 4.09012466948E+15 1.14980987259E+36 1.91030396136E+00 1.67815430934E+39
 4.10474604469E+15 1.15607633744E+36 1.91278116946E+00 1.68272106683E+39
 4.11942623459E+15 1.16237695452E+36 1.91526511877E+00 1.68730025184E+39
 4.13416550290E+15 1.16871190997E+36 1.91775582765E+00 1.69189189817E+39
 4.14896411466E+15 1.17508139094E+36 1.92025331450E+00 1.69649603974E+39
 4.16382233617E+15 1.18148558558E+36 1.92275759774E+00 1.70111271054E+39
 4.17874043505E+15 1.18792468309E+36 1.92526869589E+00 1.70574194469E+39
 4.19371868021E+15 1.19439887369E+36 1.92778662749E+00 1.71038377636E+39
 4.20875734188E+15 1.20090834863E+36 1.93031141112E+00 1.71503823983E+39
 4.22385669158E+15 1.20745330022E+36 1.93284306545E+00 1.71970536948E+39
 4.23901700218E+15 1.21403392179E+36 1.93538160915E+00 1.72438519979E+39
 4.25423854787E+15 1.22065040777E+36 1.93792706100E+00 1.72907776530E+39
 4.26952160417E+15 1.22730295359E+36 1.94047943977E+00 1.73378310068E+39
 4.28486644796E+15 1.23399175580E+36 1.94303876433E+00 1.73850124069E+39
 4.30027335746E+15 1.24071701198E+36 1.94560505357E+00 1.74323222015E+39
 4.31574261224E+15 1.24747892082E+36 1.94817832644E+00 1.74797607402E+39
 4.33127449324E+15 1.25427768207E+36 1.95075860196E+00 1.75273283733E+39
 4.34686928278E+15 1.26111349657E+36 1.95334589918E+00 1.75750254520E+39
 4.36252726455E+15 1.26798656627E+36 1.95594023720E+00 1.76228523288E+39
 4.37824872361E+15 1.27489709420E+36 1.95854163519E+00 1.76708093566E+39
 4.39403394644E+15 1.28184528451E+36 1.96115011236E+00 1.77188968899E+39
 4.40988322091E+15 1.28883134247E+36 1.96376568797E+00 1.77671152836E+39
 4.42579683628E+15 1.29585547446E+36 1.96638838134E+00 1.78154648940E+39
 4.44177508325E+15 1.30291788796E+36 1.96901821184E+00 1.78639460780E+39
 4.45781825392E+15 1.31001879163E+36 1.97165519890E+00 1.79125591937E+39
 4.47392664183E+15 1.31715839523E+36 1.97429936197E+00 1.79613046003E+39
 4.49010054195E+15 1.32433690968E+36 1.97695072061E+00 1.80101826575E+39
 4.50634025069E+15 1.33155454703E+36 1.97960929438E+00 1.80591937266E+39
 4.52264606593E+15 1.33881152052E+36 1.98227510292E+00 1.81083381693E+39
 4.53901828698E+15 1.34610804451E+36 1.98494816592E+00 1.81576163487E+39
 4.55545721464E+15 1.35344433457E+36 1.98762850312E+00 1.82070286287E+39
 4.57196315117E+15 1.36082060742E+36 1.99031613431E+00 1.82565753742E+39
 4.58853640030E+15 1.36823708096E+36 1.99301107935E+00 1.83062569512E+39
 4.60517726727E+15 1.37569397429E+36 1.99571335814E+00 1.83560737265E+39
 4.62188605881E+15 1.38319150769E+36 1.99842299063E+00 1.84060260681E+39
 4.63866308314E+15 1.39072990266E+36 2.00113999684E+00 1.84561143449E+39
 4.65550865001E+15 1.39830938189E+36 2.00386439684E+00 1.85063389269E+39
 4.67242307068E+15 1.40593016928E+36 2.00659621073E+00 1.85567001848E+39
 4.68940665793E+15 1.41359248998E+36 2.00933545871E+00 1.86071984907E+39
 4.70645972608E+15 1.42129657033E+36 2.01208216099E+00 1.86578342176E+39
 4.72358259101E+15 1.42904263792E+36 2.01483633787E+00 1.87086077393E+39
 4.74077557012E+15 1.43683092159E+36 2.01759800968E+00 1.87595194310E+39
 4.75803898239E+15 1.44466165141E+36 2.02036719683E+00 1.88105696684E+39
 4.77537314836E+15 1.45253505872E+36 2.02314391976E+00 1.88617588288E+39
 4.79277839015E+15 1.46045137610E+36 2.02592819897E+00 1.89130872901E+39
 4.81025503144E+15 1.46841083742E+36 2.02872005504E+00 1.89645554315E+39
 4.82780339753E+15 1.47641367781E+36 2.03151950858E+00 1.90161636330E+39
 4.84542381531E+15 1.48446013369E+36 2.03432658027E+00 1.90679122757E+39
 4.86311661327E+15 1.49255044276E+36 2.03714129084E+00 1.91198017420E+39
 4.88088212153E+15 1.50068484403E+36 2.03996366107E+00 1.91718324149E+39
 4.89872067180E+15 1.50886357778E+36 2.04279371181E+00 1.92240046787E+39
 4.91663259747E+15 1.51708688565E+36 2.04563146396E+00 1.92763189189E+39
 4.93461823354E+15 1.52535501055E+36 2.04847693848E+00 1.93287755216E+39
 4.95267791667E+15 1.53366819673E+36 2.05133015639E+00 1.93813748744E+39
 4.97081198517E+15 1.54202668979E+36 2.05419113875E+00 1.94341173657E+39
 4.98902077902E+15 1.55043073665E+36 2.05705990669E+00 1.94870033850E+39
 5.00730463987E+15 1.55888058556E+36 2.05993648141E+00 1.95400333229E+39
 5.02566391107E+15 1.56737648616E+36 2.06282088414E+00 1.95932075711E+39
 5.04409893765E+15 1.57591868943E+36 2.06571313619E+00 1.96465265222E+39
 5.06261006633E+15 1.58450744771E+36 2.06861325892E+00 1.96999905701E+39
 5.08119764557E+15 1.59314301473E+36 2.07152127375E+00 1.97536001095E+39
 5.09986202551E+15 1.60182564561E+36 2.07443720215E+00 1.98073555365E+39
 5.11860355806E+15 1.61055559682E+36 2.07736106566E+00 1.98612572480E+39
 5.13742259683E+15 1.61933312628E+36 2.08029288587E+00 1.99153056421E+39
 5.15631949719E+15 1.62815849328E+36 2.08323268444E+00 1.99695011179E+39
 5.17529461626E+15 1.63703195855E+36 2.08618048307E+00 2.00238440758E+39
 5.19434831294E+15 1.64595378420E+36 2.08913630355E+00 2.00783349171E+39
 5.21348094788E+15 1.65492423381E+36 2.09210016769E+00 2.01329740441E+39
 5.23269288353E+15 1.66394357238E+36 2.09507209739E+00 2.01877618605E+39
 5.25198448411E+15 1.67301206636E+36 2.09805211459E+00 2.02426987709E+39
 5.27135611566E+15 1.68212998363E+36 2.10104024131E+00 2.02977851809E+39
 5.29080814602E+15 1.69129759356E+36 2.10403649961E+00 2.03530214975E+39
 5.31034094485E+15 1.70051516698E+36 2.10704091162E+00 2.04084081285E+39
 5.32995488365E+15 1.70978297617E+36 2.11005349953E+00 2.04639454831E+39
 5.34965033572E+15 1.71910129494E+36 2.11307428559E+00 2.05196339713E+39
 5.36942767626E+15 1.72847039855E+36 2.11610329211E+00 2.05754740044E+39
 5.38928728229E+15 1.73789056379E+36 2.11914054145E+00 2.06314659950E+39
 5.40922953270E+15 1.74736206893E+36 2.12218605606E+00 2.06876103564E+39
 5.42925480827E+15 1.75688519379E+36 2.12523985841E+00 2.07439075033E+39
 5.44936349166E+15 1.76646021968E+36 2.12830197108E+00 2.08003578515E+39
 5.46955596742E+15 1.77608742948E+36 2.13137241666E+00 2.08569618180E+39
 5.48983262202E+15 1.78576710757E+36 2.13445121784E+00 2.09137198206E+39
 5.51019384381E+15 1.79549953993E+36 2.13753839735E+00 2.09706322787E+39
 5.53064002311E+15 1.80528501404E+36 2.14063397800E+00 2.10276996126E+39
 5.55117155215E+15 1.81512381900E+36 2.14373798265E+00 2.10849222436E+39
 5.57178882511E+15 1.82501624546E+36 2.14685043421E+00 2.11423005945E+39
 5.59249223812E+15 1.83496258564E+36 2.14997135569E+00 2.11998350889E+39
 5.61328218928E+15 1.84496313339E+36 2.15310077012E+00 2.12575261518E+39
 5.63415907867E+15 1.85501818414E+36 2.15623870062E+00 2.13153742093E+39
 5.65512330835E+15 1.86512803492E+36 2.15938517036E+00 2.13733796886E+39
 5.67617528237E+15 1.87529298440E+36 2.16254020258E+00 2.14315430180E+39
 5.69731540680E+15 1.88551333286E+36 2.16570382058E+00 2.14898646272E+39
 5.71854408972E+15 1.89578938223E+36 2.16887604773E+00 2.15483449468E+39
 5.73986174124E+15 1.90612143607E+36 2.17205690746E+00 2.16069844089E+39
 5.76126877349E+15 1.91650979963E+36 2.17524642325E+00 2.16657834463E+39
 5.78276560068E+15 1.92695477977E+36 2.17844461867E+00 2.17247424934E+39
 5.80435263905E+15 1.93745668506E+36 2.18165151732E+00 2.17838619857E+39
 5.82603030693E+15 1.94801582574E+36 2.18486714290E+00 2.18431423597E+39
 5.84779902471E+15 1.95863251376E+36 2.18809151916E+00 2.19025840532E+39
 5.86965921490E+15 1.96930706273E+36 2.19132466990E+00 2.19621875053E+39
 5.89161130208E+15 1.98003978800E+36 2.19456661901E+00 2.20219531561E+39
 5.91365571297E+15 1.99083100663E+36 2.19781739043E+00 2.20818814470E+39
 5.93579287639E+15 2.00168103742E+36 2.20107700817E+00 2.21419728207E+39
 5.95802322332E+15 2.01259020088E+36 2.20434549629E+00 2.22022277209E+39
 5.98034718685E+15 2.02355881930E+36 2.20762287895E+00 2.22626465926E+39
 6.00276520227E+15 2.03458721669E+36 2.21090918034E+00 2.23232298820E+39
 6.02527770701E+15 2.04567571887E+36 2.21420442473E+00 2.23839780366E+39
 6.04788514069E+15 2.05682465338E+36 2.21750863646E+00 2.24448915051E+39
 6.07058794512E+15 2.06803434960E+36 2.22082183994E+00 2.25059707372E+39
 6.09338656430E+15 2.07930513868E+36 2.22414405963E+00 2.25672161841E+39
 6.11628144446E+15 2.09063735357E+36 2.22747532007E+00 2.26286282981E+39
 6.13927303405E+15 2.10203132903E+36 2.23081564587E+00 2.26902075327E+39
 6.16236178375E+15 2.11348740168E+36 2.23416506168E+00 2.27519543427E+39
 6.18554814651E+15 2.12500590993E+36 2.23752359225E+00 2.28138691843E+39
 6.20883257751E+15 2.13658719406E+36 2.24089126238E+00 2.28759525145E+39
 6.23221553422E+15 2.14823159620E+36 2.24426809695E+00 2.29382047919E+39
 6.25569747639E+15 2.15993946034E+36 2.24765412088E+00 2.30006264764E+39
 6.27927886606E+15 2.17171113235E+36 2.25104935920E+00 2.30632180288E+39
 6.30296016760E+15 2.18354695999E+36 2.25445383697E+00 2.31259799115E+39
 6.32674184766E+15 2.19544729289E+36 2.25786757934E+00 2.31889125879E+39
 6.35062437526E+15 2.20741248262E+36 2.26129061152E+00 2.32520165229E+39
 6.37460822174E+15 2.21944288265E+36 2.26472295878E+00 2.33152921825E+39
 6.39869386081E+15 2.23153884837E+36 2.26816464649E+00 2.33787400340E+39
 6.42288176853E+15 2.24370073711E+36 2.27161570005E+00 2.34423605460E+39
 6.44717242336E+15 2.25592890816E+36 2.27507614496E+00 2.35061541883E+39
 6.47156630614E+15 2.26822372274E+36 2.27854600677E+00 2.35701214321E+39
 6.49606390013E+15 2.28058554408E+36 2.28202531110E+00 2.36342627499E+39
 6.52066569099E+15 2.29301473736E+36 2.28551408366E+00 2.36985786153E+39
 6.54537216681E+15 2.30551166975E+36 2.28901235021E+00 2.37630695032E+39
 6.57018381815E+15 2.31807671044E+36 2.29252013658E+00 2.38277358901E+39
 6.59510113799E+15 2.33071023061E+36 2.29603746868E+00 2.38925782535E+39
 6.62012462180E+15 2.34341260347E+36 2.29956437249E+00 2.39575970723E+39
 6.64525476754E+15 2.35618420428E+36 2.30310087406E+00 2.40227928266E+39
 6.67049207563E+15 2.36902541032E+36 2.30664699950E+00 2.40881659980E+39
 6.69583704903E+15 2.38193660095E+36 2.31020277500E+00 2.41537170692E+39
 6.72129019321E+15 2.39491815758E+36 2.31376822683E+00 2.42194465245E+39
 6.74685201617E+15 2.40797046371E+36 2.31734338131E+00 2.42853548491E+39
 6.77252302846E+15 2.42109390491E+36 2.32092826485E+00 2.43514425299E+39
 6.79830374319E+15 2.43428886888E+36 2.32452290393E+00 2.44177100550E+39
 6.82419467604E+15 2.44755574542E+36 2.32812732509E+00 2.44841579137E+39
 6.85019634528E+15 2.46089492644E+36 2.33174155495E+00 2.45507865969E+39
 6.87630927178E+15 2.47430680602E+36 2.33536562021E+00 2.46175965965E+39
 6.90253397903E+15 2.48779178035E+36 2.33899954763E+00 2.46845884060E+39
 6.92887099313E+15 2.50135024780E+36 2.34264336405E+00 2.47517625202E+39
 6.95532084284E+15 2.51498260891E+36 2.34629709638E+00 2.48191194352E+39
 6.98188405956E+15 2.52868926641E+36 2.34996077160E+00 2.48866596483E+39
 7.00856117738E+15 2.54247062519E+36 2.35363441677E+00 2.49543836585E+39
 7.03535273304E+15 2.55632709240E+36 2.35731805902E+00 2.50222919659E+39
 7.06225926602E+15 2.57025907737E+36 2.36101172556E+00 2.50903850720E+39
 7.08928131846E+15 2.58426699166E+36 2.36471544367E+00 2.51586634798E+39
 7.11641943526E+15 2.59835124910E+36 2.36842924070E+00 2.52271276934E+39
 7.14367416406E+15 2.61251226576E+36 2.37215314407E+00 2.52957782185E+39
 7.17104605523E+15 2.62675045997E+36 2.37588718130E+00 2.53646155621E+39
 7.19853566194E+15 2.64106625235E+36 2.37963137995E+00 2.54336402326E+39
 7.22614354011E+15 2.65546006582E+36 2.38338576768E+00 2.55028527399E+39
 7.25387024847E+15 2.66993232558E+36 2.38715037222E+00 2.55722535949E+39
 7.28171634857E+15 2.68448345917E+36 2.39092522136E+00 2.56418433103E+39
 7.30968240477E+15 2.69911389645E+36 2.39471034300E+00 2.57116224001E+39
 7.33776898429E+15 2.71382406962E+36 2.39850576508E+00 2.57815913796E+39
 7.36597665719E+15 2.72861441325E+36 2.40231151563E+00 2.58517507654E+39
 7.39430599641E+15 2.74348536427E+36 2.40612762276E+00 2.59221010759E+39
 7.42275757776E+15 2.75843736199E+36 2.40995411466E+00 2.59926428305E+39
 7.45133197998E+15 2.77347084811E+36 2.41379101958E+00 2.60633765502E+39
 7.48002978469E+15 2.78858626674E+36 2.41763836586E+00 2.61343027574E+39
 7.50885157647E+15 2.80378406441E+36 2.42149618191E+00 2.62054219760E+39
 7.53779794284E+15 2.81906469010E+36 2.42536449623E+00 2.62767347311E+39
 7.56686947427E+15 2.83442859521E+36 2.42924333739E+00 2.63482415494E+39
 7.59606676421E+15 2.84987623362E+36 2.43313273403E+00 2.64199429591E+39
 7.62539040913E+15 2.86540806167E+36 2.43703271487E+00 2.64918394897E+39
 7.65484100846E+15 2.88102453819E+36 2.44094330872E+00 2.65639316722E+39
 7.68441916470E+15 2.89672612453E+36 2.44486454447E+00 2.66362200389E+39
 7.71412548337E+15 2.91251328453E+36 2.44879645106E+00 2.67087051238E+39
 7.74396057304E+15 2.92838648456E+36 2.45273905754E+00 2.67813874622E+39
 7.77392504536E+15 2.94434619355E+36 2.45669239303E+00 2.68542675909E+39
 7.80401951508E+15 2.96039288297E+36 2.46065648672E+00 2.69273460481E+39
 7.83424460003E+15 2.97652702686E+36 2.46463136789E+00 2.70006233735E+39
 7.86460092117E+15 2.99274910185E+36 2.46861706589E+00 2.70741001084E+39
 7.89508910261E+15 3.00905958716E+36 2.47261361017E+00 2.71477767953E+39
 7.92570977160E+15 3.02545896463E+36 2.47662103023E+00 2.72216539785E+39
 7.95646355856E+15 3.04194771872E+36 2.48063935567E+00 2.72957322034E+39
 7.98735109710E+15 3.05852633654E+36 2.48466861618E+00 2.73700120173E+39
 8.01837302403E+15 3.07519530784E+36 2.48870884150E+00 2.74444939686E+39
 8.04952997939E+15 3.09195512505E+36 2.49276006148E+00 2.75191786075E+39
 8.08082260645E+15 3.10880628328E+36 2.49682230603E+00 2.75940664855E+39
 8.11225155172E+15 3.12574928033E+36 2.50089560516E+00 2.76691581558E+39
 8.14381746500E+15 3.14278461674E+36 2.50497998896E+00 2.77444541728E+39
 8.17552099937E+15 3.15991279574E+36 2.50907548757E+00 2.78199550928E+39
 8.20736281123E+15 3.17713432333E+36 2.51318213126E+00 2.78956614732E+39
 8.23934356027E+15 3.19444970827E+36 2.51729995034E+00 2.79715738732E+39
 8.27146390954E+15 3.21185946207E+36 2.52142897524E+00 2.80476928534E+39
 8.30372452547E+15 3.22936409904E+36 2.52556923644E+00 2.81240189761E+39
 8.33612607781E+15 3.24696413630E+36 2.52972076453E+00 2.82005528048E+39
 8.36866923976E+15 3.26466009378E+36 2.53388359016E+00 2.82772949049E+39
 8.40135468788E+15 3.28245249424E+36 2.53805774408E+00 2.83542458431E+39
 8.43418310221E+15 3.30034186330E+36 2.54224325711E+00 2.84314061877E+39
 8.46715516618E+15 3.31832872944E+36 2.54644016018E+00 2.85087765086E+39
 8.50027156674E+15 3.33641362402E+36 2.55064848426E+00 2.85863573772E+39
 8.53353299428E+15 3.35459708129E+36 2.55486826045E+00 2.86641493664E+39
 8.56694014271E+15 3.37287963841E+36 2.55909951990E+00 2.87421530507E+39
 8.60049370947E+15 3.39126183549E+36 2.56334229387E+00 2.88203690063E+39
 8.63419439550E+15 3.40974421556E+36 2.56759661370E+00 2.88987978108E+39
 8.66804290533E+15 3.42832732462E+36 2.57186251079E+00 2.89774400435E+39
 8.70203994706E+15 3.44701171164E+36 2.57614001666E+00 2.90562962850E+39
 8.73618623238E+15 3.46579792859E+36 2.58042916289E+00 2.91353671179E+39
 8.77048247658E+15 3.48468653043E+36 2.58472998117E+00 2.92146531261E+39
 8.80492939861E+15 3.50367807517E+36 2.58904250326E+00 2.92941548950E+39
 8.83952772103E+15 3.52277312385E+36 2.59336676100E+00 2.93738730120E+39
 8.87427817012E+15 3.54197224056E+36 2.59770278634E+00 2.94538080657E+39
 8.90918147580E+15 3.56127599247E+36 2.60205061129E+00 2.95339606465E+39
 8.94423837172E+15 3.58068494985E+36 2.60641026797E+00 2.96143313463E+39
 8.97944959528E+15 3.60019968607E+36 2.61078178857E+00 2.96949207587E+39
 9.01481588758E+15 3.61982077761E+36 2.61516520538E+00 2.97757294789E+39
 9.05033799354E+15 3.63954880412E+36 2.61956055078E+00 2.98567581037E+39
 9.08601666181E+15 3.65938434840E+36 2.62396785721E+00 2.99380072315E+39
 9.12185264490E+15 3.67932799641E+36 2.62838715724E+00 3.00194774624E+39
 9.15784669911E+15 3.69938033731E+36 2.63281848350E+00 3.01011693980E+39
 9.19399958461E+15 3.71954196350E+36 2.63726186872E+00 3.01830836417E+39
 9.23031206542E+15 3.73981347056E+36 2.64171734572E+00 3.02652207984E+39
 9.26678490945E+15 3.76019545736E+36 2.64618494739E+00 3.03475814748E+39
 9.30341888854E+15 3.78068852600E+36 2.65066470673E+00 3.04301662791E+39
 9.34021477842E+15 3.80129328189E+36 2.65515665684E+00 3.05129758213E+39
 9.37717335881E+15 3.82201033371E+36 2.65966083088E+00 3.05960107129E+39
 9.41429541336E+15 3.84284029348E+36 2.66417726212E+00 3.06792715671E+39
 9.45158172975E+15 3.86378377656E+36 2.66870598391E+00 3.07627589989E+39
 9.48903309964E+15 3.88484140163E+36 2.67324702970E+00 3.08464736249E+39
 9.52665031875E+15 3.90601379079E+36 2.67780043303E+00 3.09304160633E+39
 9.56443418682E+15 3.92730156948E+36 2.68236622752E+00 3.10145869341E+39
 9.60238550769E+15 3.94870536658E+36 2.68694444691E+00 3.10989868588E+39
 9.64050508930E+15 3.97022581440E+36 2.69153512499E+00 3.11836164609E+39
 9.67879374369E+15 3.99186354868E+36 2.69613829567E+00 3.12684763653E+39
 9.71725228706E+15 4.01361920863E+36 2.70075399295E+00 3.13535671988E+39
 9.75588153975E+15 4.03549343695E+36 2.70538225091E+00 3.14388895898E+39
 9.79468232631E+15 4.05748687983E+36 2.71002310375E+00 3.15244441684E+39
 9.83365547547E+15 4.07960018699E+36 2.71467658572E+00 3.16102315665E+39
 9.87280182020E+15 4.10183401170E+36 2.71934273121E+00 3.16962524176E+39
 9.91212219772E+15 4.12418901077E+36 2.72402157466E+00 3.17825073571E+39
 9.95161744952E+15 4.14666584461E+36 2.72871315065E+00 3.18689970219E+39
 9.99128842139E+15 4.16926517721E+36 2.73341749381E+00 3.19557220509E+39
 1.00311359634E+16 4.19198767620E+36 2.73813463888E+00 3.20426830845E+39
 1.00711609301E+16 4.21483401283E+36 2.74286462071E+00 3.21298807650E+39
 1.01113641802E+16 4.23780486201E+36 2.74760747423E+00 3.22173157363E+39
 1.01517465769E+16 4.26090090234E+36 2.75236323447E+00 3.23049886442E+39
 1.01923089878E+16 4.28412281611E+36 2.75713193655E+00 3.23929001362E+39
 1.02330522850E+16 4.30747128933E+36 2.76191361569E+00 3.24810508615E+39
 1.02739773449E+16 4.33094701175E+36 2.76670830719E+00 3.25694414712E+39
 1.03150850486E+16 4.35455067688E+36 2.77151604648E+00 3.26580726181E+39
 1.03563762814E+16 4.37828298201E+36 2.77633686906E+00 3.27469449567E+39
 1.03978519335E+16 4.40214462822E+36 2.78117081054E+00 3.28360591434E+39
 1.04395128993E+16 4.42613632042E+36 2.78601790661E+00 3.29254158363E+39
 1.04813600779E+16 4.45025876737E+36 2.79087819307E+00 3.30150156954E+39
 1.05233943732E+16 4.47451268168E+36 2.79575170581E+00 3.31048593824E+39
 1.05656166934E+16 4.49889877984E+36 2.80063848084E+00 3.31949475608E+39
 1.06080279515E+16 4.52341778226E+36 2.80553855423E+00 3.32852808960E+39
 1.06506290652E+16 4.54807041326E+36 2.81045196219E+00 3.33758600551E+39
 1.06934209569E+16 4.57285740113E+36 2.81537874099E+00 3.34666857070E+39
 1.07364045536E+16 4.59777947810E+36 2.82031892702E+00 3.35577585225E+39
 1.07795807872E+16 4.62283738041E+36 2.82527255677E+00 3.36490791743E+39
 1.08229505943E+16 4.64803184831E+36 2.83023966682E+00 3.37406483368E+39
 1.08665149163E+16 4.67336362609E+36 2.83522029385E+00 3.38324666863E+39
 1.09102746994E+16 4.69883346208E+36 2.84021447466E+00 3.39245349008E+39
 1.09542308946E+16 4.72444210870E+36 2.84522224611E+00 3.40168536603E+39
 1.09983844579E+16 4.75019032246E+36 2.85024364521E+00 3.41094236467E+39
 1.10427363501E+16 4.77607886401E+36 2.85527870902E+00 3.42022455435E+39
 1.10872875370E+16 4.80210849814E+36 2.86032747475E+00 3.42953200364E+39
 1.11320389894E+16 4.82827999380E+36 2.86538997966E+00 3.43886478127E+39
 1.11769916828E+16 4.85459412413E+36 2.87046626117E+00 3.44822295616E+39
 1.12221465980E+16 4.88105166650E+36 2.87555635674E+00 3.45760659743E+39
 1.12675047207E+16 4.90765340249E+36 2.88066030398E+00 3.46701577439E+39
 1.13130670416E+16 4.93440011797E+36 2.88577814058E+00 3.47645055652E+39
 1.13588345567E+16 4.96129260308E+36 2.89090990434E+00 3.48591101349E+39
 1.14048082669E+16 4.98833165225E+36 2.89605563315E+00 3.49539721519E+39
 1.14509891782E+16 5.01551806427E+36 2.90121536503E+00 3.50490923167E+39
 1.14973783020E+16 5.04285264225E+36 2.90638913807E+00 3.51444713318E+39
 1.15439766547E+16 5.07033619371E+36 2.91157699049E+00 3.52401099015E+39
 1.15907852580E+16 5.09796953055E+36 2.91677896059E+00 3.53360087323E+39
 1.16378051388E+16 5.12575346911E+36 2.92199508681E+00 3.54321685323E+39
 1.16850373292E+16 5.15368883015E+36 2.92722540766E+00 3.55285900118E+39
 1.17324828668E+16 5.18177643893E+36 2.93246996177E+00 3.56252738829E+39
 1.17801427945E+16 5.21001712521E+36 2.93772878788E+00 3.57222208595E+39
 1.18280181602E+16 5.23841172325E+36 2.94300192481E+00 3.58194316578E+39
 1.18761100177E+16 5.26696107188E+36 2.94828941152E+00 3.59169069955E+39
 1.19244194260E+16 5.29566601449E+36 2.95359128706E+00 3.60146475927E+39
 1.19729474493E+16 5.32452739905E+36 2.95890759058E+00 3.61126541711E+39
 1.20216951576E+16 5.35354607819E+36 2.96423836134E+00 3.62109274546E+39
 1.20706636264E+16 5.38272290916E+36 2.96958363872E+00 3.63094681690E+39
 1.21198539365E+16 5.41205875388E+36 2.97494346219E+00 3.64082770420E+39
 1.21692671743E+16 5.44155447899E+36 2.98031787133E+00 3.65073548034E+39
 1.22189044320E+16 5.47121095582E+36 2.98570690584E+00 3.66067021848E+39
 1.22687668073E+16 5.50102906047E+36 2.99111060552E+00 3.67063199200E+39
 1.23188554034E+16 5.53100967383E+36 2.99652901027E+00 3.68062087448E+39
 1.23691713294E+16 5.56115368155E+36 3.00196216012E+00 3.69063693968E+39
 1.24197157000E+16 5.59146197414E+36 3.00741009518E+00 3.70068026158E+39
 1.24704896357E+16 5.62193544696E+36 3.01287285570E+00 3.71075091434E+39
 1.25214942626E+16 5.65257500023E+36 3.01835048202E+00 3.72084897235E+39
 1.25727307127E+16 5.68338153909E+36 3.02384301459E+00 3.73097451018E+39
 1.26242001240E+16 5.71435597362E+36 3.02935049397E+00 3.74112760261E+39
 1.26759036401E+16 5.74549921884E+36 3.03487296085E+00 3.75130832463E+39
 1.27278424106E+16 5.77681219478E+36 3.04041045600E+00 3.76151675143E+39
 1.27800175910E+16 5.80829582647E+36 3.04596302032E+00 3.77175295839E+39
 1.28324303428E+16 5.83995104397E+36 3.05153069483E+00 3.78201702113E+39
 1.28850818335E+16 5.87177878244E+36 3.05711352063E+00 3.79230901543E+39
 1.29379732365E+16 5.90377998212E+36 3.06271153897E+00 3.80262901731E+39
 1.29911057313E+16 5.93595558836E+36 3.06832479118E+00 3.81297710299E+39
 1.30444805035E+16 5.96830655168E+36 3.07395331872E+00 3.82335334889E+39
 1.30980987449E+16 6.00083382779E+36 3.07959716316E+00 3.83375783165E+39
 1.31519616533E+16 6.03353837757E+36 3.08525636618E+00 3.84419062810E+39
 1.32060704327E+16 6.06642116719E+36 3.09093096958E+00 3.85465181530E+39
 1.32604262934E+16 6.09948316803E+36 3.09662101527E+00 3.86514147050E+39
 1.33150304518E+16 6.13272535681E+36 3.10232654526E+00 3.87565967118E+39
 1.33698841307E+16 6.16614871555E+36 3.10804760170E+00 3.88620649501E+39
 1.34249885592E+16 6.19975423163E+36 3.11378422683E+00 3.89678201989E+39
 1.34803449727E+16 6.23354289780E+36 3.11953646303E+00 3.90738632392E+39
 1.35359546129E+16 6.26751571223E+36 3.12530435278E+00 3.91801948542E+39
 1.35918187282E+16 6.30167367853E+36 3.13108793867E+00 3.92868158292E+39
 1.36479385730E+16 6.33601780577E+36 3.13688726342E+00 3.93937269516E+39
 1.37043154086E+16 6.37054910854E+36 3.14270236986E+00 3.95009290110E+39
 1.37609505025E+16 6.40526860695E+36 3.14853330094E+00 3.96084227991E+39
 1.38178451289E+16 6.44017732665E+36 3.15438009972E+00 3.97162091098E+39
 1.38750005687E+16 6.47527629890E+36 3.16024280937E+00 3.98242887392E+39
 1.39324181091E+16 6.51056656059E+36 3.16612147321E+00 3.99326624854E+39
 1.39900990442E+16 6.54604915423E+36 3.17201613464E+00 4.00413311488E+39
 1.40480446747E+16 6.58172512804E+36 3.17792683720E+00 4.01502955321E+39
 1.41062563081E+16 6.61759553594E+36 3.18385362454E+00 4.02595564398E+39
 1.41647352585E+16 6.65366143759E+36 3.18979654043E+00 4.03691146790E+39
 1.42234828469E+16 6.68992389844E+36 3.19575562876E+00 4.04789710588E+39
 1.42825004011E+16 6.72638398974E+36 3.20173093355E+00 4.05891263905E+39
 1.43417892559E+16 6.76304278857E+36 3.20772249893E+00 4.06995814877E+39
 1.44013507528E+16 6.79990137788E+36 3.21373036913E+00 4.08103371660E+39
 1.44611862403E+16 6.83696084654E+36 3.21975458854E+00 4.09213942436E+39
 1.45212970739E+16 6.87422228933E+36 3.22579520165E+00 4.10327535405E+39
 1.45816846161E+16 6.91168680703E+36 3.23185225306E+00 4.11444158792E+39
 1.46423502366E+16 6.94935550637E+36 3.23792578751E+00 4.12563820844E+39
 1.47032953119E+16 6.98722950017E+36 3.24401584985E+00 4.13686529830E+39
 1.47645212258E+16 7.02530990726E+36 3.25012248507E+00 4.14812294041E+39
 1.48260293692E+16 7.06359785261E+36 3.25624573827E+00 4.15941121791E+39
 1.48878211404E+16 7.10209446729E+36 3.26238565465E+00 4.17073021418E+39
 1.49498979446E+16 7.14080088856E+36 3.26854227958E+00 4.18208001281E+39
 1.50122611945E+16 7.17971825986E+36 3.27471565852E+00 4.19346069762E+39
 1.50749123101E+16 7.21884773087E+36 3.28090583705E+00 4.20487235266E+39
 1.51378527187E+16 7.25819045753E+36 3.28711286091E+00 4.21631506222E+39
 1.52010838550E+16 7.29774760209E+36 3.29333677593E+00 4.22778891079E+39
 1.52646071612E+16 7.33752033312E+36 3.29957762807E+00 4.23929398312E+39
 1.53284240869E+16 7.37750982557E+36 3.30583546343E+00 4.25083036417E+39
 1.53925360892E+16 7.41771726079E+36 3.31211032822E+00 4.26239813916E+39
 1.54569446328E+16 7.45814382657E+36 3.31840226879E+00 4.27399739350E+39
 1.55216511899E+16 7.49879071717E+36 3.32471133160E+00 4.28562821287E+39
 1.55866572406E+16 7.53965913336E+36 3.33103756325E+00 4.29729068316E+39
 1.56519642724E+16 7.58075028245E+36 3.33738101046E+00 4.30898489051E+39
 1.57175737805E+16 7.62206537835E+36 3.34374172008E+00 4.32071092127E+39
 1.57834872681E+16 7.66360564155E+36 3.35011973908E+00 4.33246886206E+39
 1.58497062459E+16 7.70537229923E+36 3.35651511457E+00 4.34425879970E+39
 1.59162322327E+16 7.74736658522E+36 3.36292789379E+00 4.35608082127E+39
 1.59830667551E+16 7.78958974012E+36 3.36935812408E+00 4.36793501409E+39
 1.60502113474E+16 7.83204301125E+36 3.37580585294E+00 4.37982146569E+39
 1.61176675522E+16 7.87472765274E+36 3.38227112800E+00 4.39174026386E+39
 1.61854369199E+16 7.91764492557E+36 3.38875399699E+00 4.40369149664E+39
 1.62535210089E+16 7.96079609757E+36 3.39525450780E+00 4.41567525227E+39
 1.63219213860E+16 8.00418244350E+36 3.40177270843E+00 4.42769161927E+39
 1.63906396258E+16 8.04780524506E+36 3.40830864703E+00 4.43974068639E+39
 1.64596773112E+16 8.09166579092E+36 3.41486237187E+00 4.45182254260E+39
 1.65290360334E+16 8.13576537680E+36 3.42143393134E+00 4.46393727715E+39
 1.65987173917E+16 8.18010530546E+36 3.42802337398E+00 4.47608497949E+39
 1.66687229938E+16 8.22468688677E+36 3.43463074845E+00 4.48826573934E+39
 1.67390544557E+16 8.26951143774E+36 3.44125610356E+00 4.50047964667E+39
 1.68097134020E+16 8.31458028255E+36 3.44789948823E+00 4.51272679168E+39
 1.68807014654E+16 8.35989475261E+36 3.45456095153E+00 4.52500726482E+39
 1.69520202873E+16 8.40545618657E+36 3.46124054266E+00 4.53732115678E+39
 1.70236715177E+16 8.45126593039E+36 3.46793831094E+00 4.54966855850E+39
 1.70956568151E+16 8.49732533735E+36 3.47465430584E+00 4.56204956118E+39
 1.71679778464E+16 8.54363576813E+36 3.48138857697E+00 4.57446425626E+39
 1.72406362875E+16 8.59019859079E+36 3.48814117405E+00 4.58691273542E+39
 1.73136338229E+16 8.63701518088E+36 3.49491214695E+00 4.59939509059E+39
 1.73869721457E+16 8.68408692142E+36 3.50170154569E+00 4.61191141397E+39
 1.74606529581E+16 8.73141520300E+36 3.50850942041E+00 4.62446179799E+39
 1.75346779709E+16 8.77900142375E+36 3.51533582138E+00 4.63704633535E+39
 1.76090489040E+16 8.82684698945E+36 3.52218079902E+00 4.64966511898E+39
 1.76837674860E+16 8.87495331352E+36 3.52904440388E+00 4.66231824207E+39
 1.77588354547E+16 8.92332181710E+36 3.53592668666E+00 4.67500579808E+39
 1.78342545570E+16 8.97195392908E+36 3.54282769817E+00 4.68772788070E+39
 1.79100265486E+16 9.02085108610E+36 3.54974748939E+00 4.70048458391E+39
 1.79861531947E+16 9.07001473268E+36 3.55668611142E+00 4.71327600189E+39
 1.80626362693E+16 9.11944632117E+36 3.56364361551E+00 4.72610222914E+39
 1.81394775560E+16 9.16914731187E+36 3.57062005304E+00 4.73896336037E+39
 1.82166788475E+16 9.21911917301E+36 3.57761547554E+00 4.75185949056E+39
 1.82942419459E+16 9.26936338084E+36 3.58462993466E+00 4.76479071496E+39
 1.83721686625E+16 9.31988141965E+36 3.59166348221E+00 4.77775712908E+39
 1.84504608184E+16 9.37067478181E+36 3.59871617014E+00 4.79075882867E+39
 1.85291202438E+16 9.42174496785E+36 3.60578805053E+00 4.80379590975E+39
 1.86081487787E+16 9.47309348644E+36 3.61287917561E+00 4.81686846862E+39
 1.86875482726E+16 9.52472185451E+36 3.61998959776E+00 4.82997660181E+39
 1.87673205847E+16 9.57663159723E+36 3.62711936948E+00 4.84312040613E+39
 1.88474675836E+16 9.62882424809E+36 3.63426854344E+00 4.85629997865E+39
 1.89279911481E+16 9.68130134895E+36 3.64143717242E+00 4.86951541672E+39
 1.90088931665E+16 9.73406445006E+36 3.64862530938E+00 4.88276681793E+39
 1.90901755370E+16 9.78711511011E+36 3.65583300740E+00 4.89605428015E+39
 1.91718401677E+16 9.84045489631E+36 3.66306031971E+00 4.90937790150E+39
 1.92538889766E+16 9.89408538440E+36 3.67030729969E+00 4.92273778040E+39
 1.93363238919E+16 9.94800815869E+36 3.67757400086E+00 4.93613401550E+39
 1.94191468516E+16 1.00022248121E+37 3.68486047689E+00 4.94956670575E+39
 1.95023598039E+16 1.00567369464E+37 3.69216678159E+00 4.96303595035E+39
 1.95859647074E+16 1.01115461719E+37 3.69949296892E+00 4.97654184878E+39
 1.96699635305E+16 1.01666541077E+37 3.70683909298E+00 4.99008450077E+39
 1.97543582521E+16 1.02220623817E+37 3.71420520804E+00 5.00366400635E+39
 1.98391508615E+16 1.02777726310E+37 3.72159136849E+00 5.01728046581E+39
 1.99243433583E+16 1.03337865011E+37 3.72899762888E+00 5.03093397971E+39
 2.00099377525E+16 1.03901056469E+37 3.73642404391E+00 5.04462464889E+39
 2.00959360646E+16 1.04467317320E+37 3.74387066842E+00 5.05835257445E+39
 2.01823403257E+16 1.05036664294E+37 3.75133755742E+00 5.07211785779E+39
 2.02691525775E+16 1.05609114210E+37 3.75882476605E+00 5.08592060055E+39
 2.03563748723E+16 1.06184683978E+37 3.76633234960E+00 5.09976090470E+39
 2.04440092732E+16 1.06763390601E+37 3.77386036352E+00 5.11363887243E+39
 2.05320578540E+16 1.07345251177E+37 3.78140886340E+00 5.12755460624E+39
 2.06205226995E+16 1.07930282893E+37 3.78897790501E+00 5.14150820891E+39
 2.07094059051E+16 1.08518503032E+37 3.79656754423E+00 5.15549978348E+39
 2.07987095775E+16 1.09109928972E+37 3.80417783711E+00 5.16952943329E+39
 2.08884358340E+16 1.09704578183E+37 3.81180883987E+00 5.18359726196E+39
 2.09785868034E+16 1.10302468233E+37 3.81946060886E+00 5.19770337338E+39
 2.10691646253E+16 1.10903616785E+37 3.82713320059E+00 5.21184787173E+39
 2.11601714506E+16 1.11508041597E+37 3.83482667173E+00 5.22603086146E+39
 2.12516094416E+16 1.12115760524E+37 3.84254107909E+00 5.24025244734E+39
 2.13434807715E+16 1.12726791521E+37 3.85027647965E+00 5.25451273438E+39
 2.14357876253E+16 1.13341152636E+37 3.85803293054E+00 5.26881182792E+39
 2.15285321993E+16 1.13958862021E+37 3.86581048904E+00 5.28314983354E+39
 2.16217167010E+16 1.14579937922E+37 3.87360921260E+00 5.29752685714E+39
 2.17153433499E+16 1.15204398687E+37 3.88142915880E+00 5.31194300491E+39
 2.18094143768E+16 1.15832262764E+37 3.88927038540E+00 5.32639838330E+39
 2.19039320242E+16 1.16463548701E+37 3.89713295032E+00 5.34089309909E+39
 2.19988985465E+16 1.17098275147E+37 3.90501691162E+00 5.35542725931E+39
 2.20943162098E+16 1.17736460852E+37 3.91292232752E+00 5.37000097131E+39
 2.21901872919E+16 1.18378124670E+37 3.92084925641E+00 5.38461434272E+39
 2.22865140829E+16 1.19023285557E+37 3.92879775684E+00 5.39926748146E+39
 2.23832988845E+16 1.19671962570E+37 3.93676788750E+00 5.41396049575E+39
 2.24805440106E+16 1.20324174875E+37 3.94475970726E+00 5.42869349411E+39
 2.25782517873E+16 1.20979941737E+37 3.95277327514E+00 5.44346658535E+39
 2.26764245528E+16 1.21639282528E+37 3.96080865033E+00 5.45827987857E+39
 2.27750646576E+16 1.22302216728E+37 3.96886589216E+00 5.47313348316E+39
 2.28741744643E+16 1.22968763920E+37 3.97694506015E+00 5.48802750884E+39
 2.29737563482E+16 1.23638943795E+37 3.98504621396E+00 5.50296206560E+39
 2.30738126968E+16 1.24312776150E+37 3.99316941342E+00 5.51793726373E+39
 2.31743459102E+16 1.24990280892E+37 4.00131471853E+00 5.53295321383E+39
 2.32753584010E+16 1.25671478036E+37 4.00948218943E+00 5.54801002680E+39
 2.33768525946E+16 1.26356387705E+37 4.01767188646E+00 5.56310781385E+39
 2.34788309290E+16 1.27045030133E+37 4.02588387008E+00 5.57824668647E+39
 2.35812958550E+16 1.27737425662E+37 4.03411820097E+00 5.59342675646E+39
 2.36842498361E+16 1.28433594747E+37 4.04237493991E+00 5.60864813595E+39
 2.37876953491E+16 1.29133557954E+37 4.05065414790E+00 5.62391093734E+39
 2.38916348833E+16 1.29837335962E+37 4.05895588609E+00 5.63921527336E+39
 2.39960709414E+16 1.30544949561E+37 4.06728021577E+00 5.65456125704E+39
 2.41010060390E+16 1.31256419654E+37 4.07562719843E+00 5.66994900170E+39
 2.42064427052E+16 1.31971767259E+37 4.08399689572E+00 5.68537862100E+39
 2.43123834820E+16 1.32691013510E+37 4.09238936944E+00 5.70085022889E+39
 2.44188309250E+16 1.33414179654E+37 4.10080468159E+00 5.71636393963E+39
 2.45257876031E+16 1.34141287054E+37 4.10924289430E+00 5.73191986779E+39
 2.46332560985E+16 1.34872357189E+37 4.11770406991E+00 5.74751812827E+39
 2.47412390074E+16 1.35607411658E+37 4.12618827089E+00 5.76315883625E+39
 2.48497389392E+16 1.36346472174E+37 4.13469555991E+00 5.77884210726E+39
 2.49587585171E+16 1.37089560571E+37 4.14322599979E+00 5.79456805712E+39
 2.50683003783E+16 1.37836698800E+37 4.15177965354E+00 5.81033680197E+39
 2.51783671734E+16 1.38587908933E+37 4.16035658433E+00 5.82614845827E+39
 2.52889615674E+16 1.39343213162E+37 4.16895685551E+00 5.84200314280E+39
 2.54000862390E+16 1.40102633800E+37 4.17758053058E+00 5.85790097264E+39
 2.55117438809E+16 1.40866193281E+37 4.18622767323E+00 5.87384206521E+39
 2.56239372002E+16 1.41633914161E+37 4.19489834734E+00 5.88982653824E+39
 2.57366689180E+16 1.42405819122E+37 4.20359261693E+00 5.90585450978E+39
 2.58499417698E+16 1.43181930965E+37 4.21231054622E+00 5.92192609820E+39
 2.59637585055E+16 1.43962272618E+37 4.22105219959E+00 5.93804142220E+39
 2.60781218892E+16 1.44746867134E+37 4.22981764160E+00 5.95420060079E+39
 2.61930346999E+16 1.45535737691E+37 4.23860693699E+00 5.97040375332E+39
