		2040
1.00000065876E+03 3.45915933143E+17 1.00000104365E+00 5.97040375333E+26
1.872849077574142e+09 1.844145460885801e+27 1.000141067268386e+00 1.259000000000000e+33 
2.105372225635094e+09 2.039530664867873e+27 1.000250505109917e+00 1.413000000000000e+33 
2.363926709485018e+09 2.289611079673405e+27 1.000374979884348e+00 1.585000000000000e+33 
2.652733826819423e+09 2.570042594126638e+27 1.000498713626335e+00 1.778000000000000e+33 
2.963350982247290e+09 3.256420066367864e+27 1.000771668577642e+00 1.995000000000000e+33 
3.330603881756570e+09 3.398690845966460e+27 1.000822179946230e+00 2.239000000000000e+33 
3.739366208605021e+09 3.787564310202623e+27 1.000943886031750e+00 2.512000000000000e+33 
4.200191207031415e+09 4.568472811554917e+27 1.001162928566764e+00 2.818000000000000e+33 
4.717300174731263e+09 5.039547170670268e+27 1.001280880279221e+00 3.162000000000000e+33 
5.287175363624973e+09 5.820455672022561e+27 1.001454797927934e+00 3.548000000000000e+33 
5.937958758349272e+09 6.357923061617257e+27 1.001561586891454e+00 3.981000000000000e+33 
6.659097114665384e+09 7.306394925607895e+27 1.001727958783589e+00 4.466999999999999e+33 
7.450590432573316e+09 9.905207832942254e+27 1.002138075590283e+00 5.012000000000000e+33 
8.368722681346515e+09 1.152077157460631e+28 1.002366610439853e+00 5.623000000000000e+33 
9.385351876348253e+09 1.366115641434519e+28 1.002635528767569e+00 6.310000000000000e+33 
1.053213775029486e+10 1.540950621696793e+28 1.002831745142391e+00 7.079000000000000e+33 
1.181963354742509e+10 1.724005691446987e+28 1.003014342069830e+00 7.943000000000000e+33 
1.326191026005732e+10 1.969027589644569e+28 1.003231599905126e+00 8.912999999999998e+33 
1.488007437666908e+10 2.390465254544410e+28 1.003565837833436e+00 1.000000000000000e+34 
1.670930337805630e+10 2.651611174429833e+28 1.003750636066662e+00 1.122000000000000e+34 
1.874607951613938e+10 3.124266319985168e+28 1.004048149754428e+00 1.259000000000000e+34 
2.103965126403257e+10 3.452437584925930e+28 1.004232657027709e+00 1.413000000000000e+34 
2.361464285829304e+10 3.942481381321094e+28 1.004477392814257e+00 1.585000000000000e+34 
2.649216078739832e+10 4.511564499715478e+28 1.004732800726253e+00 1.778000000000000e+34 
2.967924054750758e+10 4.593765394594667e+28 1.004765510625987e+00 1.995000000000000e+34 
3.336584053491874e+10 6.247268010818350e+28 1.005347848984036e+00 2.239000000000000e+34 
3.746401704764202e+10 7.135669990089583e+28 1.005629720689829e+00 2.512000000000000e+34 
4.200191207031416e+10 8.163181176079442e+28 1.005919014813224e+00 3.162000000000000e+34 
5.283657615545382e+10 9.807199073663217e+28 1.006303623223213e+00 3.548000000000000e+34 
5.941476506428862e+10 1.436934873945820e+29 1.007213642882529e+00 3.981000000000000e+34 
6.666132610824567e+10 1.522297341704977e+29 1.007365791121766e+00 4.467000000000000e+34 
7.478732417210039e+10 1.743291286014796e+29 1.007715817785938e+00 5.012000000000000e+34 
8.382793673664877e+10 1.818536720558054e+29 1.007822100105220e+00 5.623000000000001e+34 
9.427564853303345e+10 2.675639128317596e+29 1.008894186921847e+00 6.310000000000001e+34 
1.058138622340913e+11 3.121104747105200e+29 1.009396163968874e+00 7.079000000000001e+34 
1.187239976861895e+11 3.578900500124682e+29 1.009852116671311e+00 7.943000000000000e+34 
1.333930071780832e+11 4.442009896356165e+29 1.010619777821864e+00 8.912999999999999e+34 
1.496801807865886e+11 4.985800431710798e+29 1.011051405447628e+00 1.000000000000000e+35 
1.680428257620526e+11 5.943757014341345e+29 1.011726679548140e+00 1.122000000000000e+35 
1.887271844700464e+11 7.100892688409925e+29 1.012455454137864e+00 1.259000000000000e+35 
2.118036118721621e+11 8.115757582879911e+29 1.013024848567742e+00 1.413000000000000e+35 
2.379053026227259e+11 9.570081107665559e+29 1.013751119535860e+00 1.585000000000000e+35 
2.669619017601458e+11 1.111609024597030e+30 1.014439005628907e+00 1.778000000000000e+35 
2.998880237851157e+11 1.342087687546756e+30 1.015350959723531e+00 1.995000000000000e+35 
3.372465083903700e+11 1.720844118567018e+30 1.016690942579606e+00 2.239000000000000e+35 
3.781579185560110e+11 1.882716650021420e+30 1.017202052915442e+00 2.512000000000000e+35 
4.249439680145687e+11 2.292772652553374e+30 1.018351046883697e+00 2.818000000000000e+35 
4.770066395925125e+11 2.638964882909957e+30 1.019217116091781e+00 3.162000000000000e+35 
5.361048073296380e+11 3.159675936240819e+30 1.020373902769656e+00 3.548000000000000e+35 
6.029420208418632e+11 3.983581828760688e+30 1.022009522348234e+00 3.981000000000000e+35 
6.761111808973518e+11 4.419878886196383e+30 1.022781362991178e+00 4.467000000000000e+35 
7.601853599995720e+11 5.466359509466056e+30 1.024425146922237e+00 5.012000000000000e+35 
8.548127833405646e+11 6.737311807213513e+30 1.026211581757796e+00 5.623000000000000e+35 
9.585863516884932e+11 7.363303237447335e+30 1.026994601134919e+00 6.310000000000000e+35 
1.077838011586621e+12 9.054744728230645e+30 1.028874204184182e+00 7.079000000000000e+35 
1.211160663803113e+12 1.092639587317217e+31 1.030734261578676e+00 7.943000000000000e+35 
1.359609632761844e+12 1.249453602163670e+31 1.032122275597432e+00 8.913000000000000e+35 
1.527406216158326e+12 1.482461523417370e+31 1.033956976273217e+00 1.000000000000000e+36 
1.716309288032351e+12 1.781546317862419e+31 1.036060407878830e+00 1.122000000000000e+36 
1.927374172807800e+12 2.036369091987904e+31 1.037656983441548e+00 1.259000000000000e+36 
2.166229267412015e+12 2.441682735199905e+31 1.039917554209304e+00 1.413000000000000e+36 
2.433929896268875e+12 2.890309926867478e+31 1.042153443944549e+00 1.585000000000000e+36 
2.730827834186338e+12 3.253258493487896e+31 1.043764779077599e+00 1.778000000000000e+36 
3.066772775787260e+12 3.850795767801998e+31 1.046126536611834e+00 1.995000000000000e+36 
3.447393117998985e+12 4.625381123394355e+31 1.048864157345295e+00 2.239000000000000e+36 
3.869522887549880e+12 5.197625814668709e+31 1.050666143841509e+00 2.512000000000000e+36 
4.351454374453820e+12 6.247268010818349e+31 1.053606411089487e+00 2.818000000000000e+36 
4.889669830631212e+12 7.518220308565806e+31 1.056791616696425e+00 3.162000000000000e+36 
5.484169256082058e+12 8.324421392957851e+31 1.058594378349026e+00 3.548000000000000e+36 
6.159576887363491e+12 9.778744917743498e+31 1.061483461251832e+00 3.981000000000000e+36 
6.936999212953059e+12 1.210566255740054e+32 1.065622399861765e+00 4.466999999999999e+36 
7.770705507816078e+12 1.304464970275127e+32 1.067113311933614e+00 5.012000000000000e+36 
8.738086229703549e+12 1.578889496256419e+32 1.070992732962849e+00 5.623000000000000e+36 
9.796928401660381e+12 1.740129713134828e+32 1.073030000827867e+00 6.309999999999999e+36 
1.102462248143757e+13 2.110033740091177e+32 1.077186943156841e+00 7.079000000000000e+36 
1.240709747671675e+13 2.564984077518688e+32 1.081764279801272e+00 7.943000000000000e+36 
1.389510491438366e+13 2.791036538436457e+32 1.083791088923685e+00 8.913000000000000e+36 
1.566101445033824e+13 3.439791293406055e+32 1.088964696488913e+00 1.000000000000000e+37 
1.763798887106827e+13 4.201730357478536e+32 1.094401130468430e+00 1.122000000000000e+37 
1.978029745153907e+13 4.663319997953980e+32 1.097336407699425e+00 1.259000000000000e+37 
2.227086309188936e+13 5.652892309384215e+32 1.102947039033215e+00 1.413000000000000e+37 
2.500063560165182e+13 6.332630478577507e+32 1.106387058241347e+00 1.585000000000000e+37 
2.817364436944272e+13 7.767984566083342e+32 1.112850801681213e+00 1.778000000000000e+37 
3.177933615102329e+13 9.573242680545527e+32 1.120121428660930e+00 1.995000000000000e+37 
3.559961056545890e+13 1.049958353437639e+33 1.123462769616130e+00 2.239000000000000e+37 
3.989126322255968e+13 1.162510347964528e+33 1.127082320049651e+00 2.512000000000000e+37 
4.467540061080316e+13 1.275694657067411e+33 1.130344846026295e+00 2.818000000000000e+37 
5.002237769178118e+13 1.401209100402172e+33 1.133584228379828e+00 3.162000000000000e+37 
5.607290438867736e+13 1.554229227792662e+33 1.137122501121482e+00 3.548000000000000e+37 
6.279180322069579e+13 1.709462456199130e+33 1.140337556496182e+00 3.980999999999999e+37 
7.042531655340780e+13 1.900105300861249e+33 1.143871844608301e+00 4.467000000000000e+37 
7.886791194442577e+13 2.095806662131318e+33 1.147120130103924e+00 5.011999999999999e+37 
8.843618672091272e+13 2.337666987448931e+33 1.150713674874054e+00 5.623000000000000e+37 
9.902460844048100e+13 2.589012031406451e+33 1.154057528402048e+00 6.309999999999999e+37 
1.110553068726816e+14 2.903272375675350e+33 1.157798427420997e+00 7.079000000000000e+37 
1.245282820175143e+14 3.269066357887739e+33 1.161696165465317e+00 7.943000000000000e+37 
1.395138888365711e+14 3.664262967883840e+33 1.165464163323008e+00 8.913000000000000e+37 
1.564694345801988e+14 4.170114628678848e+33 1.169778861683732e+00 1.000000000000000e+38 
1.755004516907851e+14 4.773975048752889e+33 1.174388268732894e+00 1.122000000000000e+38 
1.966772951299217e+14 5.469521082346026e+33 1.179138353004532e+00 1.259000000000000e+38 
2.206683370327309e+14 6.367407780257165e+33 1.184623876172528e+00 1.413000000000000e+38 
2.476846422839882e+14 7.486604579766120e+33 1.190738995307611e+00 1.585000000000000e+38 
2.779372757684692e+14 8.899827657112174e+33 1.197645733381156e+00 1.778000000000000e+38 
3.117428348133368e+14 1.062288487669517e+34 1.205139909506669e+00 1.823920000000000e+38 
3.133149164301059e+14 1.075933836219462e+34 1.205704020859338e+00 1.842940000000000e+38 
3.167091915521030e+14 1.107884691744427e+34 1.207014832371450e+00 1.861790000000000e+38 
3.200760282390794e+14 1.140132735120109e+34 1.208324363721885e+00 1.880470000000000e+38 
3.234171853650748e+14 1.172671643200747e+34 1.209632455114892e+00 1.899000000000000e+38 
3.267326629300891e+14 1.205504577559224e+34 1.210939374290130e+00 1.917360000000000e+38 
3.300242198081622e+14 1.238625215049777e+34 1.212245003409738e+00 1.935580000000000e+38 
3.332918559992941e+14 1.272030394099527e+34 1.213549347359482e+00 1.953640000000000e+38 
3.365369786027166e+14 1.305720114708475e+34 1.214852530263413e+00 1.971570000000000e+38 
3.397602911680456e+14 1.339691215303739e+34 1.216154547036275e+00 1.989360000000000e+38 
3.429624972448971e+14 1.373943695885321e+34 1.217455509931215e+00 2.007020000000000e+38 
3.461443003828870e+14 1.408471233307461e+34 1.218755287090175e+00 2.024550000000000e+38 
3.493060523568232e+14 1.443273827570157e+34 1.220053984013592e+00 2.041960000000000e+38 
3.524502155903614e+14 1.478351478673411e+34 1.221351697457951e+00 2.059240000000000e+38 
3.555739758850381e+14 1.513701025044342e+34 1.222648406606172e+00 2.076410000000000e+38 
3.586801474393168e+14 1.549316143537191e+34 1.223943975894298e+00 2.093460000000000e+38 
3.617687302531975e+14 1.585203157297717e+34 1.225238723534688e+00 2.110400000000000e+38 
3.648397243266802e+14 1.621355743180160e+34 1.226532508113712e+00 2.127240000000000e+38 
3.678966474078447e+14 1.657770739611641e+34 1.227825296418098e+00 2.143970000000000e+38 
3.709359817486111e+14 1.694448146592158e+34 1.229117167721793e+00 2.160590000000000e+38 
3.739612450970592e+14 1.731384802548834e+34 1.230408088562812e+00 2.177120000000000e+38 
3.769689197051093e+14 1.768583869054547e+34 1.231698245914723e+00 2.193550000000000e+38 
3.799660410689207e+14 1.806039022963537e+34 1.232987489056242e+00 2.209890000000000e+38 
3.829455736923341e+14 1.843747102702925e+34 1.234275778816535e+00 2.226140000000000e+38 
3.859145530715088e+14 1.881714431418470e+34 1.235563398864689e+00 2.242300000000000e+38 
3.888694614583651e+14 1.919931524391534e+34 1.236850087356169e+00 2.258370000000000e+38 
3.918102988529029e+14 1.958401543194994e+34 1.238136017822483e+00 2.274350000000000e+38 
3.947405830032021e+14 1.997121326255972e+34 1.239421143308015e+00 2.290260000000000e+38 
3.976567961611829e+14 2.036087712001587e+34 1.240705418029756e+00 2.306080000000000e+38 
4.005624560749249e+14 2.075303862004720e+34 1.241989004416964e+00 2.321830000000000e+38 
4.034575627444281e+14 2.114763453119611e+34 1.243271746856259e+00 2.337500000000000e+38 
4.063421161696926e+14 2.154469646919139e+34 1.244553798932774e+00 2.353090000000000e+38 
4.092125986026387e+14 2.194419281830425e+34 1.245835114833521e+00 2.368620000000000e+38 
4.120760455394256e+14 2.234609196280588e+34 1.247115642826417e+00 2.384070000000000e+38 
4.149254214838941e+14 2.275042551842509e+34 1.248395532793754e+00 2.399450000000000e+38 
4.177677619322035e+14 2.315713025370427e+34 1.249674634005811e+00 2.414770000000000e+38 
4.206030668843536e+14 2.356623778437224e+34 1.250953082238513e+00 2.430020000000000e+38 
4.234243008441854e+14 2.397771649470018e+34 1.252230826880543e+00 2.445200000000000e+38 
4.262384993078581e+14 2.439153476895929e+34 1.253507817959391e+00 2.460330000000000e+38 
4.290456622753716e+14 2.480772422287839e+34 1.254784188362298e+00 2.475390000000000e+38 
4.318422719986462e+14 2.522625324072866e+34 1.256059881869662e+00 2.490390000000000e+38 
4.346283284776821e+14 2.564709020678130e+34 1.257334849143767e+00 2.505330000000000e+38 
4.374108672086385e+14 2.607026673676513e+34 1.258609220373423e+00 2.520220000000000e+38 
4.401828526953560e+14 2.649575121495133e+34 1.259882934533326e+00 2.535040000000000e+38 
4.429478026859144e+14 2.692351202561111e+34 1.261155937384499e+00 2.549820000000000e+38 
4.457057171803136e+14 2.735358078447326e+34 1.262428356792123e+00 2.564540000000000e+38 
4.484565961785536e+14 2.778589426008020e+34 1.263700039646805e+00 2.579210000000000e+38 
4.512004396806344e+14 2.822051568388951e+34 1.264971204876982e+00 2.593830000000000e+38 
4.539337299384765e+14 2.865738182444360e+34 1.266241705650129e+00 2.608390000000000e+38 
4.566635024482390e+14 2.909649268174246e+34 1.267511575274169e+00 2.622910000000000e+38 
4.593897572099219e+14 2.953784825578611e+34 1.268780835462854e+00 2.637380000000000e+38 
4.621054587273659e+14 2.998144854657453e+34 1.270049518858164e+00 2.651810000000000e+38 
4.648176424967304e+14 3.042726193837893e+34 1.271317567110321e+00 2.666190000000000e+38 
4.675227907699358e+14 3.087528843119931e+34 1.272585006633381e+00 2.680520000000000e+38 
4.702209035469819e+14 3.132549640930686e+34 1.273851780255991e+00 2.694810000000001e+38 
4.729154985759484e+14 3.177791748843040e+34 1.275118003097295e+00 2.709060000000000e+38 
4.756030581087558e+14 3.223255166856992e+34 1.276383700784443e+00 2.723260000000000e+38 
4.782870998934837e+14 3.268939894972540e+34 1.277648898431589e+00 2.737420000000000e+38 
4.809641061820522e+14 3.314845933189688e+34 1.278913620907778e+00 2.751550000000000e+38 
4.836375947225412e+14 3.360941665779633e+34 1.280177025873995e+00 2.765630000000000e+38 
4.863075655149506e+14 3.407290324199976e+34 1.281440865407599e+00 2.779680000000000e+38 
4.889705008112009e+14 3.453828676993117e+34 1.282703439205621e+00 2.793690000000000e+38 
4.916299183593715e+14 3.500588339887855e+34 1.283965631944356e+00 2.807660000000000e+38 
4.942823004113829e+14 3.547569312884191e+34 1.285227466886931e+00 2.821590000000000e+38 
4.969346824633944e+14 3.594739980253326e+34 1.286488116557558e+00 2.835490000000000e+38 
4.995800290192468e+14 3.642131957724058e+34 1.287748447249738e+00 2.849360000000000e+38 
5.022218578270194e+14 3.689745245296388e+34 1.289008481252502e+00 2.863190000000000e+38 
5.048601688867126e+14 3.737579842970316e+34 1.290268235402463e+00 2.876980000000000e+38 
5.074949621983260e+14 3.785604135017043e+34 1.291526897637780e+00 2.890750000000000e+38 
5.101262377618599e+14 3.833849737165366e+34 1.292785316811015e+00 2.904480000000000e+38 
5.127539955773142e+14 3.882316649415288e+34 1.294043509374284e+00 2.918190000000000e+38 
5.153782356446890e+14 3.930973256038008e+34 1.295300674310839e+00 2.931860000000000e+38 
5.179989579639839e+14 3.979819557033526e+34 1.296556834385918e+00 2.945500000000000e+38 
5.206161625351996e+14 4.028918783859441e+34 1.297813631321600e+00 2.959110000000000e+38 
5.232298493583357e+14 4.078207705058155e+34 1.299069462223711e+00 2.972700000000000e+38 
5.258435361814717e+14 4.127686320629666e+34 1.300324344298071e+00 2.986249999999999e+38 
5.284501875084484e+14 4.177386246302776e+34 1.301579098106969e+00 2.999780000000000e+38 
5.310568388354252e+14 4.227275866348684e+34 1.302832943683727e+00 3.013280000000000e+38 
5.336599724143224e+14 4.277386796496190e+34 1.304086688821919e+00 3.026760000000000e+38 
5.362595882451399e+14 4.327687421016493e+34 1.305339560540206e+00 3.040210000000000e+38 
5.388592040759576e+14 4.378209355638395e+34 1.306592359371149e+00 3.053630000000000e+38 
5.414553021586956e+14 4.428920984633094e+34 1.307844314176674e+00 3.067030000000000e+38 
5.440478824933540e+14 4.479853923729391e+34 1.309096222788013e+00 3.080410000000000e+38 
5.466404628280124e+14 4.530976557198486e+34 1.310347320643508e+00 3.093760000000000e+38 
5.492295254145912e+14 4.582288885040380e+34 1.311597623044634e+00 3.107090000000000e+38 
5.518150702530906e+14 4.633822522983872e+34 1.312847917095437e+00 3.120390000000000e+38 
5.544006150915898e+14 4.685545855300161e+34 1.314097447661264e+00 3.133670000000000e+38 
5.569826421820093e+14 4.737458881989248e+34 1.315346229646450e+00 3.146940000000000e+38 
5.595646692724290e+14 4.789593218779935e+34 1.316595035439677e+00 3.160180000000000e+38 
5.621431786147691e+14 4.841917249943418e+34 1.317843119275703e+00 3.173400000000000e+38 
5.647216879571091e+14 4.894462591208500e+34 1.319091247097442e+00 3.186590000000000e+38 
5.673001972994492e+14 4.947166011117580e+34 1.320337927012082e+00 3.199770000000000e+38 
5.698751888937096e+14 5.000090741128258e+34 1.321584668665740e+00 3.212930000000000e+38 
5.724466627398905e+14 5.053236781240533e+34 1.322831484773247e+00 3.226070000000000e+38 
5.750216543341510e+14 5.106540899996807e+34 1.324076901331848e+00 3.239200000000000e+38 
5.775931281803319e+14 5.160066328854679e+34 1.325322405147895e+00 3.252300000000000e+38 
5.801610842784331e+14 5.213781452085349e+34 1.326567275539140e+00 3.265380000000000e+38 
5.827290403765345e+14 5.267686269688817e+34 1.327811525474571e+00 3.278450000000000e+38 
5.852969964746358e+14 5.321812397393882e+34 1.329055891389669e+00 3.291500000000000e+38 
5.878649525727370e+14 5.376096603742947e+34 1.330298928673951e+00 3.304540000000001e+38 
5.904293909227588e+14 5.430602120193610e+34 1.331542098453303e+00 3.317550000000000e+38 
5.929973470208600e+14 5.485297331017070e+34 1.332784685832824e+00 3.330560000000000e+38 
5.955617853708816e+14 5.540213851942127e+34 1.334027414925933e+00 3.343540000000000e+38 
5.981227059728238e+14 5.595288451511183e+34 1.335268871447189e+00 3.356509999999999e+38 
6.006871443228455e+14 5.650584361181838e+34 1.336510488872314e+00 3.369470000000000e+38 
6.032480649247875e+14 5.706069965225291e+34 1.337751563475976e+00 3.382410000000000e+38 
6.058125032748092e+14 5.761745263641541e+34 1.338992103729631e+00 3.395329999999999e+38 
6.083734238767515e+14 5.817610256430589e+34 1.340232117838863e+00 3.408250000000000e+38 
6.109343444786935e+14 5.873664943592436e+34 1.341471617937798e+00 3.421150000000000e+38 
6.134952650806355e+14 5.929909325127081e+34 1.342710611870033e+00 3.434030000000000e+38 
6.160561856825778e+14 5.986375016763324e+34 1.343949801427939e+00 3.446900000000000e+38 
6.186135885364402e+14 6.043030402772365e+34 1.345188502124286e+00 3.459760000000000e+38 
6.211745091383822e+14 6.099843867425404e+34 1.346426032866418e+00 3.472610000000000e+38 
6.237354297403245e+14 6.156878642180042e+34 1.347663774834793e+00 3.485440000000000e+38 
6.262928325941870e+14 6.214103111307477e+34 1.348901051229569e+00 3.498270000000000e+38 
6.288537531961290e+14 6.271517274807710e+34 1.350137869539224e+00 3.511080000000000e+38 
6.314146737980711e+14 6.329121132680741e+34 1.351374233272528e+00 3.523880000000000e+38 
6.339720766519336e+14 6.386946300655372e+34 1.352610830045785e+00 3.536670000000000e+38 
6.365329972538758e+14 6.444929547273999e+34 1.353846314955104e+00 3.549450000000000e+38 
6.390939178558179e+14 6.503102488265426e+34 1.355081367445603e+00 3.562210000000000e+38 
6.416548384577599e+14 6.561496739358448e+34 1.356316664043720e+00 3.574970000000000e+38 
6.442157590597020e+14 6.620049069095471e+34 1.357550874088656e+00 3.587720000000000e+38 
6.467766796616441e+14 6.678822708934091e+34 1.358785337318607e+00 3.600450000000000e+38 
6.493376002635862e+14 6.737786043145508e+34 1.360019394420007e+00 3.613180000000000e+38 
6.518985208655284e+14 6.796939071729726e+34 1.361253052215792e+00 3.625900000000000e+38 
6.544594414674705e+14 6.856250178957939e+34 1.362485660459874e+00 3.638610000000000e+38 
6.570238798174921e+14 6.915782596287753e+34 1.363718536432847e+00 3.651310000000000e+38 
6.595848004194342e+14 6.975504707990363e+34 1.364951030134621e+00 3.664000000000000e+38 
6.621492387694560e+14 7.035416514065771e+34 1.366183148233770e+00 3.676690000000000e+38 
6.647136771194778e+14 7.095518014513978e+34 1.367414893761707e+00 3.689360000000000e+38 
6.672781154694994e+14 7.155809209334985e+34 1.368646273349919e+00 3.702030000000000e+38 
6.698425538195210e+14 7.216290098528786e+34 1.369877293458848e+00 3.714690000000000e+38 
6.724105099176224e+14 7.276992297824188e+34 1.371108598690256e+00 3.727340000000000e+38 
6.749784660157236e+14 7.337852575763587e+34 1.372338909510398e+00 3.739990000000000e+38 
6.775464221138249e+14 7.398902548075785e+34 1.373568873416132e+00 3.752620000000000e+38 
6.801143782119262e+14 7.460142214760781e+34 1.374798496469292e+00 3.765250000000000e+38 
6.826823343100274e+14 7.521603191547375e+34 1.376028417748843e+00 3.777880000000000e+38 
6.852538081562084e+14 7.583222246977966e+34 1.377257374682451e+00 3.790500000000000e+38 
6.878252820023892e+14 7.645062612510155e+34 1.378486631467186e+00 3.803110000000000e+38 
6.904002735966498e+14 7.707061056686344e+34 1.379714933996475e+00 3.815710000000000e+38 
6.929717474428305e+14 7.769280810964131e+34 1.380943541030598e+00 3.828310000000000e+38 
6.955467390370911e+14 7.831658643885914e+34 1.382171209927350e+00 3.840900000000000e+38 
6.981217306313514e+14 7.894257786909297e+34 1.383399187830854e+00 3.853490000000000e+38 
7.007002399736916e+14 7.957015008576677e+34 1.384626237221745e+00 3.866069999999999e+38 
7.032787493160316e+14 8.019993540345655e+34 1.385853596952544e+00 3.878650000000000e+38 
7.058572586583715e+14 8.083161766487430e+34 1.387080654873122e+00 3.891220000000000e+38 
7.084357680007118e+14 8.146488071273208e+34 1.388306804271964e+00 3.903790000000000e+38 
7.110177950911314e+14 8.210035686160582e+34 1.389533272173297e+00 3.916350000000000e+38 
7.136033399296304e+14 8.273772995420750e+34 1.390759445909649e+00 3.928900000000000e+38 
7.161853670200502e+14 8.337699999053720e+34 1.391985331275275e+00 3.941460000000000e+38 
7.187709118585495e+14 8.401785081330688e+34 1.393210329497698e+00 3.954000000000000e+38 
7.213599744451284e+14 8.466091473709251e+34 1.394435648299220e+00 3.966549999999999e+38 
7.239455192836275e+14 8.530587560460617e+34 1.395660689370156e+00 3.979090000000000e+38 
7.265380996182860e+14 8.595273341584778e+34 1.396885454935494e+00 3.991620000000001e+38 
7.291271622048645e+14 8.660148817081738e+34 1.398109947272216e+00 4.004150000000001e+38 
7.317197425395231e+14 8.725213986951496e+34 1.399334172031238e+00 4.016680000000000e+38 
7.343158406222612e+14 8.790500466922853e+34 1.400558721551839e+00 4.029210000000000e+38 
7.369119387049991e+14 8.855945025538207e+34 1.401782412249718e+00 4.041730000000000e+38 
7.395080367877372e+14 8.921579278526359e+34 1.403005842370756e+00 4.054240000000000e+38 
7.421076526185548e+14 8.987403225887308e+34 1.404229014053044e+00 4.066760000000000e+38 
7.447072684493725e+14 9.053448483349859e+34 1.405452515461748e+00 4.079270000000000e+38 
7.473104020282696e+14 9.119651819456404e+34 1.406675177450721e+00 4.091780000000000e+38 
7.499135356071669e+14 9.186076465664547e+34 1.407898170086519e+00 4.104280000000000e+38 
7.525201869341435e+14 9.252659190516690e+34 1.409120331426772e+00 4.116790000000000e+38 
7.551268382611204e+14 9.319463225470433e+34 1.410342824152886e+00 4.129290000000000e+38 
7.577334895880971e+14 9.386425339068172e+34 1.411564496276648e+00 4.141790000000001e+38 
7.603436586631535e+14 9.453608762767508e+34 1.412786503516013e+00 4.154280000000000e+38 
7.629573454862895e+14 9.520981880839644e+34 1.414008268477750e+00 4.166770000000000e+38 
7.655710323094256e+14 9.588544693284578e+34 1.415229793451968e+00 4.179270000000000e+38 
7.681882368806409e+14 9.656297200102308e+34 1.416451080574494e+00 4.191750000000000e+38 
7.708054414518565e+14 9.724239401292838e+34 1.417672131958107e+00 4.204240000000000e+38 
7.734261637711518e+14 9.792371296856164e+34 1.418892949696232e+00 4.216730000000000e+38 
7.760468860904469e+14 9.860692886792291e+34 1.420113535790191e+00 4.229210000000000e+38 
7.786711261578215e+14 9.929235786830016e+34 1.421334455586484e+00 4.241690000000000e+38 
7.812953662251964e+14 9.997936765511735e+34 1.422554584736836e+00 4.254170000000000e+38 
7.839231240406505e+14 1.006685905429506e+35 1.423775048253840e+00 4.266650000000000e+38 
7.865508818561050e+14 1.013593942172237e+35 1.424994728437686e+00 4.279130000000000e+38 
7.891821574196389e+14 1.020524109925129e+35 1.426214743814199e+00 4.291599999999999e+38 
7.918169507312524e+14 1.027473247115301e+35 1.427434535506261e+00 4.304080000000000e+38 
7.944517440428659e+14 1.034441353742752e+35 1.428654105407095e+00 4.316550000000000e+38 
7.970865373544795e+14 1.041428429807483e+35 1.429873458402769e+00 4.329020000000000e+38 
7.997283661622521e+14 1.048434475309494e+35 1.431092593469122e+00 4.341500000000000e+38 
8.023666772219452e+14 1.055459490248784e+35 1.432311512637888e+00 4.353970000000000e+38 
8.050120237777975e+14 1.062506636198235e+35 1.433530765053626e+00 4.366440000000000e+38 
8.076573703336498e+14 1.069572751584965e+35 1.434749801253401e+00 4.378900000000000e+38 
8.103027168895021e+14 1.076654674836095e+35 1.435968082125555e+00 4.391370000000000e+38 
8.129550989415135e+14 1.083758729097385e+35 1.437186694387407e+00 4.403840000000000e+38 
8.156039632454454e+14 1.090881752795955e+35 1.438405096322526e+00 4.416310000000000e+38 
8.182598630455366e+14 1.098023745931804e+35 1.439623289820081e+00 4.428770000000000e+38 
8.209157628456276e+14 1.105187870077813e+35 1.440841811706993e+00 4.441240000000000e+38 
8.235716626457186e+14 1.112367802088223e+35 1.442059591077946e+00 4.453710000000000e+38 
8.262310801938890e+14 1.119569865108792e+35 1.443277702112723e+00 4.466170000000000e+38 
8.288940154901395e+14 1.126790897566640e+35 1.444495608032775e+00 4.478640000000000e+38 
8.315604685344694e+14 1.134030899461769e+35 1.445713308111215e+00 4.491100000000000e+38 
8.342269215787991e+14 1.141289870794177e+35 1.446930804296863e+00 4.503570000000000e+38 
8.368968923712085e+14 1.148567811563865e+35 1.448148098275521e+00 4.516030000000000e+38 
8.395668631636180e+14 1.155867883343714e+35 1.449365719235478e+00 4.528500000000000e+38 
8.422403517041069e+14 1.163183762987961e+35 1.450582614157154e+00 4.540960000000000e+38 
8.449138402445960e+14 1.170521773642369e+35 1.451799836636371e+00 4.553430000000000e+38 
8.475943642812442e+14 1.177878753734056e+35 1.453016860228631e+00 4.565890000000000e+38 
8.502748883178925e+14 1.185254703263024e+35 1.454233683952680e+00 4.578360000000000e+38 
8.529554123545405e+14 1.192652783802150e+35 1.455450832429476e+00 4.590820000000000e+38 
8.556394541392682e+14 1.200069833778557e+35 1.456667785874063e+00 4.603289999999999e+38 
8.583270136720756e+14 1.207502691619364e+35 1.457884026034316e+00 4.615750000000000e+38 
8.610180909529626e+14 1.214960842043210e+35 1.459101102933524e+00 4.628220000000000e+38 
8.637091682338496e+14 1.222434800331456e+35 1.460317469331217e+00 4.640690000000000e+38 
8.664037632628162e+14 1.229927728056982e+35 1.461533642562378e+00 4.653150000000000e+38 
8.690983582917829e+14 1.237442786792668e+35 1.462750136140497e+00 4.665620000000000e+38 
8.717964710688289e+14 1.244976814965634e+35 1.463966438762031e+00 4.678089999999999e+38 
8.744981015939546e+14 1.252529812575879e+35 1.465182549622671e+00 4.690560000000000e+38 
8.772032498671599e+14 1.260104941196285e+35 1.466398975787423e+00 4.703030000000001e+38 
8.799083981403652e+14 1.267699039253970e+35 1.467615210049280e+00 4.715500000000000e+38 
8.826170641616502e+14 1.275312106748935e+35 1.468831253945949e+00 4.727970000000001e+38 
8.853257301829351e+14 1.282944143681180e+35 1.470047109228986e+00 4.740440000000000e+38 
8.880414317003792e+14 1.290595150050704e+35 1.471262775160740e+00 4.752910000000000e+38 
8.907571332178232e+14 1.298268287430388e+35 1.472478751963444e+00 4.765390000000000e+38 
8.934728347352671e+14 1.305960394247352e+35 1.473694541503260e+00 4.777860000000000e+38 
8.961920540007911e+14 1.313671470501596e+35 1.474910145216031e+00 4.790329999999999e+38 
8.989147910143944e+14 1.321404677766000e+35 1.476126059570793e+00 4.802810000000000e+38 
9.016410457760772e+14 1.329156854467683e+35 1.477341785545340e+00 4.815290000000000e+38 
9.043673005377601e+14 1.336928000606647e+35 1.478557324793155e+00 4.827760000000000e+38 
9.070970730475226e+14 1.344718116182890e+35 1.479772678955514e+00 4.840240000000000e+38 
9.098303633053644e+14 1.352530362769293e+35 1.480988339378752e+00 4.852720000000000e+38 
9.125671713112862e+14 1.360361578792975e+35 1.482203812207869e+00 4.865200000000000e+38 
9.153039793172079e+14 1.368211764253938e+35 1.483419099022566e+00 4.877680000000000e+38 
9.180443050712091e+14 1.376084080725060e+35 1.484634689569703e+00 4.890159999999999e+38 
9.207846308252105e+14 1.383975366633462e+35 1.485850095956490e+00 4.902649999999999e+38 
9.235284743272911e+14 1.391885621979144e+35 1.487065319783206e+00 4.915129999999999e+38 
9.262758355774516e+14 1.399814846762106e+35 1.488280360326818e+00 4.927620000000000e+38 
9.290267145756916e+14 1.407766202555228e+35 1.489495700211374e+00 4.940100000000000e+38 
9.317775935739315e+14 1.415736527785629e+35 1.490710856778180e+00 4.952590000000000e+38 
9.345355080683306e+14 1.423728984026190e+35 1.491926310005946e+00 4.965080000000000e+38 
9.372899048146504e+14 1.431740409704031e+35 1.493141579566142e+00 4.977570000000000e+38 
9.400513370571291e+14 1.439770804819152e+35 1.494356667034355e+00 4.990060000000000e+38 
9.428127692996079e+14 1.447820169371552e+35 1.495571571542757e+00 5.002560000000001e+38 
9.455777192901664e+14 1.455891664934113e+35 1.496786770902906e+00 5.015050000000000e+38 
9.483461870288044e+14 1.463982129933953e+35 1.498001787126866e+00 5.027540000000001e+38 
9.511146547674421e+14 1.472094725943953e+35 1.499217095437225e+00 5.040040000000000e+38 
9.538866402541598e+14 1.480226291391233e+35 1.500432222679066e+00 5.052540000000000e+38 
9.566621434889569e+14 1.488376826275792e+35 1.501647167952826e+00 5.065039999999999e+38 
9.594376467237540e+14 1.496549492170511e+35 1.502862403159248e+00 5.077540000000000e+38 
9.622201854547105e+14 1.504741127502510e+35 1.504077456440173e+00 5.090039999999999e+38 
9.650027241856669e+14 1.512951732271789e+35 1.505292326910668e+00 5.102540000000000e+38 
9.677852629166231e+14 1.521184468051229e+35 1.506507485200740e+00 5.115039999999999e+38 
9.705748371437385e+14 1.529436173267947e+35 1.507722462773712e+00 5.127549999999999e+38 
9.733644113708540e+14 1.537706847921945e+35 1.508937258906391e+00 5.140059999999999e+38 
9.761575033460490e+14 1.545999653586103e+35 1.510152338445331e+00 5.152560000000001e+38 
9.789505953212444e+14 1.554311428687542e+35 1.511367238569043e+00 5.165070000000000e+38 
9.817507227925985e+14 1.562645334799139e+35 1.512582419651525e+00 5.177580000000001e+38 
9.845508502639528e+14 1.570998210348017e+35 1.513797418856890e+00 5.190100000000000e+38 
9.873509777353072e+14 1.579370055334174e+35 1.515012239938806e+00 5.202610000000000e+38 
9.901581407028205e+14 1.587764031330491e+35 1.516227339837090e+00 5.215119999999999e+38 
9.929653036703340e+14 1.596176976764088e+35 1.517442259171743e+00 5.227640000000000e+38 
9.957759843859270e+14 1.604612053207845e+35 1.518657455092612e+00 5.240160000000000e+38 
9.985901828495996e+14 1.613066099088882e+35 1.519872470281606e+00 5.252680000000000e+38 
1.001404381313272e+15 1.621542275980078e+35 1.521087759599733e+00 5.265200000000000e+38 
1.004222097525025e+15 1.630034260735674e+35 1.522302417871651e+00 5.277720000000000e+38 
1.007043331484856e+15 1.638551538074310e+35 1.523517800122913e+00 5.290240000000001e+38 
1.009868083192768e+15 1.647084623277346e+35 1.524732551255384e+00 5.302770000000000e+38 
1.012692834900679e+15 1.655643001063422e+35 1.525948021933820e+00 5.315290000000000e+38 
1.015521104356670e+15 1.664217186713897e+35 1.527162865603193e+00 5.327820000000000e+38 
1.018352891560741e+15 1.672813503374532e+35 1.528377977299190e+00 5.340350000000001e+38 
1.021184678764812e+15 1.681431951045327e+35 1.529593356581697e+00 5.352880000000000e+38 
1.024019983716962e+15 1.690066206580522e+35 1.530808113103954e+00 5.365410000000000e+38 
1.026858806417192e+15 1.698725754698756e+35 1.532023579693729e+00 5.377940000000000e+38 
1.029701146865501e+15 1.707401110681391e+35 1.533238423592771e+00 5.390479999999999e+38 
1.032547005061890e+15 1.716101759247065e+35 1.534453971384701e+00 5.403010000000000e+38 
1.035392863258278e+15 1.724818215677139e+35 1.535668898468069e+00 5.415550000000000e+38 
1.038242239202747e+15 1.733556803117373e+35 1.536884087379523e+00 5.428090000000000e+38 
1.041091615147216e+15 1.742317521567766e+35 1.538099537666762e+00 5.440629999999999e+38 
1.043948026587844e+15 1.751097209455440e+35 1.539314809119062e+00 5.453170000000001e+38 
1.046804438028471e+15 1.759895866780392e+35 1.540529901091196e+00 5.465719999999999e+38 
1.049664367217178e+15 1.768716655115505e+35 1.541745250646061e+00 5.478260000000001e+38 
1.052524296405886e+15 1.777559574460778e+35 1.542960857168740e+00 5.490810000000000e+38 
1.055387743342673e+15 1.786421463243331e+35 1.544176286633165e+00 5.503349999999999e+38 
1.058258225775619e+15 1.795302321463163e+35 1.545391536273185e+00 5.515900000000000e+38 
1.061125190460485e+15 1.804205310693155e+35 1.546607039351718e+00 5.528450000000000e+38 
1.063999190641511e+15 1.813127269360427e+35 1.547822364677806e+00 5.541010000000000e+38 
1.066873190822537e+15 1.822071359037859e+35 1.549037941247962e+00 5.553559999999999e+38 
1.069750708751642e+15 1.831034418152570e+35 1.550253339971091e+00 5.566110000000000e+38 
1.072631744428827e+15 1.840019608277442e+35 1.551468987912066e+00 5.578670000000000e+38 
1.075512780106012e+15 1.849023767839593e+35 1.552684457780749e+00 5.591230000000001e+38 
1.078397333531276e+15 1.858050058411904e+35 1.553900176810310e+00 5.603790000000000e+38 
1.081285404704620e+15 1.867095318421495e+35 1.555115717687765e+00 5.616349999999999e+38 
1.084176993626044e+15 1.876162709441245e+35 1.556331503800108e+00 5.628910000000000e+38 
1.087068582547467e+15 1.885249069898276e+35 1.557547111730666e+00 5.641470000000000e+38 
1.089963689216971e+15 1.894354399792586e+35 1.558762542761861e+00 5.654039999999999e+38 
1.092862313634554e+15 1.903485022269935e+35 1.559978638656754e+00 5.666600000000000e+38 
1.095764455800216e+15 1.912631452611686e+35 1.561194134664335e+00 5.679170000000000e+38 
1.098666597965878e+15 1.921803175536475e+35 1.562410291703035e+00 5.691740000000000e+38 
1.101572257879620e+15 1.930990706325664e+35 1.563625852609577e+00 5.704310000000001e+38 
1.104481435541442e+15 1.940200368125013e+35 1.564841653343765e+00 5.716880000000000e+38 
1.107394130951343e+15 1.949432160934522e+35 1.566057691673341e+00 5.729450000000001e+38 
1.110306826361244e+15 1.958682923181311e+35 1.567273551574834e+00 5.742030000000000e+38 
1.113223039519225e+15 1.967955816438260e+35 1.568489649050405e+00 5.754610000000000e+38 
1.116142770425286e+15 1.977247679132488e+35 1.569705567929107e+00 5.767179999999999e+38 
1.119062501331346e+15 1.986561672836876e+35 1.570921722396364e+00 5.779760000000000e+38 
1.121985749985486e+15 1.995894635978544e+35 1.572137700099139e+00 5.792340000000000e+38 
1.124912516387705e+15 2.005249730130371e+35 1.573353911558999e+00 5.804920000000000e+38 
1.127842800538004e+15 2.014623793719479e+35 1.574569944501526e+00 5.817510000000000e+38 
1.130776602436383e+15 2.024019988318746e+35 1.575786207644923e+00 5.830090000000000e+38 
1.133710404334762e+15 2.033438313928173e+35 1.577002700652011e+00 5.842680000000000e+38 
1.136647723981220e+15 2.042875608974880e+35 1.578219015508094e+00 5.855260000000001e+38 
1.139585043627678e+15 2.052331873458867e+35 1.579435153486408e+00 5.867850000000000e+38 
1.142529398770296e+15 2.061810268953013e+35 1.580651519830891e+00 5.880440000000000e+38 
1.145473753912914e+15 2.071310795457319e+35 1.581868112263344e+00 5.893030000000000e+38 
1.148418109055531e+15 2.080830291398906e+35 1.583084528345228e+00 5.905620000000000e+38 
1.151369499694308e+15 2.090368756777771e+35 1.584300767397795e+00 5.918220000000000e+38 
1.154320890333084e+15 2.099929353166797e+35 1.585517231213982e+00 5.930809999999999e+38 
1.157275798719941e+15 2.109512080565983e+35 1.586733919611268e+00 5.943410000000000e+38 
1.160234224854876e+15 2.119113777402448e+35 1.587950429817458e+00 5.956010000000000e+38 
1.163196168737892e+15 2.128737605249073e+35 1.589167161085232e+00 5.968610000000000e+38 
1.166158112620908e+15 2.138380402532977e+35 1.590383714179120e+00 5.981210000000000e+38 
1.169123574252002e+15 2.148045330827043e+35 1.591600488447089e+00 5.993810000000000e+38 
1.172092553631177e+15 2.157729228558387e+35 1.592817084434847e+00 6.006410000000000e+38 
1.175061533010352e+15 2.167435257299891e+35 1.594033899777427e+00 6.019020000000000e+38 
1.178034030137606e+15 2.177163417051555e+35 1.595250934188066e+00 6.031620000000000e+38 
1.181010045012940e+15 2.186910546240498e+35 1.596467790856269e+00 6.044230000000000e+38 
1.183989577636353e+15 2.196676644866722e+35 1.597684469230202e+00 6.056840000000000e+38 
1.186969110259766e+15 2.206468036075986e+35 1.598901756822053e+00 6.069450000000000e+38 
1.189952160631260e+15 2.216275235149649e+35 1.600118474913276e+00 6.082060000000000e+38 
1.192938728750832e+15 2.226107726806352e+35 1.601335798954035e+00 6.094670000000000e+38 
1.195928814618484e+15 2.235956026327455e+35 1.602552553423059e+00 6.107290000000000e+38 
1.198918900486136e+15 2.245829618431597e+35 1.603769910607125e+00 6.119900000000000e+38 
1.201912504101868e+15 2.255722179973020e+35 1.604987090674051e+00 6.132520000000001e+38 
1.204909625465680e+15 2.265633710951722e+35 1.606204092963944e+00 6.145130000000000e+38 
1.207906746829491e+15 2.275567372940584e+35 1.607421306157963e+00 6.157749999999999e+38 
1.210907385941382e+15 2.285523165939606e+35 1.608638730006280e+00 6.170370000000000e+38 
1.213911542801353e+15 2.295497928375907e+35 1.609855976642308e+00 6.182990000000001e+38 
1.216919217409403e+15 2.305494821822368e+35 1.611073430664320e+00 6.195619999999999e+38 
1.219926892017453e+15 2.315510684706110e+35 1.612290707650698e+00 6.208240000000000e+38 
1.222941602121662e+15 2.325548678600011e+35 1.613508190516921e+00 6.220870000000000e+38 
1.225952794477792e+15 2.335605641931192e+35 1.614725496287361e+00 6.233490000000000e+38 
1.228971022330081e+15 2.345684736272532e+35 1.615943008095116e+00 6.246119999999999e+38 
1.231989250182370e+15 2.355785961624032e+35 1.617160724033103e+00 6.258750000000000e+38 
1.235014513530818e+15 2.365906156412812e+35 1.618378261753212e+00 6.271380000000000e+38 
1.238036259131186e+15 2.376048482211753e+35 1.619596002105132e+00 6.284010000000000e+38 
1.241065040227714e+15 2.386209777447972e+35 1.620813565980809e+00 6.296640000000000e+38 
1.244093821324242e+15 2.396393203694351e+35 1.622031330885374e+00 6.309280000000001e+38 
1.247126120168849e+15 2.406598760950891e+35 1.623249296729260e+00 6.321909999999999e+38 
1.250161936761536e+15 2.416823287644710e+35 1.624467084917361e+00 6.334550000000000e+38 
1.253197753354222e+15 2.427066783775808e+35 1.625684696713525e+00 6.347180000000000e+38 
1.256240605443069e+15 2.437335572489947e+35 1.626902881803935e+00 6.359820000000000e+38 
1.259279939783835e+15 2.447620169068486e+35 1.628120515471754e+00 6.372459999999999e+38 
1.262326309620761e+15 2.457930058230065e+35 1.629338721225080e+00 6.385100000000000e+38 
1.265376197205766e+15 2.468258916828922e+35 1.630556748391139e+00 6.397750000000000e+38 
1.268426084790771e+15 2.478606744865060e+35 1.631774598195840e+00 6.410390000000000e+38 
1.271479490123856e+15 2.488979865484238e+35 1.632993014551323e+00 6.423039999999999e+38 
1.274532895456941e+15 2.499368793967815e+35 1.634210883731770e+00 6.435680000000000e+38 
1.277589818538105e+15 2.509783015034433e+35 1.635429318095427e+00 6.448330000000000e+38 
1.280650259367349e+15 2.520213043965449e+35 1.636647206833084e+00 6.460979999999999e+38 
1.283714217944673e+15 2.530668365479506e+35 1.637865656422972e+00 6.473630000000000e+38 
1.286781694270076e+15 2.541142656430843e+35 1.639083928204758e+00 6.486280000000000e+38 
1.289849170595479e+15 2.551639078392339e+35 1.640302390367073e+00 6.498930000000000e+38 
1.292920164668962e+15 2.562154469791116e+35 1.641520676393584e+00 6.511580000000000e+38 
1.295994676490524e+15 2.572691992200051e+35 1.642739151367307e+00 6.524240000000000e+38 
1.299069188312086e+15 2.583248484046268e+35 1.643957450199081e+00 6.536889999999999e+38 
1.302147217881728e+15 2.593827106902643e+35 1.645175938217534e+00 6.549549999999999e+38 
1.305228765199450e+15 2.604427860769178e+35 1.646394613690376e+00 6.562210000000001e+38 
1.308313830265251e+15 2.615047584072994e+35 1.647613112052416e+00 6.574870000000001e+38 
1.311398895331052e+15 2.625689438386968e+35 1.648831796552840e+00 6.587530000000001e+38 
1.314487478144933e+15 2.636350262138223e+35 1.650050305623673e+00 6.600190000000000e+38 
1.317579578706894e+15 2.647033216899638e+35 1.651268999529470e+00 6.612850000000000e+38 
1.320675197016933e+15 2.657738302671212e+35 1.652487876575518e+00 6.625510000000000e+38 
1.323770815326973e+15 2.668462357880066e+35 1.653706577250720e+00 6.638180000000000e+38 
1.326869951385093e+15 2.679208544099080e+35 1.654925461333819e+00 6.650850000000000e+38 
1.329972605191292e+15 2.689973699755374e+35 1.656144169063463e+00 6.663510000000000e+38 
1.333075258997491e+15 2.700760986421828e+35 1.657363058819831e+00 6.676180000000000e+38 
1.336181430551770e+15 2.711570404098441e+35 1.658582130468998e+00 6.688850000000000e+38 
1.339291119854128e+15 2.722398791212334e+35 1.659801026384474e+00 6.701520000000000e+38 
1.342404326904566e+15 2.733249309336387e+35 1.661020101416140e+00 6.714190000000000e+38 
1.345517533955004e+15 2.744118796897720e+35 1.662239000847197e+00 6.726870000000000e+38 
1.348634258753521e+15 2.755010415469213e+35 1.663458079677460e+00 6.739540000000000e+38 
1.351754501300118e+15 2.765924165050865e+35 1.664677336271851e+00 6.752220000000000e+38 
1.354878261594794e+15 2.776856884069797e+35 1.665896416383510e+00 6.764890000000000e+38 
1.358002021889472e+15 2.787811734098889e+35 1.667115673045325e+00 6.777570000000001e+38 
1.361129299932228e+15 2.798785553565260e+35 1.668334754869743e+00 6.790249999999999e+38 
1.364260095723063e+15 2.809781504041792e+35 1.669554011934759e+00 6.802929999999999e+38 
1.367390891513899e+15 2.820799585528483e+35 1.670773444236811e+00 6.815610000000000e+38 
1.370528722800894e+15 2.831836636452455e+35 1.671992700735994e+00 6.828290000000000e+38 
1.373663036339810e+15 2.842895818386585e+35 1.673212131179921e+00 6.840980000000000e+38 
1.376804385374884e+15 2.853973969757996e+35 1.674431387556000e+00 6.853660000000000e+38 
1.379949252158038e+15 2.865074252139567e+35 1.675650815226096e+00 6.866350000000000e+38 
1.383094118941192e+15 2.876196665531297e+35 1.676870414200496e+00 6.879030000000000e+38 
1.386242503472426e+15 2.887338048360307e+35 1.678089838165573e+00 6.891720000000001e+38 
1.389390888003660e+15 2.898501562199477e+35 1.679309433617917e+00 6.904409999999999e+38 
1.392546308031053e+15 2.909687207048806e+35 1.680529199001994e+00 6.917100000000000e+38 
1.395701728058446e+15 2.920891821335415e+35 1.681748788483203e+00 6.929789999999999e+38 
1.398857148085839e+15 2.932115405059305e+35 1.682968204664545e+00 6.942480000000000e+38 
1.402019603609391e+15 2.943364281366234e+35 1.684188132896792e+00 6.955179999999999e+38 
1.405182059132943e+15 2.954632127110443e+35 1.685407885905625e+00 6.967870000000000e+38 
1.408348032404575e+15 2.965918942291931e+35 1.686627464832380e+00 6.980570000000000e+38 
1.411517523424286e+15 2.977227888483579e+35 1.687847210241281e+00 6.993270000000001e+38 
1.414687014443998e+15 2.988558965685388e+35 1.689067122155239e+00 7.005960000000000e+38 
1.417863540959868e+15 2.999909012324476e+35 1.690286859228505e+00 7.018659999999999e+38 
1.421040067475738e+15 3.011281189973724e+35 1.691506760153759e+00 7.031359999999999e+38 
1.424216593991609e+15 3.022675498633131e+35 1.692726826387819e+00 7.044070000000001e+38 
1.427400156003638e+15 3.034088776729818e+35 1.693946718338118e+00 7.056770000000000e+38 
1.430583718015668e+15 3.045524185836665e+35 1.695166772994128e+00 7.069470000000000e+38 
1.433770797775778e+15 3.056978564380793e+35 1.696386653535649e+00 7.082180000000000e+38 
1.436957877535887e+15 3.068455073935079e+35 1.697606697129373e+00 7.094880000000000e+38 
1.440151992792156e+15 3.079953714499526e+35 1.698826902302275e+00 7.107590000000000e+38 
1.443346108048424e+15 3.091471324501252e+35 1.700046932514156e+00 7.120299999999999e+38 
1.446540223304692e+15 3.103011065513139e+35 1.701267124628904e+00 7.133009999999999e+38 
1.449741374057120e+15 3.114572937535184e+35 1.702487477087590e+00 7.145719999999999e+38 
1.452942524809548e+15 3.126153778994510e+35 1.703707655253377e+00 7.158430000000000e+38 
1.456147193310054e+15 3.137756751463995e+35 1.704927992824551e+00 7.171140000000000e+38 
1.459355379558642e+15 3.149378693370761e+35 1.706148156284105e+00 7.183859999999999e+38 
1.462563565807228e+15 3.161022766287686e+35 1.707368477925207e+00 7.196570000000000e+38 
1.465775269803895e+15 3.172701616506291e+35 1.708590281050806e+00 7.209290000000001e+38 
1.468990491548641e+15 3.184367820433376e+35 1.709808606727869e+00 7.222010000000000e+38 
1.472209231041466e+15 3.196065640089260e+35 1.711028080158764e+00 7.234730000000000e+38 
1.475427970534292e+15 3.207795075473944e+35 1.712248698196299e+00 7.247449999999999e+38 
1.478653745523277e+15 3.219556126587428e+35 1.713470456051897e+00 7.260170000000000e+38 
1.481876002764182e+15 3.231317177700912e+35 1.714690071405457e+00 7.272889999999999e+38 
1.485105295501246e+15 3.243109844543196e+35 1.715910824770396e+00 7.285610000000000e+38 
1.488334588238310e+15 3.254934127114279e+35 1.717132711644180e+00 7.298340000000000e+38 
1.491567398723454e+15 3.266758409685363e+35 1.718352467006351e+00 7.311060000000000e+38 
1.494803726956678e+15 3.278614307985246e+35 1.719573352842288e+00 7.323790000000000e+38 
1.498043572937981e+15 3.290501822013928e+35 1.720795364795099e+00 7.336510000000001e+38 
1.501283418919284e+15 3.302389336042611e+35 1.722015254779881e+00 7.349239999999999e+38 
1.504526782648667e+15 3.314308465800093e+35 1.723236269364980e+00 7.361969999999999e+38 
1.507773664126130e+15 3.326227595557576e+35 1.724455170280791e+00 7.374699999999999e+38 
1.511020545603592e+15 3.338209956772657e+35 1.725678420887546e+00 7.387440000000000e+38 
1.514270944829134e+15 3.350160702258940e+35 1.726896340373467e+00 7.400170000000000e+38 
1.517524861802755e+15 3.362174679202821e+35 1.728118595361322e+00 7.412900000000000e+38 
1.520782296524456e+15 3.374188656146702e+35 1.729338748665600e+00 7.425639999999999e+38 
1.524039731246157e+15 3.386234248819383e+35 1.730560012995754e+00 7.438380000000000e+38 
1.527304201464017e+15 3.398311457220864e+35 1.731782384032825e+00 7.451110000000000e+38 
1.530565153933798e+15 3.410388665622345e+35 1.733002663752322e+00 7.463849999999999e+38 
1.533833141899738e+15 3.422497489752626e+35 1.734224048732608e+00 7.476590000000000e+38 
1.537101129865678e+15 3.434606313882907e+35 1.735443350777387e+00 7.489329999999999e+38 
1.540376153327777e+15 3.446746753741986e+35 1.736663754022822e+00 7.502080000000000e+38 
1.543647659041796e+15 3.458918809329866e+35 1.737885255386592e+00 7.514819999999999e+38 
1.546926200251975e+15 3.471122480646545e+35 1.739107851802356e+00 7.527570000000001e+38 
1.550204741462154e+15 3.483326151963225e+35 1.740328376401350e+00 7.540310000000000e+38 
1.553486800420412e+15 3.495561439008704e+35 1.741549993351935e+00 7.553060000000000e+38 
1.556772377126750e+15 3.507796726054183e+35 1.742769546808379e+00 7.565810000000000e+38 
1.560061471581167e+15 3.520063628828463e+35 1.743990188640436e+00 7.578559999999999e+38 
1.563350566035584e+15 3.532362147331541e+35 1.745211915835386e+00 7.591310000000001e+38 
1.566643178238081e+15 3.544692281563419e+35 1.746434725395486e+00 7.604059999999999e+38 
1.569939308188658e+15 3.557022415795298e+35 1.747655482384741e+00 7.616810000000001e+38 
1.573235438139234e+15 3.569384165755976e+35 1.748877319011218e+00 7.629560000000000e+38 
1.576535085837890e+15 3.581745915716654e+35 1.750097112417070e+00 7.642320000000001e+38 
1.579838251284626e+15 3.594139281406132e+35 1.751317982833033e+00 7.655080000000000e+38 
1.583144934479442e+15 3.606564262824409e+35 1.752539926044977e+00 7.667829999999999e+38 
1.586451617674257e+15 3.619020859971486e+35 1.753762939211854e+00 7.680590000000000e+38 
1.589765336365232e+15 3.631477457118563e+35 1.754983918796589e+00 7.693349999999999e+38 
1.593079055056206e+15 3.643965669994440e+35 1.756205964414455e+00 7.706110000000000e+38 
1.596392773747181e+15 3.656453882870316e+35 1.757425985638732e+00 7.718870000000000e+38 
1.599713527934314e+15 3.668973711474993e+35 1.758647071588685e+00 7.731639999999999e+38 
1.603034282121448e+15 3.681525155808469e+35 1.759869218343475e+00 7.744400000000000e+38 
1.606358554056662e+15 3.694076600141945e+35 1.761089349024800e+00 7.757169999999999e+38 
1.609682825991875e+15 3.706691275933021e+35 1.762313607745532e+00 7.769930000000000e+38 
1.613014133423247e+15 3.719274335995296e+35 1.763532790089720e+00 7.782700000000000e+38 
1.616345440854620e+15 3.731920627515172e+35 1.764756086421048e+00 7.795469999999999e+38 
1.619680266034072e+15 3.744566919035047e+35 1.765977377633108e+00 7.808240000000000e+38 
1.623015091213524e+15 3.757244826283722e+35 1.767199718727018e+00 7.821010000000000e+38 
1.626356951889135e+15 3.769922733532397e+35 1.768420062212408e+00 7.833790000000000e+38 
1.629698812564746e+15 3.782632256509872e+35 1.769641451873605e+00 7.846560000000000e+38 
1.633044190988437e+15 3.795373395216146e+35 1.770863885128688e+00 7.859329999999999e+38 
1.636389569412128e+15 3.808114533922420e+35 1.772084330390556e+00 7.872110000000000e+38 
1.639741983331978e+15 3.820887288357494e+35 1.773305816589769e+00 7.884890000000000e+38 
1.643094397251828e+15 3.833691658521367e+35 1.774528339665222e+00 7.897670000000000e+38 
1.646446811171678e+15 3.846527644414041e+35 1.775751898172152e+00 7.910450000000000e+38 
1.649806260587687e+15 3.859363630306714e+35 1.776973479062456e+00 7.923229999999999e+38 
1.653165710003697e+15 3.872199616199388e+35 1.778193087315210e+00 7.936009999999999e+38 
1.656528677167785e+15 3.885098833549660e+35 1.779416728427067e+00 7.948790000000000e+38 
1.659895162079954e+15 3.897998050899933e+35 1.780638400241666e+00 7.961580000000000e+38 
1.663265164740202e+15 3.910928883979006e+35 1.781861097578332e+00 7.974359999999999e+38 
1.666635167400450e+15 3.923859717058078e+35 1.783081832869990e+00 7.987149999999998e+38 
1.670008687808777e+15 3.936822165865950e+35 1.784303592510705e+00 7.999939999999999e+38 
1.673385725965185e+15 3.949816230402622e+35 1.785526372751589e+00 8.012730000000000e+38 
1.676762764121592e+15 3.962810294939294e+35 1.786747200240096e+00 8.025520000000000e+38 
1.680146837774158e+15 3.975835975204765e+35 1.787969045873384e+00 8.038310000000000e+38 
1.683530911426724e+15 3.988893271199036e+35 1.789191906022544e+00 8.051100000000000e+38 
1.686918502827370e+15 4.001950567193308e+35 1.790412821455915e+00 8.063900000000000e+38 
1.690306094228016e+15 4.015039478916378e+35 1.791634749987363e+00 8.076689999999999e+38 
1.693697203376742e+15 4.028160006368249e+35 1.792857689195309e+00 8.089489999999999e+38 
1.697091830273547e+15 4.041280533820119e+35 1.794078692738902e+00 8.102289999999999e+38 
1.700489974918432e+15 4.054432677000789e+35 1.795300703383353e+00 8.115080000000000e+38 
1.703891637311396e+15 4.067616435910260e+35 1.796523717568849e+00 8.127879999999998e+38 
1.707293299704360e+15 4.080800194819730e+35 1.797744804071731e+00 8.140690000000001e+38 
1.710698479845404e+15 4.094015569457999e+35 1.798966892820438e+00 8.153489999999999e+38 
1.714107177734528e+15 4.107262559825068e+35 1.800189980012995e+00 8.166290000000001e+38 
1.717515875623651e+15 4.120541165920937e+35 1.801414063185040e+00 8.179100000000000e+38 
1.720931609008934e+15 4.133819772016805e+35 1.802636228543598e+00 8.191900000000000e+38 
1.724347342394216e+15 4.147098378112675e+35 1.803856480681125e+00 8.204709999999999e+38 
1.727763075779499e+15 4.160440215666144e+35 1.805080629224663e+00 8.217520000000000e+38 
1.731185844660941e+15 4.173782053219612e+35 1.806302868962832e+00 8.230330000000000e+38 
1.734608613542383e+15 4.187123890773080e+35 1.807523204336848e+00 8.243139999999999e+38 
1.738034900171904e+15 4.200528959784147e+35 1.808747416702984e+00 8.255950000000000e+38 
1.741464704549506e+15 4.213934028795215e+35 1.809969728029190e+00 8.268769999999999e+38 
1.744898026675186e+15 4.227339097806283e+35 1.811190142722400e+00 8.281579999999999e+38 
1.748331348800867e+15 4.240807398274950e+35 1.812414415175232e+00 8.294400000000000e+38 
1.751768188674626e+15 4.254275698743617e+35 1.813636795345219e+00 8.307220000000000e+38 
1.755208546296466e+15 4.267743999212284e+35 1.814857287516746e+00 8.320040000000000e+38 
1.758648903918306e+15 4.281275531138550e+35 1.816081619522134e+00 8.332860000000000e+38 
1.762096297036305e+15 4.294807063064817e+35 1.817304066802365e+00 8.345680000000001e+38 
1.765543690154304e+15 4.308338594991083e+35 1.818524633685070e+00 8.358500000000001e+38 
1.768994601020383e+15 4.321933358374949e+35 1.819749021521135e+00 8.371320000000000e+38 
1.772445511886461e+15 4.335528121758816e+35 1.820971533245458e+00 8.384150000000001e+38 
1.775903458248699e+15 4.349122885142681e+35 1.822192173148742e+00 8.396970000000001e+38 
1.779361404610937e+15 4.362780879984146e+35 1.823416615301383e+00 8.409799999999999e+38 
1.782822868721254e+15 4.376438874825612e+35 1.824639188777339e+00 8.422629999999999e+38 
1.786284332831572e+15 4.390096869667077e+35 1.825859899033798e+00 8.435460000000000e+38 
1.789749314689969e+15 4.403786480237342e+35 1.827081573617140e+00 8.448289999999999e+38 
1.793221332044525e+15 4.417507706536406e+35 1.828304207955837e+00 8.461130000000000e+38 
1.796693349399081e+15 4.431260548564271e+35 1.829527798594300e+00 8.473960000000001e+38 
1.800165366753637e+15 4.445013390592135e+35 1.830749535418525e+00 8.486800000000000e+38 
1.803644419604352e+15 4.458797848348798e+35 1.831972227408950e+00 8.499629999999999e+38 
1.807123472455068e+15 4.472613921834262e+35 1.833195871316920e+00 8.512470000000000e+38 
1.810606043053862e+15 4.486429995319726e+35 1.834417668595700e+00 8.525310000000000e+38 
1.814088613652657e+15 4.500277684533990e+35 1.835640416671035e+00 8.538149999999999e+38 
1.817578219747611e+15 4.514156989477053e+35 1.836864112323947e+00 8.550990000000001e+38 
1.821067825842566e+15 4.528036294420115e+35 1.838085968552009e+00 8.563830000000000e+38 
1.824560949685599e+15 4.541947215091979e+35 1.839308770247732e+00 8.576680000000000e+38 
1.828057591276712e+15 4.555889751492641e+35 1.840532514143864e+00 8.589520000000000e+38 
1.831554232867826e+15 4.569832287893303e+35 1.841754426842650e+00 8.602370000000000e+38 
1.835054392207018e+15 4.583806440022765e+35 1.842977280652157e+00 8.615220000000000e+38 
1.838558069294291e+15 4.597812207881028e+35 1.844201072409037e+00 8.628070000000000e+38 
1.842065264129643e+15 4.611817975739289e+35 1.845423040133671e+00 8.640920000000000e+38 
1.845575976713075e+15 4.625855359326350e+35 1.846645942674977e+00 8.653769999999999e+38 
1.849086689296506e+15 4.639924358642211e+35 1.847869777964098e+00 8.666630000000000e+38 
1.852600919628018e+15 4.653993357958073e+35 1.849091797321135e+00 8.679480000000001e+38 
1.856118667707608e+15 4.668093973002734e+35 1.850314747401917e+00 8.692339999999999e+38 
1.859636415787199e+15 4.682194588047395e+35 1.851535887742072e+00 8.705190000000000e+38 
1.863161199362949e+15 4.696358434549655e+35 1.852760691043674e+00 8.718050000000001e+38 
1.866685982938699e+15 4.710522281051914e+35 1.853983686343365e+00 8.730909999999999e+38 
1.870214284262528e+15 4.724686127554175e+35 1.855204878666471e+00 8.743769999999999e+38 
1.873742585586358e+15 4.738913205514035e+35 1.856429717746158e+00 8.756639999999999e+38 
1.877277922406347e+15 4.753140283473894e+35 1.857652756789319e+00 8.769500000000000e+38 
1.880813259226336e+15 4.767367361433753e+35 1.858873999900148e+00 8.782370000000000e+38 
1.884352113794404e+15 4.781626055122413e+35 1.860096162676173e+00 8.795230000000001e+38 
1.887894486110552e+15 4.795916364539872e+35 1.861319241839476e+00 8.808099999999999e+38 
1.891436858426700e+15 4.810238289686131e+35 1.862543235236209e+00 8.820970000000001e+38 
1.894982748490928e+15 4.824560214832390e+35 1.863765442365886e+00 8.833839999999999e+38 
1.898532156303234e+15 4.838913755707448e+35 1.864988561695232e+00 8.846709999999999e+38 
1.902085081863622e+15 4.853298912311307e+35 1.866212590298318e+00 8.859590000000000e+38 
1.905641525172088e+15 4.867684068915164e+35 1.867434838439696e+00 8.872460000000000e+38 
1.909197968480554e+15 4.882100841247821e+35 1.868657993844388e+00 8.885340000000000e+38 
1.912757929537100e+15 4.896549229309279e+35 1.869882054563052e+00 8.898220000000001e+38 
1.916321408341726e+15 4.910997617370737e+35 1.871104342557923e+00 8.911099999999999e+38 
1.919888404894430e+15 4.925477621160993e+35 1.872327532854730e+00 8.923980000000000e+38 
1.923455401447135e+15 4.939989240680050e+35 1.873551623524067e+00 8.936859999999999e+38 
1.927025915747920e+15 4.954500860199107e+35 1.874773949146137e+00 8.949740000000000e+38 
1.930599947796784e+15 4.969044095446964e+35 1.875997173328834e+00 8.962630000000000e+38 
1.934177497593728e+15 4.983587330694820e+35 1.877218637314805e+00 8.975509999999999e+38 
1.937755047390672e+15 4.998193797400276e+35 1.878443649828584e+00 8.988400000000000e+38 
1.941339632683775e+15 5.012800264105732e+35 1.879666904877928e+00 9.001290000000000e+38 
1.944924217976878e+15 5.027406730811188e+35 1.880888406299983e+00 9.014180000000000e+38 
1.948508803269981e+15 5.042044813245443e+35 1.882110800696896e+00 9.027070000000001e+38 
1.952100424059244e+15 5.056714511408496e+35 1.883334084954399e+00 9.039959999999999e+38 
1.955692044848506e+15 5.071415825300353e+35 1.884558256040968e+00 9.052860000000000e+38 
1.959287183385848e+15 5.086117139192208e+35 1.885780682819901e+00 9.065749999999999e+38 
1.962885839671268e+15 5.100850068812864e+35 1.887003994587901e+00 9.078650000000000e+38 
1.966488013704770e+15 5.115614614162317e+35 1.888228188496839e+00 9.091550000000000e+38 
1.970090187738270e+15 5.130379159511771e+35 1.889450644626650e+00 9.104450000000000e+38 
1.973699397267931e+15 5.145175320590025e+35 1.890673981078237e+00 9.117349999999999e+38 
1.977308606797591e+15 5.160003097397079e+35 1.891898194956869e+00 9.130250000000000e+38 
1.980917816327251e+15 5.174830874204133e+35 1.893120678453621e+00 9.143150000000000e+38 
1.984534061353070e+15 5.189690266739986e+35 1.894344038489778e+00 9.156060000000001e+38 
1.988150306378890e+15 5.204581275004639e+35 1.895568272263447e+00 9.168970000000000e+38 
1.991770069152788e+15 5.219472283269292e+35 1.896790782014238e+00 9.181869999999999e+38 
1.995393349674767e+15 5.234394907262744e+35 1.898014163870195e+00 9.194780000000000e+38 
1.999020147944825e+15 5.249317531256198e+35 1.899235826331057e+00 9.207690000000000e+38 
2.002646946214884e+15 5.264303386707249e+35 1.900460943987980e+00 9.220610000000000e+38 
2.006277262233021e+15 5.279289242158303e+35 1.901684345772564e+00 9.233519999999999e+38 
2.009911095999238e+15 5.294275097609354e+35 1.902906035258438e+00 9.246440000000000e+38 
2.013548447513536e+15 5.309324184518005e+35 1.904131164578580e+00 9.259349999999999e+38 
2.017189316775912e+15 5.324373271426657e+35 1.905354583390589e+00 9.272269999999999e+38 
2.020830186038288e+15 5.339422358335308e+35 1.906576296355383e+00 9.285189999999999e+38 
2.024474573048744e+15 5.354503060972759e+35 1.907798871612134e+00 9.298110000000000e+38 
2.028122477807280e+15 5.369615379339011e+35 1.909022306223922e+00 9.311030000000000e+38 
2.031770382565816e+15 5.384759313434060e+35 1.910246598357848e+00 9.323959999999999e+38 
2.035425322820510e+15 5.399903247529113e+35 1.911469192484703e+00 9.336879999999999e+38 
2.039080263075205e+15 5.415078797352962e+35 1.912692641397201e+00 9.349809999999999e+38 
2.042738721077980e+15 5.430285962905612e+35 1.913916943428906e+00 9.362740000000001e+38 
2.046400696828834e+15 5.445493128458262e+35 1.915139553587238e+00 9.375670000000000e+38 
2.050062672579688e+15 5.460731909739712e+35 1.916363015099018e+00 9.388599999999999e+38 
2.053731683826701e+15 5.476002306749961e+35 1.917587325300683e+00 9.401530000000000e+38 
2.057400695073714e+15 5.491272703760209e+35 1.918809949787618e+00 9.414470000000000e+38 
2.061073224068807e+15 5.506574716499258e+35 1.920033421217553e+00 9.427400000000001e+38 
2.064745753063900e+15 5.521908344967108e+35 1.921257737886980e+00 9.440340000000001e+38 
2.068425317555152e+15 5.537241973434956e+35 1.922480375828607e+00 9.453279999999999e+38 
2.072104882046404e+15 5.552607217631605e+35 1.923703856342217e+00 9.466220000000000e+38 
2.075787964285735e+15 5.568004077557054e+35 1.924928177808504e+00 9.479160000000000e+38 
2.079474564273147e+15 5.583400937482501e+35 1.926150826614739e+00 9.492100000000000e+38 
2.083164682008637e+15 5.598829413136748e+35 1.927374313730121e+00 9.505040000000000e+38 
2.086854799744128e+15 5.614289504519795e+35 1.928598637484470e+00 9.517989999999999e+38 
2.090548435227698e+15 5.629749595902843e+35 1.929821295466187e+00 9.530940000000000e+38 
2.094245588459348e+15 5.645241303014690e+35 1.931044788390440e+00 9.543890000000000e+38 
2.097946259439078e+15 5.660764625855337e+35 1.932269113679300e+00 9.556839999999999e+38 
2.101646930418808e+15 5.676287948695984e+35 1.933491779174674e+00 9.569789999999999e+38 
2.105354636894696e+15 5.691842887265431e+35 1.934715275422306e+00 9.582739999999998e+38 
2.109062343370585e+15 5.707429441563676e+35 1.935939599864641e+00 9.595700000000001e+38 
2.112773567594553e+15 5.723015995861923e+35 1.937162270389567e+00 9.608649999999998e+38 
2.116484791818522e+15 5.738634165888968e+35 1.938385768361044e+00 9.621610000000001e+38 
2.120203051538649e+15 5.754283951644814e+35 1.939610091242460e+00 9.634569999999998e+38 
2.123921311258776e+15 5.769933737400661e+35 1.940832766039117e+00 9.647529999999999e+38 
2.127643088726983e+15 5.785615138885306e+35 1.942056264162410e+00 9.660489999999999e+38 
2.131368383943270e+15 5.801328156098750e+35 1.943280583095610e+00 9.673449999999999e+38 
2.135097196907636e+15 5.817041173312195e+35 1.944503259805096e+00 9.686420000000001e+38 
2.138826009872002e+15 5.832785806254440e+35 1.945726755693848e+00 9.699390000000000e+38 
2.142558340584448e+15 5.848562054925484e+35 1.946951069166561e+00 9.712349999999999e+38 
2.146294189044974e+15 5.864338303596529e+35 1.948173747069555e+00 9.725319999999999e+38 
2.150033555253579e+15 5.880146167996372e+35 1.949397240105726e+00 9.738300000000001e+38 
2.153776439210263e+15 5.895985648125016e+35 1.950621545799634e+00 9.751269999999999e+38 
2.157519323166948e+15 5.911825128253660e+35 1.951844221701393e+00 9.764240000000000e+38 
2.161265724871712e+15 5.927696224111104e+35 1.953067709555045e+00 9.777219999999999e+38 
2.165015644324556e+15 5.943598935697347e+35 1.954292006768777e+00 9.790190000000000e+38 
2.168769081525479e+15 5.959533263012389e+35 1.955517110760765e+00 9.803169999999999e+38 
2.172522518726403e+15 5.975467590327431e+35 1.956740592232956e+00 9.816150000000000e+38 
2.176282991423486e+15 5.991401917642474e+35 1.957962454511995e+00 9.829140000000000e+38 
2.180043464120568e+15 6.007399476415117e+35 1.959187543828753e+00 9.842119999999999e+38 
2.183807454565730e+15 6.023397035187759e+35 1.960411016388653e+00 9.855100000000001e+38 
2.187571445010892e+15 6.039394593960401e+35 1.961632876237906e+00 9.868090000000001e+38 
2.191342470952214e+15 6.055455384190642e+35 1.962857950452537e+00 9.881079999999999e+38 
2.195113496893535e+15 6.071516174420883e+35 1.964081413366098e+00 9.894070000000001e+38 
2.198888040582936e+15 6.087608580379925e+35 1.965305674684896e+00 9.907059999999999e+38 
2.202666102020416e+15 6.103700986338967e+35 1.966528329683316e+00 9.920049999999999e+38 
2.206447681205976e+15 6.119825008026807e+35 1.967751780806996e+00 9.933050000000000e+38 
2.210229260391537e+15 6.135980645443448e+35 1.968976026608225e+00 9.946040000000001e+38 
2.214017875073256e+15 6.152136282860088e+35 1.970198671673466e+00 9.959039999999999e+38 
2.217806489754975e+15 6.168323536005530e+35 1.971422109025002e+00 9.972040000000000e+38 
2.221598622184774e+15 6.184542404879769e+35 1.972646337038077e+00 9.985039999999999e+38 
2.225390754614573e+15 6.200792889482807e+35 1.973871354093669e+00 9.998040000000000e+38 
2.229189922540531e+15 6.217043374085847e+35 1.975094777260304e+00 1.001100000000000e+39 
2.232989090466489e+15 6.233325474417688e+35 1.976318987237059e+00 1.002400000000000e+39 
2.236791776140527e+15 6.249607574749526e+35 1.977541608332251e+00 1.003710000000000e+39 
2.240597979562644e+15 6.265921290810165e+35 1.978765014933549e+00 1.005010000000000e+39 
2.244407700732841e+15 6.282266622599605e+35 1.979989204716722e+00 1.006310000000000e+39 
2.248217421903038e+15 6.298611954389042e+35 1.981211810899950e+00 1.007610000000000e+39 
2.252030660821314e+15 6.315020517636080e+35 1.982437561705453e+00 1.008910000000000e+39 
2.255850935235750e+15 6.331397465154317e+35 1.983659371321443e+00 1.010210000000000e+39 
2.259667691902106e+15 6.347837644130157e+35 1.984884317143708e+00 1.011510000000000e+39 
2.263491484064621e+15 6.364277823105994e+35 1.986107686453270e+00 1.012810000000000e+39 
2.267318793975216e+15 6.380749617810633e+35 1.987331831340875e+00 1.014120000000000e+39 
2.271146103885810e+15 6.397221412515269e+35 1.988554403466956e+00 1.015420000000000e+39 
2.274976931544485e+15 6.413756438677507e+35 1.989780094577040e+00 1.016720000000000e+39 
2.278811276951239e+15 6.430259849110943e+35 1.991001874296419e+00 1.018020000000000e+39 
2.282649140106072e+15 6.446826491001979e+35 1.992226764711534e+00 1.019330000000000e+39 
2.286487003260906e+15 6.463393132893017e+35 1.993450089244302e+00 1.020630000000000e+39 
2.290328384163819e+15 6.479991390512853e+35 1.994674183680093e+00 1.021930000000000e+39 
2.294173282814812e+15 6.496589648132690e+35 1.995896716766488e+00 1.023230000000000e+39 
2.298021699213884e+15 6.513251137210124e+35 1.997122343592841e+00 1.024540000000000e+39 
2.301873633361036e+15 6.529881010558759e+35 1.998344087571609e+00 1.025840000000000e+39 
2.305729085256268e+15 6.546574115364996e+35 1.999568917185612e+00 1.027140000000000e+39 
2.309584537151499e+15 6.563267220171232e+35 2.000792191530403e+00 1.028450000000000e+39 
2.313443506794810e+15 6.579991940706266e+35 2.002016228475874e+00 1.029750000000000e+39 
2.317305994186201e+15 6.596748276970101e+35 2.003241025810267e+00 1.031060000000000e+39 
2.321171999325672e+15 6.613504613233935e+35 2.004464272951288e+00 1.032360000000000e+39 
2.325038004465142e+15 6.630292565226570e+35 2.005688279271033e+00 1.033660000000000e+39 
2.328911045100772e+15 6.647080517219207e+35 2.006910740026174e+00 1.034970000000000e+39 
2.332784085736400e+15 6.663931700669438e+35 2.008136257279793e+00 1.036270000000000e+39 
2.336660644120110e+15 6.680782884119671e+35 2.009360231158705e+00 1.037580000000000e+39 
2.340540720251898e+15 6.697634067569906e+35 2.010582664609838e+00 1.038880000000000e+39 
2.344420796383687e+15 6.714516866748937e+35 2.011805852473172e+00 1.040190000000000e+39 
2.348307908011635e+15 6.731431281656772e+35 2.013029792459860e+00 1.041490000000000e+39 
2.352195019639582e+15 6.748377312293404e+35 2.014254482288188e+00 1.042800000000000e+39 
2.356085649015610e+15 6.765323342930037e+35 2.015477638307829e+00 1.044100000000000e+39 
2.359979796139717e+15 6.782300989295470e+35 2.016701542819693e+00 1.045410000000000e+39 
2.363873943263824e+15 6.799310251389701e+35 2.017926194542810e+00 1.046720000000000e+39 
2.367775125884090e+15 6.816319513483935e+35 2.019149317522202e+00 1.048020000000000e+39 
2.371676308504356e+15 6.833360391306966e+35 2.020373185569551e+00 1.049330000000000e+39 
2.375581008872702e+15 6.850432884858797e+35 2.021597797416012e+00 1.050640000000000e+39 
2.379489226989128e+15 6.867505378410630e+35 2.022820885608894e+00 1.051940000000000e+39 
2.383400962853633e+15 6.884609487691259e+35 2.024044715474986e+00 1.053250000000000e+39 
2.387312698718138e+15 6.901745212700690e+35 2.025269285699369e+00 1.054560000000000e+39 
2.391227952330722e+15 6.918880937710123e+35 2.026492338068299e+00 1.055860000000000e+39 
2.395146723691386e+15 6.936048278448352e+35 2.027716129480754e+00 1.057170000000000e+39 
2.399069012800130e+15 6.953247234915381e+35 2.028940657895629e+00 1.058480000000000e+39 
2.402994819656953e+15 6.970446191382412e+35 2.030163672742684e+00 1.059780000000000e+39 
2.406924144261856e+15 6.987676763578243e+35 2.031387422557057e+00 1.061090000000000e+39 
2.410853468866759e+15 7.004938951502874e+35 2.032611906046649e+00 1.062400000000000e+39 
2.414786311219742e+15 7.022201139427501e+35 2.033834881697315e+00 1.063710000000000e+39 
2.418722671320804e+15 7.039494943080932e+35 2.035058589733458e+00 1.065020000000000e+39 
2.422662549169945e+15 7.056820362463161e+35 2.036283028030369e+00 1.066330000000000e+39 
2.426605944767166e+15 7.074177397574190e+35 2.037508194414951e+00 1.067630000000000e+39 
2.430549340364388e+15 7.091534432685217e+35 2.038731858549122e+00 1.068940000000000e+39 
2.434499771457768e+15 7.108891467796246e+35 2.039954023281378e+00 1.070250000000000e+39 
2.438450202551149e+15 7.126311734364872e+35 2.041179138897520e+00 1.071560000000000e+39 
2.442404151392610e+15 7.143732000933503e+35 2.042402757138834e+00 1.072870000000000e+39 
2.446358100234069e+15 7.161183883230930e+35 2.043627099845425e+00 1.074180000000000e+39 
2.450319084571688e+15 7.178635765528357e+35 2.044849949456454e+00 1.075490000000000e+39 
2.454280068909308e+15 7.196119263554585e+35 2.046073521616742e+00 1.076800000000000e+39 
2.458244570995006e+15 7.213634377309613e+35 2.047297815020480e+00 1.078110000000000e+39 
2.462212590828785e+15 7.231181106793440e+35 2.048522827540951e+00 1.079420000000000e+39 
2.466184128410642e+15 7.248727836277266e+35 2.049746352341983e+00 1.080730000000000e+39 
2.470159183740580e+15 7.266306181489893e+35 2.050970594424156e+00 1.082040000000000e+39 
2.474134239070518e+15 7.283884526702520e+35 2.052193353180983e+00 1.083350000000000e+39 
2.478116329896615e+15 7.301494487643945e+35 2.053416828155776e+00 1.084660000000000e+39 
2.482098420722712e+15 7.319136064314172e+35 2.054641017246361e+00 1.085970000000000e+39 
2.486084029296888e+15 7.336809256713196e+35 2.055865919120650e+00 1.087280000000000e+39 
2.490069637871064e+15 7.354482449112223e+35 2.057089343636257e+00 1.088590000000000e+39 
2.494062281941400e+15 7.372187257240048e+35 2.058313479833878e+00 1.089910000000000e+39 
2.498054926011736e+15 7.389892065367875e+35 2.059536142141915e+00 1.091220000000000e+39 
2.502054605578230e+15 7.407660104953297e+35 2.060761695192739e+00 1.092530000000000e+39 
2.506054285144725e+15 7.425428144538723e+35 2.061985775571944e+00 1.093840000000000e+39 
2.510053964711220e+15 7.443196184124148e+35 2.063208387574065e+00 1.095150000000000e+39 
2.514060679773874e+15 7.460995839438373e+35 2.064431707105073e+00 1.096470000000000e+39 
2.518070912584608e+15 7.478827110481396e+35 2.065655731356337e+00 1.097780000000000e+39 
2.522081145395341e+15 7.496689997253220e+35 2.066880459082165e+00 1.099090000000000e+39 
2.526094895954154e+15 7.514552884025045e+35 2.068103723702779e+00 1.100400000000000e+39 
2.530112164261046e+15 7.532447386525667e+35 2.069327690619562e+00 1.101720000000000e+39 
2.534132950316019e+15 7.550373504755090e+35 2.070552357904990e+00 1.103030000000000e+39 
2.538153736370991e+15 7.568299622984513e+35 2.071775566779227e+00 1.104340000000000e+39 
2.542181557922122e+15 7.586257356942737e+35 2.072999474908088e+00 1.105660000000000e+39 
2.546209379473254e+15 7.604246706629758e+35 2.074224080377187e+00 1.106970000000000e+39 
2.550240718772464e+15 7.622236056316780e+35 2.075447232102531e+00 1.108280000000000e+39 
2.554275575819756e+15 7.640257021732603e+35 2.076671080064384e+00 1.109600000000000e+39 
2.558313950615126e+15 7.658309602877223e+35 2.077895622415475e+00 1.110910000000000e+39 
2.562355843158576e+15 7.676362184021847e+35 2.079118714926780e+00 1.112230000000000e+39 
2.566397735702026e+15 7.694446380895268e+35 2.080342500681266e+00 1.113540000000000e+39 
2.570443145993555e+15 7.712562193497490e+35 2.081566978421326e+00 1.114860000000000e+39 
2.574492074033164e+15 7.730709621828508e+35 2.082792146160943e+00 1.116170000000000e+39 
2.578544519820852e+15 7.748857050159532e+35 2.084015869945932e+00 1.117490000000000e+39 
2.582600483356621e+15 7.767004478490552e+35 2.085238152406436e+00 1.118800000000000e+39 
2.586656446892389e+15 7.785215138279172e+35 2.086463251280844e+00 1.120120000000000e+39 
2.590719445924316e+15 7.803425798067792e+35 2.087686910784450e+00 1.121430000000000e+39 
2.594782444956244e+15 7.821668073585213e+35 2.088911255652118e+00 1.122750000000000e+39 
2.598848961736251e+15 7.839910349102633e+35 2.090134165173945e+00 1.124060000000000e+39 
2.602918996264338e+15 7.858184240348852e+35 2.091357759100855e+00 1.125380000000000e+39 
2.606992548540504e+15 7.876489747323872e+35 2.092582035483438e+00 1.126700000000000e+39 
2.611066100816670e+15 7.894826870027692e+35 2.093806993099914e+00 1.128010000000000e+39 
2.615143170840916e+15 7.913163992731508e+35 2.095030521048648e+00 1.129330000000000e+39 
2.619227276361320e+15 7.931532731164129e+35 2.096254728567768e+00 1.130650000000000e+39 
2.623311381881726e+15 7.949901469596749e+35 2.097477508909478e+00 1.131960000000000e+39 
2.627395487402130e+15 7.968333439486968e+35 2.098703070963998e+00 1.133280000000000e+39 
2.631486628418694e+15 7.986733793648383e+35 2.099925108556019e+00 1.134600000000000e+39 
2.635581287183338e+15 8.005197379267402e+35 2.101149920455586e+00 1.135910000000000e+39 
2.639675945947982e+15 8.023660964886418e+35 2.102373311052109e+00 1.137230000000000e+39 
2.643774122460705e+15 8.042156166234236e+35 2.103597376124448e+00 1.138550000000000e+39 
2.647875816721508e+15 8.060682983310854e+35 2.104822113870315e+00 1.139870000000000e+39 
2.651981028730390e+15 8.079209800387471e+35 2.106045434664132e+00 1.141190000000000e+39 
2.656089758487352e+15 8.097768233192891e+35 2.107269426405150e+00 1.142500000000000e+39 
2.660198488244314e+15 8.116358281727104e+35 2.108494088061283e+00 1.143820000000000e+39 
2.664314253497436e+15 8.134948330261321e+35 2.109717337194131e+00 1.145140000000000e+39 
2.668430018750556e+15 8.153569994524337e+35 2.110941254478302e+00 1.146460000000000e+39 
2.672549301751758e+15 8.172223274516153e+35 2.112165838890778e+00 1.147780000000000e+39 
2.676672102501038e+15 8.190876554507969e+35 2.113389015132062e+00 1.149100000000000e+39 
2.680794903250318e+15 8.209561450228583e+35 2.114612857450366e+00 1.150420000000000e+39 
2.684924739495758e+15 8.228277961678001e+35 2.115837364081494e+00 1.151740000000000e+39 
2.689054575741198e+15 8.246994473127413e+35 2.117060466967094e+00 1.153060000000000e+39 
2.693191447482796e+15 8.265742600305631e+35 2.118284232527382e+00 1.154380000000000e+39 
2.697328319224396e+15 8.284522343212646e+35 2.119508658912223e+00 1.155700000000000e+39 
2.701468708714074e+15 8.303333701848459e+35 2.120733744972507e+00 1.157020000000000e+39 
2.705609098203752e+15 8.322145060484274e+35 2.121957432846555e+00 1.158340000000000e+39 
2.709756523189589e+15 8.340956419120088e+35 2.123179725001752e+00 1.159660000000000e+39 
2.713903948175427e+15 8.359831009213502e+35 2.124404728247604e+00 1.160980000000000e+39 
2.718054890909344e+15 8.378705599306916e+35 2.125628337677548e+00 1.162300000000000e+39 
2.722212869139420e+15 8.397611805129129e+35 2.126852602466408e+00 1.163620000000000e+39 
2.726367329621417e+15 8.416518010951341e+35 2.128075476398048e+00 1.164940000000000e+39 
2.730528825599573e+15 8.435487448231157e+35 2.129301048370326e+00 1.166270000000000e+39 
2.734693839325808e+15 8.454425269782167e+35 2.130523190101705e+00 1.167590000000000e+39 
2.738858853052044e+15 8.473426322790781e+35 2.131748023600005e+00 1.168910000000000e+39 
2.743030902274439e+15 8.492427375799393e+35 2.132971471172056e+00 1.170230000000000e+39 
2.747202951496834e+15 8.511460044536804e+35 2.134195568721757e+00 1.171550000000000e+39 
2.751378518467308e+15 8.530524329003016e+35 2.135420315231807e+00 1.172880000000000e+39 
2.755554085437782e+15 8.549588613469230e+35 2.136643680603128e+00 1.174200000000000e+39 
2.759736687904416e+15 8.568684513664240e+35 2.137867693994392e+00 1.175520000000000e+39 
2.763922808119128e+15 8.587812029588054e+35 2.139092353041491e+00 1.176840000000000e+39 
2.768108928333842e+15 8.606939545511863e+35 2.140315634550076e+00 1.178170000000000e+39 
2.772298566296634e+15 8.626098677164473e+35 2.141539561459207e+00 1.179490000000000e+39 
2.776491722007506e+15 8.645289424545885e+35 2.142764132092946e+00 1.180810000000000e+39 
2.780688395466458e+15 8.664480171927297e+35 2.143987329394338e+00 1.182140000000000e+39 
2.784888586673490e+15 8.683702535037507e+35 2.145211168826054e+00 1.183460000000000e+39 
2.789088777880522e+15 8.702956513876516e+35 2.146435649441781e+00 1.184790000000000e+39 
2.793296004583712e+15 8.722210492715526e+35 2.147658760909235e+00 1.186110000000000e+39 
2.797503231286902e+15 8.741496087283336e+35 2.148882511930143e+00 1.187430000000000e+39 
2.801713975738172e+15 8.760813297579946e+35 2.150106901566260e+00 1.188760000000000e+39 
2.805928237937522e+15 8.780130507876555e+35 2.151329926213605e+00 1.190080000000000e+39 
2.810146017884952e+15 8.799479333901963e+35 2.152553587857259e+00 1.191410000000000e+39 
2.814363797832382e+15 8.818859775656170e+35 2.153777885473544e+00 1.192730000000000e+39 
2.818588613275970e+15 8.838271833139182e+35 2.155002817333738e+00 1.194060000000000e+39 
2.822813428719558e+15 8.857683890622188e+35 2.156226388741919e+00 1.195390000000000e+39 
2.827041761911226e+15 8.877127563833997e+35 2.157450592630251e+00 1.196710000000000e+39 
2.831203257889382e+15 8.896571237045805e+35 2.158673452791319e+00 1.198040000000000e+39 
2.835508981538802e+15 8.916078141715212e+35 2.159898931452247e+00 1.199360000000000e+39 
2.839747867974708e+15 8.935553430655820e+35 2.161121057092471e+00 1.200690000000000e+39 
2.843990272158695e+15 8.955091951054027e+35 2.162345796055719e+00 1.202020000000000e+39 
2.848232676342681e+15 8.974630471452233e+35 2.163569182909691e+00 1.203340000000000e+39 
2.852478598274748e+15 8.994200607579243e+35 2.164793198112771e+00 1.204670000000000e+39 
2.856728037954892e+15 9.013802359435048e+35 2.166017840060955e+00 1.206000000000000e+39 
2.860980995383118e+15 9.033404111290855e+35 2.167241133875907e+00 1.207320000000000e+39 
2.865237470559424e+15 9.053037478875461e+35 2.168465052963628e+00 1.208650000000000e+39 
2.869497463483808e+15 9.072702462188866e+35 2.169689595731988e+00 1.209980000000000e+39 
2.873757456408192e+15 9.092367445502272e+35 2.170912794460015e+00 1.211310000000000e+39 
2.878024484828736e+15 9.112064044544479e+35 2.172136616009645e+00 1.212630000000000e+39 
2.882291513249280e+15 9.131792259315483e+35 2.173361058798599e+00 1.213960000000000e+39 
2.886562059417902e+15 9.151520474086490e+35 2.174584161572039e+00 1.215290000000000e+39 
2.890836123334606e+15 9.171280304586294e+35 2.175807884733004e+00 1.216620000000000e+39 
2.895113704999388e+15 9.191071750814898e+35 2.177032226621204e+00 1.217950000000000e+39 
2.899391286664170e+15 9.210894812772305e+35 2.178257186268356e+00 1.219280000000000e+39 
2.903675903825112e+15 9.230717874729707e+35 2.179480810293835e+00 1.220610000000000e+39 
2.907960520986054e+15 9.250572552415911e+35 2.180705050641848e+00 1.221930000000000e+39 
2.912248655895075e+15 9.270427230102116e+35 2.181927958957806e+00 1.223260000000000e+39 
2.916540308552176e+15 9.290313523517119e+35 2.183151482847870e+00 1.224590000000000e+39 
2.920835478957356e+15 9.310231432660923e+35 2.184375620718762e+00 1.225920000000000e+39 
2.925134167110616e+15 9.330180957533526e+35 2.185600370982188e+00 1.227250000000000e+39 
2.929436373011956e+15 9.350130482406129e+35 2.186823792972570e+00 1.228580000000000e+39 
2.933738578913295e+15 9.370111623007533e+35 2.188047826574198e+00 1.229910000000000e+39 
2.938044302562714e+15 9.390092763608934e+35 2.189270535999944e+00 1.231240000000000e+39 
2.942357061708292e+15 9.410137135667938e+35 2.190495788333255e+00 1.232580000000000e+39 
2.946669820853870e+15 9.430181507726940e+35 2.191719716940365e+00 1.233910000000000e+39 
2.950986097747528e+15 9.450225879785941e+35 2.192942324575690e+00 1.235240000000000e+39 
2.955302374641186e+15 9.470333483302542e+35 2.194167467152602e+00 1.236570000000000e+39 
2.959625687031004e+15 9.490441086819144e+35 2.195391290501878e+00 1.237900000000000e+39 
2.963948999420820e+15 9.510548690335745e+35 2.196613796778602e+00 1.239230000000000e+39 
2.968279347306797e+15 9.530719525309946e+35 2.197838828876444e+00 1.240560000000000e+39 
2.972609695192773e+15 9.550890360284147e+35 2.199062544973822e+00 1.241900000000000e+39 
2.976943560826829e+15 9.571092810987148e+35 2.200286864088124e+00 1.243230000000000e+39 
2.981280944208964e+15 9.591295261690149e+35 2.201509870564910e+00 1.244560000000000e+39 
2.985618327591100e+15 9.611529328121948e+35 2.202733479303845e+00 1.245890000000000e+39 
2.989962746469395e+15 9.631795010282550e+35 2.203957688768349e+00 1.247230000000000e+39 
2.994310683095769e+15 9.652092308171949e+35 2.205182496763271e+00 1.248560000000000e+39 
2.998658619722144e+15 9.672389606061348e+35 2.206405996447574e+00 1.249890000000000e+39 
3.003010074096598e+15 9.692718519679549e+35 2.207630094582948e+00 1.251220000000000e+39 
3.007365046219130e+15 9.713047433297748e+35 2.208852887818531e+00 1.252560000000000e+39 
3.011723536089744e+15 9.733407962644747e+35 2.210076278193194e+00 1.253890000000000e+39 
3.016085543708436e+15 9.753800107720545e+35 2.211300264146742e+00 1.255230000000000e+39 
3.020447551327128e+15 9.774223868525143e+35 2.212524844779616e+00 1.256560000000000e+39 
3.024816594441980e+15 9.794647629329742e+35 2.213748124751350e+00 1.257890000000000e+39 
3.029185637556832e+15 9.815103005863141e+35 2.214971997978730e+00 1.259230000000000e+39 
3.033558198419763e+15 9.835589998125338e+35 2.216196463696587e+00 1.260560000000000e+39 
3.037937794778854e+15 9.856076990387537e+35 2.217419631939804e+00 1.261900000000000e+39 
3.042313873389865e+15 9.876595598378533e+35 2.218643391259479e+00 1.263230000000000e+39 
3.046696987497035e+15 9.897145822098332e+35 2.219867740770315e+00 1.264570000000000e+39 
3.051083619352284e+15 9.917727661546929e+35 2.221092678291495e+00 1.265900000000000e+39 
3.055470251207534e+15 9.938309500995526e+35 2.222316323266617e+00 1.267240000000000e+39 
3.059863918558944e+15 9.958891340444120e+35 2.223538677807911e+00 1.268580000000000e+39 
3.064257585910352e+15 9.979536411350317e+35 2.224763495789276e+00 1.269910000000000e+39 
3.068654771009840e+15 1.000018148225652e+36 2.225987024978424e+00 1.271250000000000e+39 
3.073055473857409e+15 1.002085816889151e+36 2.227211139372783e+00 1.272580000000000e+39 
3.077459694453056e+15 1.004153485552651e+36 2.228433967572273e+00 1.273920000000000e+39 
3.081867432796784e+15 1.006227477361910e+36 2.229659247605460e+00 1.275260000000000e+39 
3.086275171140511e+15 1.008301469171170e+36 2.230883243078549e+00 1.276590000000000e+39 
3.090689944980398e+15 1.010375460980429e+36 2.232105956077617e+00 1.277930000000000e+39 
3.095104718820284e+15 1.012452614362569e+36 2.233329250865819e+00 1.279270000000000e+39 
3.099523010408250e+15 1.014532929317588e+36 2.234553126584200e+00 1.280610000000000e+39 
3.103944819744296e+15 1.016616405845488e+36 2.235777581739943e+00 1.281940000000000e+39 
3.108370146828420e+15 1.018699882373387e+36 2.237000758615379e+00 1.283280000000000e+39 
3.112798991660626e+15 1.020786520474167e+36 2.238224513654378e+00 1.284620000000000e+39 
3.117231354240910e+15 1.022876320147826e+36 2.239448845374785e+00 1.285960000000000e+39 
3.121663716821195e+15 1.024969281394365e+36 2.240673752931196e+00 1.287300000000000e+39 
3.126103114897638e+15 1.027062242640904e+36 2.241897386381528e+00 1.288630000000000e+39 
3.130542512974082e+15 1.029155203887444e+36 2.243119747777288e+00 1.289970000000000e+39 
3.134985428798605e+15 1.031254488279743e+36 2.244344529294235e+00 1.291310000000000e+39 
3.139431862371208e+15 1.033353772672042e+36 2.245568040363296e+00 1.292650000000000e+39 
3.143881813691890e+15 1.035456218637222e+36 2.246792123953037e+00 1.293990000000000e+39 
3.148335282760652e+15 1.037558664602401e+36 2.248014939624754e+00 1.295330000000000e+39 
3.152788751829414e+15 1.039667433713340e+36 2.249240164189978e+00 1.296670000000000e+39 
3.157249256394335e+15 1.041776202824279e+36 2.250464122437144e+00 1.298010000000000e+39 
3.161709760959256e+15 1.043884971935218e+36 2.251686816392655e+00 1.299350000000000e+39 
3.166173783272257e+15 1.045996902619038e+36 2.252910080211468e+00 1.300690000000000e+39 
3.170644841081417e+15 1.048111994875737e+36 2.254133911826544e+00 1.302030000000000e+39 
3.175112381142497e+15 1.050230248705316e+36 2.255358310417204e+00 1.303370000000000e+39 
3.179586956699736e+15 1.052348502534895e+36 2.256581449351244e+00 1.304710000000000e+39 
3.184065050005056e+15 1.054473079510234e+36 2.257806977855475e+00 1.306050000000000e+39 
3.188546661058454e+15 1.056594494912693e+36 2.259029425149068e+00 1.307400000000000e+39 
3.193028272111853e+15 1.058722233460912e+36 2.260254257584685e+00 1.308740000000000e+39 
3.197513400913332e+15 1.060849972009131e+36 2.261477834510361e+00 1.310080000000000e+39 
3.202005565210969e+15 1.062980872130230e+36 2.262701973732521e+00 1.311420000000000e+39 
3.206497729508606e+15 1.065111772251329e+36 2.263924859425072e+00 1.312760000000000e+39 
3.210993411554324e+15 1.067245833945308e+36 2.265148306817245e+00 1.314100000000000e+39 
3.215489093600040e+15 1.069383057212167e+36 2.266372315065418e+00 1.315450000000000e+39 
3.219991811141916e+15 1.071523442051906e+36 2.267596882799710e+00 1.316790000000000e+39 
3.224498046431872e+15 1.073663826891645e+36 2.268820200920953e+00 1.318130000000000e+39 
3.229004281721828e+15 1.075807373304264e+36 2.270044077370769e+00 1.319480000000000e+39 
3.233514034759864e+15 1.077950919716882e+36 2.271266707912975e+00 1.320820000000000e+39 
3.238030823294058e+15 1.080100789275261e+36 2.272491697162041e+00 1.322160000000000e+39 
3.242547611828253e+15 1.082250658833640e+36 2.273715440928931e+00 1.323510000000000e+39 
3.247067918110528e+15 1.084400528392019e+36 2.274937941664938e+00 1.324850000000000e+39 
3.251588224392802e+15 1.086556721096158e+36 2.276162794211564e+00 1.326190000000000e+39 
3.256115566171235e+15 1.088712913800296e+36 2.277386405278286e+00 1.327540000000000e+39 
3.260646425697748e+15 1.090872268077315e+36 2.278610568737687e+00 1.328880000000000e+39 
3.265177285224260e+15 1.093031622354334e+36 2.279833493257388e+00 1.330230000000000e+39 
3.269715180246932e+15 1.095194138204232e+36 2.281056969640255e+00 1.331570000000000e+39 
3.274253075269604e+15 1.097359815627011e+36 2.282280996510666e+00 1.332920000000000e+39 
3.278794488040356e+15 1.099528654622670e+36 2.283505573096180e+00 1.334260000000000e+39 
3.283339418559188e+15 1.101697493618328e+36 2.284728914582476e+00 1.335610000000000e+39 
3.287887866826099e+15 1.103869494186867e+36 2.285952804624381e+00 1.336950000000000e+39 
3.292436315093010e+15 1.106041494755405e+36 2.287175462599381e+00 1.338300000000000e+39 
3.296991798856080e+15 1.108219818469704e+36 2.288400446559583e+00 1.339650000000000e+39 
3.301547282619150e+15 1.110398142184002e+36 2.289624199428543e+00 1.340990000000000e+39 
3.306109801878379e+15 1.112576465898301e+36 2.290846723090813e+00 1.342340000000000e+39 
3.310672321137608e+15 1.114761112758359e+36 2.292071564959024e+00 1.343680000000000e+39 
3.315238358144917e+15 1.116945759618418e+36 2.293295179146271e+00 1.345030000000000e+39 
3.319807912900306e+15 1.119133568051356e+36 2.294519336721930e+00 1.346380000000000e+39 
3.324380985403774e+15 1.121321376484294e+36 2.295742269065969e+00 1.347720000000000e+39 
3.328957575655321e+15 1.123512346490113e+36 2.296965743741918e+00 1.349070000000000e+39 
3.333537683654948e+15 1.125706478068811e+36 2.298189759485519e+00 1.350420000000000e+39 
3.338117791654576e+15 1.127900609647509e+36 2.299412553378532e+00 1.351770000000000e+39 
3.342704935150362e+15 1.130101064371968e+36 2.300637647991965e+00 1.353120000000000e+39 
3.347292078646149e+15 1.132301519096426e+36 2.301861521682311e+00 1.354460000000000e+39 
3.351882739890015e+15 1.134501973820884e+36 2.303084176946042e+00 1.449900000000000e+39 
3.683856143909078e+15 1.294632478618424e+36 2.388985596295637e+00 1.451270000000000e+39 
3.688710636258913e+15 1.297013142997041e+36 2.390219922082282e+00 1.452640000000000e+39 
3.693565128608748e+15 1.299393807375657e+36 2.391453080762169e+00 1.454020000000000e+39 
3.698419620958584e+15 1.301777633327153e+36 2.392686711296795e+00 1.455390000000000e+39 
3.703274113308419e+15 1.304161459278650e+36 2.393919178759534e+00 1.456760000000000e+39 
3.708128605658254e+15 1.306551608375907e+36 2.395153752353680e+00 1.458130000000000e+39 
3.713018275488886e+15 1.308944919046043e+36 2.396388792510484e+00 1.459500000000000e+39 
3.717872767838720e+15 1.311338229716179e+36 2.397622669211807e+00 1.460880000000000e+39 
3.722762437669352e+15 1.313734701959195e+36 2.398857013957750e+00 1.462250000000000e+39 
3.727652107499984e+15 1.316134335775092e+36 2.400091821637306e+00 1.463620000000000e+39 
3.732541777330615e+15 1.318537131163868e+36 2.401327092328703e+00 1.465000000000000e+39 
3.737431447161246e+15 1.320943088125524e+36 2.402562825822467e+00 1.466370000000000e+39 
3.742321116991877e+15 1.323349045087181e+36 2.403797399414885e+00 1.467750000000000e+39 
3.747210786822508e+15 1.325761325194597e+36 2.405034057506897e+00 1.469120000000000e+39 
3.752100456653140e+15 1.328173605302013e+36 2.406269558663367e+00 1.470500000000000e+39 
3.757025303964566e+15 1.330589046982309e+36 2.407505518427309e+00 1.471880000000000e+39 
3.761914973795198e+15 1.333007650235485e+36 2.408741936940988e+00 1.473250000000000e+39 
3.766839821106625e+15 1.335429415061541e+36 2.409978814287366e+00 1.474630000000000e+39 
3.771764668418052e+15 1.337854341460478e+36 2.411216145427698e+00 1.476010000000000e+39 
3.776689515729480e+15 1.340279267859413e+36 2.412452318629590e+00 1.477390000000000e+39 
3.781614363040906e+15 1.342710517404110e+36 2.413690557099264e+00 1.478770000000000e+39 
3.786539210352333e+15 1.345141766948806e+36 2.414927640255458e+00 1.480150000000000e+39 
3.791464057663761e+15 1.347576178066382e+36 2.416165177909405e+00 1.481530000000000e+39 
3.796388904975188e+15 1.350013750756837e+36 2.417403170207340e+00 1.482910000000000e+39 
3.801348929767410e+15 1.352454485020173e+36 2.418641612514905e+00 1.484290000000000e+39 
3.806308954559634e+15 1.354895219283510e+36 2.419878896955319e+00 1.485670000000000e+39 
3.811233801871061e+15 1.357342276692605e+36 2.421118233890704e+00 1.487050000000000e+39 
3.816193826663284e+15 1.359789334101701e+36 2.422356420710935e+00 1.488430000000000e+39 
3.821153851455507e+15 1.362239553083677e+36 2.423595053478537e+00 1.489810000000000e+39 
3.826113876247730e+15 1.364692933638533e+36 2.424834132358916e+00 1.491200000000000e+39 
3.831073901039953e+15 1.367149475766268e+36 2.426073657448596e+00 1.492580000000000e+39 
3.836069103312972e+15 1.369609179466884e+36 2.427313623824559e+00 1.493970000000000e+39 
3.841029128105195e+15 1.372068883167500e+36 2.428552439220552e+00 1.495350000000000e+39 
3.846024330378214e+15 1.374531748440996e+36 2.429791697065371e+00 1.496730000000000e+39 
3.850984355170437e+15 1.377000936860251e+36 2.431032986671935e+00 1.498120000000000e+39 
3.855979557443456e+15 1.379470125279507e+36 2.432273129427805e+00 1.499510000000000e+39 
3.860974759716475e+15 1.381942475271643e+36 2.433513709670598e+00 1.500890000000000e+39 
3.865969961989493e+15 1.384414825263778e+36 2.434753142502756e+00 1.502280000000000e+39 
3.870965164262512e+15 1.386893498401674e+36 2.435994597998899e+00 1.503660000000000e+39 
3.875995544016328e+15 1.389372171539569e+36 2.437234904261588e+00 1.505050000000000e+39 
3.880990746289347e+15 1.391857167823225e+36 2.438477225123139e+00 1.506440000000000e+39 
3.885985948562365e+15 1.394342164106880e+36 2.439718404315256e+00 1.507830000000000e+39 
3.891016328316180e+15 1.396830321963416e+36 2.440960017383286e+00 1.509220000000000e+39 
3.896046708069996e+15 1.399321641392831e+36 2.442202059876686e+00 1.510610000000000e+39 
3.901077087823810e+15 1.401812960822246e+36 2.443442957058844e+00 1.512000000000000e+39 
3.906107467577625e+15 1.404310603397422e+36 2.444685858266204e+00 1.513390000000000e+39 
3.911137847331440e+15 1.406808245972597e+36 2.445927616761506e+00 1.514780000000000e+39 
3.916168227085254e+15 1.409309050120652e+36 2.447169805505576e+00 1.516170000000000e+39 
3.921198606839070e+15 1.411813015841588e+36 2.448412424347768e+00 1.517560000000000e+39 
3.926228986592884e+15 1.414320143135403e+36 2.449655473406698e+00 1.518950000000000e+39 
3.931294543827495e+15 1.416830432002098e+36 2.450898948236367e+00 1.520340000000000e+39 
3.936360101062106e+15 1.419340720868793e+36 2.452141279279711e+00 1.521740000000000e+39 
3.941390480815920e+15 1.421854171308369e+36 2.453384037272436e+00 1.523130000000000e+39 
3.946456038050532e+15 1.424373944893704e+36 2.454628783975513e+00 1.524520000000000e+39 
3.951521595285142e+15 1.426893718479039e+36 2.455872390989473e+00 1.525920000000000e+39 
3.956587152519752e+15 1.429416653637254e+36 2.457116420505959e+00 1.527310000000000e+39 
3.961687887235160e+15 1.431939588795469e+36 2.458359310168942e+00 1.528710000000000e+39 
3.966753444469770e+15 1.434468847099444e+36 2.459604174862316e+00 1.530100000000000e+39 
3.971819001704380e+15 1.436998105403419e+36 2.460847907193824e+00 1.531500000000000e+39 
3.976919736419788e+15 1.439530525280274e+36 2.462092058361343e+00 1.532890000000000e+39 
3.982020471135194e+15 1.442066106730009e+36 2.463336623643995e+00 1.534290000000000e+39 
3.987086028369806e+15 1.444604849752624e+36 2.464581607767912e+00 1.535690000000000e+39 
3.992186763085212e+15 1.447146754348119e+36 2.465827010601407e+00 1.537080000000000e+39 
3.997287497800618e+15 1.449688658943614e+36 2.467071279672727e+00 1.538480000000000e+39 
4.002388232516026e+15 1.452236886684869e+36 2.468317510706873e+00 1.539880000000000e+39 
4.007524144712228e+15 1.454785114426124e+36 2.469562606655266e+00 1.541280000000000e+39 
4.012624879427634e+15 1.457336503740258e+36 2.470808113736892e+00 1.542680000000000e+39 
4.017760791623837e+15 1.459891054627273e+36 2.472054031891715e+00 1.544080000000000e+39 
4.022861526339244e+15 1.462445605514288e+36 2.473298820247763e+00 1.545470000000000e+39 
4.027997438535446e+15 1.465006479547063e+36 2.474545560172435e+00 1.546870000000000e+39 
4.033133350731648e+15 1.467567353579837e+36 2.475791168655012e+00 1.548280000000000e+39 
4.038269262927851e+15 1.470131389185492e+36 2.477037184918045e+00 1.549680000000000e+39 
4.043405175124054e+15 1.472698586364027e+36 2.478283608848852e+00 1.551080000000000e+39 
4.048541087320256e+15 1.475268945115441e+36 2.479530440277259e+00 1.552480000000000e+39 
4.053676999516459e+15 1.477842465439736e+36 2.480777679091311e+00 1.553880000000000e+39 
4.058812911712661e+15 1.480415985764031e+36 2.482023794527933e+00 1.555280000000000e+39 
4.063984001389660e+15 1.482992667661205e+36 2.483270314116429e+00 1.556690000000000e+39 
4.069119913585862e+15 1.485572511131260e+36 2.484517238067518e+00 1.558090000000000e+39 
4.074291003262860e+15 1.488155516174194e+36 2.485764566537820e+00 1.559490000000000e+39 
4.079462092939860e+15 1.490741682790009e+36 2.487012294948295e+00 1.560900000000000e+39 
4.084633182616858e+15 1.493327849405823e+36 2.488258899382792e+00 1.562300000000000e+39 
4.089804272293856e+15 1.495920339167397e+36 2.489507427674488e+00 1.563710000000000e+39 
4.094975361970855e+15 1.498512828928972e+36 2.490754834529961e+00 1.565110000000000e+39 
4.100146451647853e+15 1.501108480263427e+36 2.492002642586465e+00 1.566520000000000e+39 
4.105352718805648e+15 1.503707293170761e+36 2.493250847368174e+00 1.567920000000000e+39 
4.110523808482646e+15 1.506306106078095e+36 2.494497931788983e+00 1.569330000000000e+39 
4.115730075640440e+15 1.508911242131189e+36 2.495746930341254e+00 1.570740000000000e+39 
4.120936342798235e+15 1.511516378184284e+36 2.496994806636597e+00 1.572140000000000e+39 
4.126107432475233e+15 1.514124675810258e+36 2.498243080927398e+00 1.573550000000000e+39 
4.131313699633028e+15 1.516736135009112e+36 2.499491753172068e+00 1.574960000000000e+39 
4.136519966790822e+15 1.519347594207966e+36 2.500739308650818e+00 1.576370000000000e+39 
4.141761411429412e+15 1.521965376552581e+36 2.501988763912411e+00 1.577770000000000e+39 
4.146967678587206e+15 1.524583158897195e+36 2.503237100863881e+00 1.579180000000000e+39 
4.152173945745002e+15 1.527204102814689e+36 2.504485832943123e+00 1.580590000000000e+39 
4.157415390383592e+15 1.529828208305063e+36 2.505734955374243e+00 1.582000000000000e+39 
4.162621657541386e+15 1.532455475368317e+36 2.506984468382220e+00 1.583410000000000e+39 
4.167863102179976e+15 1.535082742431571e+36 2.508232869742403e+00 1.584820000000000e+39 
4.173104546818566e+15 1.537716332640585e+36 2.509483159573942e+00 1.586230000000000e+39 
4.178345991457156e+15 1.540349922849599e+36 2.510732336213965e+00 1.587640000000000e+39 
4.183587436095747e+15 1.542986674631493e+36 2.511981900418351e+00 1.589050000000000e+39 
4.188828880734337e+15 1.545623426413387e+36 2.513230355047324e+00 1.590470000000000e+39 
4.194070325372927e+15 1.548266501341041e+36 2.514480694223191e+00 1.591880000000000e+39 
4.199346947492314e+15 1.550909576268695e+36 2.515729922296622e+00 1.593290000000000e+39 
4.204588392130904e+15 1.553555812769229e+36 2.516979534951652e+00 1.594700000000000e+39 
4.209865014250290e+15 1.556205210842643e+36 2.518229532110731e+00 1.596120000000000e+39 
4.215106458888880e+15 1.558857770488937e+36 2.519479913698534e+00 1.597530000000000e+39 
4.220383081008267e+15 1.561510330135230e+36 2.520729190778738e+00 1.598940000000000e+39 
4.225659703127654e+15 1.564169212927284e+36 2.521980336975080e+00 1.600360000000000e+39 
4.230936325247040e+15 1.566828095719338e+36 2.523230377148429e+00 1.601770000000000e+39 
4.236212947366426e+15 1.569490140084272e+36 2.524480798805831e+00 1.603190000000000e+39 
4.241489569485812e+15 1.572152184449205e+36 2.525730118317997e+00 1.604600000000000e+39 
4.246801369085994e+15 1.574820551959899e+36 2.526981298837797e+00 1.606020000000000e+39 
4.252077991205380e+15 1.577488919470593e+36 2.528231375717945e+00 1.607430000000000e+39 
4.257389790805562e+15 1.580160448554167e+36 2.529481831168134e+00 1.608850000000000e+39 
4.262666412924948e+15 1.582835139210620e+36 2.530732665175039e+00 1.610260000000000e+39 
4.267978212525130e+15 1.585509829867074e+36 2.531982400587744e+00 1.611680000000000e+39 
4.273290012125312e+15 1.588190843669287e+36 2.533233987532673e+00 1.613100000000000e+39 
4.278601811725494e+15 1.590871857471501e+36 2.534484474396554e+00 1.614510000000000e+39 
4.283913611325677e+15 1.593556032846594e+36 2.535735336881520e+00 1.615930000000000e+39 
4.289225410925859e+15 1.596243369794567e+36 2.536986575277278e+00 1.617350000000000e+39 
4.294572388006837e+15 1.598930706742541e+36 2.538236714434643e+00 1.618770000000000e+39 
4.299884187607018e+15 1.601621205263395e+36 2.539487226476180e+00 1.620190000000000e+39 
4.305231164687997e+15 1.604318026930008e+36 2.540739579676044e+00 1.621600000000000e+39 
4.310542964288179e+15 1.607011687023741e+36 2.541989370573372e+00 1.623020000000000e+39 
4.315889941369158e+15 1.609711670263235e+36 2.543241001261792e+00 1.624440000000000e+39 
4.321236918450136e+15 1.612411653502728e+36 2.544491536254026e+00 1.625860000000000e+39 
4.326583895531113e+15 1.615117959887981e+36 2.545743904452602e+00 1.627280000000000e+39 
4.331930872612092e+15 1.617821104700355e+36 2.546993717831005e+00 1.628700000000000e+39 
4.337277849693070e+15 1.620530572658488e+36 2.548245362760827e+00 1.630120000000000e+39 
4.342624826774047e+15 1.623243202189501e+36 2.549497377575345e+00 1.631540000000000e+39 
4.347971803855025e+15 1.625955831720514e+36 2.550748304399350e+00 1.632960000000000e+39 
4.353353958416799e+15 1.628671622824408e+36 2.551999598129702e+00 1.634390000000000e+39 
4.358700935497778e+15 1.631390575501181e+36 2.553251259062344e+00 1.635810000000000e+39 
4.364083090059552e+15 1.634109528177954e+36 2.554501833131753e+00 1.637230000000000e+39 
4.369465244621326e+15 1.636834804000487e+36 2.555754224435416e+00 1.638650000000000e+39 
4.374847399183100e+15 1.639560079823020e+36 2.557005527443938e+00 1.640070000000000e+39 
4.380229553744872e+15 1.642288517218433e+36 2.558257194893752e+00 1.641500000000000e+39 
4.385611708306646e+15 1.645016954613846e+36 2.559507777520723e+00 1.642920000000000e+39 
4.390993862868420e+15 1.647751715155019e+36 2.560760173498132e+00 1.644340000000000e+39 
4.396376017430194e+15 1.650486475696192e+36 2.562011487061579e+00 1.645760000000000e+39 
4.401758171991968e+15 1.653224397810245e+36 2.563263166203779e+00 1.647190000000000e+39 
4.407175504034538e+15 1.655962319924298e+36 2.564513762553998e+00 1.648610000000000e+39 
4.412557658596312e+15 1.658706565184111e+36 2.565766164572438e+00 1.650040000000000e+39 
4.417974990638882e+15 1.661450810443924e+36 2.567017486787878e+00 1.651460000000000e+39 
4.423392322681452e+15 1.664198217276617e+36 2.568269167805180e+00 1.652890000000000e+39 
4.428809654724022e+15 1.666945624109310e+36 2.569519768648568e+00 1.654310000000000e+39 
4.434226986766592e+15 1.669699354087763e+36 2.570772167529508e+00 1.655740000000000e+39 
4.439644318809162e+15 1.672453084066216e+36 2.572023488631461e+00 1.657160000000000e+39 
4.445061650851732e+15 1.675209975617549e+36 2.573275169642204e+00 1.658590000000000e+39 
4.450478982894301e+15 1.677970028741761e+36 2.574527210857146e+00 1.660010000000000e+39 
4.455931492417667e+15 1.680730081865974e+36 2.575778175121078e+00 1.661440000000000e+39 
4.461348824460237e+15 1.683493296563067e+36 2.577029496759688e+00 1.662870000000000e+39 
4.466801333983602e+15 1.686259672833039e+36 2.578281175731535e+00 1.664290000000000e+39 
4.472218666026172e+15 1.689029210675892e+36 2.579533211996963e+00 1.665720000000000e+39 
4.477671175549538e+15 1.691798748518745e+36 2.580784177663082e+00 1.667150000000000e+39 
4.483123685072904e+15 1.694571447934477e+36 2.582035497807336e+00 1.668570000000000e+39 
4.488576194596270e+15 1.697347308923090e+36 2.583287172683852e+00 1.670000000000000e+39 
4.494028704119636e+15 1.700126331484583e+36 2.584539202255419e+00 1.671430000000000e+39 
4.499481213643001e+15 1.702905354046075e+36 2.585790163219726e+00 1.672860000000000e+39 
4.504933723166367e+15 1.705687538180448e+36 2.587041480099698e+00 1.674290000000000e+39 
4.510421410170529e+15 1.708472883887700e+36 2.588293148850232e+00 1.675710000000000e+39 
4.515873919693894e+15 1.711261391167832e+36 2.589545169721708e+00 1.677140000000000e+39 
4.521361606698056e+15 1.714049898447965e+36 2.590796124264055e+00 1.678570000000000e+39 
4.526814116221421e+15 1.716841567300977e+36 2.592047431864565e+00 1.680000000000000e+39 
4.532301803225583e+15 1.719636397726870e+36 2.593299092824342e+00 1.681430000000000e+39 
4.537789490229745e+15 1.722431228152762e+36 2.594549688266227e+00 1.682860000000000e+39 
4.543277177233907e+15 1.725232381724415e+36 2.595802047848230e+00 1.684290000000000e+39 
4.548764864238068e+15 1.728033535296067e+36 2.597053344590237e+00 1.685720000000000e+39 
4.554252551242229e+15 1.730834688867719e+36 2.598303580606161e+00 1.687150000000000e+39 
4.559740238246391e+15 1.733642165585132e+36 2.599555578396235e+00 1.688580000000000e+39 
4.565263102731350e+15 1.736449642302544e+36 2.600806514161329e+00 1.690010000000000e+39 
4.570750789735511e+15 1.739260280592836e+36 2.602057797957787e+00 1.691440000000000e+39 
4.576273654220468e+15 1.742070918883129e+36 2.603308023328875e+00 1.692870000000000e+39 
4.581761341224630e+15 1.744887880319181e+36 2.604560002900928e+00 1.694300000000000e+39 
4.587284205709587e+15 1.747704841755233e+36 2.605810926644855e+00 1.695730000000000e+39 
4.592807070194545e+15 1.750524964764165e+36 2.607062195633679e+00 1.697170000000000e+39 
4.598329934679502e+15 1.753345087773097e+36 2.608312408490692e+00 1.698600000000000e+39 
4.603852799164460e+15 1.756168372354909e+36 2.609562967855592e+00 1.700030000000000e+39 
4.609375663649417e+15 1.758994818509601e+36 2.610813873698786e+00 1.701460000000000e+39 
4.614898528134375e+15 1.761824426237174e+36 2.612065125990629e+00 1.702890000000000e+39 
4.620421392619332e+15 1.764654033964746e+36 2.613315328006500e+00 1.704330000000000e+39 
4.625979434585086e+15 1.767486803265198e+36 2.614565873771979e+00 1.705760000000000e+39 
4.631502299070044e+15 1.770322734138530e+36 2.615816763537262e+00 1.707190000000000e+39 
4.637060341035797e+15 1.773161826584742e+36 2.617067997274972e+00 1.708630000000000e+39 
4.642583205520755e+15 1.776000919030954e+36 2.618318182672165e+00 1.710060000000000e+39 
4.648141247486508e+15 1.778843173050046e+36 2.619568713287617e+00 1.711490000000000e+39 
4.653699289452261e+15 1.781685427069138e+36 2.620818195260308e+00 1.712930000000000e+39 
4.659257331418015e+15 1.784534004233990e+36 2.622069408560791e+00 1.714360000000000e+39 
4.664815373383769e+15 1.787382581398841e+36 2.623319575823202e+00 1.715790000000000e+39 
4.670373415349522e+15 1.790231158563693e+36 2.624568699099409e+00 1.717230000000000e+39 
4.675931457315275e+15 1.793086058874305e+36 2.625819551160244e+00 1.718660000000000e+39 
4.681489499281029e+15 1.795940959184917e+36 2.627069361812792e+00 1.720100000000000e+39 
4.687082718727579e+15 1.798799021068409e+36 2.628319512316494e+00 1.721530000000000e+39 
4.692640760693332e+15 1.801657082951901e+36 2.629568621065962e+00 1.722960000000000e+39 
4.698233980139881e+15 1.804521467981152e+36 2.630819451552153e+00 1.724400000000000e+39 
4.703792022105635e+15 1.807385853010404e+36 2.632069242582082e+00 1.725830000000000e+39 
4.709385241552184e+15 1.810250238039656e+36 2.633317996460477e+00 1.727270000000000e+39 
4.714978460998733e+15 1.813120946214668e+36 2.634568466018585e+00 1.728710000000000e+39 
4.720571680445283e+15 1.815991654389679e+36 2.635817897170238e+00 1.730140000000000e+39 
4.726164899891832e+15 1.818865524137571e+36 2.637067666966453e+00 1.731580000000000e+39 
4.731758119338381e+15 1.821739393885462e+36 2.638316401591376e+00 1.733010000000000e+39 
4.737351338784931e+15 1.824616425206234e+36 2.639565476077653e+00 1.734450000000000e+39 
4.742979735712276e+15 1.827496618099886e+36 2.640814886617025e+00 1.735880000000000e+39 
4.748572955158826e+15 1.830379972566417e+36 2.642064633457871e+00 1.737320000000000e+39 
4.754201352086171e+15 1.833263327032949e+36 2.643313347282256e+00 1.738760000000000e+39 
4.759794571532720e+15 1.836149843072360e+36 2.644562398355869e+00 1.740190000000000e+39 
4.765422968460066e+15 1.839036359111772e+36 2.645810419889029e+00 1.741630000000000e+39 
4.771051365387411e+15 1.841929198296943e+36 2.647060141709956e+00 1.743070000000000e+39 
4.776644584833960e+15 1.844822037482115e+36 2.648308836243703e+00 1.744500000000000e+39 
4.782272981761306e+15 1.847714876667286e+36 2.649556505476913e+00 1.745940000000000e+39 
4.787901378688650e+15 1.850614038998218e+36 2.650805872822657e+00 1.747380000000000e+39 
4.793529775615996e+15 1.853513201329149e+36 2.652054213892227e+00 1.748810000000000e+39 
4.799193350024137e+15 1.856415525232960e+36 2.653302887289639e+00 1.750250000000000e+39 
4.804821746951483e+15 1.859317849136771e+36 2.654550533858164e+00 1.751690000000000e+39 
4.810450143878828e+15 1.862223334613463e+36 2.655798517680377e+00 1.753130000000000e+39 
4.816113718286969e+15 1.865131981663034e+36 2.657046834751327e+00 1.754560000000000e+39 
4.821742115214314e+15 1.868043790285485e+36 2.658295485315205e+00 1.756000000000000e+39 
4.827405689622456e+15 1.870955598907937e+36 2.659543114881722e+00 1.757440000000000e+39 
4.833069264030596e+15 1.873870569103268e+36 2.660791075426668e+00 1.758880000000000e+39 
4.838732838438738e+15 1.876785539298599e+36 2.662038014458571e+00 1.760320000000000e+39 
4.844361235366082e+15 1.879703671066810e+36 2.663285289101620e+00 1.761760000000000e+39 
4.850024809774224e+15 1.882624964407902e+36 2.664532899591955e+00 1.763190000000000e+39 
4.855723561663161e+15 1.885549419321873e+36 2.665780838533248e+00 1.764630000000000e+39 
4.861387136071302e+15 1.888473874235844e+36 2.667027758063009e+00 1.766070000000000e+39 
4.867050710479444e+15 1.891401490722695e+36 2.668275010912682e+00 1.767510000000000e+39 
4.872714284887585e+15 1.894329107209546e+36 2.669521251137740e+00 1.768950000000000e+39 
4.878413036776522e+15 1.897263046842157e+36 2.670769166715939e+00 1.770390000000000e+39 
4.884076611184664e+15 1.900196986474768e+36 2.672016068460006e+00 1.771830000000000e+39 
4.889775363073601e+15 1.903130926107379e+36 2.673261958571302e+00 1.773270000000000e+39 
4.895474114962537e+15 1.906071188885750e+36 2.674509518262449e+00 1.774710000000000e+39 
4.901137689370679e+15 1.909011451664121e+36 2.675756068549318e+00 1.776140000000000e+39 
4.906836441259616e+15 1.911951714442492e+36 2.677001611400411e+00 1.777580000000000e+39 
4.912535193148553e+15 1.914895138793743e+36 2.678247483483485e+00 1.779020000000000e+39 
4.918233945037490e+15 1.917841724717874e+36 2.679493685041686e+00 1.780460000000000e+39 
4.923932696926427e+15 1.920791472214885e+36 2.680740216055963e+00 1.781900000000000e+39 
4.929631448815364e+15 1.923741219711896e+36 2.681985741705531e+00 1.783340000000000e+39 
4.935365378185098e+15 1.926694128781787e+36 2.683231594314710e+00 1.784780000000000e+39 
4.941064130074033e+15 1.929650199424558e+36 2.684477774168197e+00 1.786220000000000e+39 
4.946798059443767e+15 1.932606270067328e+36 2.685722949422048e+00 1.787660000000000e+39 
4.952496811332704e+15 1.935565502282979e+36 2.686968452780396e+00 1.789100000000000e+39 
4.958230740702437e+15 1.938527896071510e+36 2.688214284268937e+00 1.790540000000000e+39 
4.963929492591374e+15 1.941490289860041e+36 2.689459115251119e+00 1.791990000000000e+39 
4.969663421961107e+15 1.944455845221451e+36 2.690704275472209e+00 1.793430000000000e+39 
4.975397351330841e+15 1.947424562155742e+36 2.691949761369040e+00 1.794870000000000e+39 
4.981131280700573e+15 1.950393279090033e+36 2.693194247762881e+00 1.796310000000000e+39 
4.986865210070307e+15 1.953365157597204e+36 2.694439060942652e+00 1.797750000000000e+39 
4.992599139440040e+15 1.956340197677254e+36 2.695684201186374e+00 1.799190000000000e+39 
4.998368246290568e+15 1.959315237757305e+36 2.696928342680683e+00 1.800630000000000e+39 
5.004102175660301e+15 1.962293439410235e+36 2.698172808574105e+00 1.802070000000000e+39 
5.009836105030035e+15 1.965271641063166e+36 2.699416282570346e+00 1.803510000000000e+39 
5.015605211880564e+15 1.968253004288977e+36 2.700660081855011e+00 1.804950000000000e+39 
5.021339141250296e+15 1.971237529087667e+36 2.701904206661489e+00 1.806400000000000e+39 
5.027108248100826e+15 1.974225215459238e+36 2.703148657225583e+00 1.807840000000000e+39 
5.032877354951354e+15 1.977212901830808e+36 2.704392113820057e+00 1.809280000000000e+39 
5.038611284321087e+15 1.980203749775258e+36 2.705635897050728e+00 1.810720000000000e+39 
5.044380391171616e+15 1.983194597719709e+36 2.706878693072599e+00 1.812160000000000e+39 
5.050149498022145e+15 1.986191768809920e+36 2.708123125858137e+00 1.813600000000000e+39 
5.055918604872673e+15 1.989185778327250e+36 2.709365258769262e+00 1.815050000000000e+39 
5.061722889203999e+15 1.992186110990340e+36 2.710609024187551e+00 1.816490000000000e+39 
5.067491996054527e+15 1.995186443653431e+36 2.711851800928672e+00 1.817930000000000e+39 
5.073261102905056e+15 1.998189937889401e+36 2.713094902991537e+00 1.819370000000000e+39 
5.079030209755585e+15 2.001193432125371e+36 2.714337022817809e+00 1.820810000000000e+39 
5.084834494086910e+15 2.004200087934222e+36 2.715579465342282e+00 1.822260000000000e+39 
5.090603600937439e+15 2.007209905315952e+36 2.716822230837181e+00 1.823700000000000e+39 
5.096407885268763e+15 2.010219722697683e+36 2.718064015054777e+00 1.825140000000000e+39 
5.102212169600089e+15 2.013232701652293e+36 2.719306119834570e+00 1.826580000000000e+39 
5.108016453931414e+15 2.016248842179783e+36 2.720548545454448e+00 1.828020000000000e+39 
5.113820738262739e+15 2.019264982707273e+36 2.721789990257797e+00 1.829470000000000e+39 
5.119589845113267e+15 2.022284284807643e+36 2.723031760180935e+00 1.830910000000000e+39 
5.125429306925388e+15 2.025306748480894e+36 2.724273851803686e+00 1.832350000000000e+39 
5.131233591256712e+15 2.028329212154144e+36 2.725514963316735e+00 1.833800000000000e+39 
5.137037875588038e+15 2.031354837400274e+36 2.726756397574913e+00 1.835240000000000e+39 
5.142842159919363e+15 2.034383624219284e+36 2.727998154600034e+00 1.836680000000000e+39 
5.148681621731483e+15 2.037412411038294e+36 2.729238935673577e+00 1.838120000000000e+39 
5.154485906062808e+15 2.040444359430184e+36 2.730480037174855e+00 1.839570000000000e+39 
5.160325367874929e+15 2.043476307822074e+36 2.731720165854089e+00 1.841010000000000e+39 
5.166129652206253e+15 2.046514579359724e+36 2.732961908031282e+00 1.842450000000000e+39 
5.171969114018374e+15 2.049549689324494e+36 2.734201388453429e+00 1.843900000000000e+39 
5.177808575830495e+15 2.052591122435024e+36 2.735442477980188e+00 1.845340000000000e+39 
5.183648037642615e+15 2.055632555545554e+36 2.736682596654928e+00 1.846780000000000e+39 
5.189487499454736e+15 2.058677150228964e+36 2.737923034489856e+00 1.848230000000000e+39 
5.195326961266857e+15 2.061721744912374e+36 2.739162504333158e+00 1.849670000000000e+39 
5.201166423078979e+15 2.064769501168664e+36 2.740402294178834e+00 1.851110000000000e+39 
5.207005884891098e+15 2.067820418997834e+36 2.741642404048835e+00 1.852560000000000e+39 
5.212845346703220e+15 2.070871336827004e+36 2.742881549751152e+00 1.854000000000000e+39 
5.218684808515340e+15 2.073925416229054e+36 2.744121016549555e+00 1.855440000000000e+39 
5.224559447808257e+15 2.076979495631103e+36 2.745359518912840e+00 1.856890000000000e+39 
5.230398909620377e+15 2.080036736606033e+36 2.746598340068593e+00 1.858330000000000e+39 
5.236273548913294e+15 2.083097139153843e+36 2.747837480239695e+00 1.859770000000000e+39 
5.242148188206211e+15 2.086160703274533e+36 2.749076935794335e+00 1.861220000000000e+39 
5.247987650018332e+15 2.089224267395222e+36 2.750315432125126e+00 1.862660000000000e+39 
5.253862289311248e+15 2.092290993088793e+36 2.751554248277791e+00 1.864110000000000e+39 
5.259736928604165e+15 2.095357718782362e+36 2.752792104691697e+00 1.865550000000000e+39 
5.265611567897081e+15 2.098427606048812e+36 2.754030278636322e+00 1.866990000000000e+39 
5.271486207189999e+15 2.101500654888141e+36 2.755268770369858e+00 1.868440000000000e+39 
5.277396023963711e+15 2.104573703727471e+36 2.756506303274228e+00 1.869880000000000e+39 
5.283270663256627e+15 2.107649914139681e+36 2.757744151418048e+00 1.871330000000000e+39 
5.289145302549544e+15 2.110729286124771e+36 2.758982318150393e+00 1.872770000000000e+39 
5.295019941842460e+15 2.113808658109860e+36 2.760219533127189e+00 1.874210000000000e+39 
5.300929758616173e+15 2.116891191667830e+36 2.761457064426123e+00 1.875660000000000e+39 
5.306839575389886e+15 2.119973725225799e+36 2.762693640378969e+00 1.877100000000000e+39 
5.312714214682802e+15 2.123059420356649e+36 2.763930533703554e+00 1.878550000000000e+39 
5.318624031456515e+15 2.126148277060378e+36 2.765167744418455e+00 1.879990000000000e+39 
5.324533848230227e+15 2.129237133764108e+36 2.766404003710500e+00 1.881440000000000e+39 
5.330443665003939e+15 2.132332313613597e+36 2.767641842566310e+00 1.882880000000000e+39 
5.336353481777653e+15 2.135424331890207e+36 2.768877468722852e+00 1.884330000000000e+39 
5.342263298551365e+15 2.138519511739696e+36 2.770113410779682e+00 1.885770000000000e+39 
5.348173115325078e+15 2.141617853162066e+36 2.771349668756005e+00 1.887210000000000e+39 
5.354082932098790e+15 2.144719356157315e+36 2.772586242630618e+00 1.888660000000000e+39 
5.359992748872502e+15 2.147820859152565e+36 2.773821872972441e+00 1.890100000000000e+39 
5.365937743127011e+15 2.150925523720694e+36 2.775057816974632e+00 1.891550000000000e+39 
5.371847559900724e+15 2.154030188288823e+36 2.776292817131902e+00 1.892990000000000e+39 
5.377792554155232e+15 2.157141176002712e+36 2.777529388740418e+00 1.894440000000000e+39 
5.383702370928944e+15 2.160249002143722e+36 2.778763762621073e+00 1.895880000000000e+39 
5.389647365183453e+15 2.163363151430491e+36 2.779999707028812e+00 1.897330000000000e+39 
5.395592359437961e+15 2.166477300717260e+36 2.781234709001716e+00 1.898770000000000e+39 
5.401502176211673e+15 2.169591450004030e+36 2.782468773714308e+00 1.900220000000000e+39 
5.407447170466182e+15 2.172711922436559e+36 2.783704406937565e+00 1.901660000000000e+39 
5.413392164720691e+15 2.175829233296208e+36 2.784937850784061e+00 1.903110000000000e+39 
5.419372336455995e+15 2.178952867301617e+36 2.786172855977975e+00 1.904550000000000e+39 
5.425317330710504e+15 2.182076501307026e+36 2.787406922530455e+00 1.906000000000000e+39 
5.431262324965012e+15 2.185203296885316e+36 2.788641303569800e+00 1.907440000000000e+39 
5.437207319219521e+15 2.188330092463605e+36 2.789874751866717e+00 1.908890000000000e+39 
5.443187490954825e+15 2.191460049614773e+36 2.791108512216627e+00 1.910340000000000e+39 
5.449132485209334e+15 2.194593168338823e+36 2.792342584866190e+00 1.911780000000000e+39 
5.455112656944637e+15 2.197726287062872e+36 2.793575725377092e+00 1.913230000000000e+39 
5.461057651199146e+15 2.200862567359801e+36 2.794809178928428e+00 1.914670000000000e+39 
5.467037822934450e+15 2.204002009229610e+36 2.796042945767172e+00 1.916120000000000e+39 
5.473017994669755e+15 2.207141451099419e+36 2.797275781066380e+00 1.917560000000000e+39 
5.478998166405060e+15 2.210284054542108e+36 2.798508927460690e+00 1.919010000000000e+39 
5.484978338140364e+15 2.213426657984797e+36 2.799741145196164e+00 1.920450000000000e+39 
5.490958509875668e+15 2.216575584573246e+36 2.800974913602640e+00 1.921900000000000e+39 
5.496938681610973e+15 2.219721349588815e+36 2.802206517341007e+00 1.923340000000000e+39 
5.502918853346276e+15 2.222873437750144e+36 2.803439670620178e+00 1.924790000000000e+39 
5.508899025081581e+15 2.226025525911473e+36 2.804671899989880e+00 1.926240000000000e+39 
5.514914374297681e+15 2.229177614072802e+36 2.805903203964829e+00 1.927680000000000e+39 
5.520894546032986e+15 2.232332863807011e+36 2.807134818644844e+00 1.929130000000000e+39 
5.526909895249087e+15 2.235491275114099e+36 2.808366744007278e+00 1.930570000000000e+39 
5.532890066984390e+15 2.238652847994068e+36 2.809598980030627e+00 1.932020000000000e+39 
5.538905416200491e+15 2.241814420874037e+36 2.810830295528195e+00 1.933470000000000e+39 
5.544920765416591e+15 2.244979155326885e+36 2.812061919523870e+00 1.934910000000000e+39 
5.550936114632691e+15 2.248143889779734e+36 2.813292622485932e+00 1.936360000000000e+39 
5.556916286367996e+15 2.251311785805463e+36 2.814523637850263e+00 1.937800000000000e+39 
5.562931635584096e+15 2.254482843404072e+36 2.815754965628621e+00 1.939250000000000e+39 
5.568946984800196e+15 2.257653901002681e+36 2.816985376076852e+00 1.940700000000000e+39 
5.574997511497093e+15 2.260828120174169e+36 2.818216093882754e+00 1.942140000000000e+39 
5.581012860713192e+15 2.264002339345658e+36 2.819445894049225e+00 1.943590000000000e+39 
5.587028209929293e+15 2.267182881662907e+36 2.820677229731162e+00 1.945030000000000e+39 
5.593078736626189e+15 2.270360262407275e+36 2.821906426434604e+00 1.946480000000000e+39 
5.599094085842289e+15 2.273543966297404e+36 2.823137154435977e+00 1.947930000000000e+39 
5.605144612539185e+15 2.276727670187532e+36 2.824366969403983e+00 1.949370000000000e+39 
5.611159961755286e+15 2.279914535650541e+36 2.825597093412183e+00 1.950820000000000e+39 
5.617210488452182e+15 2.283101401113550e+36 2.826826307165620e+00 1.952270000000000e+39 
5.623261015149078e+15 2.286291428149438e+36 2.828055827865917e+00 1.953710000000000e+39 
5.629311541845975e+15 2.289481455185326e+36 2.829284437988063e+00 1.955160000000000e+39 
5.635362068542871e+15 2.292677805366975e+36 2.830514572850687e+00 1.956610000000000e+39 
5.641412595239767e+15 2.295870993975743e+36 2.831742583002798e+00 1.958050000000000e+39 
5.647463121936663e+15 2.299070505730272e+36 2.832972116800152e+00 1.959500000000000e+39 
5.653513648633558e+15 2.302270017484800e+36 2.834200744346447e+00 1.960950000000000e+39 
5.659564175330455e+15 2.305472690812209e+36 2.835429680496476e+00 1.962390000000000e+39 
5.665614702027351e+15 2.308675364139617e+36 2.836657713132333e+00 1.963840000000000e+39 
5.671700406205043e+15 2.311881199039905e+36 2.837886052298693e+00 1.965290000000000e+39 
5.677750932901940e+15 2.315087033940194e+36 2.839113487626257e+00 1.966730000000000e+39 
5.683836637079632e+15 2.318299191986242e+36 2.840342440288502e+00 1.968180000000000e+39 
5.689922341257324e+15 2.321511350032290e+36 2.841570487828704e+00 1.969630000000000e+39 
5.695972867954220e+15 2.324723508078339e+36 2.842797635122832e+00 1.971070000000000e+39 
5.702058572131913e+15 2.327938827697267e+36 2.844025090816374e+00 1.972520000000000e+39 
5.708144276309604e+15 2.331157308889075e+36 2.845252851878585e+00 1.973970000000000e+39 
5.714229980487296e+15 2.334375790080884e+36 2.846479713263275e+00 1.975410000000000e+39 
5.720315684664988e+15 2.337597432845572e+36 2.847706880924533e+00 1.976860000000000e+39 
5.726401388842681e+15 2.340822237183140e+36 2.848934354874600e+00 1.978310000000000e+39 
5.732487093020373e+15 2.344047041520708e+36 2.850160932702742e+00 1.979760000000000e+39 
5.738607974678860e+15 2.347275007431156e+36 2.851387814701049e+00 1.981200000000000e+39 
5.744693678856552e+15 2.350506134914484e+36 2.852615001097638e+00 1.982650000000000e+39 
5.750814560515041e+15 2.353737262397812e+36 2.853841291940969e+00 1.984100000000000e+39 
5.756900264692733e+15 2.356968389881140e+36 2.855066688810767e+00 1.985540000000000e+39 
5.763021146351220e+15 2.360205840510229e+36 2.856293589756059e+00 1.986990000000000e+39 
5.769106850528913e+15 2.363443291139317e+36 2.857519598460546e+00 1.988440000000000e+39 
5.775227732187400e+15 2.366683903341285e+36 2.858745913187263e+00 1.989890000000000e+39 
5.781348613845889e+15 2.369924515543253e+36 2.859971335343919e+00 1.991330000000000e+39 
5.787469495504376e+15 2.373168289318101e+36 2.861197061490127e+00 1.992780000000000e+39 
5.793590377162864e+15 2.376412063092949e+36 2.862421897732074e+00 1.994230000000000e+39 
5.799711258821353e+15 2.379662160013557e+36 2.863648231676888e+00 1.995680000000000e+39 
5.805832140479841e+15 2.382909095361285e+36 2.864872485506509e+00 1.997120000000000e+39 
5.811988199619124e+15 2.386162353854772e+36 2.866098233220374e+00 1.998570000000000e+39 
5.818109081277613e+15 2.389415612348260e+36 2.867323092425685e+00 2.000020000000000e+39 
5.824229962936101e+15 2.392672032414628e+36 2.868548257401294e+00 2.001470000000000e+39 
5.830386022075384e+15 2.395928452480996e+36 2.869772536295661e+00 2.002920000000000e+39 
5.836506903733873e+15 2.399188034120244e+36 2.870997118736854e+00 2.004360000000000e+39 
5.842662962873157e+15 2.402447615759492e+36 2.872220817936543e+00 2.005810000000000e+39 
5.848819022012440e+15 2.405713520544499e+36 2.873446004723957e+00 2.007260000000000e+39 
5.854975081151724e+15 2.408979425329507e+36 2.874670307017266e+00 2.008710000000000e+39 
5.861095962810212e+15 2.412245330114515e+36 2.875893729304968e+00 2.010150000000000e+39 
5.867252021949494e+15 2.415514396472402e+36 2.877117456922861e+00 2.011600000000000e+39 
5.873443258569576e+15 2.418786624403171e+36 2.878341484007350e+00 2.013050000000000e+39 
5.879599317708860e+15 2.422058852333938e+36 2.879564628894071e+00 2.014500000000000e+39 
5.885755376848144e+15 2.425334241837586e+36 2.880788077048096e+00 2.015950000000000e+39 
5.891911435987427e+15 2.428612792914113e+36 2.882011828477647e+00 2.017400000000000e+39 
5.898102672607507e+15 2.431891343990641e+36 2.883234700927263e+00 2.018840000000000e+39 
5.904258731746790e+15 2.435173056640049e+36 2.884457874596076e+00 2.020290000000000e+39 
5.910449968366871e+15 2.438457930862336e+36 2.885681349494402e+00 2.021740000000000e+39 
5.916606027506155e+15 2.441742805084624e+36 2.886903948819167e+00 2.023190000000000e+39 
5.922797264126234e+15 2.445030840879791e+36 2.888126850269268e+00 2.024640000000000e+39 
5.928988500746315e+15 2.448318876674959e+36 2.889348875851814e+00 2.026090000000000e+39 
5.935179737366394e+15 2.451610074043007e+36 2.890571201338733e+00 2.027530000000000e+39 
5.941335796505678e+15 2.454904432983934e+36 2.891793829639298e+00 2.028980000000000e+39 
5.947527033125758e+15 2.458198791924861e+36 2.893015588348285e+00 2.030430000000000e+39 
5.953753447226634e+15 2.461496312438669e+36 2.894237644938291e+00 2.031880000000000e+39 
5.959944683846713e+15 2.464796994525356e+36 2.895459999630204e+00 2.033330000000000e+39 
5.966135920466793e+15 2.468097676612043e+36 2.896681485204791e+00 2.034780000000000e+39 
5.972327157086873e+15 2.471401520271611e+36 2.897903272403143e+00 2.036230000000000e+39 
5.978553571187750e+15 2.474708525504058e+36 2.899125358361345e+00 2.037680000000000e+39 
5.984744807807829e+15 2.478015530736506e+36 2.900346575677277e+00 2.039130000000000e+39 
5.990971221908705e+15 2.481325697541833e+36 2.901568092839885e+00 2.040570000000000e+39 
5.997197636009581e+15 2.484635864347160e+36 2.902788740861840e+00 2.042020000000000e+39 
6.003388872629660e+15 2.487949192725368e+36 2.904009689401796e+00 2.043470000000000e+39 
6.009615286730536e+15 2.491265682676455e+36 2.905230938466267e+00 2.044920000000000e+39 
6.015841700831411e+15 2.494582172627543e+36 2.906451321724662e+00 2.046370000000000e+39 
6.022068114932288e+15 2.497901824151509e+36 2.907672003491113e+00 2.047820000000000e+39 
6.028294529033162e+15 2.501224637248357e+36 2.908892983774412e+00 2.049270000000000e+39 
6.034520943134038e+15 2.504547450345204e+36 2.910113101770715e+00 2.050720000000000e+39 
6.040782534715710e+15 2.507873425014931e+36 2.911333516281394e+00 2.052170000000000e+39 
6.047008948816586e+15 2.511202561257538e+36 2.912554227317496e+00 2.053620000000000e+39 
6.053235362917462e+15 2.514531697500145e+36 2.913774079363487e+00 2.055070000000000e+39 
6.059496954499134e+15 2.517863995315633e+36 2.914994228601663e+00 2.056520000000000e+39 
6.065723368600009e+15 2.521196293131120e+36 2.916213518351199e+00 2.057970000000000e+39 
6.071984960181681e+15 2.524531752519487e+36 2.917433106357965e+00 2.059420000000000e+39 
6.078246551763352e+15 2.527870373480734e+36 2.918652989807910e+00 2.060870000000000e+39 
6.084508143345024e+15 2.531208994441981e+36 2.919872014230378e+00 2.062320000000000e+39 
6.090734557445900e+15 2.534550776976108e+36 2.921091337539599e+00 2.063770000000000e+39 
6.096996149027571e+15 2.537895721083115e+36 2.922310959939407e+00 2.065220000000000e+39 
6.103292918090039e+15 2.541240665190122e+36 2.923529723773695e+00 2.066670000000000e+39 
6.109554509671710e+15 2.544588770870009e+36 2.924748781915318e+00 2.068120000000000e+39 
6.115816101253382e+15 2.547940038122776e+36 2.925968137169252e+00 2.069570000000000e+39 
6.122077692835054e+15 2.551291305375543e+36 2.927186639911341e+00 2.071020000000000e+39 
6.128374461897521e+15 2.554645734201190e+36 2.928405437628402e+00 2.072470000000000e+39 
6.134636053479192e+15 2.558000163026837e+36 2.929623382504654e+00 2.073920000000000e+39 
6.140932822541661e+15 2.561360914998243e+36 2.930842770392157e+00 2.075370000000000e+39 
6.147194414123332e+15 2.564718505396771e+36 2.932060160640598e+00 2.076820000000000e+39 
6.153491183185799e+15 2.568082418941057e+36 2.933278993113854e+00 2.078270000000000e+39 
6.159787952248267e+15 2.571446332485344e+36 2.934496974036921e+00 2.079720000000000e+39 
6.166084721310734e+15 2.574810246029631e+36 2.935714105017369e+00 2.081170000000000e+39 
6.172381490373203e+15 2.578180482719677e+36 2.936932673904397e+00 2.082620000000000e+39 
6.178678259435670e+15 2.581550719409724e+36 2.938150394459797e+00 2.084070000000000e+39 
6.184975028498137e+15 2.584920956099771e+36 2.939367268082457e+00 2.085520000000000e+39 
6.191271797560605e+15 2.588297515935578e+36 2.940585577844728e+00 2.086970000000000e+39 
6.197568566623070e+15 2.591674075771384e+36 2.941803042468381e+00 2.088420000000000e+39 
6.203900513166336e+15 2.595050635607191e+36 2.943019660631164e+00 2.089870000000000e+39 
6.210197282228804e+15 2.598430357015878e+36 2.944236572416946e+00 2.091330000000000e+39 
6.216529228772067e+15 2.601813239997444e+36 2.945453777799799e+00 2.092780000000000e+39 
6.222825997834534e+15 2.605199284551891e+36 2.946671276754752e+00 2.094230000000000e+39 
6.229157944377798e+15 2.608585329106337e+36 2.947887933387936e+00 2.095680000000000e+39 
6.235489890921061e+15 2.611974535233664e+36 2.949104881688969e+00 2.097130000000000e+39 
6.241821837464324e+15 2.615363741360991e+36 2.950320987371480e+00 2.098580000000000e+39 
6.248153784007587e+15 2.618756109061197e+36 2.951537385557848e+00 2.100030000000000e+39 
6.254485730550851e+15 2.622151638334284e+36 2.952754076255587e+00 2.101490000000000e+39 
6.260817677094115e+15 2.625547167607370e+36 2.953969927264467e+00 2.102940000000000e+39 
6.267149623637379e+15 2.628949020026216e+36 2.955187202746530e+00 2.104390000000000e+39 
6.273481570180642e+15 2.632347710872183e+36 2.956402509691221e+00 2.105840000000000e+39 
6.279848694204702e+15 2.635752724863910e+36 2.957619237630028e+00 2.107290000000000e+39 
6.286180640747965e+15 2.639157738855636e+36 2.958835127318955e+00 2.108740000000000e+39 
6.292547764772024e+15 2.642562752847362e+36 2.960050180354737e+00 2.110200000000000e+39 
6.298914888796084e+15 2.645970928411968e+36 2.961265522739152e+00 2.111650000000000e+39 
6.305246835339347e+15 2.649382265549455e+36 2.962481157345471e+00 2.113100000000000e+39 
6.311613959363406e+15 2.652796764259821e+36 2.963697084146921e+00 2.114550000000000e+39 
6.317981083387466e+15 2.656211262970187e+36 2.964912175272199e+00 2.116010000000000e+39 
6.324348207411525e+15 2.659628923253434e+36 2.966127556684266e+00 2.117460000000000e+39 
6.330715331435584e+15 2.663049745109560e+36 2.967343228390821e+00 2.118910000000000e+39 
6.337082455459643e+15 2.666470566965686e+36 2.968558067531383e+00 2.120360000000000e+39 
6.343449579483701e+15 2.669894550394693e+36 2.969773197779120e+00 2.121820000000000e+39 
6.349851880988558e+15 2.673318533823699e+36 2.970987495167956e+00 2.123270000000000e+39 
6.356219005012618e+15 2.676745678825585e+36 2.972202081802666e+00 2.124720000000000e+39 
6.362621306517472e+15 2.680175985400351e+36 2.973416957658642e+00 2.126170000000000e+39 
6.368988430541531e+15 2.683609453547997e+36 2.974632122712186e+00 2.127630000000000e+39 
6.375390732046387e+15 2.687042921695643e+36 2.975846458734781e+00 2.129080000000000e+39 
6.381757856070446e+15 2.690476389843290e+36 2.977059967098325e+00 2.130530000000000e+39 
6.388160157575302e+15 2.693916181136696e+36 2.978274882822392e+00 2.131990000000000e+39 
6.394562459080157e+15 2.697355972430101e+36 2.979488969923203e+00 2.133440000000000e+39 
6.400964760585012e+15 2.700798925296387e+36 2.980703345154718e+00 2.134890000000000e+39 
6.407367062089868e+15 2.704241878162674e+36 2.981916894091469e+00 2.136350000000000e+39 
6.413769363594723e+15 2.707687992601839e+36 2.983130731961409e+00 2.137800000000000e+39 
6.420206842580374e+15 2.711137268613885e+36 2.984344856131664e+00 2.139250000000000e+39 
6.426609144085229e+15 2.714586544625931e+36 2.985558154419063e+00 2.140710000000000e+39 
6.433011445590084e+15 2.718038982210857e+36 2.986771742411364e+00 2.142160000000000e+39 
6.439448924575734e+15 2.721494581368663e+36 2.987985617486102e+00 2.143610000000000e+39 
6.445886403561387e+15 2.724950180526469e+36 2.989198667084974e+00 2.145070000000000e+39 
6.452288705066242e+15 2.728408941257155e+36 2.990412004532420e+00 2.146520000000000e+39 
6.458726184051893e+15 2.731870863560721e+36 2.991625629834443e+00 2.147980000000000e+39 
6.465163663037542e+15 2.735332785864287e+36 2.992838432696542e+00 2.149430000000000e+39 
6.471601142023196e+15 2.738797869740732e+36 2.994051521555114e+00 2.150880000000000e+39 
6.478038621008847e+15 2.742266115190058e+36 2.995264896418171e+00 2.152340000000000e+39 
6.484476099994497e+15 2.745734360639384e+36 2.996477451862518e+00 2.153790000000000e+39 
6.490913578980149e+15 2.749205767661590e+36 2.997690293886112e+00 2.155250000000000e+39 
6.497351057965798e+15 2.752680336256675e+36 2.998903422680064e+00 2.156700000000000e+39 
6.503823714432247e+15 2.756154904851761e+36 3.000115732454973e+00 2.158160000000000e+39 
6.510261193417898e+15 2.759632635019727e+36 3.001328327188351e+00 2.159610000000000e+39 
6.516733849884345e+15 2.763110365187693e+36 3.002540105179257e+00 2.161070000000000e+39 
6.523171328869996e+15 2.766594418501418e+36 3.003753269637990e+00 2.162520000000000e+39 
6.529643985336444e+15 2.770078471815144e+36 3.004965619007180e+00 2.163980000000000e+39 
6.536116641802891e+15 2.773562525128870e+36 3.006177152028242e+00 2.165430000000000e+39 
6.542589298269338e+15 2.777049740015475e+36 3.007388968969609e+00 2.166890000000000e+39 
6.549061954735785e+15 2.780540116474961e+36 3.008601069808694e+00 2.168340000000000e+39 
6.555534611202232e+15 2.784033654507326e+36 3.009813454522898e+00 2.169800000000000e+39 
6.562007267668679e+15 2.787527192539692e+36 3.011025026583027e+00 2.171250000000000e+39 
6.568479924135126e+15 2.791023892144937e+36 3.012236883267228e+00 2.172710000000000e+39 
6.574987758082369e+15 2.794523753323062e+36 3.013449022014703e+00 2.174170000000000e+39 
6.581460414548816e+15 2.798023614501189e+36 3.014660348682368e+00 2.175620000000000e+39 
6.587968248496057e+15 2.801526637252193e+36 3.015871958163439e+00 2.177080000000000e+39 
6.594440904962506e+15 2.805032821576079e+36 3.017083850466282e+00 2.178530000000000e+39 
6.600948738909749e+15 2.808539005899965e+36 3.018294933642784e+00 2.179990000000000e+39 
6.607456572856992e+15 2.812048351796730e+36 3.019506297675737e+00 2.181450000000000e+39 
6.613929229323439e+15 2.815557697693495e+36 3.020716854631820e+00 2.182900000000000e+39 
6.620437063270682e+15 2.819073366736020e+36 3.021928785670761e+00 2.184360000000000e+39 
6.626944897217925e+15 2.822589035778546e+36 3.023139908697814e+00 2.185820000000000e+39 
6.633487908645964e+15 2.826104704821071e+36 3.024350222666301e+00 2.187270000000000e+39 
6.639995742593207e+15 2.829623535436477e+36 3.025560816664472e+00 2.188730000000000e+39 
6.646503576540451e+15 2.833145527624761e+36 3.026771693206821e+00 2.190190000000000e+39 
6.653011410487693e+15 2.836670681385926e+36 3.027982852270064e+00 2.191640000000000e+39 
6.659554421915732e+15 2.840195835147092e+36 3.029193205721956e+00 2.193100000000000e+39 
6.666062255862975e+15 2.843724150481137e+36 3.030403839901057e+00 2.194560000000000e+39 
6.672605267291015e+15 2.847255627388062e+36 3.031614754997614e+00 2.196020000000000e+39 
6.679148278719051e+15 2.850787104294987e+36 3.032824865045151e+00 2.197470000000000e+39 
6.685691290147091e+15 2.854321742774792e+36 3.034035254223135e+00 2.198930000000000e+39 
6.692234301575131e+15 2.857859542827477e+36 3.035245922541467e+00 2.200390000000000e+39 
6.698777313003169e+15 2.861397342880163e+36 3.036455788717284e+00 2.201850000000000e+39 
6.705320324431209e+15 2.864938304505728e+36 3.037665934589467e+00 2.203300000000000e+39 
6.711863335859247e+15 2.868482427704173e+36 3.038876360166509e+00 2.204760000000000e+39 
6.718406347287286e+15 2.872026550902618e+36 3.040085986485459e+00 2.206220000000000e+39 
6.724984536196121e+15 2.875573835673943e+36 3.041295890736269e+00 2.207680000000000e+39 
6.731527547624160e+15 2.879124282018148e+36 3.042506073106496e+00 2.209140000000000e+39 
6.738105736532995e+15 2.882674728362352e+36 3.043715456565251e+00 2.210600000000000e+39 
6.744648747961033e+15 2.886231497852317e+36 3.044926194966624e+00 2.212050000000000e+39 
6.751226936869869e+15 2.889785105769402e+36 3.046135060483783e+00 2.213510000000000e+39 
6.757805125778703e+15 2.893345036832247e+36 3.047345277759812e+00 2.214970000000000e+39 
6.764383314687537e+15 2.896904967895092e+36 3.048554697397742e+00 2.216430000000000e+39 
6.770961503596373e+15 2.900468060530817e+36 3.049764394112454e+00 2.217890000000000e+39 
6.777539692505207e+15 2.904031153166542e+36 3.050973295183311e+00 2.219350000000000e+39 
6.784117881414041e+15 2.907597407375147e+36 3.052182473908579e+00 2.220810000000000e+39 
6.790696070322877e+15 2.911166823156631e+36 3.053391930443265e+00 2.222270000000000e+39 
6.797309436712508e+15 2.914739400510996e+36 3.054601662295133e+00 2.223730000000000e+39 
6.803887625621342e+15 2.918311977865361e+36 3.055810599706509e+00 2.225190000000000e+39 
6.810500992010974e+15 2.921887716792606e+36 3.057019813188667e+00 2.226650000000000e+39 
6.817079180919808e+15 2.925463455719851e+36 3.058228234210214e+00 2.228110000000000e+39 
6.823692547309438e+15 2.929045517792855e+36 3.059437999836202e+00 2.229570000000000e+39 
6.830305913699067e+15 2.932627579865860e+36 3.060646972105017e+00 2.231030000000000e+39 
6.836919280088700e+15 2.936209641938864e+36 3.061855152429256e+00 2.232490000000000e+39 
6.843532646478330e+15 2.939798027157629e+36 3.063064673530639e+00 2.233950000000000e+39 
6.850146012867962e+15 2.943386412376393e+36 3.064273404104602e+00 2.235410000000000e+39 
6.856759379257593e+15 2.946974797595159e+36 3.065481345379228e+00 2.236870000000000e+39 
6.863372745647223e+15 2.950569505959683e+36 3.066690626068951e+00 2.238330000000000e+39 
6.870021289517650e+15 2.954164214324207e+36 3.067899116570667e+00 2.239790000000000e+39 
6.876634655907280e+15 2.957762084261612e+36 3.069107880553154e+00 2.241250000000000e+39 
6.883283199777707e+15 2.961359954199016e+36 3.070315856480453e+00 2.242710000000000e+39 
6.889896566167338e+15 2.964960985709301e+36 3.071524106458888e+00 2.244170000000000e+39 
6.896545110037765e+15 2.968565178792465e+36 3.072732630644917e+00 2.245640000000000e+39 
6.903193653908191e+15 2.972172533448509e+36 3.073941426586273e+00 2.247100000000000e+39 
6.909842197778617e+15 2.975779888104554e+36 3.075149435656143e+00 2.248560000000000e+39 
6.916490741649044e+15 2.979390404333478e+36 3.076357717226750e+00 2.250020000000000e+39 
6.923139285519469e+15 2.983000920562403e+36 3.077565213871132e+00 2.251480000000000e+39 
6.929787829389897e+15 2.986617759937087e+36 3.078774040277402e+00 2.252949999999999e+39 
6.936436373260323e+15 2.990234599311771e+36 3.079982083294209e+00 2.254410000000000e+39 
6.943120094611547e+15 2.993851438686456e+36 3.081189341718928e+00 2.255870000000000e+39 
6.949768638481973e+15 2.997474601206899e+36 3.082397926327544e+00 2.257330000000000e+39 
6.956452359833196e+15 3.001097763727344e+36 3.083605727880177e+00 2.258800000000000e+39 
6.963100903703622e+15 3.004724087820668e+36 3.084813800914295e+00 2.260260000000000e+39 
6.969784625054845e+15 3.008350411913992e+36 3.086021092993573e+00 2.261720000000000e+39 
6.976468346406067e+15 3.011979897580197e+36 3.087228654884717e+00 2.263180000000000e+39 
6.983152067757290e+15 3.015612544819281e+36 3.088436486745386e+00 2.264650000000000e+39 
6.989835789108512e+15 3.019248353631245e+36 3.089644588560238e+00 2.266110000000000e+39 
6.996519510459735e+15 3.022884162443209e+36 3.090851910412305e+00 2.267580000000000e+39 
7.003203231810957e+15 3.026523132828053e+36 3.092059502921612e+00 2.269040000000000e+39 
7.009922130642976e+15 3.030165264785778e+36 3.093267363713179e+00 2.270500000000000e+39 
7.016605851994198e+15 3.033807396743501e+36 3.094474445071981e+00 2.271970000000000e+39 
7.023324750826217e+15 3.037452690274105e+36 3.095681795417121e+00 2.273430000000000e+39 
7.030008472177439e+15 3.041101145377589e+36 3.096889414761731e+00 2.274900000000000e+39 
7.036727371009458e+15 3.044749600481073e+36 3.098096257415408e+00 2.276360000000000e+39 
7.043446269841476e+15 3.048401217157437e+36 3.099303367390947e+00 2.277820000000000e+39 
7.050165168673495e+15 3.052055995406681e+36 3.100510744845844e+00 2.279290000000000e+39 
7.056884067505513e+15 3.055713935228805e+36 3.101718389766448e+00 2.280750000000000e+39 
7.063602966337531e+15 3.059371875050929e+36 3.102925258981038e+00 2.282220000000000e+39 
7.070321865169550e+15 3.063032976445933e+36 3.104132396191648e+00 2.283680000000000e+39 
7.077040764001566e+15 3.066697239413817e+36 3.105339801411357e+00 2.285150000000000e+39 
7.083759662833586e+15 3.070361502381701e+36 3.106546433639593e+00 2.286620000000000e+39 
7.090513739146401e+15 3.074028926922465e+36 3.107753332213730e+00 2.288080000000000e+39 
7.097232637978419e+15 3.077699513036108e+36 3.108960497241421e+00 2.291010000000000e+39 
7.110740790604048e+15 3.085047008409156e+36 3.111374586994021e+00 2.292480000000000e+39 
7.117494866916862e+15 3.088723917668559e+36 3.112581509562056e+00 2.293950000000000e+39 
7.124248943229677e+15 3.092400826927963e+36 3.113787659978716e+00 2.295410000000000e+39 
7.131003019542491e+15 3.096084059333127e+36 3.114995112446604e+00 2.296880000000000e+39 
7.137757095855305e+15 3.099767291738290e+36 3.116201794072817e+00 2.298350000000000e+39 
7.144511172168120e+15 3.103453685716334e+36 3.117408741229022e+00 2.299810000000000e+39 
7.151265248480934e+15 3.107140079694378e+36 3.118614919582113e+00 2.301280000000000e+39 
7.158054502274545e+15 3.110829635245301e+36 3.119821361849684e+00 2.302750000000000e+39 
7.164808578587358e+15 3.114522352369105e+36 3.121028068185798e+00 2.304210000000000e+39 
7.171597832380969e+15 3.118218231065788e+36 3.122235038745957e+00 2.305680000000000e+39 
7.178387086174580e+15 3.121914109762472e+36 3.123441239143669e+00 2.307150000000000e+39 
7.185141162487394e+15 3.125613150032035e+36 3.124647704288790e+00 2.308620000000000e+39 
7.191930416281004e+15 3.129315351874479e+36 3.125854434168061e+00 2.310090000000000e+39 
7.198719670074614e+15 3.133020715289802e+36 3.127061426446513e+00 2.311550000000000e+39 
7.205508923868224e+15 3.136726078705126e+36 3.128267652187707e+00 2.313020000000000e+39 
7.212333355142630e+15 3.140434603693329e+36 3.129474138898193e+00 2.314490000000000e+39 
7.219122608936241e+15 3.144143128681532e+36 3.130679858620011e+00 2.315960000000000e+39 
7.225911862729851e+15 3.147857976815496e+36 3.131886869604249e+00 2.317430000000000e+39 
7.232736294004256e+15 3.151572824949459e+36 3.133093114884134e+00 2.318900000000000e+39 
7.239525547797867e+15 3.155290834656302e+36 3.134299621801598e+00 2.320370000000000e+39 
7.246349979072274e+15 3.159008844363146e+36 3.135505365085406e+00 2.321840000000000e+39 
7.253174410346679e+15 3.162742661934389e+36 3.136715467310145e+00 2.323310000000000e+39 
7.259998841621086e+15 3.166441702203953e+36 3.137913539094233e+00 2.324780000000000e+39 
7.266823272895492e+15 3.170172358202315e+36 3.139121086038779e+00 2.326250000000000e+39 
7.273647704169898e+15 3.173903014200678e+36 3.140327870040729e+00 2.327720000000000e+39 
7.280472135444304e+15 3.177633670199041e+36 3.141533892087243e+00 2.329190000000000e+39 
7.287296566718711e+15 3.181364326197405e+36 3.142739153431859e+00 2.330660000000000e+39 
7.294120997993116e+15 3.185094982195768e+36 3.143943655220625e+00 2.332129999999999e+39 
7.300980606748319e+15 3.188857253922931e+36 3.145157598321270e+00 2.333600000000000e+39 
7.307840215503520e+15 3.192587909921294e+36 3.146360579306349e+00 2.335070000000000e+39 
7.314664646777928e+15 3.196318565919657e+36 3.147562802263700e+00 2.336540000000000e+39 
7.321524255533128e+15 3.200080837646820e+36 3.148774451156182e+00 2.338010000000000e+39 
7.328383864288331e+15 3.203811493645184e+36 3.149975160850557e+00 2.339480000000000e+39 
7.335243473043533e+15 3.207573765372346e+36 3.151185283506952e+00 2.340950000000000e+39 
7.342103081798735e+15 3.211336037099509e+36 3.152394645492719e+00 2.343900000000000e+39 
7.355822299309138e+15 3.218828964825036e+36 3.154800938922789e+00 2.345370000000000e+39 
7.362717085545136e+15 3.222591236552199e+36 3.156008023129452e+00 2.346840000000000e+39 
7.369576694300339e+15 3.226353508279361e+36 3.157214349487830e+00 2.348320000000000e+39 
7.376471480536336e+15 3.230115780006524e+36 3.158419919096185e+00 2.349790000000000e+39 
7.383331089291539e+15 3.233878051733687e+36 3.159624733190117e+00 2.351260000000000e+39 
7.390225875527537e+15 3.237640323460850e+36 3.160828792902380e+00 2.352740000000000e+39 
7.397120661763534e+15 3.241434210916812e+36 3.162042209549063e+00 2.354210000000000e+39 
7.404015447999533e+15 3.245196482643975e+36 3.163244760915358e+00 2.355680000000000e+39 
7.410910234235530e+15 3.248958754371138e+36 3.164446559245863e+00 2.357160000000000e+39 
7.417805020471529e+15 3.252752641827100e+36 3.165657699549699e+00 2.358630000000000e+39 
7.424734984188323e+15 3.256514913554264e+36 3.166857994892884e+00 2.360100000000000e+39 
7.431629770424321e+15 3.260308801010225e+36 3.168067619279550e+00 2.361580000000000e+39 
7.438524556660319e+15 3.264102688466189e+36 3.169276490608552e+00 2.363050000000000e+39 
7.445454520377114e+15 3.267864960193352e+36 3.170474539457364e+00 2.364530000000000e+39 
7.452384484093905e+15 3.271658847649314e+36 3.171681900080032e+00 2.366000000000000e+39 
7.459279270329904e+15 3.275452735105277e+36 3.172888508990461e+00 2.367480000000000e+39 
7.466209234046698e+15 3.279246622561239e+36 3.174094367149626e+00 2.368950000000000e+39 
7.473139197763494e+15 3.283040510017202e+36 3.175299473548499e+00 2.370430000000000e+39 
7.480069161480286e+15 3.286834397473165e+36 3.176503829467477e+00 2.371910000000000e+39 
7.487034302677876e+15 3.290659900657926e+36 3.177717464468435e+00 2.373380000000000e+39 
7.493964266394669e+15 3.294453788113889e+36 3.178920319688964e+00 2.374860000000000e+39 
7.500894230111465e+15 3.298247675569851e+36 3.180122427980511e+00 2.376330000000000e+39 
7.507859371309053e+15 3.302073178754614e+36 3.181333800304480e+00 2.377810000000000e+39 
7.514789335025848e+15 3.305867066210577e+36 3.182534415088344e+00 2.379290000000000e+39 
7.521754476223438e+15 3.309692569395339e+36 3.183744283955410e+00 2.380760000000000e+39 
7.528719617421026e+15 3.313486456851301e+36 3.184943408084203e+00 2.382240000000000e+39 
7.535684758618617e+15 3.317311960036064e+36 3.186151773993038e+00 2.383720000000000e+39 
7.542649899816207e+15 3.321137463220826e+36 3.187359390712884e+00 2.385200000000000e+39 
7.549615041013797e+15 3.324962966405588e+36 3.188566259197938e+00 2.386670000000000e+39 
7.556580182211387e+15 3.328788469590350e+36 3.189772380657513e+00 2.388150000000000e+39 
7.563545323408975e+15 3.332613972775112e+36 3.190977756453403e+00 2.389630000000000e+39 
7.570545642087360e+15 3.336439475959875e+36 3.192182385598908e+00 2.391110000000000e+39 
7.577510783284951e+15 3.340264979144637e+36 3.193386269453396e+00 2.392590000000000e+39 
7.584511101963337e+15 3.344090482329399e+36 3.194589409121028e+00 2.394070000000000e+39 
7.591511420641723e+15 3.347947601242961e+36 3.195801741277756e+00 2.395550000000000e+39 
7.598511739320109e+15 3.351773104427723e+36 3.197003392729605e+00 2.397020000000000e+39 
7.605512057998494e+15 3.355630223341285e+36 3.198214226692330e+00 2.398500000000000e+39 
7.612512376676879e+15 3.359455726526048e+36 3.199414394625670e+00 2.399980000000000e+39 
7.619512695355265e+15 3.363312845439609e+36 3.200623734963525e+00 2.401460000000000e+39 
7.626513014033650e+15 3.367169964353171e+36 3.201832330926684e+00 2.402940000000000e+39 
7.633513332712034e+15 3.370995467537934e+36 3.203030282678304e+00 2.404420000000000e+39 
7.640548828871218e+15 3.374852586451495e+36 3.204237390087714e+00 2.405910000000000e+39 
7.647549147549603e+15 3.378709705365058e+36 3.205443754591820e+00 2.407390000000000e+39 
7.654584643708784e+15 3.382566824278619e+36 3.206649377285197e+00 2.408870000000000e+39 
7.661620139867969e+15 3.386423943192182e+36 3.207854257190227e+00 2.410350000000000e+39 
7.668655636027149e+15 3.390281062105743e+36 3.209058395402641e+00 2.411830000000000e+39 
7.675691132186329e+15 3.394169796748105e+36 3.210271657538108e+00 2.413310000000000e+39 
7.682726628345512e+15 3.398026915661667e+36 3.211474316944684e+00 2.414790000000000e+39 
7.689762124504694e+15 3.401884034575229e+36 3.212676237969614e+00 2.416280000000000e+39 
7.696797620663875e+15 3.405772769217590e+36 3.213887268476149e+00 2.417760000000000e+39 
7.703868294303853e+15 3.409629888131153e+36 3.215087715701155e+00 2.419240000000000e+39 
7.710903790463033e+15 3.413518622773514e+36 3.216297260198270e+00 2.420720000000000e+39 
7.717974464103014e+15 3.417407357415875e+36 3.217506064329725e+00 2.422210000000000e+39 
7.725045137742989e+15 3.421264476329437e+36 3.218704304731745e+00 2.423690000000000e+39 
7.732115811382967e+15 3.425153210971799e+36 3.219911626030983e+00 2.425170000000000e+39 
7.739186485022945e+15 3.429041945614161e+36 3.221118208270283e+00 2.426660000000000e+39 
7.746257158662922e+15 3.432930680256522e+36 3.222324052380315e+00 2.428140000000000e+39 
7.753327832302900e+15 3.436819414898884e+36 3.223529159539344e+00 2.429620000000000e+39 
7.760398505942877e+15 3.440708149541246e+36 3.224733530826669e+00 2.431110000000000e+39 
7.767504357063650e+15 3.444628499912407e+36 3.225946951431024e+00 2.432590000000000e+39 
7.774575030703628e+15 3.448517234554769e+36 3.227149851377571e+00 2.434080000000000e+39 
7.781680881824403e+15 3.452405969197130e+36 3.228352016745472e+00 2.435560000000000e+39 
7.788751555464379e+15 3.456326319568292e+36 3.229563217195624e+00 2.437050000000000e+39 
7.795857406585153e+15 3.460215054210654e+36 3.230763918308674e+00 2.438530000000000e+39 
7.802963257705926e+15 3.464135404581815e+36 3.231973642466061e+00 2.440020000000000e+39 
7.810069108826699e+15 3.468055754952976e+36 3.233182629944743e+00 2.441510000000000e+39 
7.817174959947474e+15 3.471944489595338e+36 3.234381137364304e+00 2.442990000000000e+39 
7.824315988549041e+15 3.475864839966499e+36 3.235588651694245e+00 2.444480000000000e+39 
7.831421839669815e+15 3.479785190337660e+36 3.236795430644211e+00 2.445970000000000e+39 
7.838527690790589e+15 3.483705540708821e+36 3.238001477396291e+00 2.447450000000000e+39 
7.845668719392158e+15 3.487625891079983e+36 3.239206790758355e+00 2.448940000000000e+39 
7.852809747993727e+15 3.491577857179944e+36 3.240421084627557e+00 2.450430000000000e+39 
7.859915599114500e+15 3.495498207551106e+36 3.241624933719353e+00 2.451920000000000e+39 
7.867056627716070e+15 3.499418557922267e+36 3.242828052813249e+00 2.453400000000000e+39 
7.874197656317641e+15 3.503370524022228e+36 3.244040138381643e+00 2.454890000000000e+39 
7.881338684919208e+15 3.507290874393389e+36 3.245241798269314e+00 2.456380000000000e+39 
7.888514891001574e+15 3.511242840493350e+36 3.246452413141644e+00 2.457870000000000e+39 
7.895655919603143e+15 3.515163190864511e+36 3.247652614316933e+00 2.459360000000000e+39 
7.902796948204712e+15 3.519115156964471e+36 3.248861763049349e+00 2.460850000000000e+39 
7.909973154287079e+15 3.523067123064434e+36 3.250070179845042e+00 2.462340000000000e+39 
7.917149360369441e+15 3.527019089164395e+36 3.251277863764882e+00 2.463830000000000e+39 
7.924290388971012e+15 3.530939439535556e+36 3.252475162089004e+00 2.465320000000000e+39 
7.931466595053377e+15 3.534891405635516e+36 3.253681386989284e+00 2.466810000000000e+39 
7.938642801135742e+15 3.538874987464277e+36 3.254896526839435e+00 2.468300000000000e+39 
7.945819007218110e+15 3.542826953564238e+36 3.256101294910104e+00 2.469790000000000e+39 
7.953030390781270e+15 3.546778919664199e+36 3.257305333756345e+00 2.471280000000000e+39 
7.960206596863634e+15 3.550730885764160e+36 3.258508644528227e+00 2.472770000000000e+39 
7.967382802946000e+15 3.554714467592921e+36 3.259720851764319e+00 2.474260000000000e+39 
7.974594186509161e+15 3.558666433692882e+36 3.260922712920868e+00 2.475750000000000e+39 
7.981805570072323e+15 3.562650015521642e+36 3.262133456593927e+00 2.477240000000000e+39 
7.988981776154684e+15 3.566633597350404e+36 3.263343472002536e+00 2.478740000000000e+39 
7.996193159717848e+15 3.570585563450364e+36 3.264543162056844e+00 2.480230000000000e+39 
8.003404543281009e+15 3.574569145279125e+36 3.265751721006311e+00 2.481720000000000e+39 
8.010651104324966e+15 3.578552727107886e+36 3.266959551092531e+00 2.484710000000000e+39 
8.025073871451289e+15 3.586519890765406e+36 3.269373030498408e+00 2.486200000000000e+39 
8.032320432495246e+15 3.590503472594167e+36 3.270578682105219e+00 2.487700000000000e+39 
8.039531816058407e+15 3.594487054422928e+36 3.271783609088633e+00 2.489189999999999e+39 
8.046778377102364e+15 3.598502251980489e+36 3.272997370332397e+00 2.490680000000000e+39 
8.054024938146320e+15 3.602485833809249e+36 3.274200850427784e+00 2.492180000000000e+39 
8.061236321709482e+15 3.606469415638010e+36 3.275403609164465e+00 2.493670000000000e+39 
8.068482882753438e+15 3.610484613195570e+36 3.276615188281865e+00 2.495170000000000e+39 
8.075764621278192e+15 3.614499810753131e+36 3.277826039583664e+00 2.496660000000000e+39 
8.083011182322148e+15 3.618483392581891e+36 3.279026635099926e+00 2.498160000000000e+39 
8.090257743366107e+15 3.622498590139452e+36 3.280236035240638e+00 2.499660000000000e+39 
8.097539481890859e+15 3.626513787697012e+36 3.281444710886159e+00 2.501150000000000e+39 
8.104786042934816e+15 3.630528985254573e+36 3.282652663077194e+00 2.502650000000000e+39 
8.112067781459570e+15 3.634544182812133e+36 3.283859893093057e+00 2.504140000000000e+39 
8.119349519984321e+15 3.638559380369693e+36 3.285066400022907e+00 2.505640000000000e+39 
8.126631258509076e+15 3.642574577927254e+36 3.286272185143812e+00 2.507140000000000e+39 
8.133912997033828e+15 3.646589775484814e+36 3.287477249347030e+00 2.508640000000000e+39 
8.141194735558581e+15 3.650636588771174e+36 3.288691077260487e+00 2.510130000000000e+39 
8.148476474083335e+15 3.654651786328735e+36 3.289894703855505e+00 2.511630000000000e+39 
8.155793390088883e+15 3.658698599615095e+36 3.291107082972589e+00 2.513130000000000e+39 
8.163075128613636e+15 3.662713797172655e+36 3.292309272454538e+00 2.514630000000000e+39 
8.170392044619186e+15 3.666760610459015e+36 3.293520205310508e+00 2.516130000000000e+39 
8.177673783143938e+15 3.670807423745375e+36 3.294730417313129e+00 2.517630000000000e+39 
8.184990699149486e+15 3.674822621302935e+36 3.295930459878100e+00 2.519130000000000e+39 
8.192307615155034e+15 3.678869434589296e+36 3.297139230403305e+00 2.520630000000000e+39 
8.199624531160585e+15 3.682916247875655e+36 3.298347281473140e+00 2.522130000000000e+39 
8.206941447166134e+15 3.686963061162016e+36 3.299554614115551e+00 2.523630000000000e+39 
8.214293540652477e+15 3.691009874448375e+36 3.300761227202594e+00 2.525130000000000e+39 
8.221610456658027e+15 3.695088303463536e+36 3.301976543523725e+00 2.526630000000000e+39 
8.228962550144372e+15 3.699135116749895e+36 3.303181722101698e+00 2.529630000000000e+39 
8.243631559636265e+15 3.707260359051415e+36 3.305599337729084e+00 2.531130000000000e+39 
8.250983653122609e+15 3.711307172337775e+36 3.306802370084772e+00 2.532630000000000e+39 
8.258335746608954e+15 3.715385601352936e+36 3.308014081218467e+00 2.534140000000000e+39 
8.265687840095299e+15 3.719464030368095e+36 3.309225073913709e+00 2.535640000000000e+39 
8.273039933581644e+15 3.723542459383255e+36 3.310435349424556e+00 2.537140000000000e+39 
8.280427204548785e+15 3.727589272669615e+36 3.311635529995830e+00 2.538640000000000e+39 
8.287779298035129e+15 3.731667701684774e+36 3.312844369702193e+00 2.540150000000000e+39 
8.295166569002270e+15 3.735746130699935e+36 3.314052493703362e+00 2.541650000000000e+39 
8.302518662488615e+15 3.739824559715094e+36 3.315259902648341e+00 2.543160000000000e+39 
8.309905933455757e+15 3.743934604459054e+36 3.316475952471523e+00 2.544660000000000e+39 
8.317293204422895e+15 3.748013033474213e+36 3.317681933837493e+00 2.546160000000000e+39 
8.324680475390037e+15 3.752091462489373e+36 3.318887201530152e+00 2.547670000000000e+39 
8.332067746357178e+15 3.756201507233332e+36 3.320101095123797e+00 2.549170000000000e+39 
8.339490194805115e+15 3.760279936248492e+36 3.321304938234392e+00 2.550680000000000e+39 
8.346877465772257e+15 3.764389980992452e+36 3.322517396116644e+00 2.552190000000000e+39 
8.354299914220193e+15 3.768500025736411e+36 3.323729138449558e+00 2.553690000000000e+39 
8.361687185187332e+15 3.772578454751571e+36 3.324930850053102e+00 2.555200000000000e+39 
8.369109633635269e+15 3.776688499495530e+36 3.326141163360430e+00 2.556700000000000e+39 
8.376532082083208e+15 3.780798544239490e+36 3.327350762362466e+00 2.558209999999999e+39 
8.383954530531142e+15 3.784908588983449e+36 3.328559647996562e+00 2.561230000000000e+39 
8.398799427427015e+15 3.793160294200167e+36 3.330984575587840e+00 2.562730000000000e+39 
8.406257053355747e+15 3.797270338944127e+36 3.332191326377755e+00 2.565750000000000e+39 
8.421137127732417e+15 3.805522044160846e+36 3.334611969272555e+00 2.567260000000000e+39 
8.428559576180355e+15 3.809632088904805e+36 3.335816591478091e+00 2.568770000000000e+39 
8.436017202109086e+15 3.813773749377564e+36 3.337029767225785e+00 2.570280000000000e+39 
8.443474828037819e+15 3.817915409850323e+36 3.338242229947538e+00 2.571790000000000e+39 
8.450932453966552e+15 3.822025454594283e+36 3.339444730197486e+00 2.573300000000000e+39 
8.458390079895283e+15 3.826167115067042e+36 3.340655769211486e+00 2.574810000000000e+39 
8.465882883304812e+15 3.830308775539801e+36 3.341866096580669e+00 2.576320000000000e+39 
8.473340509233545e+15 3.834450436012560e+36 3.343075713309824e+00 2.577830000000000e+39 
8.480833312643073e+15 3.838592096485319e+36 3.344284620490905e+00 2.579340000000000e+39 
8.488290938571804e+15 3.842733756958079e+36 3.345492818987575e+00 2.580850000000000e+39 
8.495783741981334e+15 3.846907033159637e+36 3.346709527962872e+00 2.582360000000000e+39 
8.503276545390861e+15 3.851048693632397e+36 3.347916311355993e+00 2.583880000000000e+39 
8.510769348800390e+15 3.855221969833955e+36 3.349131594572911e+00 2.585390000000000e+39 
8.518262152209919e+15 3.859363630306714e+36 3.350336965314896e+00 2.586900000000000e+39 
8.525754955619447e+15 3.863536906508273e+36 3.351550827412529e+00 2.588410000000000e+39 
8.533282936509772e+15 3.867678566981032e+36 3.352754788173267e+00 2.589930000000000e+39 
8.540775739919301e+15 3.871851843182591e+36 3.353967229677396e+00 2.591440000000000e+39 
8.548303720809624e+15 3.876025119384150e+36 3.355178963054077e+00 2.592950000000000e+39 
8.555831701699949e+15 3.880198395585708e+36 3.356389987229915e+00 2.594470000000000e+39 
8.563359682590273e+15 3.884371671787268e+36 3.357600303428786e+00 2.595980000000000e+39 
8.570887663480599e+15 3.888544947988827e+36 3.358809912732745e+00 2.597500000000000e+39 
8.578415644370921e+15 3.892718224190385e+36 3.360018815998550e+00 2.599010000000000e+39 
8.585943625261246e+15 3.896923116120744e+36 3.361236167769155e+00 2.600530000000000e+39 
8.593471606151569e+15 3.901096392322302e+36 3.362443663213833e+00 2.602040000000000e+39 
8.601034764522689e+15 3.905269668523861e+36 3.363650453844995e+00 2.603560000000000e+39 
8.608562745413015e+15 3.909474560454220e+36 3.364865678349319e+00 2.605080000000000e+39 
8.616125903784135e+15 3.913679452384579e+36 3.366080196028983e+00 2.606590000000000e+39 
8.623689062155256e+15 3.917852728586138e+36 3.367284878989356e+00 2.608110000000000e+39 
8.631252220526375e+15 3.922057620516496e+36 3.368497981219573e+00 2.609630000000000e+39 
8.638815378897496e+15 3.926262512446854e+36 3.369710377853008e+00 2.611150000000000e+39 
8.646378537268615e+15 3.930467404377213e+36 3.370922069878258e+00 2.612660000000000e+39 
8.653976873120532e+15 3.934672296307571e+36 3.372133056461101e+00 2.614180000000000e+39 
8.661540031491653e+15 3.938877188237930e+36 3.373343338809302e+00 2.615700000000000e+39 
8.669138367343568e+15 3.943082080168288e+36 3.374552917772742e+00 2.617220000000000e+39 
8.676701525714690e+15 3.947318587827447e+36 3.375770884164313e+00 2.618740000000000e+39 
8.684299861566605e+15 3.951523479757805e+36 3.376979060365282e+00 2.620260000000000e+39 
8.691898197418522e+15 3.955759987416963e+36 3.378195613596222e+00 2.621780000000000e+39 
8.699496533270437e+15 3.959964879347322e+36 3.379402387550414e+00 2.623300000000000e+39 
8.707094869122351e+15 3.964201387006480e+36 3.380617530190905e+00 2.624820000000000e+39 
8.714728382455065e+15 3.968437894665638e+36 3.381831967860519e+00 2.626340000000000e+39 
8.722326718306981e+15 3.972642786595997e+36 3.383036643391771e+00 2.627860000000000e+39 
8.729960231639693e+15 3.976879294255155e+36 3.384249673274910e+00 2.629380000000000e+39 
8.737558567491609e+15 3.981115801914313e+36 3.385462001304611e+00 2.630900000000000e+39 
8.745192080824321e+15 3.985352309573471e+36 3.386673628242216e+00 2.632430000000000e+39 
8.752825594157033e+15 3.989620432961429e+36 3.387893590454539e+00 2.633950000000000e+39 
8.760459107489745e+15 3.993856940620587e+36 3.389103815626282e+00 2.635470000000000e+39 
8.768092620822458e+15 3.998093448279746e+36 3.390313341056567e+00 2.636990000000000e+39 
8.775761311635966e+15 4.002361571667703e+36 3.391531187663738e+00 2.638520000000000e+39 
8.783394824968678e+15 4.006598079326861e+36 3.392739314252455e+00 2.640040000000000e+39 
8.791063515782185e+15 4.010866202714819e+36 3.393955753628455e+00 2.641570000000000e+39 
8.798697029114898e+15 4.015102710373978e+36 3.395162485521642e+00 2.643090000000000e+39 
8.806365719928405e+15 4.019370833761935e+36 3.396377521833134e+00 2.644620000000000e+39 
8.814034410741914e+15 4.023638957149893e+36 3.397591856716561e+00 2.646140000000000e+39 
8.821703101555421e+15 4.027907080537851e+36 3.398805491148726e+00 2.647670000000000e+39 
8.829371792368930e+15 4.032175203925809e+36 3.400018426319573e+00 2.649190000000000e+39 
8.837075660663234e+15 4.036443327313767e+36 3.401230661418310e+00 2.650720000000000e+39 
8.844744351476742e+15 4.040711450701725e+36 3.402442197419216e+00 2.652240000000000e+39 
8.852448219771045e+15 4.045011189818482e+36 3.403662004977822e+00 2.653770000000000e+39 
8.860116910584554e+15 4.049279313206440e+36 3.404872146585692e+00 2.655300000000000e+39 
8.867820778878857e+15 4.053579052323198e+36 3.406090551457572e+00 2.656830000000000e+39 
8.875524647173161e+15 4.057847175711155e+36 3.407299301069055e+00 2.658350000000000e+39 
8.883228515467466e+15 4.062146914827913e+36 3.408516303928462e+00 2.659880000000000e+39 
8.890967561242561e+15 4.066446653944670e+36 3.409732606175418e+00 2.661410000000000e+39 
8.898671429536867e+15 4.070714777332629e+36 3.410939269966208e+00 2.662940000000000e+39 
8.906375297831173e+15 4.075014516449386e+36 3.412154174846667e+00 2.664470000000000e+39 
8.914114343606270e+15 4.079314255566144e+36 3.413368382189111e+00 2.666000000000000e+39 
8.921853389381372e+15 4.083613994682901e+36 3.414581890974254e+00 2.667530000000000e+39 
8.929557257675675e+15 4.087913733799659e+36 3.415794704024030e+00 2.669060000000000e+39 
8.937296303450777e+15 4.092245088645216e+36 3.417015735441773e+00 2.670589999999999e+39 
8.945035349225874e+15 4.096544827761974e+36 3.418227159073087e+00 2.672120000000000e+39 
8.952809572481770e+15 4.100876182607531e+36 3.419446789300549e+00 2.673650000000000e+39 
8.960548618256871e+15 4.105175921724288e+36 3.420656822480237e+00 2.675180000000000e+39 
8.968322841512765e+15 4.109507276569846e+36 3.421875054268781e+00 2.676710000000000e+39 
8.976061887287865e+15 4.113807015686603e+36 3.423083701300246e+00 2.678250000000000e+39 
8.983836110543761e+15 4.118138370532161e+36 3.424300538760436e+00 2.679780000000000e+39 
8.991610333799658e+15 4.122469725377718e+36 3.425516679167940e+00 2.681310000000000e+39 
8.999384557055553e+15 4.126801080223275e+36 3.426732123486957e+00 2.682850000000000e+39 
9.007158780311450e+15 4.131132435068832e+36 3.427946872760357e+00 2.684380000000000e+39 
9.014933003567344e+15 4.135463789914389e+36 3.429160928028480e+00 2.685910000000000e+39 
9.022707226823238e+15 4.139795144759947e+36 3.430374290249643e+00 2.687450000000000e+39 
9.030516627559932e+15 4.144158115334303e+36 3.431595810651448e+00 2.688980000000000e+39 
9.038290850815826e+15 4.148489470179861e+36 3.432807786997434e+00 2.690520000000000e+39 
9.046100251552518e+15 4.152852440754218e+36 3.434027913546740e+00 2.692050000000000e+39 
9.053909652289210e+15 4.157183795599775e+36 3.435238506522326e+00 2.693590000000000e+39 
9.061719053025902e+15 4.161546766174132e+36 3.436457239986078e+00 2.695120000000000e+39 
9.069528453762594e+15 4.165878121019689e+36 3.437666452166697e+00 2.696660000000000e+39 
9.077337854499284e+15 4.170241091594046e+36 3.438883796752990e+00 2.698200000000000e+39 
9.085182432716772e+15 4.174604062168403e+36 3.440100447015038e+00 2.699730000000000e+39 
9.092991833453464e+15 4.178967032742760e+36 3.441316403908534e+00 2.701270000000000e+39 
9.100836411670952e+15 4.183330003317117e+36 3.442531668390129e+00 2.702810000000000e+39 
9.108680989888440e+15 4.187724589620273e+36 3.443755041340814e+00 2.704350000000000e+39 
9.116525568105926e+15 4.192087560194630e+36 3.444968921436902e+00 2.705880000000000e+39 
9.124370146323414e+15 4.196450530768988e+36 3.446182110327939e+00 2.707420000000000e+39 
9.132214724540900e+15 4.200845117072145e+36 3.447403395895273e+00 2.708960000000000e+39 
9.140059302758390e+15 4.205208087646502e+36 3.448615206632937e+00 2.710500000000000e+39 
9.147939058456672e+15 4.209602673949658e+36 3.449835104025089e+00 2.712040000000000e+39 
9.155783636674160e+15 4.213997260252815e+36 3.451054308623061e+00 2.713580000000000e+39 
9.163663392372444e+15 4.218360230827172e+36 3.452264054693672e+00 2.715120000000000e+39 
9.171543148070726e+15 4.222754817130328e+36 3.453481873876936e+00 2.716660000000000e+39 
9.179387726288214e+15 4.227149403433485e+36 3.454699003401696e+00 2.718200000000000e+39 
9.187302659467294e+15 4.231543989736641e+36 3.455915442086042e+00 2.719750000000000e+39 
9.195182415165574e+15 4.235970191768598e+36 3.457139935957262e+00 2.721290000000000e+39 
9.203062170863860e+15 4.240364778071754e+36 3.458354995191486e+00 2.722830000000000e+39 
9.210941926562144e+15 4.244759364374911e+36 3.459569366578630e+00 2.724370000000000e+39 
9.218856859741224e+15 4.249185566406867e+36 3.460791781631132e+00 2.725920000000000e+39 
9.226771792920302e+15 4.253580152710024e+36 3.462004776436773e+00 2.727460000000000e+39 
9.234686726099380e+15 4.258006354741980e+36 3.463225805315602e+00 2.729000000000000e+39 
9.242601659278462e+15 4.262400941045137e+36 3.464437426018669e+00 2.730550000000000e+39 
9.250516592457540e+15 4.266827143077093e+36 3.465657072756482e+00 2.732090000000000e+39 
9.258431525636618e+15 4.271253345109050e+36 3.466876030267321e+00 2.733640000000000e+39 
9.266346458815700e+15 4.275679547141006e+36 3.468094299493374e+00 2.735180000000000e+39 
9.274296569475574e+15 4.280105749172962e+36 3.469311879673980e+00 2.736730000000000e+39 
9.282211502654654e+15 4.284531951204919e+36 3.470528771751879e+00 2.738270000000000e+39 
9.290161613314530e+15 4.288989768965675e+36 3.471753664460158e+00 2.739820000000000e+39 
9.298111723974404e+15 4.293415970997631e+36 3.472969182679368e+00 2.741360000000000e+39 
9.306061834634278e+15 4.297842173029588e+36 3.474184014122049e+00 2.742910000000000e+39 
9.314011945294152e+15 4.302299990790344e+36 3.475406832888846e+00 2.744460000000000e+39 
9.321962055954030e+15 4.306726192822299e+36 3.476620294968489e+00 2.746010000000000e+39 
9.329947344094700e+15 4.311184010583056e+36 3.477841734568857e+00 2.747550000000000e+39 
9.337897454754576e+15 4.315641828343811e+36 3.479062485660779e+00 2.749100000000000e+39 
9.345882742895246e+15 4.320099646104567e+36 3.480282549184624e+00 2.750650000000000e+39 
9.353868031035916e+15 4.324557463865324e+36 3.481501924385382e+00 2.752200000000000e+39 
9.361853319176588e+15 4.329015281626079e+36 3.482720612406873e+00 2.753750000000000e+39 
9.369838607317260e+15 4.333473099386836e+36 3.483938614263236e+00 2.755300000000000e+39 
9.377823895457932e+15 4.337930917147592e+36 3.485155930966190e+00 2.756850000000000e+39 
9.385809183598602e+15 4.342388734908348e+36 3.486372563449007e+00 2.758400000000000e+39 
9.393829649220070e+15 4.346878168397903e+36 3.487597135111584e+00 2.759950000000000e+39 
9.401814937360740e+15 4.351335986158660e+36 3.488812399398408e+00 2.761500000000000e+39 
9.409835402982208e+15 4.355825419648215e+36 3.490035595038589e+00 2.763050000000000e+39 
9.417855868603674e+15 4.360314853137771e+36 3.491258102995488e+00 2.764600000000000e+39 
9.425876334225142e+15 4.364772670898527e+36 3.492471319430867e+00 2.766150000000000e+39 
9.433896799846608e+15 4.369262104388083e+36 3.493692454099166e+00 2.767710000000000e+39 
9.441917265468076e+15 4.373751537877638e+36 3.494912904039717e+00 2.769260000000000e+39 
9.449937731089542e+15 4.378240971367194e+36 3.496132670182164e+00 2.770810000000000e+39 
9.457993374191806e+15 4.382730404856750e+36 3.497351751710833e+00 2.772370000000000e+39 
9.466049017294068e+15 4.387251454075105e+36 3.498578728545316e+00 2.773920000000000e+39 
9.474069482915534e+15 4.391740887564660e+36 3.499796443041792e+00 2.775470000000000e+39 
9.482125126017798e+15 4.396230321054216e+36 3.501013475864097e+00 2.777030000000000e+39 
9.490180769120062e+15 4.400751370272572e+36 3.502238392723462e+00 2.778580000000000e+39 
9.498236412222324e+15 4.405240803762127e+36 3.503454062966109e+00 2.780140000000000e+39 
9.506327232805384e+15 4.409761852980483e+36 3.504677607767741e+00 2.781690000000001e+39 
9.514382875907646e+15 4.414282902198838e+36 3.505900467605239e+00 2.783250000000000e+39 
9.522473696490706e+15 4.418803951417193e+36 3.507122643283673e+00 2.784810000000000e+39 
9.530529339592968e+15 4.423325000635548e+36 3.508344135805090e+00 2.786360000000000e+39 
9.538620160176026e+15 4.427846049853904e+36 3.509564946295891e+00 2.787920000000000e+39 
9.546710980759086e+15 4.432367099072260e+36 3.510785074021606e+00 2.789480000000000e+39 
9.554801801342144e+15 4.436888148290615e+36 3.512004520106650e+00 2.791040000000000e+39 
9.562892621925202e+15 4.441409197508971e+36 3.513223285474020e+00 2.792590000000000e+39 
9.571018619989058e+15 4.445961862456126e+36 3.514449887863934e+00 2.794150000000000e+39 
9.579109440572118e+15 4.450482911674481e+36 3.515667292054489e+00 2.795710000000000e+39 
9.587235438635970e+15 4.455035576621636e+36 3.516892525803261e+00 2.797270000000000e+39 
9.595361436699826e+15 4.459556625839991e+36 3.518108571128387e+00 2.798830000000000e+39 
9.603452257282886e+15 4.464109290787146e+36 3.519332438313577e+00 2.800390000000000e+39 
9.611578255346740e+15 4.468661955734301e+36 3.520555625053466e+00 2.801950000000000e+39 
9.619739430891390e+15 4.473214620681457e+36 3.521778128705973e+00 2.803510000000000e+39 
9.627865428955242e+15 4.477767285628612e+36 3.522999950392788e+00 2.805070000000000e+39 
9.635991427019100e+15 4.482319950575767e+36 3.524221092945721e+00 2.806630000000000e+39 
9.644152602563750e+15 4.486872615522922e+36 3.525441555324413e+00 2.808190000000000e+39 
9.652278600627604e+15 4.491456896198876e+36 3.526669809757930e+00 2.809760000000000e+39 
9.660439776172256e+15 4.496009561146032e+36 3.527888915919569e+00 2.811320000000000e+39 
9.668600951716906e+15 4.500562226093186e+36 3.529107343217931e+00 2.812879999999999e+39 
9.676762127261558e+15 4.505146506769141e+36 3.530333549756445e+00 2.814440000000000e+39 
9.684923302806208e+15 4.509730787445096e+36 3.531559075738692e+00 2.816010000000000e+39 
9.693119655831656e+15 4.514283452392251e+36 3.532775472664079e+00 2.817570000000000e+39 
9.701280831376306e+15 4.518867733068206e+36 3.533999636047453e+00 2.819139999999999e+39 
9.709477184401750e+15 4.523452013744160e+36 3.535223120067534e+00 2.820700000000000e+39 
9.717638359946402e+15 4.528036294420116e+36 3.536445925518374e+00 2.822260000000000e+39 
9.725834712971850e+15 4.532620575096071e+36 3.537668053314683e+00 2.823830000000000e+39 
9.734031065997296e+15 4.537236471500824e+36 3.538897926923578e+00 2.825400000000000e+39 
9.742227419022740e+15 4.541820752176780e+36 3.540118699990109e+00 2.826960000000000e+39 
9.750458949528984e+15 4.546405032852735e+36 3.541338795014554e+00 2.828530000000000e+39 
9.758655302554432e+15 4.551020929257488e+36 3.542566623352273e+00 2.830090000000000e+39 
9.766851655579878e+15 4.555605209933443e+36 3.543785368029008e+00 2.831660000000000e+39 
9.775083186086120e+15 4.560221106338198e+36 3.545011838409924e+00 2.833230000000000e+39 
9.783314716592362e+15 4.564837002742952e+36 3.546237629161946e+00 2.834800000000000e+39 
9.791546247098606e+15 4.569452899147707e+36 3.547462741199111e+00 2.836360000000000e+39 
9.799777777604846e+15 4.574068795552462e+36 3.548687175506610e+00 2.837930000000000e+39 
9.808009308111090e+15 4.578684691957216e+36 3.549910933067323e+00 2.839500000000000e+39 
9.816240838617332e+15 4.583300588361970e+36 3.551134014981294e+00 2.841070000000000e+39 
9.824507546604372e+15 4.587916484766724e+36 3.552356420547310e+00 2.842640000000000e+39 
9.832739077110612e+15 4.592532381171479e+36 3.553578150672541e+00 2.844210000000000e+39 
9.841005785097652e+15 4.597179893305034e+36 3.554807570235016e+00 2.845780000000000e+39 
9.849272493084690e+15 4.601795789709788e+36 3.556027951549600e+00 2.847350000000000e+39 
9.857539201071728e+15 4.606443301843342e+36 3.557256013272013e+00 2.848920000000000e+39 
9.865805909058766e+15 4.611059198248096e+36 3.558475048054990e+00 2.850490000000000e+39 
9.874072617045806e+15 4.615706710381650e+36 3.559701755792352e+00 2.852060000000000e+39 
9.882339325032844e+15 4.620354222515204e+36 3.560927788410579e+00 2.853630000000000e+39 
9.890641210500680e+15 4.625001734648759e+36 3.562153145142366e+00 2.855210000000000e+39 
9.898943095968510e+15 4.629649246782313e+36 3.563377825290274e+00 2.856780000000000e+39 
9.907209803955550e+15 4.634296758915867e+36 3.564601831622576e+00 2.858350000000000e+39 
9.915511689423386e+15 4.638944271049420e+36 3.565825164921282e+00 2.859920000000000e+39 
9.923813574891218e+15 4.643623398911775e+36 3.567056142287325e+00 2.861500000000000e+39 
9.932115460359054e+15 4.648270911045329e+36 3.568278129912005e+00 2.863070000000000e+39 
9.940452523307682e+15 4.652950038907683e+36 3.569507752782507e+00 2.864650000000000e+39 
9.948754408775518e+15 4.657597551041237e+36 3.570728395463463e+00 2.866220000000000e+39 
9.957091471724150e+15 4.662276678903590e+36 3.571956666122745e+00 2.867790000000000e+39 
9.965393357191982e+15 4.666955806765945e+36 3.573184262613117e+00 2.869370000000000e+39 
9.973730420140612e+15 4.671603318899499e+36 3.574402895440657e+00 2.870950000000000e+39 
9.982067483089242e+15 4.676282446761853e+36 3.575629143947826e+00 2.872520000000001e+39 
9.990404546037872e+15 4.680961574624206e+36 3.576854719396667e+00 2.874100000000000e+39 
9.998741608986502e+15 4.685672318215360e+36 3.578087899437324e+00 2.875670000000000e+39 
1.000711384941593e+16 4.690351446077714e+36 3.579312130639871e+00 2.877250000000000e+39 
1.001545091236456e+16 4.695030573940068e+36 3.580535690081840e+00 2.878830000000000e+39 
1.002382315279399e+16 4.699709701802422e+36 3.581758578849803e+00 2.880409999999999e+39 
1.003219539322341e+16 4.704420445393575e+36 3.582989054559729e+00 2.881980000000000e+39 
1.004053245617204e+16 4.709131188984729e+36 3.584218857568939e+00 2.883560000000000e+39 
1.004890469660147e+16 4.713810316847082e+36 3.585439739202195e+00 2.885140000000000e+39 
1.005731211451169e+16 4.718521060438235e+36 3.586668195518785e+00 2.886720000000000e+39 
1.006568435494112e+16 4.723231804029389e+36 3.587895978788061e+00 2.888300000000000e+39 
1.007405659537054e+16 4.727942547620543e+36 3.589123091546300e+00 2.889880000000000e+39 
1.008246401328076e+16 4.732653291211697e+36 3.590349532999089e+00 2.891460000000000e+39 
1.009083625371019e+16 4.737364034802851e+36 3.591575304224766e+00 2.893040000000000e+39 
1.009924367162041e+16 4.742074778394003e+36 3.592800406302406e+00 2.894620000000000e+39 
1.010765108953063e+16 4.746785521985157e+36 3.594024838367188e+00 2.896200000000000e+39 
1.011605850744086e+16 4.751527881305110e+36 3.595256815048561e+00 2.897780000000000e+39 
1.012446592535108e+16 4.756238624896264e+36 3.596479910879045e+00 2.899360000000000e+39 
1.013290852074210e+16 4.760980984216217e+36 3.597710542387569e+00 2.900950000000000e+39 
1.014131593865232e+16 4.765723343536170e+36 3.598940502519622e+00 2.902530000000000e+39 
1.014975853404334e+16 4.770434087127323e+36 3.600161596536779e+00 2.904110000000000e+39 
1.015820112943435e+16 4.775176446447277e+36 3.601390214167649e+00 2.905690000000000e+39 
1.016660854734458e+16 4.779918805767230e+36 3.602618163232135e+00 2.907280000000000e+39 
1.017505114273559e+16 4.784661165087183e+36 3.603845444500060e+00 2.908860000000000e+39 
1.018349373812661e+16 4.789403524407136e+36 3.605072057229742e+00 2.910440000000000e+39 
1.019197151099843e+16 4.794177499455890e+36 3.606306174201923e+00 2.912030000000000e+39 
1.020041410638944e+16 4.798919858775843e+36 3.607531450567296e+00 2.913609999999999e+39 
1.020889187926126e+16 4.803662218095796e+36 3.608756059686366e+00 2.915200000000000e+39 
1.021733447465228e+16 4.808436193144549e+36 3.609988162689417e+00 2.916780000000000e+39 
1.022581224752409e+16 4.813178552464502e+36 3.611211441213217e+00 2.918370000000000e+39 
1.023429002039590e+16 4.817952527513255e+36 3.612442204781981e+00 2.919950000000000e+39 
1.024276779326772e+16 4.822726502562007e+36 3.613672299648796e+00 2.921539999999999e+39 
1.025124556613953e+16 4.827500477610761e+36 3.614901726582925e+00 2.923130000000000e+39 
1.025972333901135e+16 4.832274452659513e+36 3.616130486650650e+00 2.924710000000000e+39 
1.026823628936395e+16 4.837048427708267e+36 3.617358579191937e+00 2.926300000000000e+39 
1.027671406223577e+16 4.841822402757019e+36 3.618586005271176e+00 2.927890000000000e+39 
1.028522701258838e+16 4.846596377805773e+36 3.619812765953451e+00 2.929480000000000e+39 
1.029373996294099e+16 4.851370352854525e+36 3.621038860395041e+00 2.931070000000000e+39 
1.030225291329360e+16 4.856175943632078e+36 3.622272405454538e+00 2.932650000000000e+39 
1.031076586364621e+16 4.860949918680830e+36 3.623497171039071e+00 2.934240000000000e+39 
1.031927881399882e+16 4.865755509458383e+36 3.624729380159228e+00 2.935830000000000e+39 
1.032779176435143e+16 4.870529484507135e+36 3.625952820593914e+00 2.937420000000000e+39 
1.033633989218483e+16 4.875335075284688e+36 3.627183696009288e+00 2.939010000000000e+39 
1.034485284253744e+16 4.880140666062242e+36 3.628413905581286e+00 2.940600000000000e+39 
1.035340097037085e+16 4.884946256839793e+36 3.629643450187390e+00 2.942190000000000e+39 
1.036194909820425e+16 4.889751847617346e+36 3.630872329172363e+00 2.943780000000000e+39 
1.037049722603766e+16 4.894557438394899e+36 3.632100543596020e+00 2.945370000000000e+39 
1.037904535387106e+16 4.899363029172451e+36 3.633328094401107e+00 2.946960000000000e+39 
1.038759348170447e+16 4.904168619950003e+36 3.634554982460642e+00 2.948560000000000e+39 
1.039617678701867e+16 4.909005826456356e+36 3.635789274757817e+00 2.950150000000000e+39 
1.040472491485208e+16 4.913811417233909e+36 3.637014837625183e+00 2.951740000000000e+39 
1.041330822016628e+16 4.918648623740262e+36 3.638247797766708e+00 2.953330000000000e+39 
1.042189152548048e+16 4.923485830246614e+36 3.639480092051405e+00 2.954930000000000e+39 
1.043043965331389e+16 4.928291421024166e+36 3.640703672708105e+00 2.956520000000000e+39 
1.043902295862809e+16 4.933128627530518e+36 3.641934640533508e+00 2.958110000000000e+39 
1.044764144142308e+16 4.937965834036870e+36 3.643164943785203e+00 2.959710000000000e+39 
1.045622474673728e+16 4.942803040543222e+36 3.644394583335882e+00 2.961300000000000e+39 
1.046480805205149e+16 4.947640247049575e+36 3.645623561816176e+00 2.962900000000000e+39 
1.047342653484649e+16 4.952477453555927e+36 3.646851878403867e+00 2.964490000000000e+39 
1.048204501764148e+16 4.957346275791079e+36 3.648087556701963e+00 2.966090000000000e+39 
1.049062832295569e+16 4.962183482297431e+36 3.649314551382850e+00 2.967680000000000e+39 
1.049924680575068e+16 4.967052304532583e+36 3.650548902530054e+00 2.969280000000000e+39 
1.050786528854568e+16 4.971889511038935e+36 3.651774578969793e+00 2.970870000000000e+39 
1.051648377134068e+16 4.976758333274088e+36 3.653007603597438e+00 2.972470000000000e+39 
1.052513743161647e+16 4.981627155509239e+36 3.654239965356546e+00 2.974070000000000e+39 
1.053375591441147e+16 4.986464362015592e+36 3.655463666705411e+00 2.975660000000000e+39 
1.054240957468726e+16 4.991333184250744e+36 3.656694704787165e+00 2.977260000000000e+39 
1.055106323496305e+16 4.996202006485895e+36 3.657925081163078e+00 2.978860000000000e+39 
1.055968171775805e+16 5.001070828721048e+36 3.659154798089094e+00 2.980460000000000e+39 
1.056833537803385e+16 5.005971266684999e+36 3.660391837747165e+00 2.982050000000000e+39 
1.057698903830964e+16 5.010840088920151e+36 3.661620237812645e+00 2.983649999999999e+39 
1.058567787606623e+16 5.015708911155302e+36 3.662847978130892e+00 2.985250000000000e+39 
1.059433153634202e+16 5.020609349119254e+36 3.664083028233109e+00 2.986850000000000e+39 
1.060298519661781e+16 5.025478171354406e+36 3.665309454399880e+00 2.988450000000000e+39 
1.061167403437440e+16 5.030378609318359e+36 3.666543183430081e+00 2.990050000000000e+39 
1.062036287213099e+16 5.035279047282309e+36 3.667776251531259e+00 2.991650000000000e+39 
1.062905170988758e+16 5.040147869517461e+36 3.669000708371702e+00 7.200115549724308e-19 
