		2034
0.000000000000000e+00 0.000000000000000e+00 1.000000000000000e+00 1.122000000000000e+33 
1.872849077574142e+09 1.844145460885801e+27 1.000141067268386e+00 1.259000000000000e+33 
2.105372225635094e+09 2.039530664867873e+27 1.000250505109917e+00 1.413000000000000e+33 
2.363926709485018e+09 2.289611079673405e+27 1.000374979884348e+00 1.585000000000000e+33 
2.652733826819423e+09 2.570042594126638e+27 1.000498713626335e+00 1.778000000000000e+33 
2.963350982247290e+09 3.256420066367864e+27 1.000771668577642e+00 1.995000000000000e+33 
3.330603881756570e+09 3.398690845966460e+27 1.000822179946230e+00 2.239000000000000e+33 
3.739366208605021e+09 3.787564310202623e+27 1.000943886031750e+00 2.512000000000000e+33 
4.200191207031415e+09 4.568472811554917e+27 1.001162928566764e+00 2.818000000000000e+33 
4.717300174731263e+09 5.039547170670268e+27 1.001280880279221e+00 3.162000000000000e+33 
5.287175363624973e+09 5.820455672022561e+27 1.001454797927934e+00 3.548000000000000e+33 
5.937958758349272e+09 6.357923061617257e+27 1.001561586891454e+00 3.981000000000000e+33 
6.659097114665384e+09 7.306394925607895e+27 1.001727958783589e+00 4.466999999999999e+33 
7.450590432573316e+09 9.905207832942254e+27 1.002138075590283e+00 5.012000000000000e+33 
8.368722681346515e+09 1.152077157460631e+28 1.002366610439853e+00 5.623000000000000e+33 
9.385351876348253e+09 1.366115641434519e+28 1.002635528767569e+00 6.310000000000000e+33 
1.053213775029486e+10 1.540950621696793e+28 1.002831745142391e+00 7.079000000000000e+33 
1.181963354742509e+10 1.724005691446987e+28 1.003014342069830e+00 7.943000000000000e+33 
1.326191026005732e+10 1.969027589644569e+28 1.003231599905126e+00 8.912999999999998e+33 
1.488007437666908e+10 2.390465254544410e+28 1.003565837833436e+00 1.000000000000000e+34 
1.670930337805630e+10 2.651611174429833e+28 1.003750636066662e+00 1.122000000000000e+34 
1.874607951613938e+10 3.124266319985168e+28 1.004048149754428e+00 1.259000000000000e+34 
2.103965126403257e+10 3.452437584925930e+28 1.004232657027709e+00 1.413000000000000e+34 
2.361464285829304e+10 3.942481381321094e+28 1.004477392814257e+00 1.585000000000000e+34 
2.649216078739832e+10 4.511564499715478e+28 1.004732800726253e+00 1.778000000000000e+34 
2.967924054750758e+10 4.593765394594667e+28 1.004765510625987e+00 1.995000000000000e+34 
3.336584053491874e+10 6.247268010818350e+28 1.005347848984036e+00 2.239000000000000e+34 
3.746401704764202e+10 7.135669990089583e+28 1.005629720689829e+00 2.512000000000000e+34 
4.200191207031416e+10 8.163181176079442e+28 1.005919014813224e+00 3.162000000000000e+34 
5.283657615545382e+10 9.807199073663217e+28 1.006303623223213e+00 3.548000000000000e+34 
5.941476506428862e+10 1.436934873945820e+29 1.007213642882529e+00 3.981000000000000e+34 
6.666132610824567e+10 1.522297341704977e+29 1.007365791121766e+00 4.467000000000000e+34 
7.478732417210039e+10 1.743291286014796e+29 1.007715817785938e+00 5.012000000000000e+34 
8.382793673664877e+10 1.818536720558054e+29 1.007822100105220e+00 5.623000000000001e+34 
9.427564853303345e+10 2.675639128317596e+29 1.008894186921847e+00 6.310000000000001e+34 
1.058138622340913e+11 3.121104747105200e+29 1.009396163968874e+00 7.079000000000001e+34 
1.187239976861895e+11 3.578900500124682e+29 1.009852116671311e+00 7.943000000000000e+34 
1.333930071780832e+11 4.442009896356165e+29 1.010619777821864e+00 8.912999999999999e+34 
1.496801807865886e+11 4.985800431710798e+29 1.011051405447628e+00 1.000000000000000e+35 
1.680428257620526e+11 5.943757014341345e+29 1.011726679548140e+00 1.122000000000000e+35 
1.887271844700464e+11 7.100892688409925e+29 1.012455454137864e+00 1.259000000000000e+35 
2.118036118721621e+11 8.115757582879911e+29 1.013024848567742e+00 1.413000000000000e+35 
2.379053026227259e+11 9.570081107665559e+29 1.013751119535860e+00 1.585000000000000e+35 
2.669619017601458e+11 1.111609024597030e+30 1.014439005628907e+00 1.778000000000000e+35 
2.998880237851157e+11 1.342087687546756e+30 1.015350959723531e+00 1.995000000000000e+35 
3.372465083903700e+11 1.720844118567018e+30 1.016690942579606e+00 2.239000000000000e+35 
3.781579185560110e+11 1.882716650021420e+30 1.017202052915442e+00 2.512000000000000e+35 
4.249439680145687e+11 2.292772652553374e+30 1.018351046883697e+00 2.818000000000000e+35 
4.770066395925125e+11 2.638964882909957e+30 1.019217116091781e+00 3.162000000000000e+35 
5.361048073296380e+11 3.159675936240819e+30 1.020373902769656e+00 3.548000000000000e+35 
6.029420208418632e+11 3.983581828760688e+30 1.022009522348234e+00 3.981000000000000e+35 
6.761111808973518e+11 4.419878886196383e+30 1.022781362991178e+00 4.467000000000000e+35 
7.601853599995720e+11 5.466359509466056e+30 1.024425146922237e+00 5.012000000000000e+35 
8.548127833405646e+11 6.737311807213513e+30 1.026211581757796e+00 5.623000000000000e+35 
9.585863516884932e+11 7.363303237447335e+30 1.026994601134919e+00 6.310000000000000e+35 
1.077838011586621e+12 9.054744728230645e+30 1.028874204184182e+00 7.079000000000000e+35 
1.211160663803113e+12 1.092639587317217e+31 1.030734261578676e+00 7.943000000000000e+35 
1.359609632761844e+12 1.249453602163670e+31 1.032122275597432e+00 8.913000000000000e+35 
1.527406216158326e+12 1.482461523417370e+31 1.033956976273217e+00 1.000000000000000e+36 
1.716309288032351e+12 1.781546317862419e+31 1.036060407878830e+00 1.122000000000000e+36 
1.927374172807800e+12 2.036369091987904e+31 1.037656983441548e+00 1.259000000000000e+36 
2.166229267412015e+12 2.441682735199905e+31 1.039917554209304e+00 1.413000000000000e+36 
2.433929896268875e+12 2.890309926867478e+31 1.042153443944549e+00 1.585000000000000e+36 
2.730827834186338e+12 3.253258493487896e+31 1.043764779077599e+00 1.778000000000000e+36 
3.066772775787260e+12 3.850795767801998e+31 1.046126536611834e+00 1.995000000000000e+36 
3.447393117998985e+12 4.625381123394355e+31 1.048864157345295e+00 2.239000000000000e+36 
3.869522887549880e+12 5.197625814668709e+31 1.050666143841509e+00 2.512000000000000e+36 
4.351454374453820e+12 6.247268010818349e+31 1.053606411089487e+00 2.818000000000000e+36 
4.889669830631212e+12 7.518220308565806e+31 1.056791616696425e+00 3.162000000000000e+36 
5.484169256082058e+12 8.324421392957851e+31 1.058594378349026e+00 3.548000000000000e+36 
6.159576887363491e+12 9.778744917743498e+31 1.061483461251832e+00 3.981000000000000e+36 
6.936999212953059e+12 1.210566255740054e+32 1.065622399861765e+00 4.466999999999999e+36 
7.770705507816078e+12 1.304464970275127e+32 1.067113311933614e+00 5.012000000000000e+36 
8.738086229703549e+12 1.578889496256419e+32 1.070992732962849e+00 5.623000000000000e+36 
9.796928401660381e+12 1.740129713134828e+32 1.073030000827867e+00 6.309999999999999e+36 
1.102462248143757e+13 2.110033740091177e+32 1.077186943156841e+00 7.079000000000000e+36 
1.240709747671675e+13 2.564984077518688e+32 1.081764279801272e+00 7.943000000000000e+36 
1.389510491438366e+13 2.791036538436457e+32 1.083791088923685e+00 8.913000000000000e+36 
1.566101445033824e+13 3.439791293406055e+32 1.088964696488913e+00 1.000000000000000e+37 
1.763798887106827e+13 4.201730357478536e+32 1.094401130468430e+00 1.122000000000000e+37 
1.978029745153907e+13 4.663319997953980e+32 1.097336407699425e+00 1.259000000000000e+37 
2.227086309188936e+13 5.652892309384215e+32 1.102947039033215e+00 1.413000000000000e+37 
2.500063560165182e+13 6.332630478577507e+32 1.106387058241347e+00 1.585000000000000e+37 
2.817364436944272e+13 7.767984566083342e+32 1.112850801681213e+00 1.778000000000000e+37 
3.177933615102329e+13 9.573242680545527e+32 1.120121428660930e+00 1.995000000000000e+37 
3.559961056545890e+13 1.049958353437639e+33 1.123462769616130e+00 2.239000000000000e+37 
3.989126322255968e+13 1.162510347964528e+33 1.127082320049651e+00 2.512000000000000e+37 
4.467540061080316e+13 1.275694657067411e+33 1.130344846026295e+00 2.818000000000000e+37 
5.002237769178118e+13 1.401209100402172e+33 1.133584228379828e+00 3.162000000000000e+37 
5.607290438867736e+13 1.554229227792662e+33 1.137122501121482e+00 3.548000000000000e+37 
6.279180322069579e+13 1.709462456199130e+33 1.140337556496182e+00 3.980999999999999e+37 
7.042531655340780e+13 1.900105300861249e+33 1.143871844608301e+00 4.467000000000000e+37 
7.886791194442577e+13 2.095806662131318e+33 1.147120130103924e+00 5.011999999999999e+37 
8.843618672091272e+13 2.337666987448931e+33 1.150713674874054e+00 5.623000000000000e+37 
9.902460844048100e+13 2.589012031406451e+33 1.154057528402048e+00 6.309999999999999e+37 
1.110553068726816e+14 2.903272375675350e+33 1.157798427420997e+00 7.079000000000000e+37 
1.245282820175143e+14 3.269066357887739e+33 1.161696165465317e+00 7.943000000000000e+37 
1.395138888365711e+14 3.664262967883840e+33 1.165464163323008e+00 8.913000000000000e+37 
1.564694345801988e+14 4.170114628678848e+33 1.169778861683732e+00 1.000000000000000e+38 
1.755004516907851e+14 4.773975048752889e+33 1.174388268732894e+00 1.122000000000000e+38 
1.966772951299217e+14 5.469521082346026e+33 1.179138353004532e+00 1.259000000000000e+38 
2.206683370327309e+14 6.367407780257165e+33 1.184623876172528e+00 1.413000000000000e+38 
2.476846422839882e+14 7.486604579766120e+33 1.190738995307611e+00 1.585000000000000e+38 
2.779372757684692e+14 8.899827657112174e+33 1.197645733381156e+00 1.778000000000000e+38 
3.117428348133368e+14 1.062288487669517e+34 1.205117505610759e+00 1.822420000000000e+38 
3.130465122516331e+14 1.075845312178823e+34 1.205678189510403e+00 1.841240000000000e+38 
3.164031474691786e+14 1.107742420964828e+34 1.206988058993349e+00 1.859870000000000e+38 
3.197319924768954e+14 1.139933556028671e+34 1.208296542322219e+00 1.878340000000000e+38 
3.230341025992073e+14 1.172415555797470e+34 1.209603745357192e+00 1.896640000000000e+38 
3.263101813857302e+14 1.205182097125467e+34 1.210909557116361e+00 1.914780000000000e+38 
3.295612841608881e+14 1.238233180012661e+34 1.212214115422367e+00 1.932760000000000e+38 
3.327881144742967e+14 1.271565642886172e+34 1.213517426726831e+00 1.950600000000000e+38 
3.359917276503800e+14 1.305179485746000e+34 1.214819615997083e+00 1.968290000000000e+38 
3.391728272387539e+14 1.339068385446386e+34 1.216120558150815e+00 1.985850000000000e+38 
3.423321167890344e+14 1.373235503560209e+34 1.217420489420300e+00 2.003260000000000e+38 
3.454702998508374e+14 1.407671355368829e+34 1.218719159728226e+00 2.020550000000000e+38 
3.485877281989708e+14 1.442382264018006e+34 1.220016914362876e+00 2.037710000000000e+38 
3.516858089326664e+14 1.477361906361981e+34 1.221313617508041e+00 2.054740000000000e+38 
3.547648938267322e+14 1.512607120827873e+34 1.222609249182928e+00 2.071650000000000e+38 
3.578253346559762e+14 1.548117907415683e+34 1.223903903876401e+00 2.088450000000000e+38 
3.608681867448222e+14 1.583894266125409e+34 1.225197670963934e+00 2.105130000000000e+38 
3.638934500932703e+14 1.619929873811294e+34 1.226490408549382e+00 2.121700000000000e+38 
3.669011247013205e+14 1.656224730473336e+34 1.227782202909734e+00 2.138160000000000e+38 
3.698912105689727e+14 1.692778836111535e+34 1.229073138607327e+00 2.154520000000000e+38 
3.728672254443064e+14 1.729589029153011e+34 1.230363180833818e+00 2.170780000000000e+38 
3.758291693273219e+14 1.766652148024886e+34 1.231652288493562e+00 2.186940000000000e+38 
3.787735244699394e+14 1.803971354300038e+34 1.232940646730807e+00 2.203000000000000e+38 
3.817038086202386e+14 1.841540324832707e+34 1.234228111255438e+00 2.218970000000000e+38 
3.846200217782194e+14 1.879359059622894e+34 1.235514749191567e+00 2.234850000000000e+38 
3.875221639438818e+14 1.917427558670598e+34 1.236800627015575e+00 2.250630000000000e+38 
3.904137528653054e+14 1.955742660402940e+34 1.238085697046105e+00 2.266330000000000e+38 
3.932912707944106e+14 1.994304364819920e+34 1.239370017750080e+00 2.281950000000000e+38 
3.961547177311976e+14 2.033109510348656e+34 1.240653548401028e+00 2.297480000000000e+38 
3.990076114237457e+14 2.072154935416271e+34 1.241936242074520e+00 2.312930000000000e+38 
4.018464341239755e+14 2.111443801595643e+34 1.243218259487153e+00 2.328300000000000e+38 
4.046747035799665e+14 2.150972947313894e+34 1.244499553426318e+00 2.343600000000000e+38 
4.074924197917188e+14 2.190742372571021e+34 1.245780172714570e+00 2.358820000000000e+38 
4.102960650111526e+14 2.230745754221266e+34 1.247059969650998e+00 2.373970000000000e+38 
4.130926747344273e+14 2.270989415410389e+34 1.248339195180286e+00 2.389040000000000e+38 
4.158787312134632e+14 2.311467032992629e+34 1.249617690039396e+00 2.404050000000000e+38 
4.186542344482603e+14 2.352175445395108e+34 1.250895403211397e+00 2.418980000000000e+38 
4.214191844388187e+14 2.393120975763584e+34 1.252172580047154e+00 2.433850000000000e+38 
4.241735811851383e+14 2.434297300952297e+34 1.253449069654184e+00 2.448660000000000e+38 
4.269209424352987e+14 2.475701259388369e+34 1.254724815196536e+00 2.463400000000000e+38 
4.296577504412203e+14 2.517339174217558e+34 1.256000051822443e+00 2.478080000000000e+38 
4.323875229509828e+14 2.559201560721225e+34 1.257274529024608e+00 2.492700000000000e+38 
4.351067422165065e+14 2.601291580472250e+34 1.258548383305277e+00 2.507250000000000e+38 
4.378189259858710e+14 2.643609233470632e+34 1.259821653580364e+00 2.521750000000000e+38 
4.405205565109968e+14 2.686154519716372e+34 1.261094378039610e+00 2.536190000000000e+38 
4.432151515399633e+14 2.728921116063710e+34 1.262366406351868e+00 2.550580000000000e+38 
4.459027110727707e+14 2.771909022512645e+34 1.263637772078467e+00 2.564910000000000e+38 
4.485832351094189e+14 2.815124562208939e+34 1.264908694613733e+00 2.579190000000000e+38 
4.512567236499079e+14 2.858558250433951e+34 1.266178927242957e+00 2.593410000000000e+38 
4.539231766942378e+14 2.902213248760560e+34 1.267448594603468e+00 2.607590000000000e+38 
4.565790764943288e+14 2.946086395615887e+34 1.268717642106139e+00 2.621710000000000e+38 
4.592314585463402e+14 2.990177690999932e+34 1.269986101494144e+00 2.635780000000000e+38 
4.618768051021926e+14 3.034490296485575e+34 1.271254089225258e+00 2.649810000000000e+38 
4.645151161618856e+14 3.079017888927055e+34 1.272521455817140e+00 2.663790000000000e+38 
4.671499094734991e+14 3.123760468324373e+34 1.273788227079772e+00 2.677720000000000e+38 
4.697741495408739e+14 3.168718034677530e+34 1.275054433919224e+00 2.691600000000000e+38 
4.723948718601690e+14 3.213896911132284e+34 1.276320284024300e+00 2.705440000000000e+38 
4.750085586833049e+14 3.259265481959836e+34 1.277584918674592e+00 2.719240000000000e+38 
4.776187277583613e+14 3.304886978617786e+34 1.278850123452623e+00 2.733000000000000e+38 
4.802218613372585e+14 3.350698169648534e+34 1.280114166990689e+00 2.746710000000000e+38 
4.828179594199965e+14 3.396730670780879e+34 1.281377952887086e+00 2.760380000000000e+38 
4.854105397546549e+14 3.442952866286024e+34 1.282640639021711e+00 2.774010000000000e+38 
4.879996023412338e+14 3.489396371892765e+34 1.283903109399442e+00 2.787600000000000e+38 
4.905816294316535e+14 3.536061187601105e+34 1.285165385555782e+00 2.801150000000000e+38 
4.931601387739935e+14 3.582915697682242e+34 1.286426636723511e+00 2.814670000000000e+38 
4.957316126201744e+14 3.629991517864978e+34 1.287687738189927e+00 2.828140000000000e+38 
4.982995687182757e+14 3.677257032420511e+34 1.288947867133230e+00 2.841580000000000e+38 
5.008640070682973e+14 3.724743857077643e+34 1.290207885076191e+00 2.854990000000000e+38 
5.034214099221598e+14 3.772420376107572e+34 1.291466976857197e+00 2.868360000000000e+38 
5.059788127760224e+14 3.820318205239099e+34 1.292725995696729e+00 2.881690000000000e+38 
5.085291801337257e+14 3.868405728743425e+34 1.293984128539376e+00 2.894990000000000e+38 
5.110760297433494e+14 3.916714562349349e+34 1.295242225254141e+00 2.908260000000000e+38 
5.136193616048936e+14 3.965213090328070e+34 1.296499479817698e+00 2.921490000000000e+38 
5.161591757183581e+14 4.013932928408388e+34 1.297756728900141e+00 2.934690000000000e+38 
5.186919543356635e+14 4.062842460861507e+34 1.299013178344370e+00 2.947860000000000e+38 
5.212247329529689e+14 4.111973303416221e+34 1.300269657294036e+00 2.961000000000000e+38 
5.237539938221948e+14 4.161262224614934e+34 1.301524564108045e+00 2.974110000000000e+38 
5.262797369433409e+14 4.210772455915246e+34 1.302779528599446e+00 2.987190000000000e+38 
5.288019623164074e+14 4.260503997317156e+34 1.304034563389026e+00 3.000240000000000e+38 
5.313171521933149e+14 4.310425233091862e+34 1.305288890876153e+00 3.013260000000000e+38 
5.338323420702223e+14 4.360536163239369e+34 1.306542530197678e+00 3.026250000000000e+38 
5.363475319471298e+14 4.410836787759672e+34 1.307795491217186e+00 3.039220000000000e+38 
5.388556863278780e+14 4.461327106652774e+34 1.309047792593982e+00 3.052150000000000e+38 
5.413603229605466e+14 4.512038735647474e+34 1.310300238151751e+00 3.065060000000000e+38 
5.438649595932152e+14 4.562940059014972e+34 1.311552057442147e+00 3.077950000000000e+38 
5.463660784778043e+14 4.614031076755267e+34 1.312803263874468e+00 3.090810000000000e+38 
5.488636796143139e+14 4.665343404597160e+34 1.314054646512935e+00 3.103640000000000e+38 
5.513577630027436e+14 4.716813811083053e+34 1.315304680659625e+00 3.116450000000000e+38 
5.538518463911736e+14 4.768505527670543e+34 1.316554914883929e+00 3.129230000000000e+38 
5.563424120315239e+14 4.820386938630831e+34 1.317804594762912e+00 3.141990000000000e+38 
5.588329776718741e+14 4.872458043963917e+34 1.319053732813899e+00 3.154730000000000e+38 
5.613165078160652e+14 4.924718843669801e+34 1.320302345863541e+00 3.167440000000000e+38 
5.638035557083359e+14 4.977200953477283e+34 1.321551198728009e+00 3.180130000000000e+38 
5.662835681044475e+14 5.029841141928764e+34 1.322798798727066e+00 3.192800000000000e+38 
5.687635805005590e+14 5.082702640481842e+34 1.324046660807688e+00 3.205440000000000e+38 
5.712400751485909e+14 5.135722217678919e+34 1.325293304015418e+00 3.218070000000000e+38 
5.737165697966228e+14 5.188963104977593e+34 1.326540226832678e+00 3.230670000000000e+38 
5.761895466965751e+14 5.242393686649066e+34 1.327786697936634e+00 3.243249999999999e+38 
5.786625235965275e+14 5.295982346964537e+34 1.329031994088815e+00 3.255810000000000e+38 
5.811355004964799e+14 5.349792317381606e+34 1.330277591741382e+00 3.268350000000000e+38 
5.836014419002730e+14 5.403791982171474e+34 1.331522771963763e+00 3.280870000000000e+38 
5.860709010521458e+14 5.457981341334138e+34 1.332767545685713e+00 3.293380000000000e+38 
5.885368424559389e+14 5.512360394869601e+34 1.334011919709436e+00 3.305860000000000e+38 
5.909992661116524e+14 5.566897527049064e+34 1.335255188065663e+00 3.318320000000000e+38 
5.934616897673660e+14 5.621655969330123e+34 1.336498802840184e+00 3.330770000000000e+38 
5.959241134230795e+14 5.676604105983978e+34 1.337742050390806e+00 3.343190000000000e+38 
5.983865370787931e+14 5.731741937010639e+34 1.338984937491940e+00 3.355600000000000e+38 
6.008454429864270e+14 5.787037846681292e+34 1.340226764158942e+00 3.368000000000000e+38 
6.033008311459814e+14 5.842555066453544e+34 1.341468964766968e+00 3.380370000000000e+38 
6.057597370536154e+14 5.898230364869795e+34 1.342710130633902e+00 3.392729999999999e+38 
6.082151252131699e+14 5.954126973387642e+34 1.343951677445195e+00 3.405070000000000e+38 
6.106669956246446e+14 6.010181660549489e+34 1.345192214884998e+00 3.417390000000000e+38 
6.131223837841990e+14 6.066426042084135e+34 1.346432450695274e+00 3.429700000000000e+38 
6.155742541956739e+14 6.122891733720377e+34 1.347673085858409e+00 3.441989999999999e+38 
6.180261246071486e+14 6.179515504000618e+34 1.348912741003363e+00 3.454270000000000e+38 
6.204779950186234e+14 6.236328968653657e+34 1.350152116242712e+00 3.466530000000000e+38 
6.229263476820185e+14 6.293300511950696e+34 1.351390533673369e+00 3.478780000000000e+38 
6.253747003454138e+14 6.350493365349331e+34 1.352629377111533e+00 3.491010000000000e+38 
6.278230530088089e+14 6.407875913120765e+34 1.353867965174672e+00 3.503230000000000e+38 
6.302714056722040e+14 6.465416539536197e+34 1.355105623381663e+00 3.515430000000000e+38 
6.327197583355994e+14 6.523146860324428e+34 1.356343039356033e+00 3.527620000000000e+38 
6.351645932509150e+14 6.581098491214255e+34 1.357580897999785e+00 3.539800000000000e+38 
6.376129459143101e+14 6.639176585019280e+34 1.358817180729688e+00 3.551960000000000e+38 
6.400577808296258e+14 6.697475988925907e+34 1.360053913831879e+00 3.564110000000000e+38 
6.425026157449412e+14 6.755965087205329e+34 1.361290433610170e+00 3.576240000000000e+38 
6.449474506602570e+14 6.814612264128751e+34 1.362526078687518e+00 3.588360000000000e+38 
6.473922855755725e+14 6.873480751153770e+34 1.363762186352585e+00 3.600470000000000e+38 
6.498336027428086e+14 6.932507316822787e+34 1.364997437703942e+00 3.612570000000000e+38 
6.522784376581242e+14 6.991691961135803e+34 1.366231841873981e+00 3.624650000000000e+38 
6.547232725734398e+14 7.051097915550416e+34 1.367466719036250e+00 3.636730000000000e+38 
6.571645897406758e+14 7.110693564337830e+34 1.368701418715526e+00 3.648790000000000e+38 
6.596094246559914e+14 7.170447291769239e+34 1.369935292508633e+00 3.660840000000000e+38 
6.620507418232274e+14 7.230390713573447e+34 1.371168999894141e+00 3.672880000000000e+38 
6.644920589904635e+14 7.290523829750454e+34 1.372402549438711e+00 3.684899999999999e+38 
6.669368939057790e+14 7.350815024571459e+34 1.373635295563016e+00 3.696920000000000e+38 
6.693782110730150e+14 7.411327529494060e+34 1.374868535853954e+00 3.708920000000000e+38 
6.718195282402511e+14 7.471998113060662e+34 1.376100989905767e+00 3.720919999999999e+38 
6.742643631555666e+14 7.532858391000062e+34 1.377333302860185e+00 3.732900000000000e+38 
6.767056803228028e+14 7.593876747583461e+34 1.378564841226090e+00 3.744870000000000e+38 
6.791505152381184e+14 7.655116414268457e+34 1.379796885699089e+00 3.756840000000000e+38 
6.815918324053542e+14 7.716514159597451e+34 1.381028168354145e+00 3.768790000000001e+38 
6.840331495725902e+14 7.778101599299240e+34 1.382259332977563e+00 3.780730000000000e+38 
6.864779844879059e+14 7.839847117645033e+34 1.383489750184769e+00 3.792670000000000e+38 
6.889193016551419e+14 7.901813946092421e+34 1.384720684517007e+00 3.804589999999999e+38 
6.913641365704576e+14 7.963938853183809e+34 1.385950884364521e+00 3.816500000000000e+38 
6.938089714857731e+14 8.026253454647993e+34 1.387180978294065e+00 3.828410000000000e+38 
6.962502886530092e+14 8.088726134756178e+34 1.388410351585582e+00 3.840310000000000e+38 
6.986951235683249e+14 8.151420124965959e+34 1.389640252618318e+00 3.852190000000000e+38 
7.011399584836404e+14 8.214272193819739e+34 1.390869441772733e+00 3.864070000000000e+38 
7.035847933989562e+14 8.277313957046318e+34 1.392098543332413e+00 3.875940000000000e+38 
7.060296283142716e+14 8.340513798916892e+34 1.393326946805875e+00 3.887800000000000e+38 
7.084779809776669e+14 8.403934950889068e+34 1.394555881963035e+00 3.899660000000000e+38 
7.109228158929824e+14 8.467514181505239e+34 1.395784127492579e+00 3.911500000000000e+38 
7.133676508082980e+14 8.531251490765410e+34 1.397011693900874e+00 3.923340000000000e+38 
7.158160034716931e+14 8.595210110127180e+34 1.398239799741411e+00 3.935170000000000e+38 
7.182643561350884e+14 8.659326808132947e+34 1.399467231723484e+00 3.946990000000000e+38 
7.207127087984835e+14 8.723633200511511e+34 1.400694600697997e+00 3.958800000000000e+38 
7.231610614618788e+14 8.788097671534076e+34 1.401921308562132e+00 3.970610000000000e+38 
7.256094141252740e+14 8.852783452658236e+34 1.403148562410699e+00 3.982410000000000e+38 
7.280612845367489e+14 8.917627312426397e+34 1.404375163184788e+00 3.994200000000000e+38 
7.305096372001438e+14 8.982629250838556e+34 1.405601117842005e+00 4.005980000000000e+38 
7.329615076116188e+14 9.047852499352314e+34 1.406827622756832e+00 4.017760000000000e+38 
7.354133780230935e+14 9.113233826510068e+34 1.408053489337452e+00 4.029530000000000e+38 
7.378652484345684e+14 9.178804848040619e+34 1.409279315847010e+00 4.041290000000000e+38 
7.403206365941228e+14 9.244533948215173e+34 1.410504513247050e+00 4.053050000000000e+38 
7.427725070055975e+14 9.310484358491321e+34 1.411730263792765e+00 4.064800000000000e+38 
7.452278951651520e+14 9.376592847411468e+34 1.412955395901200e+00 4.076540000000000e+38 
7.476832833247062e+14 9.442859414975614e+34 1.414179912971291e+00 4.088280000000001e+38 
7.501386714842606e+14 9.509347292641358e+34 1.415404987227575e+00 4.100010000000000e+38 
7.525975773918945e+14 9.575993248951103e+34 1.416629453918254e+00 4.111729999999999e+38 
7.550529655514490e+14 9.642828899633641e+34 1.417853898887975e+00 4.123450000000000e+38 
7.575118714590829e+14 9.709822628960181e+34 1.419077747919369e+00 4.135160000000000e+38 
7.599707773667169e+14 9.777006052659517e+34 1.420301580551324e+00 4.146860000000000e+38 
7.624332010224304e+14 9.844379170731650e+34 1.421525397247159e+00 4.158560000000000e+38 
7.648921069300645e+14 9.911941983176584e+34 1.422749201341783e+00 4.170260000000000e+38 
7.673545305857780e+14 9.979662874265518e+34 1.423972424934765e+00 4.181950000000000e+38 
7.698169542414916e+14 1.004757345972725e+35 1.425195640969719e+00 4.193630000000000e+38 
7.722828956452848e+14 1.011567373956177e+35 1.426418850116061e+00 4.205310000000000e+38 
7.747488370490779e+14 1.018393209804030e+35 1.427641486270730e+00 4.216980000000000e+38 
7.772147784528710e+14 1.025241176662043e+35 1.428864685241043e+00 4.228650000000000e+38 
7.796807198566641e+14 1.032104951384455e+35 1.430087320606359e+00 4.240310000000000e+38 
7.821466612604572e+14 1.038984533971267e+35 1.431309398357284e+00 4.251960000000000e+38 
7.846161204123300e+14 1.045883085995359e+35 1.432531481906277e+00 4.263610000000000e+38 
7.870855795642028e+14 1.052800607456730e+35 1.433753571756412e+00 4.275260000000000e+38 
7.895585564641551e+14 1.059737098355382e+35 1.434975668208053e+00 4.286900000000000e+38 
7.920280156160279e+14 1.066689397118434e+35 1.436197218626479e+00 4.298540000000000e+38 
7.945009925159801e+14 1.073663826891645e+35 1.437419337303277e+00 4.310170000000000e+38 
7.969774871640121e+14 1.080650902956376e+35 1.438640360932730e+00 4.321790000000000e+38 
7.994504640639645e+14 1.087660110031267e+35 1.439861951574587e+00 4.333420000000000e+38 
8.019269587119962e+14 1.094685124970557e+35 1.441083010416167e+00 4.345030000000000e+38 
8.044069711081080e+14 1.101729109347128e+35 1.442304085595038e+00 4.356640000000000e+38 
8.068834657561398e+14 1.108792063160978e+35 1.443525180294681e+00 4.368250000000000e+38 
8.093634781522514e+14 1.115870824839228e+35 1.444745752150903e+00 4.379860000000000e+38 
8.118434905483631e+14 1.122968555954758e+35 1.445966347821405e+00 4.391460000000000e+38 
8.143270206925538e+14 1.130085256507568e+35 1.447186967678880e+00 4.403050000000000e+38 
8.168105508367450e+14 1.137220926497657e+35 1.448407611899932e+00 4.414640000000000e+38 
8.192940809809362e+14 1.144372404352147e+35 1.449627743788865e+00 4.426230000000000e+38 
8.217776111251272e+14 1.151542851643916e+35 1.450847906904437e+00 4.437809999999999e+38 
8.242646590173980e+14 1.158729106800085e+35 1.452067564866484e+00 4.449390000000000e+38 
8.267552246577484e+14 1.165937492966414e+35 1.453287788350272e+00 4.460960000000000e+38 
8.292422725500190e+14 1.173161686997143e+35 1.454507509921348e+00 4.472530000000000e+38 
8.317328381903692e+14 1.180404850465151e+35 1.455727267372386e+00 4.484100000000000e+38 
8.342234038307195e+14 1.187663821797560e+35 1.456946529652852e+00 4.495660000000000e+38 
8.367174872191494e+14 1.194944924140128e+35 1.458166359123735e+00 4.507220000000000e+38 
8.392115706075792e+14 1.202241834347096e+35 1.459385696535612e+00 4.518769999999999e+38 
8.417056539960091e+14 1.209557713991344e+35 1.460605074286469e+00 4.530320000000000e+38 
8.442032551325186e+14 1.216889401499991e+35 1.461823966782592e+00 4.541870000000000e+38 
8.467008562690281e+14 1.224240058445919e+35 1.463042901114372e+00 4.553410000000000e+38 
8.492019751536171e+14 1.231609684829126e+35 1.464261877344277e+00 4.564949999999999e+38 
8.516995762901266e+14 1.238998280649613e+35 1.465480898247498e+00 4.576489999999999e+38 
8.542042129227954e+14 1.246402684334500e+35 1.466699443460079e+00 4.588020000000000e+38 
8.567053318073844e+14 1.253826057456667e+35 1.467918034525534e+00 4.599550000000000e+38 
8.592099684400530e+14 1.261268400016113e+35 1.469136674167120e+00 4.611080000000000e+38 
8.617146050727216e+14 1.268729712012840e+35 1.470355362405380e+00 4.622600000000000e+38 
8.642227594534699e+14 1.276206831873966e+35 1.471573584227210e+00 4.634120000000000e+38 
8.667309138342181e+14 1.283702921172372e+35 1.472791856107157e+00 4.645630000000000e+38 
8.692425859630459e+14 1.291217979908058e+35 1.474010178055918e+00 4.657150000000000e+38 
8.717507403437940e+14 1.298752008081024e+35 1.475228552724553e+00 4.668650000000000e+38 
8.742659302207016e+14 1.306301844118389e+35 1.476446469989017e+00 4.680159999999999e+38 
8.767776023495295e+14 1.313870649593034e+35 1.477664441007937e+00 4.691660000000000e+38 
8.792927922264369e+14 1.321458424504959e+35 1.478882468610480e+00 4.703160000000001e+38 
8.818114998514239e+14 1.329062007281284e+35 1.480100043738499e+00 4.714660000000000e+38 
8.843266897283314e+14 1.336687721067769e+35 1.481318181685772e+00 4.726150000000000e+38 
8.868489151013980e+14 1.344329242718654e+35 1.482535872354130e+00 4.737640000000000e+38 
8.893676227263849e+14 1.351989733806818e+35 1.483753620635705e+00 4.749130000000000e+38 
8.918898480994515e+14 1.359666032759382e+35 1.484970927826050e+00 4.760610000000000e+38 
8.944155912205978e+14 1.367361301149226e+35 1.486188293782901e+00 4.772090000000000e+38 
8.969378165936642e+14 1.375075538976350e+35 1.487405721018680e+00 4.783570000000000e+38 
8.994635597148105e+14 1.382808746240754e+35 1.488623211972627e+00 4.795039999999999e+38 
9.019928205840364e+14 1.390560922942437e+35 1.489840764205910e+00 4.806520000000001e+38 
9.045220814532620e+14 1.398328907508521e+35 1.491057882362013e+00 4.817990000000000e+38 
9.070513423224879e+14 1.406115861511884e+35 1.492275065354783e+00 4.829450000000000e+38 
9.095841209397932e+14 1.413921784952527e+35 1.493492313107833e+00 4.840920000000000e+38 
9.121168995570986e+14 1.421746677830450e+35 1.494709625710130e+00 4.852379999999999e+38 
9.146531959224835e+14 1.429587378572772e+35 1.495926512474032e+00 4.863830000000000e+38 
9.171894922878686e+14 1.437447048752375e+35 1.497143465061312e+00 4.875290000000000e+38 
9.197257886532535e+14 1.445325688369257e+35 1.498360485869831e+00 4.886740000000000e+38 
9.222656027667181e+14 1.453223297423419e+35 1.499577574968597e+00 4.898190000000000e+38 
9.248089346282621e+14 1.461136714341981e+35 1.500794243731327e+00 4.909640000000000e+38 
9.273487487417269e+14 1.469072262270703e+35 1.502011466701006e+00 4.921080000000000e+38 
9.298920806032709e+14 1.477023618063824e+35 1.503228276372608e+00 4.932520000000000e+38 
9.324389302128946e+14 1.484990781721345e+35 1.504444672370552e+00 4.943959999999999e+38 
9.349857798225185e+14 1.492980076389027e+35 1.505661620194282e+00 4.955400000000000e+38 
9.375326294321421e+14 1.500985178921108e+35 1.506878159005697e+00 4.966830000000000e+38 
9.400829967898454e+14 1.509009250890469e+35 1.508094770124689e+00 4.978259999999999e+38 
9.426333641475489e+14 1.517052292297109e+35 1.509311453430899e+00 4.989690000000000e+38 
9.451837315052521e+14 1.525114303141029e+35 1.510528211209228e+00 5.001110000000000e+38 
9.477376166110350e+14 1.533192121849350e+35 1.511744567329458e+00 5.012540000000000e+38 
9.502950194648978e+14 1.541288909994950e+35 1.512960996654045e+00 5.023959999999999e+38 
9.528524223187600e+14 1.549404667577830e+35 1.514177499216264e+00 5.035370000000000e+38 
9.554098251726225e+14 1.557539394597990e+35 1.515394077220672e+00 5.046790000000000e+38 
9.579707457745648e+14 1.565693091055429e+35 1.516610730531514e+00 5.058200000000001e+38 
9.605316663765069e+14 1.573862595377269e+35 1.517826988235053e+00 5.069610000000000e+38 
9.630925869784490e+14 1.582051069136387e+35 1.519043324208966e+00 5.081020000000000e+38 
9.656570253284705e+14 1.590258512332787e+35 1.520259738302820e+00 5.092420000000000e+38 
9.682214636784922e+14 1.598484924966465e+35 1.521476230521053e+00 5.103820000000000e+38 
9.707894197765936e+14 1.606727145464544e+35 1.522692334262291e+00 5.115220000000001e+38 
9.733573758746948e+14 1.614991496972783e+35 1.523908982482901e+00 5.126620000000000e+38 
9.759288497208758e+14 1.623271656345421e+35 1.525125244312368e+00 5.138020000000000e+38 
9.785003235670568e+14 1.631570785155339e+35 1.526341585097876e+00 5.149409999999999e+38 
9.810753151613171e+14 1.639885721829657e+35 1.527557542412291e+00 5.160800000000000e+38 
9.836503067555778e+14 1.648222789514135e+35 1.528774040782246e+00 5.172189999999999e+38 
9.862252983498380e+14 1.656575665063012e+35 1.529990159699496e+00 5.183569999999999e+38 
9.888038076921781e+14 1.664947510049170e+35 1.531206360187959e+00 5.194960000000000e+38 
9.913823170345180e+14 1.673338324472607e+35 1.532422642120653e+00 5.206340000000000e+38 
9.939608263768581e+14 1.681744946760444e+35 1.533638550343782e+00 5.217710000000000e+38 
9.965463712153574e+14 1.690173700058441e+35 1.534854997130666e+00 5.229090000000000e+38 
9.991283983057772e+14 1.698618261220837e+35 1.536071069894937e+00 5.240460000000001e+38 
1.001713943144276e+15 1.707081791820514e+35 1.537287226871562e+00 5.251829999999999e+38 
1.004299487982776e+15 1.715564291857470e+35 1.538503467879409e+00 5.263200000000000e+38 
1.006888550569354e+15 1.724065761331706e+35 1.539719792887902e+00 5.274569999999999e+38 
1.009477613155933e+15 1.732583038670342e+35 1.540935750425741e+00 5.285929999999999e+38 
1.012070193490592e+15 1.741119285446258e+35 1.542151792710369e+00 5.297289999999999e+38 
1.014662773825250e+15 1.749674501659454e+35 1.543367919557500e+00 5.308650000000000e+38 
1.017255354159908e+15 1.758248687309929e+35 1.544584132953159e+00 5.320009999999999e+38 
1.019851452242646e+15 1.766841842397684e+35 1.545800432705775e+00 5.331360000000000e+38 
1.022447550325384e+15 1.775450805349839e+35 1.547016372146062e+00 5.342710000000000e+38 
1.025047166156202e+15 1.784078737739274e+35 1.548232398644561e+00 5.354060000000000e+38 
1.027646781987020e+15 1.792725639565989e+35 1.549448512151663e+00 5.365410000000000e+38 
1.030249915565917e+15 1.801391510829983e+35 1.550664712579745e+00 5.376750000000000e+38 
1.032853049144814e+15 1.810076351531258e+35 1.551880999734351e+00 5.388100000000000e+38 
1.035456182723711e+15 1.818777000096932e+35 1.553096933634216e+00 5.399440000000000e+38 
1.038062834050688e+15 1.827499779672766e+35 1.554313397895018e+00 5.410780000000000e+38 
1.040673003125744e+15 1.836238367112999e+35 1.555529508487736e+00 5.422110000000000e+38 
1.043279654452721e+15 1.844995923990513e+35 1.556745708193887e+00 5.433440000000001e+38 
1.045889823527778e+15 1.853769288732426e+35 1.557961560727995e+00 5.444770000000000e+38 
1.048503510350914e+15 1.862564784484499e+35 1.559177940176327e+00 5.456100000000000e+38 
1.051117197174050e+15 1.871376088100972e+35 1.560393972010082e+00 5.467429999999999e+38 
1.053730883997186e+15 1.880206361154726e+35 1.561610095263430e+00 5.478750000000000e+38 
1.056348088568401e+15 1.889055603645758e+35 1.562826309864033e+00 5.490070000000000e+38 
1.058968810887696e+15 1.897923815574071e+35 1.564042613628942e+00 5.501390000000000e+38 
1.061586015458912e+15 1.906807835366783e+35 1.565258575619871e+00 5.512709999999999e+38 
1.064206737778207e+15 1.915713986169655e+35 1.566475063175787e+00 5.524019999999999e+38 
1.066830977845582e+15 1.924635944836927e+35 1.567691210445734e+00 5.535340000000000e+38 
1.069455217912956e+15 1.933576872941479e+35 1.568907449118047e+00 5.546640000000000e+38 
1.072079457980331e+15 1.942533608910430e+35 1.570123351793388e+00 5.557950000000001e+38 
1.074707215795786e+15 1.951512475889542e+35 1.571339776635742e+00 5.569260000000000e+38 
1.077334973611240e+15 1.960507150733053e+35 1.572555866884882e+00 5.580560000000000e+38 
1.079966249174774e+15 1.969523956586724e+35 1.573772477319208e+00 5.591859999999999e+38 
1.082597524738308e+15 1.978556570304795e+35 1.574988754689608e+00 5.603160000000001e+38 
1.085232318049921e+15 1.987608153460145e+35 1.576205125420992e+00 5.614449999999999e+38 
1.087867111361535e+15 1.996675544479896e+35 1.577421165217000e+00 5.625750000000000e+38 
1.090501904673148e+15 2.005765066509806e+35 1.578637723902542e+00 5.637040000000000e+38 
1.093140215732841e+15 2.014870396404117e+35 1.579853954944824e+00 5.648330000000000e+38 
1.095778526792534e+15 2.023994695735706e+35 1.581070281292642e+00 5.659610000000000e+38 
1.098420355600307e+15 2.033137964504576e+35 1.582286702886785e+00 5.670900000000000e+38 
1.101062184408080e+15 2.042297041137846e+35 1.583502799614343e+00 5.682180000000000e+38 
1.103704013215852e+15 2.051478248781275e+35 1.584719412815085e+00 5.693460000000000e+38 
1.106349359771705e+15 2.060675264289104e+35 1.585935704362742e+00 5.704729999999999e+38 
1.108994706327557e+15 2.069891249234214e+35 1.587152092992335e+00 5.716010000000001e+38 
1.111643570631489e+15 2.079126203616602e+35 1.588368578600615e+00 5.727280000000000e+38 
1.114292434935421e+15 2.088380127436271e+35 1.589585161049107e+00 5.738549999999999e+38 
1.116944816987432e+15 2.097653020693219e+35 1.590801840235218e+00 5.749820000000000e+38 
1.119597199039444e+15 2.106941721814568e+35 1.592018201845346e+00 5.761079999999999e+38 
1.122249581091455e+15 2.116249392373196e+35 1.593234662372615e+00 5.772350000000000e+38 
1.124905480891546e+15 2.125576032369104e+35 1.594451221573473e+00 5.783610000000000e+38 
1.127561380691637e+15 2.134921641802292e+35 1.595667879335049e+00 5.794870000000000e+38 
1.130220798239808e+15 2.144283059099879e+35 1.596884224657581e+00 5.806120000000000e+38 
1.132880215787978e+15 2.153666607407627e+35 1.598101079006496e+00 5.817369999999999e+38 
1.135543151084229e+15 2.163065963579774e+35 1.599317622285959e+00 5.828630000000000e+38 
1.138206086380479e+15 2.172484289189201e+35 1.600534264144479e+00 5.839870000000000e+38 
1.140869021676729e+15 2.181921584235908e+35 1.601751006310092e+00 5.851120000000000e+38 
1.143535474721059e+15 2.191374687147015e+35 1.602967441602030e+00 5.862360000000000e+38 
1.146201927765389e+15 2.200849921068281e+35 1.604184383441147e+00 5.873610000000001e+38 
1.148868380809719e+15 2.210340962853948e+35 1.605401021392650e+00 5.884840000000000e+38 
1.151538351602128e+15 2.219850974076893e+35 1.606617761285173e+00 5.896080000000000e+38 
1.154211840142617e+15 2.229379954737119e+35 1.607834601239266e+00 5.907320000000001e+38 
1.156885328683106e+15 2.238924743261745e+35 1.609051138078071e+00 5.918550000000000e+38 
1.159558817223595e+15 2.248491662796531e+35 1.610268179377499e+00 5.929780000000000e+38 
1.162235823512164e+15 2.258074390195716e+35 1.611484920493066e+00 5.940999999999999e+38 
1.164912829800732e+15 2.267676087032182e+35 1.612701763269208e+00 5.952229999999999e+38 
1.167589836089301e+15 2.277296753305927e+35 1.613918709339284e+00 5.963450000000000e+38 
1.170270360125949e+15 2.286936389016951e+35 1.615135758444168e+00 5.974670000000000e+38 
1.172950884162597e+15 2.296591832592376e+35 1.616352511974216e+00 5.985890000000000e+38 
1.175634925947325e+15 2.306266245605081e+35 1.617569368895480e+00 5.997100000000000e+38 
1.178318967732053e+15 2.315959628055065e+35 1.618786329072357e+00 6.008320000000000e+38 
1.181006527264860e+15 2.325671979942329e+35 1.620003392340045e+00 6.019529999999999e+38 
1.183694086797668e+15 2.335403301266873e+35 1.621220558440203e+00 6.030729999999999e+38 
1.186381646330475e+15 2.345150430455817e+35 1.622437434171718e+00 6.041940000000000e+38 
1.189072723611362e+15 2.354919690654921e+35 1.623654808682570e+00 6.053140000000000e+38 
1.191763800892249e+15 2.364704758718424e+35 1.624871893793834e+00 6.064340000000000e+38 
1.194454878173136e+15 2.374505634646328e+35 1.626088692385425e+00 6.075540000000001e+38 
1.197149473202102e+15 2.384328641584390e+35 1.627305989372555e+00 6.086740000000001e+38 
1.199847585979148e+15 2.394167456386854e+35 1.628522999164338e+00 6.097930000000000e+38 
1.202542181008115e+15 2.404028402199476e+35 1.629740505556431e+00 6.109120000000000e+38 
1.205243811533241e+15 2.413905155876499e+35 1.630957727608271e+00 6.120310000000000e+38 
1.207941924310287e+15 2.423797717417921e+35 1.632174666330556e+00 6.131490000000000e+38 
1.210643554835413e+15 2.433712409969503e+35 1.633392101262910e+00 6.142680000000001e+38 
1.213348703108618e+15 2.443642910385485e+35 1.634609253899961e+00 6.153860000000000e+38 
1.216050333633744e+15 2.453592380238747e+35 1.635826514019415e+00 6.165040000000000e+38 
1.218758999655029e+15 2.463560819529289e+35 1.637043881349700e+00 6.176210000000000e+38 
1.221464147928234e+15 2.473548228257110e+35 1.638261355588767e+00 6.187390000000000e+38 
1.224172813949519e+15 2.483554606422211e+35 1.639478938372863e+00 6.198560000000000e+38 
1.226884997718884e+15 2.493576792451712e+35 1.640696243577070e+00 6.209729999999999e+38 
1.229593663740168e+15 2.503617947918494e+35 1.641913657471467e+00 6.220890000000000e+38 
1.232309365257612e+15 2.513678072822554e+35 1.643131179809522e+00 6.232050000000000e+38 
1.235021549026977e+15 2.523754005591015e+35 1.644348428286716e+00 6.243220000000000e+38 
1.237737250544421e+15 2.533852069369635e+35 1.645566168395427e+00 6.254370000000000e+38 
1.240456469809945e+15 2.543965941012655e+35 1.646783635576167e+00 6.265530000000000e+38 
1.243172171327389e+15 2.554098782092955e+35 1.648001212600825e+00 6.276680000000000e+38 
1.245894908340992e+15 2.564250592610535e+35 1.649218899218951e+00 6.287830000000000e+38 
1.248614127606516e+15 2.574418210992515e+35 1.650436316515939e+00 6.298980000000000e+38 
1.251336864620119e+15 2.584607960384654e+35 1.651654223174246e+00 6.310130000000000e+38 
1.254063119381802e+15 2.594813517641194e+35 1.652871861410679e+00 6.321270000000000e+38 
1.256785856395405e+15 2.605038044335012e+35 1.654089610505954e+00 6.332410000000000e+38 
1.259512111157088e+15 2.615278378893231e+35 1.655307095968747e+00 6.343549999999999e+38 
1.262241883666850e+15 2.625540844461610e+35 1.656525067666640e+00 6.354689999999999e+38 
1.264971656176613e+15 2.635819117894389e+35 1.657742774986526e+00 6.365820000000000e+38 
1.267701428686376e+15 2.646116360764447e+35 1.658960594503706e+00 6.376950000000000e+38 
1.270434718944218e+15 2.656432573071785e+35 1.660178525958936e+00 6.388080000000000e+38 
1.273168009202060e+15 2.666764593243523e+35 1.661396196521232e+00 6.399209999999999e+38 
1.275904817207981e+15 2.677115582852541e+35 1.662613979218802e+00 6.410329999999999e+38 
1.278641625213903e+15 2.687485541898839e+35 1.663831873765106e+00 6.421450000000000e+38 
1.281378433219824e+15 2.697874470382416e+35 1.665049881544721e+00 6.432569999999999e+38 
1.284118758973826e+15 2.708282368303274e+35 1.666268002268462e+00 6.443680000000001e+38 
1.286859084727827e+15 2.718706074088531e+35 1.667485866208576e+00 6.454800000000001e+38 
1.289599410481828e+15 2.729148749311068e+35 1.668703844730872e+00 6.465910000000000e+38 
1.292343253983909e+15 2.739610393970884e+35 1.669921937680042e+00 6.477009999999999e+38 
1.295090615234070e+15 2.750087846495101e+35 1.671139775636726e+00 6.488120000000000e+38 
1.297834458736150e+15 2.760587430029478e+35 1.672358094952660e+00 6.499220000000000e+38 
1.300581819986311e+15 2.771102821428254e+35 1.673576163295688e+00 6.510320000000000e+38 
1.303332698984551e+15 2.781637182264310e+35 1.674794345505500e+00 6.521420000000000e+38 
1.306080060234711e+15 2.792187350964766e+35 1.676012278031612e+00 6.532510000000000e+38 
1.308834456981031e+15 2.802759650675381e+35 1.677230690536389e+00 6.543609999999999e+38 
1.311585335979271e+15 2.813347758250397e+35 1.678448854006939e+00 6.554700000000000e+38 
1.314339732725590e+15 2.823954835262693e+35 1.679667134212484e+00 6.565779999999999e+38 
1.317097647219990e+15 2.834577720139387e+35 1.680885166648746e+00 6.576870000000000e+38 
1.319852043966309e+15 2.845222736026242e+35 1.682103677682778e+00 6.587950000000001e+38 
1.322609958460708e+15 2.855883559777497e+35 1.683321944854541e+00 6.599030000000000e+38 
1.325371390703187e+15 2.866563352966031e+35 1.684540328185048e+00 6.610110000000000e+38 
1.328132822945666e+15 2.877258954018966e+35 1.685758467358675e+00 6.621180000000000e+38 
1.330894255188145e+15 2.887976686082060e+35 1.686977083857355e+00 6.632249999999999e+38 
1.333659205178703e+15 2.898710226009555e+35 1.688195458456692e+00 6.643319999999999e+38 
1.336424155169261e+15 2.909459573801448e+35 1.689413591929534e+00 6.654390000000000e+38 
1.339189105159820e+15 2.920231052603502e+35 1.690632202163161e+00 6.665450000000001e+38 
1.341957572898458e+15 2.931018339269956e+35 1.691850573495375e+00 6.676510000000000e+38 
1.344726040637096e+15 2.941824595373689e+35 1.693069063332164e+00 6.687570000000000e+38 
1.347498026123813e+15 2.952649820914702e+35 1.694287671477506e+00 6.698630000000000e+38 
1.350270011610530e+15 2.963494015892995e+35 1.695506397628514e+00 6.709680000000000e+38 
1.353041997097248e+15 2.974354018735688e+35 1.696724888301200e+00 6.720730000000000e+38 
1.355817500332046e+15 2.985232991015660e+35 1.697943498453842e+00 6.731780000000000e+38 
1.358593003566842e+15 2.996130932732913e+35 1.699162227804272e+00 6.742820000000000e+38 
1.361368506801640e+15 3.007044682314565e+35 1.700380724599293e+00 6.753870000000000e+38 
1.364147527784516e+15 3.017977401333497e+35 1.701599342042771e+00 6.764909999999999e+38 
1.366926548767393e+15 3.028929089789709e+35 1.702818079929868e+00 6.775940000000000e+38 
1.369709087498350e+15 3.039899747683201e+35 1.704036938057641e+00 6.786980000000000e+38 
1.372491626229306e+15 3.050886213441092e+35 1.705255565491067e+00 6.798010000000000e+38 
1.375277682708342e+15 3.061891648636264e+35 1.706474313130820e+00 6.809039999999998e+38 
1.378060221439298e+15 3.072916053268715e+35 1.707693182150623e+00 6.820070000000000e+38 
1.380846277918334e+15 3.083956265765566e+35 1.708911824664744e+00 6.831089999999999e+38 
1.383632334397370e+15 3.095015447699697e+35 1.710130589856297e+00 6.842110000000000e+38 
1.386421908624486e+15 3.106093599071108e+35 1.711349477514511e+00 6.853129999999999e+38 
1.389211482851601e+15 3.117190719879798e+35 1.712568487428327e+00 6.864150000000000e+38 
1.392004574826796e+15 3.128303648552888e+35 1.713787272603958e+00 6.875160000000000e+38 
1.394797666801991e+15 3.139435546663259e+35 1.715006179977521e+00 6.886170000000000e+38 
1.397590758777186e+15 3.150586414210909e+35 1.716225210727026e+00 6.897180000000001e+38 
1.400387368500461e+15 3.161762574341599e+35 1.717445054735589e+00 6.908180000000000e+38 
1.403183978223736e+15 3.172954542336688e+35 1.718664676047756e+00 6.919179999999999e+38 
1.405980587947010e+15 3.184146510331777e+35 1.719882356768444e+00 6.930180000000000e+38 
1.408780715418364e+15 3.195370094055667e+35 1.721101537542404e+00 6.941180000000000e+38 
1.411580842889719e+15 3.206593677779556e+35 1.722318784674430e+00 6.952179999999999e+38 
1.414384488109152e+15 3.217880492961045e+35 1.723540951766839e+00 6.963169999999999e+38 
1.417188133328586e+15 3.229135692413734e+35 1.724757769242870e+00 6.974160000000000e+38 
1.419991778548020e+15 3.240422507595222e+35 1.725976080136344e+00 6.985139999999999e+38 
1.422798941515534e+15 3.251740938505511e+35 1.727195880244510e+00 6.996130000000000e+38 
1.425606104483047e+15 3.263090985144599e+35 1.728417165161335e+00 7.007110000000001e+38 
1.428413267450561e+15 3.274441031783687e+35 1.729636535206925e+00 7.018089999999999e+38 
1.431223948166154e+15 3.285791078422774e+35 1.730853995986390e+00 7.029060000000000e+38 
1.434034628881747e+15 3.297172740790662e+35 1.732072939472172e+00 7.040030000000000e+38 
1.436845309597340e+15 3.308586018887350e+35 1.733293363015336e+00 7.050999999999999e+38 
1.439659508061012e+15 3.319999296984037e+35 1.734511886427266e+00 7.061969999999999e+38 
1.442473706524685e+15 3.331444190809524e+35 1.735731885925906e+00 7.072940000000000e+38 
1.445291422736438e+15 3.342889084635011e+35 1.736949992361995e+00 7.083900000000000e+38 
1.448109138948190e+15 3.354333978460498e+35 1.738166210779823e+00 7.094860000000000e+38 
1.450926855159942e+15 3.365873719472384e+35 1.739390612981301e+00 7.105810000000001e+38 
1.453748089119774e+15 3.377381844755470e+35 1.740609776787565e+00 7.116769999999999e+38 
1.456569323079605e+15 3.388889970038557e+35 1.741827061286749e+00 7.127720000000000e+38 
1.459390557039438e+15 3.400461326779243e+35 1.743049152717837e+00 7.138670000000001e+38 
1.462215308747349e+15 3.412001067791128e+35 1.744266034391934e+00 7.149610000000000e+38 
1.465040060455260e+15 3.423604040260615e+35 1.745487708547249e+00 7.160550000000000e+38 
1.467864812163172e+15 3.435207012730100e+35 1.746707515213128e+00 7.171490000000000e+38 
1.470693081619163e+15 3.446809985199586e+35 1.747925459503301e+00 7.182430000000000e+38 
1.473521351075154e+15 3.458444573397871e+35 1.749144860825794e+00 7.193370000000000e+38 
1.476353138279224e+15 3.470110777324956e+35 1.750365715306858e+00 7.204300000000000e+38 
1.479184925483295e+15 3.481776981252041e+35 1.751584714843988e+00 7.215229999999999e+38 
1.482016712687365e+15 3.493474800907924e+35 1.752805164960372e+00 7.226149999999999e+38 
1.484848499891436e+15 3.505172620563810e+35 1.754023769122763e+00 7.237080000000001e+38 
1.487683804843586e+15 3.516902055948493e+35 1.755243821594619e+00 7.248000000000000e+38 
1.490522627543816e+15 3.528631491333178e+35 1.756462033128618e+00 7.258920000000000e+38 
1.493357932495966e+15 3.540392542446662e+35 1.757681689173117e+00 7.269830000000000e+38 
1.496196755196196e+15 3.552185209288946e+35 1.758902787258042e+00 7.280739999999999e+38 
1.499039095644505e+15 3.563977876131229e+35 1.760122052762655e+00 7.291649999999999e+38 
1.501881436092815e+15 3.575802158702312e+35 1.761342755223917e+00 7.302560000000000e+38 
1.504723776541124e+15 3.587626441273396e+35 1.762561632672319e+00 7.313460000000001e+38 
1.507566116989433e+15 3.599482339573279e+35 1.763781946076346e+00 7.324360000000000e+38 
1.510411975185822e+15 3.611338237873162e+35 1.765000441876547e+00 7.335259999999999e+38 
1.513257833382211e+15 3.623225751901845e+35 1.766220370006347e+00 7.346160000000000e+38 
1.516103691578600e+15 3.635113265930527e+35 1.767438487775479e+00 7.357050000000000e+38 
1.518953067523069e+15 3.647064011416809e+35 1.768661270736125e+00 7.367940000000000e+38 
1.521802443467537e+15 3.658983141174292e+35 1.769879014947129e+00 7.378829999999999e+38 
1.524655337160086e+15 3.670933886660574e+35 1.771098185465327e+00 7.389710000000000e+38 
1.527508230852634e+15 3.682916247875655e+35 1.772318778517606e+00 7.400600000000000e+38 
1.530361124545182e+15 3.694930224819537e+35 1.773540791731828e+00 7.411469999999999e+38 
1.533217535985810e+15 3.706912586034619e+35 1.774757798185738e+00 7.422350000000000e+38 
1.536073947426438e+15 3.718958178707300e+35 1.775979431767678e+00 7.433220000000001e+38 
1.538930358867065e+15 3.731003771379981e+35 1.777199277342363e+00 7.444090000000000e+38 
1.541790288055772e+15 3.743080979781462e+35 1.778420536991999e+00 7.454959999999999e+38 
1.544650217244480e+15 3.755158188182942e+35 1.779640014469867e+00 7.465829999999999e+38 
1.547510146433187e+15 3.767235396584423e+35 1.780857715787624e+00 7.476690000000000e+38 
1.550373593369974e+15 3.779375836443504e+35 1.782080012660006e+00 7.487549999999999e+38 
1.553237040306760e+15 3.791516276302584e+35 1.783300535275321e+00 7.498400000000000e+38 
1.556100487243548e+15 3.803656716161664e+35 1.784519289591672e+00 7.509259999999999e+38 
1.558967451928414e+15 3.815828771749544e+35 1.785739450197297e+00 7.520110000000000e+38 
1.561834416613281e+15 3.828000827337424e+35 1.786957848200820e+00 7.530959999999999e+38 
1.564701381298147e+15 3.840236114382903e+35 1.788180810662845e+00 7.541800000000000e+38 
1.567571863731093e+15 3.852439785699582e+35 1.789398857794009e+00 7.552640000000000e+38 
1.570442346164040e+15 3.864675072745062e+35 1.790618305238340e+00 7.563480000000000e+38 
1.573312828596986e+15 3.876941975519341e+35 1.791839150914652e+00 7.574319999999999e+38 
1.576186828778011e+15 3.889208878293620e+35 1.793058248658362e+00 7.585150000000001e+38 
1.579060828959037e+15 3.901507396796699e+35 1.794278740911315e+00 7.595990000000000e+38 
1.581938346888142e+15 3.913837531028577e+35 1.795500624185170e+00 7.606810000000001e+38 
1.584815864817248e+15 3.926167665260455e+35 1.796720765976831e+00 7.617639999999999e+38 
1.587693382746353e+15 3.938497799492333e+35 1.797939171953667e+00 7.628460000000001e+38 
1.590570900675458e+15 3.950891165181811e+35 1.799162088229894e+00 7.639280000000001e+38 
1.593451936352643e+15 3.963252915142488e+35 1.800380156078599e+00 7.650099999999999e+38 
1.596332972029828e+15 3.975677896560767e+35 1.801602721899439e+00 7.660910000000000e+38 
1.599217525455092e+15 3.988071262250245e+35 1.802820453723156e+00 7.671720000000000e+38 
1.602102078880357e+15 4.000527859397322e+35 1.804042671261187e+00 7.682529999999999e+38 
1.604986632305621e+15 4.012984456544399e+35 1.805263168260870e+00 7.693340000000000e+38 
1.607871185730886e+15 4.025441053691476e+35 1.806481950261554e+00 7.704140000000000e+38 
1.610759256904230e+15 4.037929266567352e+35 1.807702111117049e+00 7.714940000000000e+38 
1.613647328077574e+15 4.050449095172029e+35 1.808923647437073e+00 7.725739999999999e+38 
1.616538916998997e+15 4.062968923776705e+35 1.810143474934840e+00 7.736530000000000e+38 
1.619430505920421e+15 4.075520368110182e+35 1.811364674479064e+00 7.747319999999999e+38 
1.622322094841844e+15 4.088071812443657e+35 1.812584171782417e+00 7.758110000000001e+38 
1.625217201511348e+15 4.100654872505933e+35 1.813805039028354e+00 7.768899999999999e+38 
1.628108790432771e+15 4.113237932568210e+35 1.815024210478062e+00 7.779679999999999e+38 
1.631007414850354e+15 4.125852608359285e+35 1.816244749679170e+00 7.790460000000000e+38 
1.633902521519858e+15 4.138498899879159e+35 1.817466653219851e+00 7.801240000000000e+38 
1.636801145937440e+15 4.151145191399036e+35 1.818686868096598e+00 7.812010000000001e+38 
1.639699770355023e+15 4.163791482918910e+35 1.819905398467469e+00 7.822780000000000e+38 
1.642601912520686e+15 4.176501005896385e+35 1.821128333863265e+00 7.833550000000000e+38 
1.645504054686348e+15 4.189178913145060e+35 1.822346548185309e+00 7.844309999999999e+38 
1.648406196852010e+15 4.201920051851333e+35 1.823569156828306e+00 7.855080000000000e+38 
1.651311856765752e+15 4.214661190557608e+35 1.824790088981681e+00 7.865839999999999e+38 
1.654213998931415e+15 4.227402329263882e+35 1.826009350003445e+00 7.876589999999999e+38 
1.657123176593236e+15 4.240175083698956e+35 1.827229965810239e+00 7.887350000000000e+38 
1.660028836506978e+15 4.252979453862829e+35 1.828451933068651e+00 7.898100000000000e+38 
1.662938014168800e+15 4.265783824026703e+35 1.829672236282030e+00 7.908849999999999e+38 
1.665847191830622e+15 4.278588194190577e+35 1.830890879654561e+00 7.919590000000000e+38 
1.668759887240522e+15 4.291424180083250e+35 1.832110872707346e+00 7.930329999999999e+38 
1.671672582650424e+15 4.304291781704724e+35 1.833332212138389e+00 7.941070000000000e+38 
1.674585278060325e+15 4.317159383326196e+35 1.834551898544207e+00 7.951810000000000e+38 
1.677497973470226e+15 4.330058600676469e+35 1.835772930127907e+00 7.962540000000000e+38 
1.680414186628207e+15 4.342989433755542e+35 1.836995303615748e+00 7.973270000000000e+38 
1.683330399786188e+15 4.355920266834614e+35 1.838216030831280e+00 7.983999999999999e+38 
1.686250130692248e+15 4.368851099913687e+35 1.839435115970371e+00 7.994730000000001e+38 
1.689169861598308e+15 4.381813548721558e+35 1.840655540105711e+00 8.005450000000000e+38 
1.692089592504369e+15 4.394807613258230e+35 1.841877301146675e+00 8.016170000000000e+38 
1.695009323410429e+15 4.407801677794903e+35 1.843097427837522e+00 8.026879999999999e+38 
1.697932572064569e+15 4.420827358060373e+35 1.844318889273782e+00 8.037600000000000e+38 
1.700855820718709e+15 4.433853038325845e+35 1.845538721235213e+00 8.048309999999999e+38 
1.703782587120929e+15 4.446910334320117e+35 1.846759884727825e+00 8.059020000000000e+38 
1.706705835775068e+15 4.459999246043187e+35 1.847982377856966e+00 8.069720000000000e+38 
1.709632602177288e+15 4.473056542037458e+35 1.849200299911903e+00 8.080420000000000e+38 
1.712562886327587e+15 4.486177069489329e+35 1.850422497051804e+00 8.091120000000001e+38 
1.715493170477886e+15 4.499297596941199e+35 1.851643076069508e+00 8.101819999999999e+38 
1.718423454628186e+15 4.512449740121869e+35 1.852864979493163e+00 8.112510000000001e+38 
1.721353738778485e+15 4.525601883302540e+35 1.854085271577614e+00 8.123199999999999e+38 
1.724287540676864e+15 4.538785642212009e+35 1.855306886112288e+00 8.133890000000000e+38 
1.727221342575242e+15 4.551969401121480e+35 1.856526893954068e+00 8.144570000000000e+38 
1.730155144473621e+15 4.565184775759749e+35 1.857748222373776e+00 8.155250000000000e+38 
1.733092464120079e+15 4.578400150398019e+35 1.858967949914745e+00 8.165930000000000e+38 
1.736029783766538e+15 4.591647140765088e+35 1.860188994968408e+00 8.176610000000000e+38 
1.738967103412996e+15 4.604894131132157e+35 1.861408444758173e+00 8.187280000000000e+38 
1.741907940807534e+15 4.618204352956825e+35 1.862632116943547e+00 8.197950000000001e+38 
1.744848778202072e+15 4.631482959052695e+35 1.863851292141579e+00 8.208610000000000e+38 
1.747789615596610e+15 4.644793180877363e+35 1.865071780743452e+00 8.219279999999999e+38 
1.750730452991148e+15 4.658135018430832e+35 1.866293580925845e+00 8.229939999999999e+38 
1.753674808133765e+15 4.671476855984300e+35 1.867513797714258e+00 8.240600000000000e+38 
1.756622681024462e+15 4.684850309266568e+35 1.868735321881572e+00 8.251249999999999e+38 
1.759567036167080e+15 4.698223762548837e+35 1.869955267204848e+00 8.261899999999999e+38 
1.762514909057776e+15 4.711628831559904e+35 1.871176519021453e+00 8.272550000000000e+38 
1.765462781948474e+15 4.725065516299771e+35 1.872399074284180e+00 8.283199999999998e+38 
1.768414172587250e+15 4.738502201039639e+35 1.873620056750138e+00 8.293839999999999e+38 
1.771362045477947e+15 4.751938885779506e+35 1.874839471251571e+00 8.304480000000000e+38 
1.774313436116724e+15 4.765407186248173e+35 1.876060188516390e+00 8.315120000000000e+38 
1.777268344503580e+15 4.778907102445640e+35 1.877282204436321e+00 8.325749999999998e+38 
1.780223252890437e+15 4.792407018643106e+35 1.878502657419422e+00 8.336380000000000e+38 
1.783178161277293e+15 4.805938550569373e+35 1.879724407102993e+00 8.347010000000000e+38 
1.786133069664150e+15 4.819470082495640e+35 1.880944600352364e+00 8.357640000000000e+38 
1.789091495799085e+15 4.833033230150706e+35 1.882166088426863e+00 8.368259999999999e+38 
1.792049921934021e+15 4.846596377805773e+35 1.883386024369368e+00 8.378879999999998e+38 
1.795008348068957e+15 4.860191141189638e+35 1.884607253115119e+00 8.389499999999999e+38 
1.797966774203893e+15 4.873817520302302e+35 1.885829772768775e+00 8.400109999999999e+38 
1.800928718086908e+15 4.887443899414969e+35 1.887050747186786e+00 8.410720000000000e+38 
1.803890661969924e+15 4.901070278527635e+35 1.888270180053911e+00 8.421330000000000e+38 
1.806856123601019e+15 4.914728273369100e+35 1.889490901082498e+00 8.431929999999999e+38 
1.809821585232114e+15 4.928417883939365e+35 1.890712907330410e+00 8.442530000000000e+38 
1.812787046863209e+15 4.942107494509630e+35 1.891933377848024e+00 8.453130000000000e+38 
1.815752508494304e+15 4.955828720808694e+35 1.893155132656600e+00 8.463729999999999e+38 
1.818721487873478e+15 4.969549947107759e+35 1.894375356966982e+00 8.474319999999999e+38 
1.821690467252653e+15 4.983302789135623e+35 1.895596862600439e+00 8.484910000000000e+38 
1.824662964379908e+15 4.997087246892287e+35 1.896819646651994e+00 8.495500000000000e+38 
1.827631943759082e+15 5.010871704648951e+35 1.898040905936429e+00 8.506080000000000e+38 
1.830604440886336e+15 5.024656162405614e+35 1.899260645014850e+00 8.516660000000000e+38 
1.833576938013590e+15 5.038472235891078e+35 1.900481661757847e+00 8.527240000000000e+38 
1.836552952888924e+15 5.052319925105341e+35 1.901703953359661e+00 8.537810000000000e+38 
1.839528967764258e+15 5.066167614319606e+35 1.902924729357780e+00 8.548379999999999e+38 
1.842504982639592e+15 5.080046919262669e+35 1.904146778334355e+00 8.558949999999999e+38 
1.845484515263005e+15 5.093926224205731e+35 1.905367316801229e+00 8.569520000000001e+38 
1.848460530138339e+15 5.107837144877594e+35 1.906589126366014e+00 8.580079999999999e+38 
1.851440062761753e+15 5.121748065549456e+35 1.907809431589354e+00 8.590639999999999e+38 
1.854423113133246e+15 5.135690601950119e+35 1.909031005073102e+00 8.601200000000000e+38 
1.857402645756659e+15 5.149633138350781e+35 1.910251078202879e+00 8.611750000000000e+38 
1.860385696128152e+15 5.163607290480243e+35 1.911472418835212e+00 8.622299999999999e+38 
1.863372264247724e+15 5.177613058338505e+35 1.912695023045485e+00 8.632849999999999e+38 
1.866355314619218e+15 5.191618826196768e+35 1.913916132389869e+00 8.643390000000000e+38 
1.869341882738790e+15 5.205624594055029e+35 1.915135751263747e+00 8.653930000000000e+38 
1.872328450858362e+15 5.219661977642090e+35 1.916356633033307e+00 8.664469999999999e+38 
1.875318536726015e+15 5.233730976957951e+35 1.917578774974763e+00 8.675009999999999e+38 
1.878308622593667e+15 5.247799976273813e+35 1.918799430836904e+00 8.685540000000001e+38 
1.881298708461320e+15 5.261900591318474e+35 1.920021344961983e+00 8.696070000000000e+38 
1.884288794328971e+15 5.276001206363135e+35 1.921241778916379e+00 8.706599999999999e+38 
1.887282397944703e+15 5.290133437136595e+35 1.922463469368165e+00 8.717120000000000e+38 
1.890276001560435e+15 5.304265667910056e+35 1.923683683493022e+00 8.727640000000000e+38 
1.893269605176166e+15 5.318429514412317e+35 1.924905152288360e+00 8.738159999999999e+38 
1.896266726539978e+15 5.332624976643376e+35 1.926127872930582e+00 8.748670000000000e+38 
1.899260330155710e+15 5.346820438874436e+35 1.927349123550106e+00 8.759180000000000e+38 
1.902260969267601e+15 5.361015901105495e+35 1.928568907268385e+00 8.769690000000000e+38 
1.905258090631412e+15 5.375274594794154e+35 1.929792654825881e+00 8.780200000000000e+38 
1.908258729743303e+15 5.389501672754014e+35 1.931012227317735e+00 8.790700000000000e+38 
1.911259368855194e+15 5.403760366442673e+35 1.932233048087472e+00 8.801200000000000e+38 
1.914260007967085e+15 5.418050675860133e+35 1.933455115622448e+00 8.811690000000000e+38 
1.917264164827056e+15 5.432340985277592e+35 1.934675726346063e+00 8.822190000000000e+38 
1.920268321687026e+15 5.446662910423849e+35 1.935897580973103e+00 8.832680000000000e+38 
1.923272478546996e+15 5.460984835570109e+35 1.937117983488340e+00 8.843160000000000e+38 
1.926276635406967e+15 5.475338376445168e+35 1.938339629038422e+00 8.853649999999999e+38 
1.929284310015018e+15 5.489723533049026e+35 1.939562514938221e+00 8.864129999999999e+38 
1.932291984623068e+15 5.504108689652883e+35 1.940783953836413e+00 8.874610000000000e+38 
1.935303176979197e+15 5.518493846256741e+35 1.942003948884255e+00 8.885080000000000e+38 
1.938310851587247e+15 5.532910618589400e+35 1.943225182609960e+00 8.895550000000000e+38 
1.941322043943377e+15 5.547359006650857e+35 1.944447653332045e+00 8.906019999999999e+38 
1.944333236299507e+15 5.561807394712315e+35 1.945668686159055e+00 8.916490000000001e+38 
1.947347946403716e+15 5.576287398502571e+35 1.946890953238228e+00 8.926950000000001e+38 
1.950362656507926e+15 5.590767402292828e+35 1.948111786092496e+00 8.937410000000000e+38 
1.953377366612135e+15 5.605279021811884e+35 1.949333851501081e+00 8.947870000000000e+38 
1.956392076716344e+15 5.619790641330942e+35 1.950554488207254e+00 8.958320000000000e+38 
1.959410304568633e+15 5.634333876578798e+35 1.951776355773646e+00 8.968770000000001e+38 
1.962428532420922e+15 5.648877111826655e+35 1.952996798185283e+00 8.979220000000000e+38 
1.965446760273211e+15 5.663451962803311e+35 1.954218469766371e+00 8.989660000000001e+38 
1.968464988125500e+15 5.678026813779967e+35 1.955438721648647e+00 9.000100000000001e+38 
1.971486733725868e+15 5.692633280485423e+35 1.956660200885488e+00 9.010539999999999e+38 
1.974508479326236e+15 5.707271362919678e+35 1.957882904946000e+00 9.020970000000000e+38 
1.977533742674684e+15 5.721909445353934e+35 1.959104193213905e+00 9.031409999999999e+38 
1.980555488275053e+15 5.736547527788190e+35 1.960324069530810e+00 9.041840000000000e+38 
1.983580751623502e+15 5.751248841680045e+35 1.961547801846251e+00 9.052260000000000e+38 
1.986606014971950e+15 5.765918539843099e+35 1.962767495314764e+00 9.062680000000000e+38 
1.989634796068477e+15 5.780619853734955e+35 1.963988410092905e+00 9.073100000000000e+38 
1.992660059416925e+15 5.795352783355609e+35 1.965210544691540e+00 9.083519999999999e+38 
1.995688840513453e+15 5.810085712976264e+35 1.966431277595224e+00 9.093930000000000e+38 
1.998721139358060e+15 5.824850258325719e+35 1.967653227459821e+00 9.104339999999999e+38 
2.001749920454588e+15 5.839646419403971e+35 1.968876392877922e+00 9.114750000000000e+38 
2.004782219299195e+15 5.854410964753426e+35 1.970095550402927e+00 9.125149999999999e+38 
2.007814518143802e+15 5.869238741560481e+35 1.971318532078680e+00 9.135550000000001e+38 
2.010850334736489e+15 5.884066518367533e+35 1.972540120219093e+00 9.145950000000000e+38 
2.013882633581096e+15 5.898894295174588e+35 1.973760318552624e+00 9.156350000000000e+38 
2.016918450173783e+15 5.913753687710439e+35 1.974981729976875e+00 9.166740000000000e+38 
2.019957784514550e+15 5.928644695975093e+35 1.976204350968597e+00 9.177129999999999e+38 
2.022993601107236e+15 5.943535704239747e+35 1.977425586796656e+00 9.187510000000000e+38 
2.026032935448003e+15 5.958458328233200e+35 1.978648031440827e+00 9.197890000000000e+38 
2.029072269788769e+15 5.973380952226653e+35 1.979869095212870e+00 9.208269999999999e+38 
2.032111604129536e+15 5.988303576220106e+35 1.981088781846349e+00 9.218650000000000e+38 
2.035154456218382e+15 6.003289431671158e+35 1.982312257135760e+00 9.229020000000000e+38 
2.038197308307228e+15 6.018243671393409e+35 1.983531777619538e+00 9.239389999999999e+38 
2.041240160396074e+15 6.033261142573261e+35 1.984755079208670e+00 9.249759999999999e+38 
2.044283012484920e+15 6.048246998024314e+35 1.985974436879832e+00 9.260120000000000e+38 
2.047329382321846e+15 6.063296084932965e+35 1.987197568141888e+00 9.270479999999999e+38 
2.050375752158772e+15 6.078345171841616e+35 1.988419331439133e+00 9.280840000000000e+38 
2.053422121995697e+15 6.093394258750268e+35 1.989639730438789e+00 9.291190000000001e+38 
2.056472009580702e+15 6.108474961387719e+35 1.990861329172788e+00 9.301540000000000e+38 
2.059521897165708e+15 6.123587279753970e+35 1.992084125190463e+00 9.311890000000000e+38 
2.062571784750712e+15 6.138699598120221e+35 1.993305561421983e+00 9.322230000000000e+38 
2.065621672335718e+15 6.153811916486471e+35 1.994525641547716e+00 9.332570000000001e+38 
2.068675077668803e+15 6.168955850581523e+35 1.995746918131913e+00 9.342910000000000e+38 
2.071724965253808e+15 6.184131400405373e+35 1.996969389717868e+00 9.353249999999999e+38 
2.074781888334972e+15 6.199306950229224e+35 1.998190509530345e+00 9.363580000000000e+38 
2.077835293668057e+15 6.214514115781873e+35 1.999412821727237e+00 9.373910000000000e+38 
2.080892216749222e+15 6.229721281334522e+35 2.000633786244535e+00 9.384230000000000e+38 
2.083949139830386e+15 6.244960062615973e+35 2.001855941560745e+00 9.394559999999999e+38 
2.087006062911550e+15 6.260198843897423e+35 2.003076753137482e+00 9.404880000000000e+38 
2.090062985992715e+15 6.275469240907671e+35 2.004298754831231e+00 9.415189999999999e+38 
2.093123426821959e+15 6.290739637917919e+35 2.005519416764568e+00 9.425500000000000e+38 
2.096183867651203e+15 6.306041650656968e+35 2.006741266335653e+00 9.435810000000000e+38 
2.099244308480447e+15 6.321343663396019e+35 2.007961780101785e+00 9.446119999999999e+38 
2.102304749309691e+15 6.336677291863868e+35 2.009183480710048e+00 9.456419999999999e+38 
2.105368707887014e+15 6.352042536060515e+35 2.010406365782694e+00 9.466719999999999e+38 
2.108432666464338e+15 6.367407780257162e+35 2.011627919236890e+00 9.477020000000001e+38 
2.111496625041662e+15 6.382773024453813e+35 2.012848144674964e+00 9.487320000000001e+38 
2.114564101367065e+15 6.398169884379261e+35 2.014069552987003e+00 9.497610000000000e+38 
2.117631577692468e+15 6.413598360033509e+35 2.015292141813980e+00 9.507890000000000e+38 
2.120699054017871e+15 6.429026835687756e+35 2.016513406759556e+00 9.518180000000001e+38 
2.123766530343274e+15 6.444486927070803e+35 2.017735851437052e+00 9.528459999999999e+38 
2.126837524416757e+15 6.459947018453851e+35 2.018956976091812e+00 9.538740000000000e+38 
2.129908518490240e+15 6.475438725565698e+35 2.020179278044439e+00 9.549009999999999e+38 
2.132979512563722e+15 6.490930432677545e+35 2.021400263922205e+00 9.559280000000001e+38 
2.136050506637206e+15 6.506422139789392e+35 2.022619937014093e+00 9.569550000000000e+38 
2.139121500710688e+15 6.521977078358839e+35 2.023843274130104e+00 9.579820000000001e+38 
2.142196012532251e+15 6.537532016928286e+35 2.025065300031267e+00 9.590079999999999e+38 
2.145270524353813e+15 6.553086955497732e+35 2.026286017233645e+00 9.600340000000000e+38 
2.148348553923455e+15 6.568673509795976e+35 2.027507907104610e+00 9.610589999999999e+38 
2.151423065745017e+15 6.584260064094224e+35 2.028728492155710e+00 9.620840000000001e+38 
2.154501095314659e+15 6.599878234121270e+35 2.029950249098139e+00 9.631089999999999e+38 
2.157579124884301e+15 6.615528019877115e+35 2.031173175742402e+00 9.641340000000001e+38 
2.160660672202022e+15 6.631146189904161e+35 2.032392333388762e+00 9.651580000000000e+38 
2.163738701771664e+15 6.646827591388807e+35 2.033615126813621e+00 9.661819999999998e+38 
2.166820249089386e+15 6.662508992873452e+35 2.034836623972258e+00 9.672060000000001e+38 
2.169901796407108e+15 6.678222010086896e+35 2.036059287565915e+00 9.682290000000001e+38 
2.172986861472909e+15 6.693935027300342e+35 2.037280657727620e+00 9.692519999999999e+38 
2.176068408790630e+15 6.709648044513787e+35 2.038500737808487e+00 9.702749999999999e+38 
2.179153473856432e+15 6.725392677456030e+35 2.039721983663530e+00 9.712970000000000e+38 
2.182238538922232e+15 6.741168926127076e+35 2.040944392966785e+00 9.723189999999999e+38 
2.185323603988034e+15 6.756945174798120e+35 2.042165516913160e+00 9.733410000000000e+38 
2.188412186801915e+15 6.772753039197962e+35 2.043387802750233e+00 9.743619999999998e+38 
2.191500769615795e+15 6.788560903597808e+35 2.044608806008624e+00 9.753829999999999e+38 
2.194589352429676e+15 6.804400383726452e+35 2.045830969650022e+00 9.764040000000001e+38 
2.197677935243556e+15 6.820239863855096e+35 2.047051855173791e+00 9.774240000000000e+38 
2.200770035805517e+15 6.836110959712537e+35 2.048273899576521e+00 9.784440000000000e+38 
2.203862136367477e+15 6.851982055569982e+35 2.049494668603104e+00 9.794640000000001e+38 
2.206954236929438e+15 6.867884767156225e+35 2.050716594902346e+00 9.804830000000000e+38 
2.210046337491398e+15 6.883819094471269e+35 2.051939677199565e+00 9.815020000000001e+38 
2.213141955801438e+15 6.899721806057511e+35 2.053159064234406e+00 9.825210000000001e+38 
2.216234056363398e+15 6.915687749101353e+35 2.054382029630407e+00 9.835390000000000e+38 
2.219329674673438e+15 6.931653692145195e+35 2.055603728748644e+00 9.845579999999999e+38 
2.222428810731558e+15 6.947619635189039e+35 2.056824162972666e+00 9.855750000000000e+38 
2.225524429041597e+15 6.963617193961680e+35 2.058045749990691e+00 9.865930000000000e+38 
2.228623565099717e+15 6.979646368463122e+35 2.059268488438632e+00 9.876100000000001e+38 
2.231722701157836e+15 6.995675542964564e+35 2.060489966629311e+00 9.886270000000000e+38 
2.234821837215956e+15 7.011704717466006e+35 2.061710187815081e+00 9.896430000000000e+38 
2.237924491022155e+15 7.027765507696247e+35 2.062931558766704e+00 9.906589999999999e+38 
2.241023627080274e+15 7.043857913655289e+35 2.064154078131358e+00 9.916749999999999e+38 
2.244126280886474e+15 7.059950319614329e+35 2.065375344908138e+00 9.926900000000001e+38 
2.247228934692673e+15 7.076074341302170e+35 2.066597758521944e+00 9.937060000000001e+38 
2.250335106246951e+15 7.092198362990013e+35 2.067818922161259e+00 9.947200000000001e+38 
2.253437760053150e+15 7.108354000406651e+35 2.069041231168713e+00 9.957350000000000e+38 
2.256543931607429e+15 7.124509637823292e+35 2.070262294447769e+00 9.967490000000000e+38 
2.259650103161708e+15 7.140696890968733e+35 2.071484501628895e+00 9.977629999999999e+38 
2.262759792464066e+15 7.156884144114173e+35 2.072705465661245e+00 9.987760000000000e+38 
2.265865964018344e+15 7.173103012988413e+35 2.073927572133521e+00 9.997890000000000e+38 
2.268975653320703e+15 7.189321881862652e+35 2.075148439658804e+00 1.000800000000000e+39 
2.272085342623061e+15 7.205572366465692e+35 2.076370448164692e+00 1.001810000000000e+39 
2.275198549673499e+15 7.221822851068732e+35 2.077591220270052e+00 1.002830000000000e+39 
2.278308238975858e+15 7.238104951400573e+35 2.078813131900613e+00 1.003840000000000e+39 
2.281421446026295e+15 7.254387051732411e+35 2.080033811288839e+00 1.004850000000000e+39 
2.284534653076733e+15 7.270700767793051e+35 2.081255628592490e+00 1.005860000000000e+39 
2.287647860127171e+15 7.287046099582490e+35 2.082478582500125e+00 1.006870000000000e+39 
2.290761067177609e+15 7.303391431371927e+35 2.083700308400999e+00 1.007880000000000e+39 
2.293877791976126e+15 7.319736763161365e+35 2.084920808530995e+00 1.008890000000000e+39 
2.296994516774644e+15 7.336113710679604e+35 2.086142443684507e+00 1.009900000000000e+39 
2.300111241573162e+15 7.352522273926642e+35 2.087365212559959e+00 1.010910000000000e+39 
2.303227966371678e+15 7.368930837173679e+35 2.088586760008456e+00 1.011920000000000e+39 
2.306348208918276e+15 7.385339400420719e+35 2.089807088240969e+00 1.012930000000000e+39 
2.309468451464872e+15 7.401779579396556e+35 2.091028548618532e+00 1.013940000000000e+39 
2.312588694011470e+15 7.418251374101194e+35 2.092251139849337e+00 1.014950000000000e+39 
2.315708936558067e+15 7.434723168805831e+35 2.093472516102711e+00 1.015950000000000e+39 
2.318829179104664e+15 7.451194963510467e+35 2.094692680264446e+00 1.016960000000000e+39 
2.321952939399340e+15 7.467729989672705e+35 2.095916314283134e+00 1.017970000000000e+39 
2.325076699694017e+15 7.484233400106141e+35 2.097136399271762e+00 1.018980000000000e+39 
2.328200459988694e+15 7.500768426268380e+35 2.098357612753818e+00 1.019980000000000e+39 
2.331324220283370e+15 7.517335068159417e+35 2.099579953547508e+00 1.020990000000000e+39 
2.334451498326126e+15 7.533901710050455e+35 2.100801088889637e+00 1.021990000000000e+39 
2.337578776368882e+15 7.550499967670288e+35 2.102023349236425e+00 1.023000000000000e+39 
2.340706054411639e+15 7.567098225290125e+35 2.103244407304766e+00 1.024010000000000e+39 
2.343833332454396e+15 7.583728098638761e+35 2.104466589694469e+00 1.025010000000000e+39 
2.346960610497152e+15 7.600357971987396e+35 2.105687573689964e+00 1.026010000000000e+39 
2.350091406287988e+15 7.617019461064833e+35 2.106909680593100e+00 1.027020000000000e+39 
2.353222202078823e+15 7.633680950142267e+35 2.108130591452557e+00 1.028020000000000e+39 
2.356352997869659e+15 7.650374054948504e+35 2.109352623809018e+00 1.029030000000000e+39 
2.359483793660494e+15 7.667067159754739e+35 2.110573464022962e+00 1.030030000000000e+39 
2.362618107199410e+15 7.683791880289773e+35 2.111795424271049e+00 1.031030000000000e+39 
2.365748902990246e+15 7.700516600824809e+35 2.113016195420615e+00 1.032030000000000e+39 
2.368883216529162e+15 7.717272937088644e+35 2.114238085884951e+00 1.033040000000000e+39 
2.372017530068077e+15 7.734060889081277e+35 2.115461093641985e+00 1.034040000000000e+39 
2.375155361355072e+15 7.750848841073912e+35 2.116682915507245e+00 1.035040000000000e+39 
2.378289674893988e+15 7.767636793066545e+35 2.117903554329987e+00 1.036040000000000e+39 
2.381427506180982e+15 7.784456360787981e+35 2.119125309759780e+00 1.037040000000000e+39 
2.384565337467977e+15 7.801275928509413e+35 2.120345885233426e+00 1.038040000000000e+39 
2.387703168754972e+15 7.818127111959649e+35 2.121567575825831e+00 1.039040000000000e+39 
2.390844517790047e+15 7.835009911138680e+35 2.122790379481015e+00 1.040040000000000e+39 
2.393982349077042e+15 7.851892710317715e+35 2.124012007097212e+00 1.041040000000000e+39 
2.397123698112116e+15 7.868775509496747e+35 2.125232461481262e+00 1.042040000000000e+39 
2.400265047147191e+15 7.885689924404580e+35 2.126454028094163e+00 1.043040000000000e+39 
2.403406396182265e+15 7.902635955041215e+35 2.127676705768566e+00 1.044040000000000e+39 
2.406551262965420e+15 7.919581985677846e+35 2.128898213354446e+00 1.045030000000000e+39 
2.409692612000494e+15 7.936528016314480e+35 2.130118553631090e+00 1.046030000000000e+39 
2.412837478783648e+15 7.953505662679911e+35 2.131340004131118e+00 1.047030000000000e+39 
2.415982345566802e+15 7.970514924774143e+35 2.132562562826271e+00 1.048030000000000e+39 
2.419127212349957e+15 7.987524186868375e+35 2.133783958130443e+00 1.049020000000000e+39 
2.422275596881190e+15 8.004533448962608e+35 2.135004192038115e+00 1.050020000000000e+39 
2.425423981412424e+15 8.021574326785641e+35 2.136225532600605e+00 1.051020000000000e+39 
2.428568848195578e+15 8.038646820337470e+35 2.137447979423563e+00 1.052010000000000e+39 
2.431720750474892e+15 8.055719313889303e+35 2.138669268583940e+00 1.053010000000000e+39 
2.434869135006126e+15 8.072823423169935e+35 2.139891661685482e+00 1.054000000000000e+39 
2.438017519537360e+15 8.089927532450565e+35 2.141112900788380e+00 1.055000000000000e+39 
2.441169421816672e+15 8.107063257459996e+35 2.142335243221057e+00 1.055990000000000e+39 
2.444321324095986e+15 8.124198982469428e+35 2.143556433833951e+00 1.056980000000000e+39 
2.447473226375299e+15 8.141334707478859e+35 2.144776475238714e+00 1.057980000000000e+39 
2.450625128654612e+15 8.158533663945888e+35 2.145999868334501e+00 1.058970000000000e+39 
2.453780548682006e+15 8.175701004684119e+35 2.147219866416331e+00 1.059960000000000e+39 
2.456932450961319e+15 8.192899961151150e+35 2.148440965625317e+00 1.060960000000000e+39 
2.460087870988712e+15 8.210130533346979e+35 2.149663164865673e+00 1.061950000000000e+39 
2.463243291016105e+15 8.227361105542808e+35 2.150884221428813e+00 1.062940000000000e+39 
2.466398711043498e+15 8.244623293467438e+35 2.152106376581586e+00 1.063930000000000e+39 
2.469557648818970e+15 8.261885481392070e+35 2.153327391889602e+00 1.064920000000000e+39 
2.472713068846363e+15 8.279179285045497e+35 2.154549504383662e+00 1.065910000000000e+39 
2.475872006621836e+15 8.296473088698926e+35 2.155770480588501e+00 1.066900000000000e+39 
2.479030944397308e+15 8.313798508081157e+35 2.156992552579134e+00 1.067890000000000e+39 
2.482189882172781e+15 8.331123927463386e+35 2.158213491079914e+00 1.068880000000000e+39 
2.485352337696333e+15 8.348480962574414e+35 2.159435524022614e+00 1.069870000000000e+39 
2.488511275471806e+15 8.365837997685443e+35 2.160656426208095e+00 1.070860000000000e+39 
2.491673730995358e+15 8.383226648525271e+35 2.161878422227709e+00 1.071850000000000e+39 
2.494836186518910e+15 8.400615299365097e+35 2.163099290207495e+00 1.072840000000000e+39 
2.497998642042462e+15 8.418035565933728e+35 2.164321250681485e+00 1.073830000000000e+39 
2.501164615314094e+15 8.435455832502357e+35 2.165542085871405e+00 1.074810000000000e+39 
2.504327070837646e+15 8.452907714799782e+35 2.166764012082492e+00 1.075800000000000e+39 
2.507493044109278e+15 8.470391212826011e+35 2.167987028249574e+00 1.076790000000000e+39 
2.510659017380910e+15 8.487843095123437e+35 2.169206712877548e+00 1.077770000000000e+39 
2.513824990652542e+15 8.505358208878467e+35 2.170429695401713e+00 1.078760000000000e+39 
2.516990963924173e+15 8.522873322633494e+35 2.171651559608757e+00 1.079750000000000e+39 
2.520156937195804e+15 8.540388436388520e+35 2.172872307969612e+00 1.080730000000000e+39 
2.523326428215516e+15 8.557935165872347e+35 2.174094144066799e+00 1.081720000000000e+39 
2.526495919235227e+15 8.575481895356176e+35 2.175314866373634e+00 1.082700000000000e+39 
2.529665410254938e+15 8.593060240568801e+35 2.176536675091416e+00 1.083690000000000e+39 
2.532834901274650e+15 8.610638585781427e+35 2.177757373367785e+00 1.084670000000000e+39 
2.536004392294361e+15 8.628248546722852e+35 2.178979157399559e+00 1.085650000000000e+39 
2.539177401062152e+15 8.645858507664281e+35 2.180199833603008e+00 1.086640000000000e+39 
2.542346892081864e+15 8.663500084334506e+35 2.181421594107683e+00 1.087620000000000e+39 
2.545519900849654e+15 8.681173276733530e+35 2.182644437787284e+00 1.088600000000000e+39 
2.548692909617446e+15 8.698846469132555e+35 2.183866177060360e+00 1.089580000000000e+39 
2.551869436133316e+15 8.716519661531581e+35 2.185086813711213e+00 1.090570000000000e+39 
2.555042444901106e+15 8.734224469659407e+35 2.186308532115243e+00 1.091550000000000e+39 
2.558218971416977e+15 8.751929277787233e+35 2.187529151262579e+00 1.092530000000000e+39 
2.561391980184768e+15 8.769665701643857e+35 2.188750851378945e+00 1.093510000000000e+39 
2.564568506700638e+15 8.787433741229283e+35 2.189973631430899e+00 1.094490000000000e+39 
2.567745033216509e+15 8.805170165085908e+35 2.191193141563238e+00 1.095470000000000e+39 
2.570925077480459e+15 8.822969820400131e+35 2.192415903190367e+00 1.096450000000000e+39 
2.574101603996330e+15 8.840769475714356e+35 2.193637571546717e+00 1.097430000000000e+39 
2.577281648260280e+15 8.858569131028581e+35 2.194858149001377e+00 1.098410000000000e+39 
2.580461692524230e+15 8.876400402071604e+35 2.196079803487969e+00 1.099390000000000e+39 
2.583638219040100e+15 8.894231673114626e+35 2.197300370370044e+00 1.100360000000000e+39 
2.586821781052130e+15 8.912094559886451e+35 2.198522013606003e+00 1.101340000000000e+39 
2.590001825316080e+15 8.929989062387075e+35 2.199744731345648e+00 1.102320000000000e+39 
2.593181869580030e+15 8.947883564887700e+35 2.200966364721475e+00 1.103300000000000e+39 
2.596365431592060e+15 8.965778067388322e+35 2.202186915399313e+00 1.104270000000000e+39 
2.599548993604090e+15 8.983704185617745e+35 2.203408539868493e+00 1.105250000000000e+39 
2.602732555616119e+15 9.001630303847167e+35 2.204629084242876e+00 1.106230000000000e+39 
2.605916117628148e+15 9.019588037805389e+35 2.205850701683285e+00 1.107200000000000e+39 
2.609099679640178e+15 9.037577387492413e+35 2.207073391101504e+00 1.108180000000000e+39 
2.612286759400288e+15 9.055566737179435e+35 2.208295003565732e+00 1.109150000000000e+39 
2.615470321412318e+15 9.073556086866457e+35 2.209515541457310e+00 1.110130000000000e+39 
2.618657401172426e+15 9.091577052282280e+35 2.210737150559121e+00 1.111100000000000e+39 
2.621844480932536e+15 9.109598017698102e+35 2.211957687599925e+00 1.112080000000000e+39 
2.625031560692646e+15 9.127650598842725e+35 2.213179294437618e+00 1.113050000000000e+39 
2.628218640452754e+15 9.145734795716148e+35 2.214401969994968e+00 1.114020000000000e+39 
2.631409237960943e+15 9.163818992589568e+35 2.215623576629848e+00 1.115000000000000e+39 
2.634596317721052e+15 9.181903189462989e+35 2.216844116690667e+00 1.115970000000000e+39 
2.637786915229241e+15 9.200019002065209e+35 2.218065724701853e+00 1.116940000000000e+39 
2.640977512737430e+15 9.218134814667431e+35 2.219286268610317e+00 1.117910000000000e+39 
2.644168110245619e+15 9.236282242998452e+35 2.220507879065099e+00 1.118880000000000e+39 
2.647358707753808e+15 9.254461287058272e+35 2.221730555076611e+00 1.119850000000000e+39 
2.650552823010076e+15 9.272608715389295e+35 2.222950045371614e+00 1.120820000000000e+39 
2.653743420518265e+15 9.290819375177915e+35 2.224172724221788e+00 1.121790000000000e+39 
2.656937535774534e+15 9.309030034966534e+35 2.225394345227516e+00 1.122760000000000e+39 
2.660131651030802e+15 9.327240694755156e+35 2.226614909889802e+00 1.123730000000000e+39 
2.663325766287070e+15 9.345482970272575e+35 2.227836537942616e+00 1.124700000000000e+39 
2.666519881543339e+15 9.363725245789995e+35 2.229057112748520e+00 1.125670000000000e+39 
2.669713996799608e+15 9.381999137036215e+35 2.230278750181458e+00 1.126640000000000e+39 
2.672908112055876e+15 9.400304644011234e+35 2.231501449264488e+00 1.127610000000000e+39 
2.676105745060224e+15 9.418578535257456e+35 2.232720988039251e+00 1.128580000000000e+39 
2.679303378064572e+15 9.436915657961272e+35 2.233943696231690e+00 1.129540000000000e+39 
2.682501011068920e+15 9.455252780665090e+35 2.235165356633127e+00 1.130510000000000e+39 
2.685698644073268e+15 9.473589903368911e+35 2.236385971383867e+00 1.131480000000000e+39 
2.688896277077616e+15 9.491958641801531e+35 2.237607645626278e+00 1.132440000000000e+39 
2.692093910081964e+15 9.510327380234149e+35 2.238828277253590e+00 1.133410000000000e+39 
2.695295060834392e+15 9.528727734395568e+35 2.240049967067468e+00 1.134370000000000e+39 
2.698492693838740e+15 9.547128088556985e+35 2.241270616544423e+00 1.135340000000000e+39 
2.701693844591168e+15 9.565560058447204e+35 2.242492323545848e+00 1.136300000000000e+39 
2.704894995343594e+15 9.584023644066223e+35 2.243715086397275e+00 1.137270000000000e+39 
2.708096146096022e+15 9.602455613956440e+35 2.244934719706263e+00 1.138230000000000e+39 
2.711297296848450e+15 9.620950815304256e+35 2.246157500008631e+00 1.139200000000000e+39 
2.714498447600878e+15 9.639446016652075e+35 2.247379245900303e+00 1.140160000000000e+39 
2.717703116101385e+15 9.657941217999891e+35 2.248599958809524e+00 1.141120000000000e+39 
2.720904266853813e+15 9.676468035076509e+35 2.249821726088519e+00 1.142080000000000e+39 
2.724108935354320e+15 9.694994852153126e+35 2.251042463396352e+00 1.143050000000000e+39 
2.727313603854828e+15 9.713553284958543e+35 2.252264253781948e+00 1.144010000000000e+39 
2.730518272355334e+15 9.732111717763962e+35 2.253485016414099e+00 1.144970000000000e+39 
2.733722940855842e+15 9.750701766298176e+35 2.254706831539624e+00 1.145930000000000e+39 
2.736931127104428e+15 9.769291814832391e+35 2.255927621118468e+00 1.146890000000000e+39 
2.740135795604936e+15 9.787913479095408e+35 2.257149461903715e+00 1.147850000000000e+39 
2.743343981853522e+15 9.806535143358424e+35 2.258370279992589e+00 1.148810000000000e+39 
2.746548650354030e+15 9.825188423350240e+35 2.259592148611111e+00 1.149770000000000e+39 
2.749756836602616e+15 9.843841703342058e+35 2.260812997368286e+00 1.150730000000000e+39 
2.752965022851204e+15 9.862526599062672e+35 2.262034895373072e+00 1.151690000000000e+39 
2.756173209099790e+15 9.881211494783288e+35 2.263255775757946e+00 1.152650000000000e+39 
2.759381395348377e+15 9.899896390503904e+35 2.264475640595981e+00 1.153600000000000e+39 
2.762593099345044e+15 9.918644517682118e+35 2.265698616395355e+00 1.154560000000000e+39 
2.765801285593630e+15 9.937361029131534e+35 2.266918516657936e+00 1.155520000000000e+39 
2.769012989590296e+15 9.956109156309748e+35 2.268139464729618e+00 1.156480000000000e+39 
2.772224693586963e+15 9.974888899216763e+35 2.269361458940077e+00 1.157430000000000e+39 
2.775432879835550e+15 9.993668642123778e+35 2.270582443195079e+00 1.158390000000000e+39 
2.778644583832216e+15 1.001248000075959e+36 2.271804473537192e+00 1.159340000000000e+39 
2.781856287828882e+15 1.003129135939541e+36 2.273025496046305e+00 1.160300000000000e+39 
2.785071509573629e+15 1.005013433376002e+36 2.274247562775052e+00 1.161250000000000e+39 
2.788283213570294e+15 1.006897730812464e+36 2.275468623900557e+00 1.162210000000000e+39 
2.791498435315041e+15 1.008782028248925e+36 2.276688681474818e+00 1.163160000000000e+39 
2.794710139311707e+15 1.010669487258266e+36 2.277909783079211e+00 1.164120000000000e+39 
2.797925361056454e+15 1.012560107840488e+36 2.279131927723872e+00 1.165070000000000e+39 
2.801140582801200e+15 1.014450728422709e+36 2.280353071482078e+00 1.166020000000000e+39 
2.804355804545945e+15 1.016344510577810e+36 2.281575256948582e+00 1.166970000000000e+39 
2.807571026290691e+15 1.018238292732912e+36 2.282796444315520e+00 1.167930000000000e+39 
2.810786248035438e+15 1.020132074888013e+36 2.284016635605940e+00 1.168880000000000e+39 
2.814001469780184e+15 1.022029018615994e+36 2.285237868407916e+00 1.169830000000000e+39 
2.817220209273008e+15 1.023929123916855e+36 2.286460141061344e+00 1.170780000000000e+39 
2.820435431017754e+15 1.025829229217717e+36 2.287681420372921e+00 1.171730000000000e+39 
2.823654170510580e+15 1.027729334518578e+36 2.288901708393168e+00 1.172680000000000e+39 
2.826872910003406e+15 1.029632601392319e+36 2.290123035477642e+00 1.173630000000000e+39 
2.830091649496232e+15 1.031535868266060e+36 2.291343373376141e+00 1.174580000000000e+39 
2.833310388989057e+15 1.033442296712682e+36 2.292564749646931e+00 1.175530000000000e+39 
2.836529128481882e+15 1.035351886732183e+36 2.293787163274320e+00 1.176480000000000e+39 
2.839747867974708e+15 1.037261476751684e+36 2.295008590923428e+00 1.177430000000000e+39 
2.842970125215614e+15 1.039171066771185e+36 2.296229033944798e+00 1.178370000000000e+39 
2.846188864708439e+15 1.041083818363566e+36 2.297450513533619e+00 1.179320000000000e+39 
2.849411121949344e+15 1.042996569955947e+36 2.298671011193518e+00 1.180270000000000e+39 
2.852629861442170e+15 1.044912483121208e+36 2.299892544754199e+00 1.181220000000000e+39 
2.855852118683075e+15 1.046828396286470e+36 2.301113099003266e+00 1.182160000000000e+39 
2.859074375923980e+15 1.048747471024611e+36 2.302334687840800e+00 1.183110000000000e+39 
2.862296633164886e+15 1.050669707335631e+36 2.303557310375505e+00 1.184050000000000e+39 
2.865518890405790e+15 1.052588782073773e+36 2.304776946745908e+00 1.185000000000000e+39 
2.868744665394776e+15 1.054514179957674e+36 2.305999624727020e+00 1.185940000000000e+39 
2.871966922635680e+15 1.056436416268695e+36 2.307219321808488e+00 1.186890000000000e+39 
2.875189179876586e+15 1.058361814152596e+36 2.308440052682843e+00 1.187830000000000e+39 
2.878414954865570e+15 1.060290373609377e+36 2.309661815756566e+00 1.188780000000000e+39 
2.881637212106476e+15 1.062218933066158e+36 2.310882608581138e+00 1.189720000000000e+39 
2.884862987095460e+15 1.064150654095818e+36 2.312104432964480e+00 1.190660000000000e+39 
2.888088762084445e+15 1.066082375125479e+36 2.313325289039355e+00 1.191600000000000e+39 
2.891314537073430e+15 1.068017257728020e+36 2.314547175439571e+00 1.192550000000000e+39 
2.894540312062415e+15 1.069952140330561e+36 2.315768096077561e+00 1.193490000000000e+39 
2.897766087051399e+15 1.071890184505982e+36 2.316990046380552e+00 1.194430000000000e+39 
2.900991862040384e+15 1.073828228681403e+36 2.318211033519665e+00 1.195370000000000e+39 
2.904221154777448e+15 1.075766272856824e+36 2.319431058776831e+00 1.196310000000000e+39 
2.907446929766433e+15 1.077707478605125e+36 2.320652112902465e+00 1.197250000000000e+39 
2.910676222503498e+15 1.079651845926305e+36 2.321874194914461e+00 1.198190000000000e+39 
2.913901997492482e+15 1.081596213247486e+36 2.323095318137929e+00 1.199130000000000e+39 
2.917131290229547e+15 1.083540580568667e+36 2.324315484493225e+00 1.200070000000000e+39 
2.920360582966611e+15 1.085488109462728e+36 2.325536677829918e+00 1.201010000000000e+39 
2.923589875703675e+15 1.087438799929669e+36 2.326758897215816e+00 1.201940000000000e+39 
2.926819168440740e+15 1.089389490396610e+36 2.327980162189579e+00 1.202880000000000e+39 
2.930048461177804e+15 1.091340180863550e+36 2.329200474611586e+00 1.203820000000000e+39 
2.933277753914868e+15 1.093294032903371e+36 2.330421812804220e+00 1.204760000000000e+39 
2.936507046651932e+15 1.095247884943191e+36 2.331642200974236e+00 1.205690000000000e+39 
2.939739857137077e+15 1.097204898555892e+36 2.332863613695844e+00 1.206630000000000e+39 
2.942969149874141e+15 1.099161912168593e+36 2.334084078246084e+00 1.207560000000000e+39 
2.946201960359285e+15 1.101122087354174e+36 2.335305566669669e+00 1.208500000000000e+39 
2.949431253096350e+15 1.103085424112634e+36 2.336528078066413e+00 1.209430000000000e+39 
2.952664063581494e+15 1.105045599298215e+36 2.337747677011103e+00 1.210370000000000e+39 
2.955896874066638e+15 1.107012097629555e+36 2.338970264686436e+00 1.211300000000000e+39 
2.959129684551782e+15 1.108975434388016e+36 2.340189944902698e+00 1.212240000000000e+39 
2.962362495036925e+15 1.110941932719357e+36 2.341410647532977e+00 1.213170000000000e+39 
2.965595305522069e+15 1.112911592623577e+36 2.342632371682015e+00 1.214100000000000e+39 
2.968828116007214e+15 1.114881252527798e+36 2.343853156679380e+00 1.215030000000000e+39 
2.972060926492357e+15 1.116854074004898e+36 2.345074962478142e+00 1.215970000000000e+39 
2.975293736977501e+15 1.118826895481999e+36 2.346295831479863e+00 1.216900000000000e+39 
2.978526547462645e+15 1.120802878531979e+36 2.347517720671465e+00 1.217830000000000e+39 
2.981762875695868e+15 1.122778861581960e+36 2.348738674920956e+00 1.218760000000000e+39 
2.984995686181012e+15 1.124754844631941e+36 2.349958696060432e+00 1.219690000000000e+39 
2.988232014414236e+15 1.126733989254801e+36 2.351179736584954e+00 1.220620000000000e+39 
2.991468342647460e+15 1.128716295450541e+36 2.352401794914498e+00 1.221550000000000e+39 
2.994701153132604e+15 1.130698601646282e+36 2.353622923041629e+00 1.222480000000000e+39 
2.997937481365827e+15 1.132680907842022e+36 2.354843122740011e+00 1.223410000000000e+39 
3.001173809599050e+15 1.134666375610643e+36 2.356064339987787e+00 1.224340000000000e+39 
3.004410137832274e+15 1.136651843379263e+36 2.357284630659398e+00 1.299060000000000e+39 
3.271080066501814e+15 1.305005599237602e+36 2.457628694281544e+00 1.299960000000000e+39 
3.274351572215834e+15 1.307130176212941e+36 2.458858318410277e+00 1.300850000000000e+39 
3.277623077929852e+15 1.309254753188280e+36 2.460087092107741e+00 1.301750000000000e+39 
3.280894583643872e+15 1.311382491736499e+36 2.461316844218833e+00 1.302650000000000e+39 
3.284166089357892e+15 1.313513391857598e+36 2.462547573960294e+00 1.303550000000000e+39 
3.287441112819990e+15 1.315644291978697e+36 2.463777455126740e+00 1.304440000000000e+39 
3.290712618534010e+15 1.317775192099796e+36 2.465006489243160e+00 1.305340000000000e+39 
3.293987641996109e+15 1.319909253793775e+36 2.466236500173581e+00 1.306240000000000e+39 
3.297262665458208e+15 1.322046477060633e+36 2.467467486571333e+00 1.307130000000000e+39 
3.300537688920307e+15 1.324183700327492e+36 2.468697627768434e+00 1.308030000000000e+39 
3.303812712382406e+15 1.326324085167231e+36 2.469928743818538e+00 1.308920000000000e+39 
3.307091253592585e+15 1.328467631579850e+36 2.471160833433439e+00 1.309820000000000e+39 
3.310366277054684e+15 1.330608016419589e+36 2.472390263587726e+00 1.310710000000000e+39 
3.313644818264862e+15 1.332754724405088e+36 2.473622482642316e+00 1.311610000000000e+39 
3.316923359475041e+15 1.334901432390587e+36 2.474853859802051e+00 1.312500000000000e+39 
3.320201900685220e+15 1.337048140376085e+36 2.476084396465909e+00 1.313400000000000e+39 
3.323480441895398e+15 1.339201171507344e+36 2.477317716437013e+00 1.314290000000000e+39 
3.326758983105578e+15 1.341351041065723e+36 2.478548386862334e+00 1.315180000000000e+39 
3.330037524315756e+15 1.343507233769861e+36 2.479781837535987e+00 1.316080000000000e+39 
3.333319583274014e+15 1.345660264901120e+36 2.481012642523026e+00 1.316970000000000e+39 
3.336598124484192e+15 1.347819619178139e+36 2.482246224185388e+00 1.317860000000000e+39 
3.339880183442450e+15 1.349978973455158e+36 2.483478969566801e+00 1.318750000000000e+39 
3.343162242400709e+15 1.352138327732177e+36 2.484710879502483e+00 1.319640000000000e+39 
3.346440783610888e+15 1.354300843582075e+36 2.485943758638719e+00 1.320530000000000e+39 
3.349726360317225e+15 1.356463359431974e+36 2.487175804321481e+00 1.321430000000000e+39 
3.353008419275484e+15 1.358629036854753e+36 2.488408817537379e+00 1.322320000000000e+39 
3.356290478233742e+15 1.360797875850411e+36 2.489642798051383e+00 1.323210000000000e+39 
3.359572537192000e+15 1.362966714846070e+36 2.490875947327945e+00 1.324100000000000e+39 
3.362858113898338e+15 1.365138715414608e+36 2.492110062799202e+00 1.324990000000000e+39 
3.366143690604676e+15 1.367310715983147e+36 2.493343347882461e+00 1.325880000000000e+39 
3.369425749562934e+15 1.369485878124565e+36 2.494577598628001e+00 1.326770000000000e+39 
3.372711326269272e+15 1.371661040265984e+36 2.495811021384041e+00 1.327650000000000e+39 
3.375996902975610e+15 1.373839363980282e+36 2.497045408666495e+00 1.328540000000000e+39 
3.379282479681947e+15 1.376020849267461e+36 2.498280759728990e+00 1.329430000000000e+39 
3.382568056388285e+15 1.378202334554639e+36 2.499515284560910e+00 1.330320000000000e+39 
3.385857150842702e+15 1.380383819841818e+36 2.500748984059832e+00 1.331210000000000e+39 
3.389142727549040e+15 1.382568466701876e+36 2.501983646511422e+00 1.332090000000000e+39 
3.392428304255378e+15 1.384756275134815e+36 2.503219271687576e+00 1.332980000000000e+39 
3.395717398709796e+15 1.386944083567753e+36 2.504454073752858e+00 1.333870000000000e+39 
3.399006493164213e+15 1.389135053573571e+36 2.505689836903427e+00 1.334750000000000e+39 
3.402292069870550e+15 1.391326023579390e+36 2.506924778792962e+00 1.335640000000000e+39 
3.405581164324968e+15 1.393520155158088e+36 2.508160681756253e+00 1.336520000000000e+39 
3.408870258779386e+15 1.395714286736787e+36 2.509395764751921e+00 1.337410000000000e+39 
3.412159353233803e+15 1.397911579888365e+36 2.510631807785785e+00 1.338290000000000e+39 
3.415448447688220e+15 1.400108873039943e+36 2.511867032723933e+00 1.339180000000000e+39 
3.418741059890717e+15 1.402309327764401e+36 2.513103216618397e+00 1.340060000000000e+39 
3.422030154345134e+15 1.404512944061740e+36 2.514340358701641e+00 1.340940000000000e+39 
3.425319248799552e+15 1.406716560359078e+36 2.515576684873672e+00 1.341830000000000e+39 
3.428611861002049e+15 1.408920176656416e+36 2.516812195969050e+00 1.342710000000000e+39 
3.431900955456467e+15 1.411126954526635e+36 2.518048664943026e+00 1.343590000000000e+39 
3.435193567658964e+15 1.413336893969733e+36 2.519286091068022e+00 1.344480000000000e+39 
3.438486179861460e+15 1.415546833412831e+36 2.520522703812874e+00 1.345360000000000e+39 
3.441778792063958e+15 1.417759934428809e+36 2.521760272599920e+00 1.346240000000000e+39 
3.445067886518375e+15 1.419973035444787e+36 2.522997030282800e+00 1.347120000000000e+39 
3.448360498720872e+15 1.422189298033645e+36 2.524234743961051e+00 1.348000000000000e+39 
3.451653110923368e+15 1.424405560622503e+36 2.525471647791146e+00 1.348880000000000e+39 
3.454945723125866e+15 1.426624984784241e+36 2.526709506631684e+00 1.349760000000000e+39 
3.458241853076442e+15 1.428844408945979e+36 2.527946556947773e+00 1.350640000000000e+39 
3.461534465278940e+15 1.431066994680598e+36 2.529184561220132e+00 1.351520000000000e+39 
3.464827077481436e+15 1.433289580415216e+36 2.530421759219440e+00 1.352400000000000e+39 
3.468119689683933e+15 1.435515327722714e+36 2.531659911079753e+00 1.353280000000000e+39 
3.471415819634510e+15 1.437744236603092e+36 2.532899015596008e+00 1.354160000000000e+39 
3.474708431837007e+15 1.439969983910590e+36 2.534135558909845e+00 1.355030000000000e+39 
3.478004561787584e+15 1.442202054363848e+36 2.535374810679495e+00 1.355910000000000e+39 
3.481297173990080e+15 1.444434124817106e+36 2.536613259575258e+00 1.356790000000000e+39 
3.484593303940658e+15 1.446666195270364e+36 2.537850906838888e+00 1.357670000000000e+39 
3.487885916143154e+15 1.448904588869382e+36 2.539091257856027e+00 1.358540000000000e+39 
3.491182046093730e+15 1.451139820895519e+36 2.540329057229835e+00 1.359420000000000e+39 
3.494478176044308e+15 1.453378214494537e+36 2.541567807298362e+00 1.360290000000000e+39 
3.497774305994884e+15 1.455619769666435e+36 2.542807507366135e+00 1.361170000000000e+39 
3.501066918197380e+15 1.457861324838333e+36 2.544046409655139e+00 1.362040000000000e+39 
3.504363048147958e+15 1.460106041583111e+36 2.545286261850103e+00 1.362920000000000e+39 
3.507659178098534e+15 1.462350758327889e+36 2.546525317473708e+00 1.363790000000000e+39 
3.510955308049110e+15 1.464598636645547e+36 2.547765321999994e+00 1.364670000000000e+39 
3.514251437999688e+15 1.466846514963204e+36 2.549004531734689e+00 1.365540000000000e+39 
3.517547567950264e+15 1.469094393280862e+36 2.550242947942255e+00 1.366410000000000e+39 
3.520843697900840e+15 1.471348594744280e+36 2.551484053629527e+00 1.367290000000000e+39 
3.524150381095656e+15 1.473599634634818e+36 2.552722625262349e+00 1.368160000000000e+39 
3.527421886809675e+15 1.475856997671116e+36 2.553963885354094e+00 1.369030000000000e+39 
3.530728570004490e+15 1.478114360707414e+36 2.555204356402639e+00 1.369900000000000e+39 
3.534035253199306e+15 1.480371723743711e+36 2.556444034729657e+00 1.370770000000000e+39 
3.537341936394122e+15 1.482632248352889e+36 2.557684656913679e+00 1.371640000000000e+39 
3.540613442108140e+15 1.484892772962066e+36 2.558924493018939e+00 1.372510000000000e+39 
3.543920125302956e+15 1.487156459144124e+36 2.560165277360658e+00 1.373380000000000e+39 
3.547226808497772e+15 1.489420145326182e+36 2.561405272017070e+00 1.374250000000000e+39 
3.550498314211791e+15 1.491686993081119e+36 2.562646214367252e+00 1.375120000000000e+39 
3.553804997406606e+15 1.493953840836057e+36 2.563886373944136e+00 1.375990000000000e+39 
3.557111680601421e+15 1.496223850163874e+36 2.565127475734985e+00 1.376860000000000e+39 
3.560418363796237e+15 1.498497021064572e+36 2.566369519064207e+00 1.377730000000000e+39 
3.563689869510256e+15 1.500767030392390e+36 2.567609055123821e+00 1.378590000000000e+39 
3.566996552705072e+15 1.503043362865967e+36 2.568851263308076e+00 1.379460000000000e+39 
3.570303235899887e+15 1.505319695339545e+36 2.570092687493170e+00 1.380330000000000e+39 
3.573609919094702e+15 1.507596027813122e+36 2.571333328908282e+00 1.381190000000000e+39 
3.576881424808722e+15 1.509875521859580e+36 2.572574915852421e+00 1.382060000000000e+39 
3.580188108003538e+15 1.512155015906037e+36 2.573815726560149e+00 1.382920000000000e+39 
3.583494791198352e+15 1.514437671525375e+36 2.575057477009222e+00 1.383790000000000e+39 
3.586766296912372e+15 1.516723488717592e+36 2.576300171687058e+00 1.384650000000000e+39 
3.590072980107188e+15 1.519009305909810e+36 2.577542092058408e+00 1.385520000000000e+39 
3.593379663302002e+15 1.521295123102027e+36 2.578783234536743e+00 1.386380000000000e+39 
3.596686346496818e+15 1.523584101867125e+36 2.580025316096870e+00 1.387240000000000e+39 
3.599957852210838e+15 1.525873080632222e+36 2.581266626250732e+00 1.388110000000000e+39 
3.603264535405653e+15 1.528165220970200e+36 2.582508879779842e+00 1.388970000000000e+39 
3.606571218600468e+15 1.530457361308177e+36 2.583750358332343e+00 1.389830000000000e+39 
3.609842724314488e+15 1.532752663219034e+36 2.584992779680185e+00 1.390690000000000e+39 
3.613149407509303e+15 1.535051126702772e+36 2.586236143112641e+00 1.391550000000000e+39 
3.616456090704118e+15 1.537349590186509e+36 2.587478733478012e+00 1.392410000000000e+39 
3.619727596418138e+15 1.539648053670246e+36 2.588720557158270e+00 1.393270000000000e+39 
3.623034279612954e+15 1.541949678726863e+36 2.589963322606035e+00 1.394130000000000e+39 
3.626340962807768e+15 1.544251303783481e+36 2.591205318201606e+00 1.394990000000000e+39 
3.629647646002584e+15 1.546556090412978e+36 2.592448250248280e+00 1.395850000000000e+39 
3.632919151716604e+15 1.548860877042475e+36 2.593690418801073e+00 1.396710000000000e+39 
3.636225834911418e+15 1.551168825244853e+36 2.594933528052254e+00 1.397570000000000e+39 
3.639532518106234e+15 1.553476773447229e+36 2.596175870259211e+00 1.398430000000000e+39 
3.642804023820254e+15 1.555787883222487e+36 2.597419152631296e+00 1.399280000000000e+39 
3.646110707015069e+15 1.558098992997744e+36 2.598661674626179e+00 1.400140000000000e+39 
3.649417390209884e+15 1.560413264345881e+36 2.599905131157262e+00 1.401000000000000e+39 
3.652688895923903e+15 1.562727535694018e+36 2.601147828861321e+00 1.401850000000000e+39 
3.655995579118719e+15 1.565044968615036e+36 2.602391465665880e+00 1.402710000000000e+39 
3.659302262313534e+15 1.567362401536053e+36 2.603634340105027e+00 1.403560000000000e+39 
3.662573768027554e+15 1.569682996029950e+36 2.604878153113506e+00 1.404420000000000e+39 
3.665880451222370e+15 1.572003590523847e+36 2.606121210074318e+00 1.405270000000000e+39 
3.669151956936388e+15 1.574324185017744e+36 2.607363512178654e+00 1.406120000000000e+39 
3.672458640131204e+15 1.576647941084521e+36 2.608606752526872e+00 1.406980000000000e+39 
3.675765323326019e+15 1.578974858724178e+36 2.609850925372559e+00 1.407830000000000e+39 
3.679036829040038e+15 1.581301776363835e+36 2.611094345562624e+00 1.408680000000000e+39 
3.682343512234854e+15 1.583628694003492e+36 2.612337013941886e+00 1.409530000000000e+39 
3.685615017948874e+15 1.585958773216029e+36 2.613580619164615e+00 1.410380000000000e+39 
3.688921701143689e+15 1.588292014001446e+36 2.614825160880138e+00 1.411230000000000e+39 
3.692228384338504e+15 1.590625254786863e+36 2.616068947937024e+00 1.412080000000000e+39 
3.695499890052524e+15 1.592958495572280e+36 2.617311986540055e+00 1.412930000000000e+39 
3.698806573247338e+15 1.595294897930577e+36 2.618555960970240e+00 1.413780000000000e+39 
3.702078078961359e+15 1.597631300288874e+36 2.619799188148121e+00 1.414630000000000e+39 
3.705384762156174e+15 1.599970864220051e+36 2.621043350625452e+00 1.415480000000000e+39 
3.708656267870193e+15 1.602310428151228e+36 2.622286767342091e+00 1.416330000000000e+39 
3.711962951065008e+15 1.604653153655285e+36 2.623531118831207e+00 1.417180000000000e+39 
3.715234456779028e+15 1.606995879159342e+36 2.624774726045226e+00 1.418020000000000e+39 
3.718541139973844e+15 1.609341766236278e+36 2.626019267505483e+00 1.418870000000000e+39 
3.721812645687863e+15 1.611687653313215e+36 2.627263066170257e+00 1.419710000000000e+39 
3.725119328882678e+15 1.614036701963032e+36 2.628507798555763e+00 1.420560000000000e+39 
3.728390834596697e+15 1.616385750612849e+36 2.629751789660117e+00 1.421400000000000e+39 
3.731697517791513e+15 1.618734799262666e+36 2.630995040634377e+00 1.422250000000000e+39 
3.734969023505532e+15 1.621087009485362e+36 2.632239225039517e+00 1.423090000000000e+39 
3.738275706700348e+15 1.623439219708059e+36 2.633482670817920e+00 1.423940000000000e+39 
3.741547212414368e+15 1.625794591503636e+36 2.634727049136827e+00 1.424780000000000e+39 
3.744818718128386e+15 1.628153124872093e+36 2.635972364276252e+00 1.425620000000000e+39 
3.748125401323202e+15 1.630508496667669e+36 2.637215273775706e+00 1.426460000000000e+39 
3.751396907037222e+15 1.632870191609006e+36 2.638460783235617e+00 1.427300000000000e+39 
3.754703590232037e+15 1.635228724977463e+36 2.639703890881161e+00 1.428150000000000e+39 
3.757975095946056e+15 1.637590419918800e+36 2.640947930208535e+00 1.428990000000000e+39 
3.761246601660076e+15 1.639955276433016e+36 2.642192905475242e+00 1.429830000000000e+39 
3.764553284854890e+15 1.642320132947233e+36 2.643437147619379e+00 1.430670000000000e+39 
3.767824790568910e+15 1.644684989461450e+36 2.644680657764120e+00 1.431500000000000e+39 
3.771096296282930e+15 1.647053007548546e+36 2.645925103456612e+00 1.432340000000000e+39 
3.774402979477745e+15 1.649424187208523e+36 2.647170479157802e+00 1.433180000000000e+39 
3.777674485191764e+15 1.651795366868499e+36 2.648415124592721e+00 1.434020000000000e+39 
3.780945990905784e+15 1.654166546528476e+36 2.649659045413768e+00 1.434850000000000e+39 
3.784217496619804e+15 1.656540887761333e+36 2.650903900440483e+00 1.435690000000000e+39 
3.787524179814618e+15 1.658915228994189e+36 2.652148027809914e+00 1.436530000000000e+39 
3.790795685528639e+15 1.661289570227046e+36 2.653391428629752e+00 1.437360000000000e+39 
3.794067191242658e+15 1.663667073032782e+36 2.654635763300392e+00 1.438200000000000e+39 
3.797338696956677e+15 1.666047737411399e+36 2.655881030839679e+00 1.439030000000000e+39 
3.800610202670696e+15 1.668428401790015e+36 2.657125578038313e+00 1.439860000000000e+39 
3.803916885865512e+15 1.670809066168632e+36 2.658369401486686e+00 1.440700000000000e+39 
3.807188391579532e+15 1.673192892120128e+36 2.659614153268064e+00 1.441530000000000e+39 
3.810459897293550e+15 1.675576718071625e+36 2.660858187227334e+00 1.442360000000000e+39 
3.813731403007570e+15 1.677963705596001e+36 2.662103153173199e+00 1.443190000000000e+39 
3.817002908721590e+15 1.680350693120378e+36 2.663347402394893e+00 1.444020000000000e+39 
3.820274414435609e+15 1.682737680644754e+36 2.664590935972493e+00 1.444860000000000e+39 
3.823545920149628e+15 1.685127829742011e+36 2.665835401180317e+00 1.445690000000000e+39 
3.826817425863648e+15 1.687521140412147e+36 2.667080797361052e+00 1.446510000000000e+39 
3.830088931577668e+15 1.689914451082283e+36 2.668325479550277e+00 1.447340000000000e+39 
3.833360437291686e+15 1.692307761752420e+36 2.669569448820242e+00 1.448170000000000e+39 
3.836631943005707e+15 1.694704233995436e+36 2.670814348706182e+00 1.449000000000000e+39 
3.839903448719726e+15 1.697100706238452e+36 2.672058537105408e+00 1.449830000000000e+39 
3.843174954433746e+15 1.699497178481469e+36 2.673302015083383e+00 1.450650000000000e+39 
3.846446460147765e+15 1.701896812297365e+36 2.674546423317516e+00 1.451480000000000e+39 
3.849717965861784e+15 1.704299607686141e+36 2.675791761155400e+00 1.452310000000000e+39 
3.852989471575804e+15 1.706702403074918e+36 2.677036390198686e+00 1.453130000000000e+39 
3.856260977289823e+15 1.709105198463694e+36 2.678280311543938e+00 1.453960000000000e+39 
3.859532483003842e+15 1.711507993852470e+36 2.679523526246210e+00 1.454780000000000e+39 
3.862803988717862e+15 1.713917112387007e+36 2.680769304991500e+00 1.455600000000000e+39 
3.866040316951086e+15 1.716323069348663e+36 2.682012747768320e+00 1.456430000000000e+39 
3.869311822665104e+15 1.718732187883199e+36 2.683257123536265e+00 1.457250000000000e+39 
3.872583328379124e+15 1.721141306417735e+36 2.684500795064789e+00 1.458070000000000e+39 
3.875854834093144e+15 1.723553586525151e+36 2.685745394667992e+00 1.458890000000000e+39 
3.879091162326367e+15 1.725965866632567e+36 2.686989295766505e+00 1.459710000000000e+39 
3.882362668040388e+15 1.728381308312864e+36 2.688234128829777e+00 1.460530000000000e+39 
3.885634173754406e+15 1.730796749993160e+36 2.689478260318807e+00 1.461350000000000e+39 
3.888905679468426e+15 1.733212191673456e+36 2.690721691270499e+00 1.462170000000000e+39 
3.892142007701650e+15 1.735630794926632e+36 2.691966053808708e+00 1.462990000000000e+39 
3.895413513415669e+15 1.738052559752688e+36 2.693211347008224e+00 1.463810000000000e+39 
3.898649841648892e+15 1.740471163005865e+36 2.694454320470530e+00 1.464620000000000e+39 
3.901921347362912e+15 1.742892927831921e+36 2.695698225138760e+00 1.465440000000000e+39 
3.905192853076931e+15 1.745317854230857e+36 2.696943055709609e+00 1.466260000000000e+39 
3.908429181310155e+15 1.747742780629793e+36 2.698187194079992e+00 1.467070000000000e+39 
3.911700687024174e+15 1.750167707028729e+36 2.699430640948423e+00 1.467890000000000e+39 
3.914937015257398e+15 1.752595795000544e+36 2.700675017720395e+00 1.468700000000000e+39 
3.918208520971417e+15 1.755023882972360e+36 2.701918704336665e+00 1.469520000000000e+39 
3.921444849204641e+15 1.757451970944177e+36 2.703161701803352e+00 1.470330000000000e+39 
3.924716354918660e+15 1.759883220488873e+36 2.704405628790442e+00 1.471140000000000e+39 
3.927952683151884e+15 1.762317631606449e+36 2.705650484357617e+00 1.471950000000000e+39 
3.931189011385107e+15 1.764752042724025e+36 2.706894656619832e+00 1.472760000000000e+39 
3.934460517099127e+15 1.767186453841601e+36 2.708138141983773e+00 1.473580000000000e+39 
3.937696845332350e+15 1.769620864959177e+36 2.709380941482624e+00 1.474390000000000e+39 
3.940933173565574e+15 1.772058437649632e+36 2.710624673938066e+00 1.475200000000000e+39 
3.944204679279593e+15 1.774499171912969e+36 2.711869334140378e+00 1.476000000000000e+39 
3.947441007512817e+15 1.776936744603424e+36 2.713111698571602e+00 1.476810000000000e+39 
3.950677335746040e+15 1.779377478866760e+36 2.714354995256740e+00 1.477620000000000e+39 
3.953913663979264e+15 1.781821374702977e+36 2.715599223296263e+00 1.478430000000000e+39 
3.957149992212487e+15 1.784265270539192e+36 2.716842773555264e+00 1.479240000000000e+39 
3.960421497926507e+15 1.786709166375408e+36 2.718085642728225e+00 1.480040000000000e+39 
3.963657826159730e+15 1.789156223784504e+36 2.719329438879742e+00 1.480850000000000e+39 
3.966894154392954e+15 1.791603281193600e+36 2.720572559486188e+00 1.481650000000000e+39 
3.970130482626177e+15 1.794053500175576e+36 2.721816610516371e+00 1.482460000000000e+39 
3.973366810859401e+15 1.796503719157551e+36 2.723059986948957e+00 1.483260000000000e+39 
3.976603139092625e+15 1.798953938139527e+36 2.724302689750300e+00 1.484060000000000e+39 
3.979839467325848e+15 1.801407318694383e+36 2.725546322612599e+00 1.484870000000000e+39 
3.983075795559072e+15 1.803860699249239e+36 2.726789283119670e+00 1.485670000000000e+39 
3.986312123792294e+15 1.806314079804095e+36 2.728031572232050e+00 1.486470000000000e+39 
3.989548452025518e+15 1.808770621931831e+36 2.729274791040181e+00 1.487270000000000e+39 
3.992784780258742e+15 1.811227164059566e+36 2.730517339376243e+00 1.488070000000000e+39 
3.995985931011170e+15 1.813686867760182e+36 2.731760820824074e+00 1.488870000000000e+39 
3.999222259244393e+15 1.816146571460798e+36 2.733003637273767e+00 1.489670000000000e+39 
4.002458587477616e+15 1.818606275161413e+36 2.734245785423187e+00 1.490470000000000e+39 
4.005694915710840e+15 1.821069140434909e+36 2.735488862370728e+00 1.491270000000000e+39 
4.008931243944064e+15 1.823532005708405e+36 2.736731272237220e+00 1.492060000000000e+39 
4.012132394696491e+15 1.825998032554780e+36 2.737974614298647e+00 1.492860000000000e+39 
4.015368722929715e+15 1.828464059401156e+36 2.739217294718909e+00 1.493660000000000e+39 
4.018605051162939e+15 1.830930086247532e+36 2.740459309902161e+00 1.494450000000000e+39 
4.021806201915366e+15 1.833399274666787e+36 2.741702256899465e+00 1.495250000000000e+39 
4.025042530148590e+15 1.835868463086043e+36 2.742944544114197e+00 1.496040000000000e+39 
4.028243680901018e+15 1.838337651505298e+36 2.744186172473210e+00 1.496830000000000e+39 
4.031480009134241e+15 1.840810001497434e+36 2.745428731959071e+00 1.497630000000000e+39 
4.034681159886668e+15 1.843282351489570e+36 2.746670633774102e+00 1.498420000000000e+39 
4.037917488119892e+15 1.845757863054585e+36 2.747913466180855e+00 1.499210000000000e+39 
4.041118638872320e+15 1.848233374619601e+36 2.749155642095805e+00 1.500000000000000e+39 
4.044354967105543e+15 1.850708886184617e+36 2.750397162439829e+00 1.500790000000000e+39 
4.047556117857971e+15 1.853187559322512e+36 2.751639612699354e+00 1.501580000000000e+39 
4.050757268610399e+15 1.855666232460407e+36 2.752881412719777e+00 1.502370000000000e+39 
4.053993596843622e+15 1.858148067171183e+36 2.754124142157961e+00 1.503160000000000e+39 
4.057194747596050e+15 1.860626740309079e+36 2.755364635734889e+00 1.503950000000000e+39 
4.060395898348478e+15 1.863111736592734e+36 2.756607644575950e+00 1.504730000000000e+39 
4.063597049100905e+15 1.865593571303509e+36 2.757848424549183e+00 1.505520000000000e+39 
4.066833377334128e+15 1.868078567587165e+36 2.759090133635663e+00 1.506310000000000e+39 
4.070034528086556e+15 1.870563563870820e+36 2.760331192233671e+00 1.507090000000000e+39 
4.073235678838984e+15 1.873051721727356e+36 2.761573183577939e+00 1.507880000000000e+39 
4.076436829591412e+15 1.875539879583892e+36 2.762814529418832e+00 1.508660000000000e+39 
4.079637980343839e+15 1.878028037440427e+36 2.764055230648339e+00 1.509440000000000e+39 
4.082839131096267e+15 1.880519356869842e+36 2.765296863935384e+00 1.510230000000000e+39 
4.086040281848694e+15 1.883010676299258e+36 2.766537853742485e+00 1.511010000000000e+39 
4.089241432601122e+15 1.885505157301553e+36 2.767779775069316e+00 1.511790000000000e+39 
4.092442583353549e+15 1.887999638303848e+36 2.769021054043599e+00 1.512570000000000e+39 
4.095643734105977e+15 1.890494119306144e+36 2.770261691284723e+00 1.513350000000000e+39 
4.098809707377608e+15 1.892988600308439e+36 2.771501691821962e+00 1.514130000000000e+39 
4.102010858130036e+15 1.895486242883615e+36 2.772742627397773e+00 1.514910000000000e+39 
4.105212008882464e+15 1.897987047031670e+36 2.773984493328897e+00 1.515690000000000e+39 
4.108413159634892e+15 1.900484689606845e+36 2.775224150502193e+00 1.516460000000000e+39 
4.111579132906524e+15 1.902985493754901e+36 2.776464742267933e+00 1.517240000000000e+39 
4.114780283658950e+15 1.905489459475836e+36 2.777706268086623e+00 1.518020000000000e+39 
4.117981434411378e+15 1.907990263623891e+36 2.778945589271868e+00 1.518790000000000e+39 
4.121147407683010e+15 1.910494229344826e+36 2.780185844635223e+00 1.519570000000000e+39 
4.124348558435438e+15 1.913001356638642e+36 2.781427033309070e+00 1.520340000000000e+39 
4.127514531707070e+15 1.915508483932457e+36 2.782667590240762e+00 1.521120000000000e+39 
4.130715682459498e+15 1.918015611226272e+36 2.783907516323061e+00 1.521890000000000e+39 
4.133881655731129e+15 1.920522738520088e+36 2.785146812442782e+00 1.522660000000000e+39 
4.137082806483557e+15 1.923033027386783e+36 2.786387041554589e+00 1.523430000000000e+39 
4.140248779755188e+15 1.925543316253478e+36 2.787626641497850e+00 1.524200000000000e+39 
4.143414753026820e+15 1.928056766693053e+36 2.788867177933903e+00 1.524970000000000e+39 
4.146615903779248e+15 1.930570217132629e+36 2.790107086274163e+00 1.525740000000000e+39 
4.149781877050880e+15 1.933083667572204e+36 2.791346367365183e+00 1.526510000000000e+39 
4.152947850322511e+15 1.935600279584659e+36 2.792586584238351e+00 1.527280000000000e+39 
4.156113823594142e+15 1.938116891597114e+36 2.793826178983594e+00 1.528050000000000e+39 
4.159314974346570e+15 1.940633503609569e+36 2.795065148418707e+00 1.528820000000000e+39 
4.162480947618202e+15 1.943153277194904e+36 2.796305049193280e+00 1.529580000000000e+39 
4.165646920889834e+15 1.945673050780239e+36 2.797544329761690e+00 1.530350000000000e+39 
4.168812894161466e+15 1.948192824365574e+36 2.798782990672144e+00 1.531110000000000e+39 
4.171978867433097e+15 1.950715759523790e+36 2.800022586228140e+00 1.531880000000000e+39 
4.175144840704728e+15 1.953238694682005e+36 2.801261563200117e+00 1.532640000000000e+39 
4.178310813976362e+15 1.955761629840220e+36 2.802499922122695e+00 1.533400000000000e+39 
4.181441609767197e+15 1.958287726571315e+36 2.803739218983412e+00 1.534170000000000e+39 
4.184607583038828e+15 1.960813823302410e+36 2.804977902864783e+00 1.534930000000000e+39 
4.187773556310460e+15 1.963339920033505e+36 2.806215970579351e+00 1.535690000000000e+39 
4.190939529582092e+15 1.965869178337480e+36 2.807454972084692e+00 1.536450000000000e+39 
4.194105502853724e+15 1.968398436641455e+36 2.808693358452098e+00 1.537210000000000e+39 
4.197236298644560e+15 1.970930856518310e+36 2.809932681801897e+00 1.537970000000000e+39 
4.200402271916192e+15 1.973460114822285e+36 2.811169848245099e+00 1.538730000000000e+39 
4.203533067707027e+15 1.975992534699140e+36 2.812407951502697e+00 1.539480000000000e+39 
4.206699040978658e+15 1.978528116148875e+36 2.813646991303806e+00 1.540240000000000e+39 
4.209865014250290e+15 1.981063697598610e+36 2.814885418556908e+00 1.541000000000000e+39 
4.212995810041126e+15 1.983599279048345e+36 2.816123238081135e+00 1.541750000000000e+39 
4.216126605831962e+15 1.986134860498080e+36 2.817360454644360e+00 1.542510000000000e+39 
4.219292579103594e+15 1.988673603520695e+36 2.818598606821006e+00 1.543260000000000e+39 
4.222423374894430e+15 1.991212346543310e+36 2.819836152807785e+00 1.544020000000000e+39 
4.225554170685266e+15 1.993754251138805e+36 2.821074638108394e+00 1.544770000000000e+39 
4.228720143956897e+15 1.996292994161420e+36 2.822310978496527e+00 1.545520000000000e+39 
4.231850939747733e+15 1.998838060329795e+36 2.823549793063120e+00 1.546270000000000e+39 
4.234981735538568e+15 2.001379964925290e+36 2.824786469160526e+00 1.547020000000000e+39 
4.238112531329404e+15 2.003925031093664e+36 2.826024083604403e+00 1.547770000000000e+39 
4.241243327120240e+15 2.006470097262039e+36 2.827261099145465e+00 1.548520000000000e+39 
4.244374122911076e+15 2.009015163430414e+36 2.828497516562845e+00 1.549270000000000e+39 
4.247504918701912e+15 2.011563391171669e+36 2.829734871907053e+00 1.550020000000000e+39 
4.250635714492748e+15 2.014111618912924e+36 2.830971630094318e+00 1.550770000000000e+39 
4.253766510283584e+15 2.016663008227059e+36 2.832209325660902e+00 1.551520000000000e+39 
4.256897306074420e+15 2.019214397541194e+36 2.833446425034087e+00 1.552260000000000e+39 
4.260028101865255e+15 2.021765786855329e+36 2.834682929017159e+00 1.553010000000000e+39 
4.263158897656091e+15 2.024317176169463e+36 2.835918838411602e+00 1.553750000000000e+39 
4.266289693446927e+15 2.026871727056478e+36 2.837155684546083e+00 1.554500000000000e+39 
4.269385311756967e+15 2.029426277943493e+36 2.838391940692484e+00 1.555240000000000e+39 
4.272516107547803e+15 2.031980828830508e+36 2.839627607328610e+00 1.555980000000000e+39 
4.275611725857842e+15 2.034538541290402e+36 2.840864213864469e+00 1.556720000000000e+39 
4.278742521648679e+15 2.037096253750297e+36 2.842100232139411e+00 1.557460000000000e+39 
4.281873317439514e+15 2.039653966210192e+36 2.843335658743609e+00 1.558210000000000e+39 
4.284968935749554e+15 2.042214840242967e+36 2.844572024794708e+00 1.558950000000000e+39 
4.288064554059594e+15 2.044775714275741e+36 2.845807807849871e+00 1.559680000000000e+39 
4.291195349850430e+15 2.047339749881396e+36 2.847044529553505e+00 1.560420000000000e+39 
4.294290968160470e+15 2.049900623914171e+36 2.848279140815102e+00 1.561160000000000e+39 
4.297386586470510e+15 2.052464659519826e+36 2.849514694926320e+00 1.561900000000000e+39 
4.300517382261346e+15 2.055031856698360e+36 2.850751187255914e+00 1.562630000000000e+39 
4.303613000571386e+15 2.057595892304015e+36 2.851985573000360e+00 1.563370000000000e+39 
4.306708618881426e+15 2.060163089482549e+36 2.853220900879778e+00 1.564100000000000e+39 
4.309804237191465e+15 2.062730286661084e+36 2.854455649394487e+00 1.564840000000000e+39 
4.312899855501505e+15 2.065300645412498e+36 2.855691339251725e+00 1.565570000000000e+39 
4.315995473811545e+15 2.067871004163913e+36 2.856926450647737e+00 1.566310000000000e+39 
4.319091092121584e+15 2.070441362915328e+36 2.858160984314401e+00 1.567040000000000e+39 
4.322186710431624e+15 2.073014883239623e+36 2.859396458852738e+00 1.567770000000000e+39 
4.325282328741665e+15 2.075588403563917e+36 2.860631356589424e+00 1.568500000000000e+39 
4.328377947051704e+15 2.078161923888212e+36 2.861865678281958e+00 1.569230000000000e+39 
4.331473565361744e+15 2.080735444212507e+36 2.863099424408769e+00 1.569960000000000e+39 
4.334534006190988e+15 2.083312126109681e+36 2.864334114557131e+00 1.570690000000000e+39 
4.337629624501028e+15 2.085888808006856e+36 2.865568233843308e+00 1.571420000000000e+39 
4.340725242811068e+15 2.088468651476910e+36 2.866803292536109e+00 1.572140000000000e+39 
4.343785683640312e+15 2.091045333374085e+36 2.868036268332623e+00 1.572870000000000e+39 
4.346881301950352e+15 2.093628338417019e+36 2.869271699621114e+00 1.573590000000000e+39 
4.349941742779596e+15 2.096208181887074e+36 2.870505050034873e+00 1.574320000000000e+39 
4.353037361089636e+15 2.098791186930008e+36 2.871739343203606e+00 1.575040000000000e+39 
4.356097801918880e+15 2.101374191972943e+36 2.872973068493048e+00 1.575770000000000e+39 
4.359193420228920e+15 2.103957197015877e+36 2.874206226612177e+00 1.576490000000000e+39 
4.362253861058164e+15 2.106543363631692e+36 2.875440326768817e+00 1.577210000000000e+39 
4.365314301887408e+15 2.109129530247506e+36 2.876673864146240e+00 1.577930000000000e+39 
4.368374742716652e+15 2.111715696863321e+36 2.877906839470244e+00 1.578650000000000e+39 
4.371470361026692e+15 2.114301863479135e+36 2.879139249710577e+00 1.579370000000000e+39 
4.374530801855936e+15 2.116891191667830e+36 2.880372601579225e+00 1.580090000000000e+39 
4.377591242685180e+15 2.119480519856524e+36 2.881605392969143e+00 1.580810000000000e+39 
4.380651683514424e+15 2.122073009618099e+36 2.882839128921981e+00 1.581530000000000e+39 
4.383712124343668e+15 2.124665499379673e+36 2.884072304975080e+00 1.582250000000000e+39 
4.386772565172912e+15 2.127257989141247e+36 2.885304921574758e+00 1.582960000000000e+39 
4.389797828521360e+15 2.129850478902822e+36 2.886536983190354e+00 1.583680000000000e+39 
4.392858269350604e+15 2.132446130237276e+36 2.887769992424694e+00 1.584390000000000e+39 
4.395918710179848e+15 2.135041781571730e+36 2.889002443781528e+00 1.585110000000000e+39 
4.398979151009092e+15 2.137637432906185e+36 2.890234337945730e+00 1.585820000000000e+39 
4.402004414357540e+15 2.140236245813519e+36 2.891467179230545e+00 1.586540000000000e+39 
4.405064855186784e+15 2.142835058720854e+36 2.892699467915943e+00 1.587250000000000e+39 
4.408125296016028e+15 2.145433871628188e+36 2.893931200673351e+00 1.587960000000000e+39 
4.411150559364476e+15 2.148035846108402e+36 2.895163879820197e+00 1.588670000000000e+39 
4.414175822712924e+15 2.150634659015737e+36 2.896394514147832e+00 1.589380000000000e+39 
4.417236263542168e+15 2.153239795068831e+36 2.897627591135358e+00 1.590090000000000e+39 
4.420261526890616e+15 2.155841769549045e+36 2.898858621770075e+00 1.590800000000000e+39 
4.423321967719860e+15 2.158446905602140e+36 2.900090598291279e+00 1.591510000000000e+39 
4.426347231068308e+15 2.161052041655234e+36 2.901322025432990e+00 1.592210000000000e+39 
4.429372494416756e+15 2.163657177708328e+36 2.902552907550713e+00 1.592920000000000e+39 
4.432397757765204e+15 2.166265475334302e+36 2.903784738254001e+00 1.593620000000000e+39 
4.435423021113652e+15 2.168873772960276e+36 2.905016024494458e+00 1.594330000000000e+39 
4.438448284462101e+15 2.171482070586251e+36 2.906246766928731e+00 1.595030000000000e+39 
4.441473547810548e+15 2.174093529785105e+36 2.907478457472586e+00 1.595740000000000e+39 
4.444498811158997e+15 2.176701827411079e+36 2.908708114478394e+00 1.596440000000000e+39 
4.447524074507445e+15 2.179316448182814e+36 2.909940209505065e+00 1.597140000000000e+39 
4.450549337855893e+15 2.181927907381668e+36 2.911170273119669e+00 1.597840000000000e+39 
4.453574601204341e+15 2.184542528153402e+36 2.912401284068978e+00 1.598540000000000e+39 
4.456564687071993e+15 2.187157148925136e+36 2.913631757606736e+00 1.599240000000000e+39 
4.459589950420441e+15 2.189771769696871e+36 2.914861694376285e+00 1.599940000000000e+39 
4.462615213768890e+15 2.192389552041485e+36 2.916092577739675e+00 1.600640000000000e+39 
4.465605299636542e+15 2.195007334386099e+36 2.917322925130499e+00 1.601340000000000e+39 
4.468630562984990e+15 2.197625116730713e+36 2.918552736922992e+00 1.602030000000000e+39 
4.471620648852642e+15 2.200246060648207e+36 2.919783498239798e+00 1.602730000000000e+39 
4.474610734720294e+15 2.202863842992822e+36 2.921012244366918e+00 1.603430000000000e+39 
4.477635998068742e+15 2.205484786910315e+36 2.922241940028023e+00 1.604120000000000e+39 
4.480626083936394e+15 2.208108892400690e+36 2.923472584705431e+00 1.604810000000000e+39 
4.483616169804047e+15 2.210732997891064e+36 2.924702699621583e+00 1.605510000000000e+39 
4.486641433152495e+15 2.213357103381438e+36 2.925932281550791e+00 1.606200000000000e+39 
4.489631519020147e+15 2.215981208871812e+36 2.927161331176374e+00 1.606890000000000e+39 
4.492621604887798e+15 2.218605314362186e+36 2.928389852771510e+00 1.607580000000000e+39 
4.495611690755452e+15 2.221232581425440e+36 2.929619326294292e+00 1.608270000000000e+39 
4.498601776623103e+15 2.223859848488694e+36 2.930848272273041e+00 1.608960000000000e+39 
4.501591862490755e+15 2.226490277124828e+36 2.932078169360220e+00 1.609650000000000e+39 
4.504546770877612e+15 2.229120705760962e+36 2.933307543001923e+00 1.610340000000000e+39 
4.507536856745263e+15 2.231751134397096e+36 2.934536393838277e+00 1.611030000000000e+39 
4.510526942612917e+15 2.234381563033230e+36 2.935764718891034e+00 1.611710000000000e+39 
4.513517028480568e+15 2.237015153242245e+36 2.936993994577174e+00 1.612400000000000e+39 
4.516471936867425e+15 2.239648743451258e+36 2.938222748847801e+00 1.613080000000000e+39 
4.519462022735077e+15 2.242282333660272e+36 2.939450982077250e+00 1.613770000000000e+39 
4.522416931121933e+15 2.244915923869286e+36 2.940678694897180e+00 1.614450000000000e+39 
4.525407016989585e+15 2.247552675651181e+36 2.941907361212675e+00 1.615130000000000e+39 
4.528361925376442e+15 2.250189427433074e+36 2.943135507610306e+00 1.615820000000000e+39 
4.531316833763297e+15 2.252826179214969e+36 2.944363138519611e+00 1.616500000000000e+39 
4.534306919630950e+15 2.255466092569742e+36 2.945591722151454e+00 1.617180000000000e+39 
4.537261828017806e+15 2.258106005924516e+36 2.946819787206848e+00 1.617860000000000e+39 
4.540216736404662e+15 2.260745919279290e+36 2.948047337851506e+00 1.618540000000000e+39 
4.543171644791518e+15 2.263388994206944e+36 2.949275844036030e+00 1.619210000000000e+39 
4.546126553178375e+15 2.266028907561718e+36 2.950502367368776e+00 1.619890000000000e+39 
4.549081461565231e+15 2.268671982489372e+36 2.951729846222346e+00 1.620570000000000e+39 
4.552036369952087e+15 2.271318218989906e+36 2.952958280113912e+00 1.621240000000000e+39 
4.554991278338944e+15 2.273961293917560e+36 2.954184734307466e+00 1.621920000000000e+39 
4.557946186725800e+15 2.276607530418094e+36 2.955412143518786e+00 1.622590000000000e+39 
4.560901095112656e+15 2.279253766918627e+36 2.956639041103502e+00 1.623270000000000e+39 
4.563820826018717e+15 2.281903164992041e+36 2.957866896476370e+00 1.623940000000000e+39 
4.566775734405574e+15 2.284552563065455e+36 2.959094244465924e+00 1.624610000000000e+39 
4.569730642792429e+15 2.287201961138869e+36 2.960321081868588e+00 1.625280000000000e+39 
4.572650373698489e+15 2.289851359212283e+36 2.961547413097420e+00 1.625960000000000e+39 
4.575605282085346e+15 2.292503918858577e+36 2.962774701346640e+00 1.626630000000000e+39 
4.578525012991406e+15 2.295156478504870e+36 2.964001483617980e+00 1.627290000000000e+39 
4.581444743897466e+15 2.297809038151164e+36 2.965227764278791e+00 1.627960000000000e+39 
4.584399652284323e+15 2.300461597797459e+36 2.966453540160350e+00 1.628630000000000e+39 
4.587319383190383e+15 2.303117319016632e+36 2.967680272306756e+00 1.629300000000000e+39 
4.590239114096444e+15 2.305773040235806e+36 2.968906503878828e+00 1.629960000000000e+39 
4.593158845002504e+15 2.308428761454979e+36 2.970132235195672e+00 1.630630000000000e+39 
4.596078575908565e+15 2.311087644247033e+36 2.971358925505484e+00 1.631290000000000e+39 
4.598998306814624e+15 2.313746527039087e+36 2.972585116242867e+00 1.631960000000000e+39 
4.601918037720685e+15 2.316405409831141e+36 2.973810807995665e+00 1.632620000000000e+39 
4.604837768626745e+15 2.319064292623195e+36 2.975036001350559e+00 1.633280000000000e+39 
4.607757499532806e+15 2.321726336988128e+36 2.976262152925128e+00 1.633950000000000e+39 
4.610642052958070e+15 2.324388381353062e+36 2.977487810030064e+00 1.634610000000000e+39 
4.613561783864131e+15 2.327050425717996e+36 2.978712973219998e+00 1.635270000000000e+39 
4.616481514770191e+15 2.329715631655809e+36 2.979939093866148e+00 1.635930000000000e+39 
4.619366068195455e+15 2.332377676020743e+36 2.981163267350238e+00 1.636580000000000e+39 
4.622285799101516e+15 2.335042881958557e+36 2.982388401745903e+00 1.637240000000000e+39 
4.625170352526781e+15 2.337711249469251e+36 2.983614496580815e+00 1.637900000000000e+39 
4.628090083432841e+15 2.340376455407065e+36 2.984838646966583e+00 1.638560000000000e+39 
4.630974636858105e+15 2.343044822917758e+36 2.986063757478045e+00 1.639210000000000e+39 
4.633859190283370e+15 2.345716352001332e+36 2.987289831109411e+00 1.639870000000000e+39 
4.636743743708634e+15 2.348384719512025e+36 2.988513966452249e+00 1.640520000000000e+39 
4.639663474614694e+15 2.351056248595599e+36 2.989739061406331e+00 1.641170000000000e+39 
4.642548028039959e+15 2.353727777679172e+36 2.990963666216157e+00 1.641830000000000e+39 
4.645432581465223e+15 2.356399306762747e+36 2.992187784876135e+00 1.642480000000000e+39 
4.648317134890487e+15 2.359073997419199e+36 2.993412865611465e+00 1.643130000000000e+39 
4.651166510834956e+15 2.361745526502773e+36 2.994636016268240e+00 1.643780000000000e+39 
4.654051064260221e+15 2.364420217159227e+36 2.995860132408584e+00 1.644430000000000e+39 
4.656935617685485e+15 2.367098069388561e+36 2.997085210105847e+00 1.645080000000000e+39 
4.659820171110750e+15 2.369772760045014e+36 2.998308357147874e+00 1.645730000000000e+39 
4.662669547055218e+15 2.372450612274348e+36 2.999532469121286e+00 1.646370000000000e+39 
4.665554100480483e+15 2.375131626076562e+36 3.000757545308137e+00 1.647020000000000e+39 
4.668403476424951e+15 2.377809478305895e+36 3.001980696902718e+00 1.647660000000000e+39 
4.671288029850216e+15 2.380490492108108e+36 3.003204812652509e+00 1.648310000000000e+39 
4.674137405794684e+15 2.383171505910322e+36 3.004428448836156e+00 1.648950000000000e+39 
4.676986781739153e+15 2.385852519712536e+36 3.005651609634997e+00 1.649600000000000e+39 
4.679871335164417e+15 2.388536695087629e+36 3.006875733848211e+00 1.650240000000000e+39 
4.682720711108886e+15 2.391217708889843e+36 3.008097938334467e+00 1.650880000000000e+39 
4.685570087053355e+15 2.393901884264936e+36 3.009321109583246e+00 1.651520000000000e+39 
4.688419462997823e+15 2.396589221212910e+36 3.010545246890965e+00 1.652160000000000e+39 
4.691268838942291e+15 2.399273396588003e+36 3.011767470447963e+00 1.652800000000000e+39 
4.694118214886760e+15 2.401960733535976e+36 3.012990659997875e+00 1.653440000000000e+39 
4.696967590831228e+15 2.404648070483950e+36 3.014213376518667e+00 1.654080000000000e+39 
4.699816966775698e+15 2.407338569004804e+36 3.015437058254177e+00 1.654720000000000e+39 
4.702631165239370e+15 2.410029067525657e+36 3.016660270726976e+00 1.655350000000000e+39 
4.705480541183839e+15 2.412716404473630e+36 3.017881577566490e+00 1.655990000000000e+39 
4.708329917128307e+15 2.415410064567364e+36 3.019105285656615e+00 1.656620000000000e+39 
4.711144115591980e+15 2.418100563088218e+36 3.020327089833274e+00 1.657260000000000e+39 
4.713993491536448e+15 2.420794223181951e+36 3.021549861808096e+00 1.657890000000000e+39 
4.716807690000121e+15 2.423487883275684e+36 3.022772166208185e+00 1.658520000000000e+39 
4.719621888463793e+15 2.426181543369417e+36 3.023994007144637e+00 1.659150000000000e+39 
4.722471264408262e+15 2.428878365036031e+36 3.025216815110548e+00 1.659780000000000e+39 
4.725285462871934e+15 2.431575186702644e+36 3.026439156588070e+00 1.660410000000000e+39 
4.728099661335607e+15 2.434272008369258e+36 3.027661035463448e+00 1.661040000000000e+39 
4.730913859799280e+15 2.436968830035871e+36 3.028882452014330e+00 1.661670000000000e+39 
4.733728058262952e+15 2.439668813275364e+36 3.030104838164784e+00 1.662300000000000e+39 
4.736542256726625e+15 2.442368796514858e+36 3.031326762566136e+00 1.662930000000000e+39 
4.739356455190297e+15 2.445068779754351e+36 3.032548225730520e+00 1.663550000000000e+39 
4.742170653653970e+15 2.447768762993845e+36 3.033769227924300e+00 1.664180000000000e+39 
4.744949674636847e+15 2.450471907806218e+36 3.034991202276784e+00 1.664800000000000e+39 
4.747763873100520e+15 2.453175052618591e+36 3.036212719591751e+00 1.665430000000000e+39 
4.750578071564192e+15 2.455878197430964e+36 3.037433776768727e+00 1.666050000000000e+39 
4.753357092547069e+15 2.458581342243338e+36 3.038654377915666e+00 1.666670000000000e+39 
4.756171291010742e+15 2.461287648628591e+36 3.039875950405730e+00 1.667300000000000e+39 
4.758950311993619e+15 2.463993955013844e+36 3.041097066946722e+00 1.667920000000000e+39 
4.761729332976495e+15 2.466700261399098e+36 3.042317731582306e+00 1.668540000000000e+39 
4.764543531440168e+15 2.469409729357231e+36 3.043539366767997e+00 1.669160000000000e+39 
4.767322552423044e+15 2.472119197315365e+36 3.044760547037705e+00 1.669770000000000e+39 
4.770101573405921e+15 2.474828665273498e+36 3.045981276213054e+00 1.670390000000000e+39 
4.772880594388798e+15 2.477538133231630e+36 3.047201554552588e+00 1.671010000000000e+39 
4.775659615371675e+15 2.480250762762644e+36 3.048422805983284e+00 1.671620000000000e+39 
4.778438636354552e+15 2.482960230720777e+36 3.049642184255674e+00 1.672240000000000e+39 
4.781217657337428e+15 2.485672860251791e+36 3.050862535286108e+00 1.672850000000000e+39 
4.783961500839509e+15 2.488388651355684e+36 3.052083861954267e+00 1.673470000000000e+39 
4.786740521822385e+15 2.491101280886697e+36 3.053303321121565e+00 1.674080000000000e+39 
4.789519542805262e+15 2.493817071990590e+36 3.054523752267738e+00 1.674690000000000e+39 
4.792263386307343e+15 2.496532863094483e+36 3.055743738202548e+00 1.675300000000000e+39 
4.795042407290220e+15 2.499251815771256e+36 3.056964698931459e+00 1.675910000000000e+39 
4.797786250792300e+15 2.501967606875149e+36 3.058183795490056e+00 1.676520000000000e+39 
4.800565271775177e+15 2.504686559551923e+36 3.059403866768176e+00 1.677130000000000e+39 
4.803309115277258e+15 2.507405512228696e+36 3.060623493852072e+00 1.677740000000000e+39 
4.806052958779339e+15 2.510127626478349e+36 3.061844098207623e+00 1.678350000000000e+39 
4.808796802281420e+15 2.512846579155122e+36 3.063062844758239e+00 1.678960000000000e+39 
4.811540645783501e+15 2.515568693404776e+36 3.064282568270172e+00 1.679560000000000e+39 
4.814284489285582e+15 2.518290807654428e+36 3.065501852110033e+00 1.680170000000000e+39 
4.817028332787662e+15 2.521016083476962e+36 3.066722112384585e+00 1.680770000000000e+39 
4.819772176289743e+15 2.523741359299495e+36 3.067941933502373e+00 1.681370000000000e+39 
4.822516019791824e+15 2.526463473549148e+36 3.069159901272245e+00 1.681980000000000e+39 
4.825259863293905e+15 2.529191910944561e+36 3.070380259269493e+00 1.682580000000000e+39 
4.827968529315190e+15 2.531917186767094e+36 3.071598768511488e+00 1.683180000000000e+39 
4.830712372817271e+15 2.534645624162507e+36 3.072818256369661e+00 1.683780000000000e+39 
4.833421038838556e+15 2.537374061557920e+36 3.074037309784034e+00 1.684380000000000e+39 
4.836164882340637e+15 2.540102498953333e+36 3.075255929216329e+00 1.684980000000000e+39 
4.838873548361922e+15 2.542830936348746e+36 3.076474115125151e+00 1.685580000000000e+39 
4.841617391864003e+15 2.545562535317040e+36 3.077693279080730e+00 1.686170000000000e+39 
4.844326057885287e+15 2.548294134285333e+36 3.078912009784089e+00 1.686770000000000e+39 
4.847034723906572e+15 2.551025733253625e+36 3.080130310918880e+00 1.687360000000000e+39 
4.849743389927856e+15 2.553760493794798e+36 3.081349592324370e+00 1.687960000000000e+39 
4.852452055949142e+15 2.556495254335971e+36 3.082568444423115e+00 1.688550000000000e+39 
4.855160721970427e+15 2.559230014877145e+36 3.083786867666241e+00 1.689150000000000e+39 
4.857869387991712e+15 2.561964775418317e+36 3.085004862524694e+00 1.689740000000000e+39 
4.860578054012997e+15 2.564699535959490e+36 3.086222429211525e+00 1.690330000000000e+39 
4.863251542553486e+15 2.567437458073544e+36 3.087440978564797e+00 1.690920000000000e+39 
4.865960208574771e+15 2.570175380187596e+36 3.088659103241234e+00 1.691510000000000e+39 
4.868633697115260e+15 2.572913302301649e+36 3.089876803662653e+00 1.692100000000000e+39 
4.871342363136545e+15 2.575654385988583e+36 3.091095485964130e+00 1.692690000000000e+39 
4.874015851677034e+15 2.578392308102635e+36 3.092312339323341e+00 1.693280000000000e+39 
4.876724517698319e+15 2.581133391789569e+36 3.093530174446367e+00 1.693860000000000e+39 
4.879398006238808e+15 2.583877637049381e+36 3.094748990674016e+00 1.694450000000000e+39 
4.882071494779296e+15 2.586618720736314e+36 3.095965983303564e+00 1.695030000000000e+39 
4.884744983319786e+15 2.589362965996127e+36 3.097183959908643e+00 1.695620000000000e+39 
4.887418471860275e+15 2.592107211255940e+36 3.098401517301021e+00 1.696200000000000e+39 
4.890091960400763e+15 2.594851456515753e+36 3.099618655893547e+00 1.696780000000000e+39 
4.892765448941253e+15 2.597598863348446e+36 3.100836777930160e+00 1.697370000000000e+39 
4.895438937481742e+15 2.600343108608259e+36 3.102053080339390e+00 1.697950000000000e+39 
4.898112426022230e+15 2.603090515440952e+36 3.103270365838474e+00 1.698530000000000e+39 
4.900750737081924e+15 2.605841083846524e+36 3.104488637212536e+00 1.699110000000000e+39 
4.903424225622413e+15 2.608588490679217e+36 3.105705094243816e+00 1.699680000000000e+39 
4.906097714162901e+15 2.611339059084790e+36 3.106922533583754e+00 1.700260000000000e+39 
4.908736025222594e+15 2.614089627490363e+36 3.108139559100692e+00 1.700840000000000e+39 
4.911374336282287e+15 2.616840195895936e+36 3.109356174374249e+00 1.701420000000000e+39 
4.914047824822777e+15 2.619593925874389e+36 3.110573774410012e+00 1.701990000000000e+39 
4.916686135882470e+15 2.622344494279962e+36 3.111789563761989e+00 1.702570000000000e+39 
4.919324446942163e+15 2.625098224258414e+36 3.113006340949415e+00 1.703140000000000e+39 
4.921962758001857e+15 2.627851954236868e+36 3.114222708745080e+00 1.703710000000000e+39 
4.924601069061550e+15 2.630608845788201e+36 3.115440063633341e+00 1.704280000000000e+39 
4.927239380121242e+15 2.633365737339533e+36 3.116657009550019e+00 1.704860000000000e+39 
4.929877691180935e+15 2.636122628890866e+36 3.117873546909818e+00 1.705430000000000e+39 
4.932516002240628e+15 2.638879520442198e+36 3.119089675914992e+00 1.706000000000000e+39 
4.935119135819525e+15 2.641636411993531e+36 3.120305400158107e+00 1.706560000000000e+39 
4.937757446879218e+15 2.644396465117744e+36 3.121522113569877e+00 1.707130000000000e+39 
4.940360580458116e+15 2.647156518241957e+36 3.122738422417538e+00 1.707700000000000e+39 
4.942998891517809e+15 2.649916571366170e+36 3.123954327109219e+00 1.708270000000000e+39 
4.945602025096707e+15 2.652676624490383e+36 3.125169827828681e+00 1.708830000000000e+39 
4.948205158675604e+15 2.655439839187475e+36 3.126386320257732e+00 1.709400000000000e+39 
4.950843469735297e+15 2.658203053884568e+36 3.127602409140292e+00 1.709960000000000e+39 
4.953446603314194e+15 2.660966268581660e+36 3.128818094880192e+00 1.710520000000000e+39 
4.956049736893091e+15 2.663729483278753e+36 3.130033381024374e+00 1.711090000000000e+39 
4.958652870471988e+15 2.666495859548726e+36 3.131249657819795e+00 1.711650000000000e+39 
4.961256004050885e+15 2.669262235818699e+36 3.132465534986289e+00 1.712210000000000e+39 
4.963823960148987e+15 2.672028612088671e+36 3.133681016075086e+00 1.712770000000000e+39 
4.966427093727884e+15 2.674794988358644e+36 3.134896101480130e+00 1.713330000000000e+39 
4.969030227306781e+15 2.677564526201497e+36 3.136112176468192e+00 1.713890000000000e+39 
4.971598183404882e+15 2.680334064044350e+36 3.137327856180796e+00 1.714440000000000e+39 
4.974201316983780e+15 2.683103601887202e+36 3.138543140781894e+00 1.715000000000000e+39 
4.976769273081881e+15 2.685873139730055e+36 3.139758030661286e+00 1.715560000000000e+39 
4.979372406660778e+15 2.688645839145788e+36 3.140973912657164e+00 1.716110000000000e+39 
4.981940362758878e+15 2.691418538561520e+36 3.142189400117512e+00 1.716660000000000e+39 
4.984508318856981e+15 2.694191237977253e+36 3.143404496548659e+00 1.717220000000000e+39 
4.987076274955082e+15 2.696963937392986e+36 3.144619202134593e+00 1.717770000000000e+39 
4.989644231053183e+15 2.699736636808718e+36 3.145833517258957e+00 1.718320000000000e+39 
4.992212187151285e+15 2.702512497797330e+36 3.147048826520952e+00 1.718870000000000e+39 
4.994780143249386e+15 2.705288358785944e+36 3.148263745716603e+00 1.719420000000000e+39 
4.997348099347487e+15 2.708064219774555e+36 3.149478275209630e+00 1.719970000000000e+39 
4.999916055445588e+15 2.710843242336048e+36 3.150693798039235e+00 1.720520000000000e+39 
5.002448834062893e+15 2.713622264897541e+36 3.151908934451773e+00 1.721070000000000e+39 
5.005016790160994e+15 2.716401287459034e+36 3.153123684598163e+00 1.721610000000000e+39 
5.007549568778300e+15 2.719180310020526e+36 3.154338048871069e+00 1.722160000000000e+39 
5.010117524876402e+15 2.721959332582019e+36 3.155552027646695e+00 1.722710000000000e+39 
5.012650303493707e+15 2.724741516716391e+36 3.156767001771931e+00 1.723250000000000e+39 
5.015183082111012e+15 2.727523700850764e+36 3.157981593655268e+00 1.723790000000000e+39 
5.017715860728318e+15 2.730305884985137e+36 3.159195803449754e+00 1.724340000000000e+39 
5.020248639345623e+15 2.733088069119509e+36 3.160409631524363e+00 1.724880000000000e+39 
5.022781417962928e+15 2.735873414826761e+36 3.161624457200355e+00 1.725420000000000e+39 
5.025314196580234e+15 2.738658760534014e+36 3.162838901531956e+00 1.725960000000000e+39 
5.027846975197539e+15 2.741444106241266e+36 3.164052964886778e+00 1.726500000000000e+39 
5.030379753814845e+15 2.744229451948519e+36 3.165266647406634e+00 1.727040000000000e+39 
5.032877354951354e+15 2.747017959228651e+36 3.166481329774559e+00 1.727570000000000e+39 
5.035410133568659e+15 2.749806466508784e+36 3.167695634544051e+00 1.728110000000000e+39 
5.037907734705168e+15 2.752594973788916e+36 3.168909562075622e+00 1.728650000000000e+39 
5.040440513322475e+15 2.755383481069049e+36 3.170123112749424e+00 1.729180000000000e+39 
5.042938114458984e+15 2.758171988349182e+36 3.171336286709650e+00 1.729720000000000e+39 
5.045435715595494e+15 2.760963657202194e+36 3.172550462468362e+00 1.730250000000000e+39 
5.047933316732003e+15 2.763755326055206e+36 3.173764264720599e+00 1.730780000000000e+39 
5.050430917868513e+15 2.766546994908218e+36 3.174977693803600e+00 1.731310000000000e+39 
5.052928519005021e+15 2.769341825334111e+36 3.176192123914140e+00 1.731840000000000e+39 
5.055426120141531e+15 2.772133494187123e+36 3.177404807826527e+00 1.732370000000000e+39 
5.057923721278040e+15 2.774928324613016e+36 3.178618492630187e+00 1.732900000000000e+39 
5.060421322414550e+15 2.777723155038908e+36 3.179831805121919e+00 1.733430000000000e+39 
5.062883746070264e+15 2.780521147037681e+36 3.181046120860215e+00 1.733960000000000e+39 
5.065381347206772e+15 2.783315977463573e+36 3.182258695754554e+00 1.734490000000000e+39 
5.067843770862487e+15 2.786113969462345e+36 3.183472273533693e+00 1.735010000000000e+39 
5.070341371998996e+15 2.788911961461118e+36 3.184685482906190e+00 1.735540000000000e+39 
5.072803795654710e+15 2.791709953459890e+36 3.185898323987550e+00 1.736060000000000e+39 
5.075266219310424e+15 2.794511107031543e+36 3.187112170221265e+00 1.736580000000000e+39 
5.077728642966136e+15 2.797312260603195e+36 3.188325651328557e+00 1.737110000000000e+39 
5.080191066621850e+15 2.800113414174847e+36 3.189538767650711e+00 1.737630000000000e+39 
5.082653490277564e+15 2.802914567746500e+36 3.190751519545595e+00 1.738150000000000e+39 
5.085115913933277e+15 2.805715721318152e+36 3.191963907353370e+00 1.738670000000000e+39 
5.087578337588991e+15 2.808520036462684e+36 3.193177299199535e+00 1.739190000000000e+39 
5.090005583763909e+15 2.811324351607217e+36 3.194390330113821e+00 1.739710000000000e+39 
5.092468007419622e+15 2.814128666751749e+36 3.195603000211165e+00 1.740220000000000e+39 
5.094895253594540e+15 2.816932981896282e+36 3.196815309825110e+00 1.740740000000000e+39 
5.097357677250254e+15 2.819740458613694e+36 3.198028625670058e+00 1.741260000000000e+39 
5.099784923425170e+15 2.822547935331106e+36 3.199241581149825e+00 1.741770000000000e+39 
5.102212169600089e+15 2.825355412048518e+36 3.200454179819227e+00 1.742290000000000e+39 
5.104674593255802e+15 2.828162888765930e+36 3.201666418805967e+00 1.742800000000000e+39 
5.107101839430720e+15 2.830970365483343e+36 3.202878298441365e+00 1.743310000000000e+39 
5.109529085605637e+15 2.833781003773635e+36 3.204091186201350e+00 1.743820000000000e+39 
5.111921154299759e+15 2.836591642063928e+36 3.205303720526931e+00 1.744330000000000e+39 
5.114348400474677e+15 2.839402280354220e+36 3.206515901725582e+00 1.744840000000000e+39 
5.116775646649595e+15 2.842216080217392e+36 3.207729090287547e+00 1.745350000000000e+39 
5.119202892824512e+15 2.845026718507684e+36 3.208940560272614e+00 1.745860000000000e+39 
5.121594961518634e+15 2.847840518370856e+36 3.210153040486722e+00 1.746370000000000e+39 
5.124022207693552e+15 2.850654318234029e+36 3.211365168331360e+00 1.746870000000000e+39 
5.126414276387674e+15 2.853471279670081e+36 3.212578305497324e+00 1.747380000000000e+39 
5.128806345081795e+15 2.856285079533253e+36 3.213789732198689e+00 1.747880000000000e+39 
5.131198413775917e+15 2.859102040969305e+36 3.215002170850082e+00 1.748390000000000e+39 
5.133590482470038e+15 2.861919002405358e+36 3.216214260663123e+00 1.748890000000000e+39 
5.135982551164160e+15 2.864735963841410e+36 3.217426001953547e+00 1.749390000000000e+39 
5.138374619858282e+15 2.867552925277462e+36 3.218637395036592e+00 1.749890000000000e+39 
5.140766688552404e+15 2.870373048286394e+36 3.219849799457346e+00 1.750390000000000e+39 
5.143158757246525e+15 2.873193171295326e+36 3.221061855974787e+00 1.750890000000000e+39 
5.145550825940648e+15 2.876013294304258e+36 3.222273564685418e+00 1.751390000000000e+39 
5.147907717153973e+15 2.878833417313191e+36 3.223484928890809e+00 1.751890000000000e+39 
5.150299785848096e+15 2.881656701895003e+36 3.224697306360418e+00 1.752390000000000e+39 
5.152656677061420e+15 2.884479986476815e+36 3.225909339196374e+00 1.752880000000000e+39 
5.155013568274746e+15 2.887303271058627e+36 3.227121030671730e+00 1.753380000000000e+39 
5.157370459488072e+15 2.890126555640439e+36 3.228332380899261e+00 1.753870000000000e+39 
5.159727350701398e+15 2.892949840222252e+36 3.229543390183159e+00 1.754370000000000e+39 
5.162084241914724e+15 2.895776286376943e+36 3.230755414590954e+00 1.754860000000000e+39 
5.164441133128049e+15 2.898602732531635e+36 3.231967098344638e+00 1.755350000000000e+39 
5.166798024341375e+15 2.901429178686328e+36 3.233178441747393e+00 1.755840000000000e+39 
5.169154915554701e+15 2.904255624841020e+36 3.234389445101935e+00 1.756330000000000e+39 
5.171511806768027e+15 2.907085232568592e+36 3.235601462735861e+00 1.756820000000000e+39 
5.173833520500557e+15 2.909914840296164e+36 3.236813143153323e+00 1.757310000000000e+39 
5.176155234233087e+15 2.912744448023736e+36 3.238024489588591e+00 1.757800000000000e+39 
5.178512125446413e+15 2.915574055751308e+36 3.239235499202518e+00 1.758280000000000e+39 
5.180833839178943e+15 2.918403663478880e+36 3.240446172291382e+00 1.758770000000000e+39 
5.183155552911473e+15 2.921236432779332e+36 3.241657864456082e+00 1.759250000000000e+39 
5.185477266644002e+15 2.924069202079784e+36 3.242869223107126e+00 1.759740000000000e+39 
5.187798980376533e+15 2.926901971380236e+36 3.244080248537048e+00 1.760220000000000e+39 
5.190120694109064e+15 2.929734740680688e+36 3.245290941037937e+00 1.760700000000000e+39 
5.192442407841593e+15 2.932570671554020e+36 3.246502651795952e+00 1.761180000000000e+39 
5.194764121574123e+15 2.935403440854472e+36 3.247712679191192e+00 1.761660000000000e+39 
5.197050657825856e+15 2.938239371727804e+36 3.248923727416149e+00 1.762140000000000e+39 
5.199372371558387e+15 2.941075302601136e+36 3.250134446096340e+00 1.762620000000000e+39 
5.201658907810120e+15 2.943914395047348e+36 3.251346184719730e+00 1.763100000000000e+39 
5.203945444061854e+15 2.946750325920680e+36 3.252556247946675e+00 1.763580000000000e+39 
5.206267157794384e+15 2.949589418366892e+36 3.253767330957344e+00 1.764050000000000e+39 
5.208553694046119e+15 2.952428510813105e+36 3.254978085072210e+00 1.764530000000000e+39 
5.210840230297853e+15 2.955267603259316e+36 3.256188513476400e+00 1.765000000000000e+39 
5.213126766549587e+15 2.958109857278408e+36 3.257399963830498e+00 1.765480000000000e+39 
5.215413302801320e+15 2.960952111297500e+36 3.258611088316611e+00 1.765950000000000e+39 
5.217664661572258e+15 2.963794365316592e+36 3.259821890144342e+00 1.766420000000000e+39 
5.219951197823994e+15 2.966636619335684e+36 3.261032369606538e+00 1.766890000000000e+39 
5.222237734075727e+15 2.969478873354776e+36 3.262242523841579e+00 1.767360000000000e+39 
5.224489092846665e+15 2.972324288946748e+36 3.263453701859401e+00 1.767830000000000e+39 
5.226740451617602e+15 2.975166542965840e+36 3.264663215318289e+00 1.768300000000000e+39 
5.229026987869337e+15 2.978011958557812e+36 3.265873752184166e+00 1.768770000000000e+39 
5.231278346640276e+15 2.980857374149784e+36 3.267083967363799e+00 1.769230000000000e+39 
5.233529705411213e+15 2.983705951314635e+36 3.268295208386189e+00 1.769700000000000e+39 
5.235781064182151e+15 2.986551366906607e+36 3.269504786660271e+00 1.770160000000000e+39 
5.238032422953089e+15 2.989399944071460e+36 3.270715390196438e+00 1.770630000000000e+39 
5.240248604243232e+15 2.992248521236311e+36 3.271925678228476e+00 1.771090000000000e+39 
5.242499963014169e+15 2.995100259974043e+36 3.273136993973944e+00 1.771550000000000e+39 
5.244751321785107e+15 2.997948837138895e+36 3.274346648739022e+00 1.772010000000000e+39 
5.246967503075250e+15 3.000800575876627e+36 3.275557331049065e+00 1.772470000000000e+39 
5.249218861846188e+15 3.003652314614359e+36 3.276767698432676e+00 1.772930000000000e+39 
5.251435043136330e+15 3.006504053352091e+36 3.277977750952993e+00 1.773390000000000e+39 
5.253651224426473e+15 3.009355792089823e+36 3.279187491753783e+00 1.773850000000000e+39 
5.255867405716615e+15 3.012210692400434e+36 3.280398261768633e+00 1.774310000000000e+39 
5.258083587006758e+15 3.015062431138166e+36 3.281607379597395e+00 1.774760000000000e+39 
5.260299768296900e+15 3.017917331448778e+36 3.282817526471736e+00 1.775220000000000e+39 
5.262515949587041e+15 3.020772231759390e+36 3.284027361984488e+00 1.775670000000000e+39 
5.264696953396388e+15 3.023630293642882e+36 3.285238228767008e+00 1.776120000000000e+39 
5.266913134686530e+15 3.026485193953494e+36 3.286447447957101e+00 1.776570000000000e+39 
5.269094138495877e+15 3.029343255836985e+36 3.287657698036698e+00 1.777030000000000e+39 
5.271310319786018e+15 3.032201317720477e+36 3.288867640191622e+00 1.777480000000000e+39 
5.273491323595365e+15 3.035059379603969e+36 3.290077274462535e+00 1.777930000000000e+39 
5.275672327404711e+15 3.037920603060341e+36 3.291287941760454e+00 1.778370000000000e+39 
5.277853331214058e+15 3.040778664943832e+36 3.292496966629103e+00 1.778820000000000e+39 
5.280034335023404e+15 3.043639888400205e+36 3.293707024153831e+00 1.779270000000000e+39 
5.282215338832749e+15 3.046501111856575e+36 3.294916777211078e+00 1.779720000000000e+39 
5.284396342642096e+15 3.049362335312948e+36 3.296126226037721e+00 1.780160000000000e+39 
5.286577346451442e+15 3.052226720342199e+36 3.297336706774531e+00 1.780600000000000e+39 
5.288723172779993e+15 3.055091105371451e+36 3.298546886175341e+00 1.781050000000000e+39 
5.290904176589340e+15 3.057952328827823e+36 3.299755428831298e+00 1.781490000000000e+39 
5.293050002917890e+15 3.060819875429955e+36 3.300966340717802e+00 1.781930000000000e+39 
5.295195829246440e+15 3.063684260459206e+36 3.302175619608873e+00 1.782370000000000e+39 
5.297376833055786e+15 3.066548645488458e+36 3.303384597741162e+00 1.782810000000000e+39 
5.299522659384337e+15 3.069416192090590e+36 3.304594609483263e+00 1.783250000000000e+39 
5.301668485712887e+15 3.072283738692721e+36 3.305804323324568e+00 1.783690000000000e+39 
5.303779134560642e+15 3.075151285294853e+36 3.307013742164202e+00 1.784120000000000e+39 
5.305924960889192e+15 3.078018831896985e+36 3.308222866241296e+00 1.784560000000000e+39 
5.308070787217742e+15 3.080889540071997e+36 3.309433025549803e+00 1.785000000000000e+39 
5.310181436065497e+15 3.083757086674128e+36 3.310641557837170e+00 1.785430000000000e+39 
5.312327262394048e+15 3.086627794849140e+36 3.311851128020251e+00 1.785860000000000e+39 
5.314437911241802e+15 3.089501664597032e+36 3.313061735558585e+00 1.786300000000000e+39 
5.316548560089556e+15 3.092372372772044e+36 3.314270719909806e+00 1.786730000000000e+39 
5.318659208937311e+15 3.095243080947055e+36 3.315479412884891e+00 1.787160000000000e+39 
5.320769857785065e+15 3.098116950694947e+36 3.316689145596213e+00 1.787590000000000e+39 
5.322880506632820e+15 3.100990820442839e+36 3.317898587143977e+00 1.788020000000000e+39 
5.324991155480574e+15 3.103864690190730e+36 3.319107737761031e+00 1.788440000000000e+39 
5.327101804328328e+15 3.106738559938622e+36 3.320316597472623e+00 1.788870000000000e+39 
5.329177275695287e+15 3.109615591259394e+36 3.321526498933883e+00 1.789300000000000e+39 
5.331287924543042e+15 3.112492622580165e+36 3.322736112314320e+00 1.789720000000000e+39 
5.333363395910001e+15 3.115369653900936e+36 3.323945437841980e+00 1.790150000000000e+39 
5.335474044757754e+15 3.118246685221708e+36 3.325154475759647e+00 1.790570000000000e+39 
5.337549516124713e+15 3.121123716542480e+36 3.326363226098235e+00 1.790990000000000e+39 
5.339624987491671e+15 3.124003909436131e+36 3.327573019914334e+00 1.791410000000000e+39 
5.341700458858630e+15 3.126880940756903e+36 3.328781201267425e+00 1.791830000000000e+39 
5.343775930225589e+15 3.129761133650554e+36 3.329990425506054e+00 1.792250000000000e+39 
5.345816224111752e+15 3.132644488117086e+36 3.331200695118741e+00 1.792670000000000e+39 
5.347891695478710e+15 3.135524681010737e+36 3.332409356021244e+00 1.793090000000000e+39 
5.349931989364873e+15 3.138404873904389e+36 3.333617735456676e+00 1.793500000000000e+39 
5.352007460731832e+15 3.141288228370921e+36 3.334827159807274e+00 1.793920000000000e+39 
5.354047754617994e+15 3.144171582837452e+36 3.336036302691988e+00 1.794340000000000e+39 
5.356088048504157e+15 3.147054937303984e+36 3.337245167110012e+00 1.794750000000000e+39 
5.358128342390319e+15 3.149941453343396e+36 3.338455078324863e+00 1.795160000000000e+39 
5.360168636276483e+15 3.152824807809927e+36 3.339663386144927e+00 1.795570000000000e+39 
5.362208930162645e+15 3.155711323849338e+36 3.340872740584254e+00 1.795990000000000e+39 
5.364249224048808e+15 3.158597839888750e+36 3.342081816997951e+00 1.796400000000000e+39 
5.366289517934969e+15 3.161484355928161e+36 3.343290615331844e+00 1.796810000000000e+39 
5.368294634340337e+15 3.164386679831973e+36 3.344505757201384e+00 1.797210000000000e+39 
5.370334928226499e+15 3.167263711152744e+36 3.345710035606711e+00 1.797620000000000e+39 
5.372340044631866e+15 3.170140742473516e+36 3.346914039752461e+00 1.798030000000000e+39 
5.374345161037233e+15 3.173049389523087e+36 3.348131000817492e+00 1.798430000000000e+39 
5.376350277442600e+15 3.175926420843859e+36 3.349334463153527e+00 1.798840000000000e+39 
5.378355393847966e+15 3.178803452164630e+36 3.350537654445640e+00 1.799240000000000e+39 
5.380360510253333e+15 3.181712099214202e+36 3.351753794195204e+00 1.799640000000000e+39 
5.382365626658700e+15 3.184589130534973e+36 3.352956444677182e+00 1.800050000000000e+39 
5.384370743064066e+15 3.187497777584544e+36 3.354172037789735e+00 1.800450000000000e+39 
5.386340681988638e+15 3.190374808905316e+36 3.355374150580011e+00 1.800850000000000e+39 
5.388345798394005e+15 3.193283455954887e+36 3.356589203126302e+00 1.801250000000000e+39 
5.390315737318575e+15 3.196160487275659e+36 3.357790781262129e+00 1.801640000000000e+39 
5.392285676243146e+15 3.199069134325230e+36 3.359005296176054e+00 1.802040000000000e+39 
5.394255615167717e+15 3.201977781374802e+36 3.360219544093098e+00 1.802440000000000e+39 
5.396225554092288e+15 3.204854812695573e+36 3.361420329421021e+00 1.802830000000000e+39 
5.398195493016858e+15 3.207763459745145e+36 3.362634043380109e+00 1.803230000000000e+39 
5.400165431941429e+15 3.210640491065916e+36 3.363834300890427e+00 1.803620000000000e+39 
5.402100193385204e+15 3.213549138115487e+36 3.365047484126495e+00 1.804010000000000e+39 
5.404070132309776e+15 3.216457785165059e+36 3.366260403679828e+00 1.804400000000000e+39 
5.406004893753551e+15 3.219366432214630e+36 3.367473059758846e+00 1.804790000000000e+39 
5.407974832678121e+15 3.222243463535402e+36 3.368672274163460e+00 1.805180000000000e+39 
5.409909594121896e+15 3.225152110584973e+36 3.369884403269365e+00 1.805570000000000e+39 
5.411844355565671e+15 3.228060757634544e+36 3.371096272206334e+00 1.805960000000000e+39 
5.413779117009447e+15 3.230937788955316e+36 3.372294710979971e+00 1.806350000000000e+39 
5.415713878453221e+15 3.233846436004887e+36 3.373506058906198e+00 1.806730000000000e+39 
5.417613462416200e+15 3.236755083054458e+36 3.374717149536162e+00 1.807120000000000e+39 
5.419548223859975e+15 3.239663730104030e+36 3.375927982954809e+00 1.807500000000000e+39 
5.421482985303750e+15 3.242572377153601e+36 3.377138556397562e+00 1.807880000000000e+39 
5.423382569266729e+15 3.245481024203172e+36 3.378348872840717e+00 1.808270000000000e+39 
5.425282153229707e+15 3.248389671252743e+36 3.379558935136803e+00 1.808650000000000e+39 
5.427181737192688e+15 3.251266702573515e+36 3.380755592976127e+00 1.809030000000000e+39 
5.429081321155666e+15 3.254175349623087e+36 3.381965146728133e+00 1.809410000000000e+39 
5.430980905118645e+15 3.257083996672658e+36 3.383174446734087e+00 1.809780000000000e+39 
5.432880489081623e+15 3.259992643722229e+36 3.384383493076202e+00 1.810160000000000e+39 
5.434780073044603e+15 3.262901290771801e+36 3.385592285750370e+00 1.810540000000000e+39 
5.436644479526786e+15 3.265809937821371e+36 3.386800827699466e+00 1.810910000000000e+39 
5.438544063489765e+15 3.268718584870943e+36 3.388009118917149e+00 1.811290000000000e+39 
5.440408469971948e+15 3.271627231920514e+36 3.389217159406082e+00 1.811660000000000e+39 
5.442272876454131e+15 3.274535878970086e+36 3.390424952078406e+00 1.812030000000000e+39 
5.444137282936315e+15 3.277444526019657e+36 3.391632496822391e+00 1.812400000000000e+39 
5.446001689418497e+15 3.280384788798028e+36 3.392852916848359e+00 1.812770000000000e+39 
5.447866095900681e+15 3.283293435847599e+36 3.394059966754534e+00 1.813140000000000e+39 
5.449730502382863e+15 3.286202082897171e+36 3.395266769302308e+00 1.813510000000000e+39 
5.451594908865047e+15 3.289110729946742e+36 3.396473324593006e+00 1.813880000000000e+39 
5.453424137866434e+15 3.292019376996313e+36 3.397679635354427e+00 1.814250000000000e+39 
5.455253366867821e+15 3.294928024045885e+36 3.398885704465387e+00 1.814610000000000e+39 
5.457117773350005e+15 3.297836671095455e+36 3.400091529104245e+00 1.814980000000000e+39 
5.458947002351392e+15 3.300776933873827e+36 3.401310213825204e+00 1.815340000000000e+39 
5.460776231352778e+15 3.303685580923398e+36 3.402515553227115e+00 1.815700000000000e+39 
5.462605460354166e+15 3.306594227972969e+36 3.403720651026405e+00 1.816060000000000e+39 
5.464399511874757e+15 3.309502875022541e+36 3.404925510125736e+00 1.816420000000000e+39 
5.466228740876145e+15 3.312443137800911e+36 3.406143224613984e+00 1.816780000000000e+39 
5.468057969877532e+15 3.315351784850483e+36 3.407347604362886e+00 1.817140000000000e+39 
5.469852021398123e+15 3.318260431900054e+36 3.408551745650724e+00 1.817500000000000e+39 
5.471646072918715e+15 3.321200694678425e+36 3.409768737398648e+00 1.817860000000000e+39 
5.473440124439306e+15 3.324109341727996e+36 3.410972407730025e+00 1.818210000000000e+39 
5.475234175959897e+15 3.327017988777567e+36 3.412175842433100e+00 1.818570000000000e+39 
5.477028227480489e+15 3.329958251555939e+36 3.413392120259029e+00 1.818920000000000e+39 
5.478822279001080e+15 3.332866898605509e+36 3.414595084764366e+00 1.819270000000000e+39 
5.480616330521671e+15 3.335807161383881e+36 3.415810887331538e+00 1.819630000000000e+39 
5.482375204561467e+15 3.338715808433452e+36 3.417013384532889e+00 1.819980000000000e+39 
5.484169256082057e+15 3.341656071211824e+36 3.418228717590027e+00 1.820330000000000e+39 
5.485928130121853e+15 3.344564718261394e+36 3.419430750290319e+00 1.820680000000000e+39 
5.487687004161649e+15 3.347504981039765e+36 3.420645616655444e+00 1.821020000000000e+39 
5.489445878201445e+15 3.350413628089337e+36 3.421847190507171e+00 1.821370000000000e+39 
5.491204752241239e+15 3.353353890867707e+36 3.423061593186327e+00 1.821720000000000e+39 
5.492963626281034e+15 3.356262537917279e+36 3.424262708674826e+00 1.822060000000000e+39 
5.494722500320831e+15 3.359202800695650e+36 3.425476648153110e+00 1.822400000000000e+39 
5.496446196879830e+15 3.362111447745221e+36 3.426677308049570e+00 1.822750000000000e+39 
5.498169893438830e+15 3.365051710523592e+36 3.427890792413590e+00 1.823090000000000e+39 
5.499928767478624e+15 3.367991973301963e+36 3.429104048196477e+00 1.823430000000000e+39 
5.501652464037624e+15 3.370900620351534e+36 3.430304031945052e+00 1.823770000000000e+39 
5.503376160596624e+15 3.373840883129905e+36 3.431516833118879e+00 1.824110000000000e+39 
5.505099857155624e+15 3.376781145908277e+36 3.432729408694255e+00 1.824450000000000e+39 
5.506823553714623e+15 3.379689792957848e+36 3.433928722312788e+00 1.824780000000000e+39 
5.508512072792827e+15 3.382630055736219e+36 3.435140848879665e+00 1.825120000000000e+39 
5.510235769351825e+15 3.385570318514590e+36 3.436352752529843e+00 1.825450000000000e+39 
5.511924288430029e+15 3.388510581292961e+36 3.437564433240317e+00 1.825790000000000e+39 
5.513612807508232e+15 3.391419228342533e+36 3.438762867371372e+00 1.826120000000000e+39 
5.515336504067232e+15 3.394359491120904e+36 3.439974105135239e+00 1.826450000000000e+39 
5.517025023145436e+15 3.397299753899274e+36 3.441185120246826e+00 1.826780000000000e+39 
5.518678364742843e+15 3.400240016677646e+36 3.442395918107519e+00 1.827110000000000e+39 
5.520366883821047e+15 3.403180279456016e+36 3.443606498786053e+00 1.827440000000000e+39 
5.522055402899251e+15 3.406088926505588e+36 3.444803844729011e+00 1.827770000000000e+39 
5.523708744496658e+15 3.409029189283959e+36 3.446013988238938e+00 1.828100000000000e+39 
5.525397263574862e+15 3.411969452062329e+36 3.447223914827677e+00 1.828420000000000e+39 
5.527050605172270e+15 3.414909714840701e+36 3.448433624370718e+00 1.828750000000000e+39 
5.528703946769677e+15 3.417849977619071e+36 3.449643119671508e+00 1.829070000000000e+39 
5.530357288367085e+15 3.420790240397442e+36 3.450852400696963e+00 1.829390000000000e+39 
5.532010629964492e+15 3.423730503175814e+36 3.452061467598041e+00 1.829710000000000e+39 
5.533663971561900e+15 3.426670765954185e+36 3.453270320329667e+00 1.830040000000000e+39 
5.535282135678512e+15 3.429611028732556e+36 3.454478961707930e+00 1.830350000000000e+39 
5.536935477275920e+15 3.432551291510926e+36 3.455687391685970e+00 1.830670000000000e+39 
5.538553641392531e+15 3.435491554289297e+36 3.456895610227438e+00 1.830990000000000e+39 
5.540171805509144e+15 3.438431817067668e+36 3.458103620116430e+00 1.831310000000000e+39 
5.541789969625755e+15 3.441372079846039e+36 3.459311421314844e+00 1.831620000000000e+39 
5.543408133742366e+15 3.444312342624410e+36 3.460519013967598e+00 1.831940000000000e+39 
5.545026297858979e+15 3.447252605402781e+36 3.461726398024403e+00 1.832250000000000e+39 
5.546609284494795e+15 3.450192868181151e+36 3.462933576282659e+00 1.832560000000000e+39 
5.548227448611406e+15 3.453133130959523e+36 3.464140548690351e+00 1.832870000000000e+39 
5.549810435247222e+15 3.456073393737894e+36 3.465347315115085e+00 1.833180000000000e+39 
5.551393421883039e+15 3.459045272245065e+36 3.466566852485326e+00 1.833490000000000e+39 
5.553011585999650e+15 3.461985535023436e+36 3.467773210545228e+00 1.833800000000000e+39 
5.554594572635465e+15 3.464925797801807e+36 3.468979362847794e+00 1.834110000000000e+39 
5.556142381790485e+15 3.467866060580178e+36 3.470185314890586e+00 1.834420000000000e+39 
5.557725368426302e+15 3.470806323358549e+36 3.471391066538103e+00 1.834720000000000e+39 
5.559308355062117e+15 3.473778201865719e+36 3.472609578167554e+00 1.835020000000000e+39 
5.560856164217137e+15 3.476718464644091e+36 3.473814926777010e+00 1.835330000000000e+39 
5.562403973372158e+15 3.479658727422461e+36 3.475020077640519e+00 1.835630000000000e+39 
5.563951782527177e+15 3.482598990200832e+36 3.476225030707581e+00 1.835930000000000e+39 
5.565499591682196e+15 3.485570868708003e+36 3.477442740649824e+00 1.836230000000000e+39 
5.567047400837217e+15 3.488511131486374e+36 3.478647298878725e+00 1.836530000000000e+39 
5.568595209992237e+15 3.491451394264745e+36 3.479851659623261e+00 1.836830000000000e+39 
5.570143019147258e+15 3.494423272771916e+36 3.481068771085700e+00 1.837120000000000e+39 
5.571655650821481e+15 3.497363535550287e+36 3.482272739844064e+00 1.837420000000000e+39 
5.573168282495706e+15 3.500303798328658e+36 3.483476516361228e+00 1.837710000000000e+39 
5.574716091650725e+15 3.503275676835828e+36 3.484693039980064e+00 1.838010000000000e+39 
5.576228723324949e+15 3.506215939614199e+36 3.485896427263030e+00 1.838300000000000e+39 
5.577741354999173e+15 3.509187818121370e+36 3.487112560072959e+00 1.838590000000000e+39 
5.579218809192601e+15 3.512128080899741e+36 3.488315565799144e+00 1.838880000000000e+39 
5.580731440866825e+15 3.515099959406912e+36 3.489531315468407e+00 1.839170000000000e+39 
5.582208895060253e+15 3.518040222185283e+36 3.490733942272128e+00 1.839460000000000e+39 
5.583721526734478e+15 3.520980484963653e+36 3.491936379592565e+00 1.839750000000000e+39 
5.585198980927906e+15 3.523952363470824e+36 3.493151555034523e+00 1.840030000000000e+39 
5.586676435121334e+15 3.526892626249195e+36 3.494353616414226e+00 1.840320000000000e+39 
5.588153889314762e+15 3.529864504756366e+36 3.495568414376210e+00 1.840600000000000e+39 
5.589631343508190e+15 3.532836383263537e+36 3.496783023713365e+00 1.840890000000000e+39 
5.591073620220822e+15 3.535776646041908e+36 3.497984527527695e+00 1.841170000000000e+39 
5.592551074414251e+15 3.538748524549078e+36 3.499198764625741e+00 1.841450000000000e+39 
5.593993351126882e+15 3.541688787327450e+36 3.500399900113846e+00 1.841730000000000e+39 
5.595435627839515e+15 3.544660665834620e+36 3.501613767507709e+00 1.842010000000000e+39 
5.596877904552147e+15 3.547632544341791e+36 3.502827451552176e+00 1.842290000000000e+39 
5.598320181264779e+15 3.550572807120162e+36 3.504028042541670e+00 1.842560000000000e+39 
5.599762457977411e+15 3.553544685627332e+36 3.505241359755731e+00 1.842840000000000e+39 
5.601204734690044e+15 3.556516564134503e+36 3.506454493786062e+00 1.843110000000000e+39 
5.602611833921881e+15 3.559456826912874e+36 3.507654543180090e+00 1.843390000000000e+39 
5.604018933153716e+15 3.562428705420045e+36 3.508867318153716e+00 1.843660000000000e+39 
5.605461209866348e+15 3.565400583927216e+36 3.510079912537561e+00 1.843930000000000e+39 
5.606868309098185e+15 3.568340846705587e+36 3.511279428179244e+00 1.844200000000000e+39 
5.608275408330022e+15 3.571312725212757e+36 3.512491663632062e+00 1.844470000000000e+39 
5.609647330081062e+15 3.574284603719928e+36 3.513703723577747e+00 1.844740000000000e+39 
5.611054429312898e+15 3.577256482227098e+36 3.514915607939074e+00 1.845000000000000e+39 
5.612426351063938e+15 3.580196745005469e+36 3.516114426144470e+00 1.845270000000000e+39 
5.613833450295775e+15 3.583168623512639e+36 3.517325959342407e+00 1.845530000000000e+39 
5.615205372046816e+15 3.586140502019811e+36 3.518537317110341e+00 1.845800000000000e+39 
5.616577293797856e+15 3.589112380526981e+36 3.519748502051685e+00 1.846060000000000e+39 
5.617949215548896e+15 3.592084259034152e+36 3.520959513905386e+00 1.846320000000000e+39 
5.619285959819141e+15 3.595056137541323e+36 3.522170355450426e+00 1.846580000000000e+39 
5.620657881570181e+15 3.597996400319694e+36 3.523368146979976e+00 1.846840000000000e+39 
5.621994625840425e+15 3.600968278826864e+36 3.524578647556950e+00 1.847100000000000e+39 
5.623366547591467e+15 3.603940157334035e+36 3.525788977953051e+00 1.847350000000000e+39 
5.624703291861711e+15 3.606912035841206e+36 3.526999138025029e+00 1.847610000000000e+39 
5.626040036131955e+15 3.609883914348376e+36 3.528209130441577e+00 1.847870000000000e+39 
5.627376780402200e+15 3.612855792855547e+36 3.529418954938398e+00 1.848120000000000e+39 
5.628678347191648e+15 3.615827671362717e+36 3.530628614207000e+00 1.848370000000000e+39 
5.630015091461892e+15 3.618799549869888e+36 3.531838108158783e+00 1.848620000000000e+39 
5.631316658251341e+15 3.621771428377059e+36 3.533047436718355e+00 1.848870000000000e+39 
5.632618225040790e+15 3.624743306884230e+36 3.534256602541627e+00 1.849120000000000e+39 
5.633919791830238e+15 3.627715185391400e+36 3.535465605551908e+00 1.849370000000000e+39 
5.635221358619687e+15 3.630687063898571e+36 3.536674445848692e+00 1.849620000000000e+39 
5.636522925409135e+15 3.633658942405742e+36 3.537883123531365e+00 1.849860000000000e+39 
5.637824492198584e+15 3.636630820912913e+36 3.539091638508573e+00 1.850110000000000e+39 
5.639090881507237e+15 3.639602699420083e+36 3.540299993279334e+00 1.850350000000000e+39 
5.640357270815890e+15 3.642574577927254e+36 3.541508190294733e+00 1.850590000000000e+39 
5.641623660124542e+15 3.645546456434424e+36 3.542716229474451e+00 1.850840000000000e+39 
5.642890049433194e+15 3.648518334941595e+36 3.543924110843615e+00 1.851080000000000e+39 
5.644156438741847e+15 3.651521829177566e+36 3.545144682762486e+00 1.851320000000000e+39 
5.645422828050501e+15 3.654493707684736e+36 3.546352248885171e+00 1.851550000000000e+39 
5.646654039878357e+15 3.657465586191907e+36 3.547559659858776e+00 1.851790000000000e+39 
5.647920429187010e+15 3.660437464699077e+36 3.548766915656552e+00 1.852030000000000e+39 
5.649151641014867e+15 3.663409343206248e+36 3.549974016195892e+00 1.852260000000000e+39 
5.650382852842723e+15 3.666381221713418e+36 3.551180964033581e+00 1.852490000000000e+39 
5.651614064670580e+15 3.669384715949389e+36 3.552400597467981e+00 1.852730000000000e+39 
5.652845276498436e+15 3.672356594456560e+36 3.553607239906877e+00 1.852960000000000e+39 
5.654041310845497e+15 3.675328472963730e+36 3.554813732109958e+00 1.853190000000000e+39 
5.655272522673354e+15 3.678300351470901e+36 3.556020073973906e+00 1.853420000000000e+39 
5.656468557020416e+15 3.681303845706872e+36 3.557239097381971e+00 1.853650000000000e+39 
5.657664591367476e+15 3.684275724214042e+36 3.558445141284196e+00 1.853870000000000e+39 
5.658860625714538e+15 3.687247602721213e+36 3.559651037290479e+00 1.854100000000000e+39 
5.660056660061598e+15 3.690219481228383e+36 3.560856785294904e+00 1.854320000000000e+39 
5.661217516927864e+15 3.693222975464354e+36 3.562075213631428e+00 1.854540000000000e+39 
5.662413551274924e+15 3.696194853971524e+36 3.563280671073374e+00 1.854770000000000e+39 
5.663574408141188e+15 3.699166732478695e+36 3.564485982892708e+00 1.854990000000000e+39 
5.664735265007454e+15 3.702170226714666e+36 3.565703972828909e+00 1.855210000000000e+39 
5.665896121873719e+15 3.705142105221836e+36 3.566908998835095e+00 1.855430000000000e+39 
5.667056978739983e+15 3.708145599457806e+36 3.568126699845673e+00 1.855640000000000e+39 
5.668217835606249e+15 3.711117477964978e+36 3.569331440006919e+00 1.855860000000000e+39 
5.669343514991718e+15 3.714089356472148e+36 3.570536039485920e+00 1.856080000000000e+39 
5.670469194377187e+15 3.717092850708118e+36 3.571753314455714e+00 1.856290000000000e+39 
5.671630051243451e+15 3.720064729215289e+36 3.572957635422330e+00 1.856500000000000e+39 
5.672755730628921e+15 3.723068223451260e+36 3.574174626128863e+00 1.856710000000000e+39 
5.673846232533594e+15 3.726040101958430e+36 3.575378670822984e+00 1.856920000000000e+39 
5.674971911919062e+15 3.729043596194400e+36 3.576595387384125e+00 1.857130000000000e+39 
5.676097591304532e+15 3.732015474701572e+36 3.577799158149986e+00 1.857340000000000e+39 
5.677188093209205e+15 3.734987353208742e+36 3.579002793104319e+00 1.857550000000000e+39 
5.678278595113879e+15 3.737990847444712e+36 3.580219097960304e+00 1.857750000000000e+39 
5.679369097018551e+15 3.740994341680682e+36 3.581435268111155e+00 1.857960000000000e+39 
5.680459598923224e+15 3.743966220187853e+36 3.582638503083046e+00 1.858160000000000e+39 
5.681550100827898e+15 3.746969714423823e+36 3.583854403567283e+00 1.858370000000000e+39 
5.682605425251775e+15 3.749941592930994e+36 3.585057374078110e+00 1.858570000000000e+39 
5.683660749675652e+15 3.752945087166964e+36 3.586273012308162e+00 1.858770000000000e+39 
5.684751251580325e+15 3.755916965674135e+36 3.587475723291537e+00 1.858970000000000e+39 
5.685806576004203e+15 3.758920459910105e+36 3.588691096509244e+00 1.859160000000000e+39 
5.686826722947284e+15 3.761892338417276e+36 3.589893550220253e+00 1.859360000000000e+39 
5.687882047371162e+15 3.764895832653247e+36 3.591108668390373e+00 1.859550000000000e+39 
5.688937371795039e+15 3.767899326889217e+36 3.592323656475520e+00 1.859750000000000e+39 
5.689957518738120e+15 3.770871205396388e+36 3.593525728919836e+00 1.859940000000000e+39 
5.690977665681201e+15 3.773874699632358e+36 3.594740464127123e+00 1.860130000000000e+39 
5.691997812624283e+15 3.776878193868328e+36 3.595955074151738e+00 1.860320000000000e+39 
5.693017959567363e+15 3.779850072375499e+36 3.597156774846987e+00 1.860510000000000e+39 
5.694038106510445e+15 3.782853566611469e+36 3.598371134191094e+00 1.860700000000000e+39 
5.695023075972731e+15 3.785857060847440e+36 3.599585370729366e+00 1.860890000000000e+39 
5.696008045435016e+15 3.788828939354611e+36 3.600786706506597e+00 1.861070000000000e+39 
5.696993014897302e+15 3.791832433590581e+36 3.602000701752463e+00 1.861260000000000e+39 
5.697977984359587e+15 3.794835927826551e+36 3.603214576469495e+00 1.861440000000000e+39 
5.698962953821872e+15 3.797839422062522e+36 3.604428330722206e+00 1.861620000000000e+39 
5.699947923284156e+15 3.800811300569692e+36 3.605629189187089e+00 1.861800000000000e+39 
5.700897715265647e+15 3.803814794805663e+36 3.606842704477036e+00 1.861980000000000e+39 
5.701847507247136e+15 3.806818289041633e+36 3.608056103956912e+00 1.862160000000000e+39 
5.702797299228626e+15 3.809821783277603e+36 3.609269387521024e+00 1.862340000000000e+39 
5.703747091210115e+15 3.812793661784774e+36 3.610469784943415e+00 1.862510000000000e+39 
5.704696883191606e+15 3.815797156020744e+36 3.611682836655587e+00 1.862690000000000e+39 
5.705646675173095e+15 3.818800650256715e+36 3.612895772445738e+00 1.862860000000000e+39 
5.706561289673788e+15 3.821804144492685e+36 3.614108594675794e+00 1.863040000000000e+39 
5.707475904174482e+15 3.824807638728655e+36 3.615321305695575e+00 1.863210000000000e+39 
5.708390518675176e+15 3.827811132964626e+36 3.616533905443036e+00 1.863380000000000e+39 
5.709305133175869e+15 3.830783011471796e+36 3.617733630842093e+00 1.863540000000000e+39 
5.710219747676563e+15 3.833786505707767e+36 3.618946007833565e+00 1.863710000000000e+39 
5.711099184696459e+15 3.836789999943737e+36 3.620158276051183e+00 1.863880000000000e+39 
5.712013799197154e+15 3.839793494179708e+36 3.621370435314097e+00 1.864040000000000e+39 
5.712893236217052e+15 3.842796988415678e+36 3.622582485509912e+00 1.864210000000000e+39 
5.713772673236950e+15 3.845800482651648e+36 3.623794428975361e+00 1.864370000000000e+39 
5.714616932776051e+15 3.848803976887618e+36 3.625006268107756e+00 1.864530000000000e+39 
5.715496369795949e+15 3.851807471123589e+36 3.626218002771801e+00 1.864690000000000e+39 
5.716340629335051e+15 3.854810965359560e+36 3.627429633019687e+00 1.864850000000000e+39 
5.717220066354948e+15 3.857814459595529e+36 3.628641158904993e+00 1.865010000000000e+39 
5.718064325894050e+15 3.860817953831500e+36 3.629852580123998e+00 1.865160000000000e+39 
5.718873407952356e+15 3.863821448067470e+36 3.631063901736353e+00 1.865320000000000e+39 
5.719717667491458e+15 3.866793326574640e+36 3.632262373844835e+00 1.865470000000000e+39 
5.720561927030559e+15 3.869796820810611e+36 3.633473493202997e+00 1.865620000000000e+39 
5.721371009088864e+15 3.872800315046582e+36 3.634684512775351e+00 1.865780000000000e+39 
5.722180091147171e+15 3.875803809282552e+36 3.635895434791032e+00 1.865930000000000e+39 
5.722989173205477e+15 3.878838919247322e+36 3.637119004738310e+00 1.866070000000000e+39 
5.723798255263784e+15 3.881842413483292e+36 3.638329731436181e+00 1.866220000000000e+39 
5.724572159841293e+15 3.884845907719263e+36 3.639540362865146e+00 1.866370000000000e+39 
5.725381241899599e+15 3.887849401955234e+36 3.640750898926595e+00 1.866510000000000e+39 
5.726155146477110e+15 3.890852896191204e+36 3.641961339501488e+00 1.866660000000000e+39 
5.726929051054619e+15 3.893856390427174e+36 3.643171687084013e+00 1.866800000000000e+39 
5.727702955632129e+15 3.896859884663144e+36 3.644381941365398e+00 1.866940000000000e+39 
5.728441682728843e+15 3.899863378899115e+36 3.645592104883529e+00 1.867080000000000e+39 
5.729215587306352e+15 3.902866873135086e+36 3.646802177493968e+00 1.867220000000000e+39 
5.729954314403067e+15 3.905870367371055e+36 3.648012159075686e+00 1.867350000000000e+39 
5.730693041499781e+15 3.908873861607026e+36 3.649222052113034e+00 1.867490000000000e+39 
5.731431768596495e+15 3.911877355842996e+36 3.650431856445414e+00 1.867630000000000e+39 
5.732170495693210e+15 3.914912465807767e+36 3.651654305854813e+00 1.867760000000000e+39 
5.732874045309127e+15 3.917915960043736e+36 3.652863935000934e+00 1.867890000000000e+39 
5.733577594925045e+15 3.920919454279707e+36 3.654073480115916e+00 1.868020000000000e+39 
5.734316322021759e+15 3.923922948515677e+36 3.655282938677562e+00 1.868150000000000e+39 
5.735019871637677e+15 3.926926442751648e+36 3.656492310536782e+00 1.868280000000000e+39 
5.735688243772800e+15 3.929929936987618e+36 3.657701600649303e+00 1.868410000000000e+39 
5.736391793388718e+15 3.932933431223588e+36 3.658910808661790e+00 1.868530000000000e+39 
5.737060165523841e+15 3.935968541188359e+36 3.660132662172657e+00 1.868660000000000e+39 
5.737728537658963e+15 3.938972035424329e+36 3.661341708355619e+00 1.868780000000000e+39 
5.738396909794085e+15 3.941975529660299e+36 3.662550674658724e+00 1.868900000000000e+39 
5.739065281929207e+15 3.944979023896269e+36 3.663759561118892e+00 1.869020000000000e+39 
5.739733654064329e+15 3.948014133861039e+36 3.664981091935649e+00 1.869140000000000e+39 
5.740366848718656e+15 3.951017628097010e+36 3.666189820892918e+00 1.451961414601357e-18 
