		1953
1.00000065876E+03 3.45915933143E+17 1.00000104365E+00 5.97040375333E+26
1.872849077574142e+09 1.844145460885801e+27 1.000141067268386e+00 1.259000000000000e+33 
2.105372225635094e+09 2.039530664867873e+27 1.000250505109917e+00 1.413000000000000e+33 
2.363926709485018e+09 2.289611079673405e+27 1.000374979884348e+00 1.585000000000000e+33 
2.652733826819423e+09 2.570042594126638e+27 1.000498713626335e+00 1.778000000000000e+33 
2.963350982247290e+09 3.256420066367864e+27 1.000771668577642e+00 1.995000000000000e+33 
3.330603881756570e+09 3.398690845966460e+27 1.000822179946230e+00 2.239000000000000e+33 
3.739366208605021e+09 3.787564310202623e+27 1.000943886031750e+00 2.512000000000000e+33 
4.200191207031415e+09 4.568472811554917e+27 1.001162928566764e+00 2.818000000000000e+33 
4.717300174731263e+09 5.039547170670268e+27 1.001280880279221e+00 3.162000000000000e+33 
5.287175363624973e+09 5.820455672022561e+27 1.001454797927934e+00 3.548000000000000e+33 
5.937958758349272e+09 6.357923061617257e+27 1.001561586891454e+00 3.981000000000000e+33 
6.659097114665384e+09 7.306394925607895e+27 1.001727958783589e+00 4.466999999999999e+33 
7.450590432573316e+09 9.905207832942254e+27 1.002138075590283e+00 5.012000000000000e+33 
8.368722681346515e+09 1.152077157460631e+28 1.002366610439853e+00 5.623000000000000e+33 
9.385351876348253e+09 1.366115641434519e+28 1.002635528767569e+00 6.310000000000000e+33 
1.053213775029486e+10 1.540950621696793e+28 1.002831745142391e+00 7.079000000000000e+33 
1.181963354742509e+10 1.724005691446987e+28 1.003014342069830e+00 7.943000000000000e+33 
1.326191026005732e+10 1.969027589644569e+28 1.003231599905126e+00 8.912999999999998e+33 
1.488007437666908e+10 2.390465254544410e+28 1.003565837833436e+00 1.000000000000000e+34 
1.670930337805630e+10 2.651611174429833e+28 1.003750636066662e+00 1.122000000000000e+34 
1.874607951613938e+10 3.124266319985168e+28 1.004048149754428e+00 1.259000000000000e+34 
2.103965126403257e+10 3.452437584925930e+28 1.004232657027709e+00 1.413000000000000e+34 
2.361464285829304e+10 3.942481381321094e+28 1.004477392814257e+00 1.585000000000000e+34 
2.649216078739832e+10 4.511564499715478e+28 1.004732800726253e+00 1.778000000000000e+34 
2.967924054750758e+10 4.593765394594667e+28 1.004765510625987e+00 1.995000000000000e+34 
3.336584053491874e+10 6.247268010818350e+28 1.005347848984036e+00 2.239000000000000e+34 
3.746401704764202e+10 7.135669990089583e+28 1.005629720689829e+00 2.512000000000000e+34 
4.200191207031416e+10 8.163181176079442e+28 1.005919014813224e+00 3.162000000000000e+34 
5.283657615545382e+10 9.807199073663217e+28 1.006303623223213e+00 3.548000000000000e+34 
5.941476506428862e+10 1.436934873945820e+29 1.007213642882529e+00 3.981000000000000e+34 
6.666132610824567e+10 1.522297341704977e+29 1.007365791121766e+00 4.467000000000000e+34 
7.478732417210039e+10 1.743291286014796e+29 1.007715817785938e+00 5.012000000000000e+34 
8.382793673664877e+10 1.818536720558054e+29 1.007822100105220e+00 5.623000000000001e+34 
9.427564853303345e+10 2.675639128317596e+29 1.008894186921847e+00 6.310000000000001e+34 
1.058138622340913e+11 3.121104747105200e+29 1.009396163968874e+00 7.079000000000001e+34 
1.187239976861895e+11 3.578900500124682e+29 1.009852116671311e+00 7.943000000000000e+34 
1.333930071780832e+11 4.442009896356165e+29 1.010619777821864e+00 8.912999999999999e+34 
1.496801807865886e+11 4.985800431710798e+29 1.011051405447628e+00 1.000000000000000e+35 
1.680428257620526e+11 5.943757014341345e+29 1.011726679548140e+00 1.122000000000000e+35 
1.887271844700464e+11 7.100892688409925e+29 1.012455454137864e+00 1.259000000000000e+35 
2.118036118721621e+11 8.115757582879911e+29 1.013024848567742e+00 1.413000000000000e+35 
2.379053026227259e+11 9.570081107665559e+29 1.013751119535860e+00 1.585000000000000e+35 
2.669619017601458e+11 1.111609024597030e+30 1.014439005628907e+00 1.778000000000000e+35 
2.998880237851157e+11 1.342087687546756e+30 1.015350959723531e+00 1.995000000000000e+35 
3.372465083903700e+11 1.720844118567018e+30 1.016690942579606e+00 2.239000000000000e+35 
3.781579185560110e+11 1.882716650021420e+30 1.017202052915442e+00 2.512000000000000e+35 
4.249439680145687e+11 2.292772652553374e+30 1.018351046883697e+00 2.818000000000000e+35 
4.770066395925125e+11 2.638964882909957e+30 1.019217116091781e+00 3.162000000000000e+35 
5.361048073296380e+11 3.159675936240819e+30 1.020373902769656e+00 3.548000000000000e+35 
6.029420208418632e+11 3.983581828760688e+30 1.022009522348234e+00 3.981000000000000e+35 
6.761111808973518e+11 4.419878886196383e+30 1.022781362991178e+00 4.467000000000000e+35 
7.601853599995720e+11 5.466359509466056e+30 1.024425146922237e+00 5.012000000000000e+35 
8.548127833405646e+11 6.737311807213513e+30 1.026211581757796e+00 5.623000000000000e+35 
9.585863516884932e+11 7.363303237447335e+30 1.026994601134919e+00 6.310000000000000e+35 
1.077838011586621e+12 9.054744728230645e+30 1.028874204184182e+00 7.079000000000000e+35 
1.211160663803113e+12 1.092639587317217e+31 1.030734261578676e+00 7.943000000000000e+35 
1.359609632761844e+12 1.249453602163670e+31 1.032122275597432e+00 8.913000000000000e+35 
1.527406216158326e+12 1.482461523417370e+31 1.033956976273217e+00 1.000000000000000e+36 
1.716309288032351e+12 1.781546317862419e+31 1.036060407878830e+00 1.122000000000000e+36 
1.927374172807800e+12 2.036369091987904e+31 1.037656983441548e+00 1.259000000000000e+36 
2.166229267412015e+12 2.441682735199905e+31 1.039917554209304e+00 1.413000000000000e+36 
2.433929896268875e+12 2.890309926867478e+31 1.042153443944549e+00 1.585000000000000e+36 
2.730827834186338e+12 3.253258493487896e+31 1.043764779077599e+00 1.778000000000000e+36 
3.066772775787260e+12 3.850795767801998e+31 1.046126536611834e+00 1.995000000000000e+36 
3.447393117998985e+12 4.625381123394355e+31 1.048864157345295e+00 2.239000000000000e+36 
3.869522887549880e+12 5.197625814668709e+31 1.050666143841509e+00 2.512000000000000e+36 
4.351454374453820e+12 6.247268010818349e+31 1.053606411089487e+00 2.818000000000000e+36 
4.889669830631212e+12 7.518220308565806e+31 1.056791616696425e+00 3.162000000000000e+36 
5.484169256082058e+12 8.324421392957851e+31 1.058594378349026e+00 3.548000000000000e+36 
6.159576887363491e+12 9.778744917743498e+31 1.061483461251832e+00 3.981000000000000e+36 
6.936999212953059e+12 1.210566255740054e+32 1.065622399861765e+00 4.466999999999999e+36 
7.770705507816078e+12 1.304464970275127e+32 1.067113311933614e+00 5.012000000000000e+36 
8.738086229703549e+12 1.578889496256419e+32 1.070992732962849e+00 5.623000000000000e+36 
9.796928401660381e+12 1.740129713134828e+32 1.073030000827867e+00 6.309999999999999e+36 
1.102462248143757e+13 2.110033740091177e+32 1.077186943156841e+00 7.079000000000000e+36 
1.240709747671675e+13 2.564984077518688e+32 1.081764279801272e+00 7.943000000000000e+36 
1.389510491438366e+13 2.791036538436457e+32 1.083791088923685e+00 8.913000000000000e+36 
1.566101445033824e+13 3.439791293406055e+32 1.088964696488913e+00 1.000000000000000e+37 
1.763798887106827e+13 4.201730357478536e+32 1.094401130468430e+00 1.122000000000000e+37 
1.978029745153907e+13 4.663319997953980e+32 1.097336407699425e+00 1.259000000000000e+37 
2.227086309188936e+13 5.652892309384215e+32 1.102947039033215e+00 1.413000000000000e+37 
2.500063560165182e+13 6.332630478577507e+32 1.106387058241347e+00 1.585000000000000e+37 
2.817364436944272e+13 7.767984566083342e+32 1.112850801681213e+00 1.778000000000000e+37 
3.177933615102329e+13 9.573242680545527e+32 1.120121428660930e+00 1.995000000000000e+37 
3.559961056545890e+13 1.049958353437639e+33 1.123462769616130e+00 2.239000000000000e+37 
3.989126322255968e+13 1.162510347964528e+33 1.127082320049651e+00 2.512000000000000e+37 
4.467540061080316e+13 1.275694657067411e+33 1.130344846026295e+00 2.818000000000000e+37 
5.002237769178118e+13 1.401209100402172e+33 1.133584228379828e+00 3.162000000000000e+37 
5.607290438867736e+13 1.554229227792662e+33 1.137122501121482e+00 3.548000000000000e+37 
6.279180322069579e+13 1.709462456199130e+33 1.140337556496182e+00 3.980999999999999e+37 
7.042531655340780e+13 1.900105300861249e+33 1.143871844608301e+00 4.467000000000000e+37 
7.886791194442577e+13 2.095806662131318e+33 1.147120130103924e+00 5.011999999999999e+37 
8.843618672091272e+13 2.337666987448931e+33 1.150713674874054e+00 5.623000000000000e+37 
9.902460844048100e+13 2.589012031406451e+33 1.154057528402048e+00 6.309999999999999e+37 
1.110553068726816e+14 2.903272375675350e+33 1.157798427420997e+00 7.079000000000000e+37 
1.245282820175143e+14 3.269066357887739e+33 1.161696165465317e+00 7.943000000000000e+37 
1.395138888365711e+14 3.664262967883840e+33 1.165464163323008e+00 8.913000000000000e+37 
1.564694345801988e+14 4.170114628678848e+33 1.169778861683732e+00 1.000000000000000e+38 
1.755004516907851e+14 4.773975048752889e+33 1.174388268732894e+00 1.122000000000000e+38 
1.966772951299217e+14 5.469521082346026e+33 1.179138353004532e+00 1.259000000000000e+38 
2.206683370327309e+14 6.367407780257165e+33 1.184623876172528e+00 1.413000000000000e+38 
2.476846422839882e+14 7.486604579766120e+33 1.190738995307611e+00 1.585000000000000e+38 
2.779372757684692e+14 8.899827657112174e+33 1.197661621626044e+00 1.635070000000000e+38 
2.798956061243773e+14 8.970868199725070e+33 1.197989299795143e+00 1.653110000000000e+38 
2.830957015523811e+14 9.255283296007066e+33 1.199289523450484e+00 1.670990000000000e+38 
2.862715245186357e+14 9.542480576423432e+33 1.200588703356667e+00 1.688720000000000e+38 
2.894234267979491e+14 9.832491656702970e+33 1.201886705307589e+00 1.706310000000000e+38 
2.925524637147451e+14 1.012525330538808e+34 1.203183389308776e+00 1.723750000000000e+38 
2.956596905934476e+14 1.042076552247876e+34 1.204478891444269e+00 1.741050000000000e+38 
2.987454592088646e+14 1.071899669224622e+34 1.205773203216049e+00 1.758220000000000e+38 
3.018108248854201e+14 1.101991519896165e+34 1.207066312761069e+00 1.775260000000000e+38 
3.048561393979218e+14 1.132355265835385e+34 1.208358474508040e+00 1.792170000000000e+38 
3.078824580707938e+14 1.162981422323643e+34 1.209649399114950e+00 1.808970000000000e+38 
3.108904844536519e+14 1.193876312506698e+34 1.210939461411159e+00 1.825640000000000e+38 
3.138805703213041e+14 1.225030451665911e+34 1.212228369383599e+00 1.842210000000000e+38 
3.168530674485583e+14 1.256450162947041e+34 1.213516485543957e+00 1.858660000000000e+38 
3.198093829346464e+14 1.288125961631448e+34 1.214803516294585e+00 1.875000000000000e+38 
3.227491650047604e+14 1.320064170864893e+34 1.216089810118935e+00 1.891240000000000e+38 
3.256731172085163e+14 1.352255305928736e+34 1.217375074650739e+00 1.907380000000000e+38 
3.285822948703379e+14 1.384702528395855e+34 1.218659521506829e+00 1.923420000000000e+38 
3.314763462154172e+14 1.417402676693372e+34 1.219943107506941e+00 1.939370000000000e+38 
3.343566783429862e+14 1.450355750821287e+34 1.221225911231125e+00 1.955220000000000e+38 
3.372225877034288e+14 1.483558589206720e+34 1.222507885789656e+00 1.970980000000000e+38 
3.400754813959769e+14 1.517011191849670e+34 1.223789104984681e+00 1.986650000000000e+38 
3.429150076458227e+14 1.550713558750137e+34 1.225069638761673e+00 2.002230000000000e+38 
3.457422217773898e+14 1.584659366762362e+34 1.226349315548752e+00 2.017740000000000e+38 
3.485571237906784e+14 1.618851777459225e+34 1.227628320339212e+00 2.033160000000000e+38 
3.513600654604963e+14 1.653287629267844e+34 1.228906598766836e+00 2.048500000000000e+38 
3.541528056608834e+14 1.687966922188222e+34 1.230184209476932e+00 2.063760000000000e+38 
3.569318266437601e+14 1.722886494647478e+34 1.231461097803507e+00 2.078950000000000e+38 
3.597002943823981e+14 1.758046346645611e+34 1.232737325700244e+00 2.094060000000000e+38 
3.624582088767973e+14 1.793443316609741e+34 1.234012833406601e+00 2.109100000000000e+38 
3.652055701269578e+14 1.829080566112750e+34 1.235287789460340e+00 2.124070000000000e+38 
3.679458958809589e+14 1.864954933581756e+34 1.236562126817846e+00 2.138970000000000e+38 
3.706721506426418e+14 1.901063257443880e+34 1.237835786870447e+00 2.153810000000000e+38 
3.733913699081655e+14 1.937405537699121e+34 1.239108823206646e+00 2.168580000000000e+38 
3.761035536775300e+14 1.973981774347480e+34 1.240381274132622e+00 2.183280000000000e+38 
3.788016664545762e+14 2.010788805816077e+34 1.241653082304754e+00 2.197930000000000e+38 
3.814962614835427e+14 2.047826632104911e+34 1.242924292786023e+00 2.212510000000000e+38 
3.841803032682705e+14 2.085098414786863e+34 1.244195050757953e+00 2.227030000000000e+38 
3.868537918087595e+14 2.122594669143293e+34 1.245465083600764e+00 2.241490000000000e+38 
3.895202448530894e+14 2.160321718319961e+34 1.246734649011403e+00 2.255900000000000e+38 
3.921796624012600e+14 2.198276400743986e+34 1.248003676793863e+00 2.270250000000000e+38 
3.948320444532714e+14 2.236455554842490e+34 1.249272098318928e+00 2.284540000000000e+38 
3.974773910091237e+14 2.274859180615471e+34 1.250539950052393e+00 2.298790000000000e+38 
4.001121843207372e+14 2.313490439635810e+34 1.251807378110088e+00 2.312970000000000e+38 
4.027434598842712e+14 2.352343008757746e+34 1.253074210364669e+00 2.327110000000000e+38 
4.053676999516459e+14 2.391416887981280e+34 1.254340476124700e+00 2.341200000000000e+38 
4.079813867747819e+14 2.430715238879293e+34 1.255606318907145e+00 2.355240000000000e+38 
4.105915558498382e+14 2.470231738306023e+34 1.256871569381315e+00 2.369230000000000e+38 
4.131946894287354e+14 2.509969547834350e+34 1.258136357562430e+00 2.383170000000000e+38 
4.157943052595531e+14 2.549925505891396e+34 1.259400611026403e+00 2.397070000000000e+38 
4.183833678461318e+14 2.590099612477160e+34 1.260664363820771e+00 2.410920000000000e+38 
4.209689126846311e+14 2.630491867591641e+34 1.261927649695491e+00 2.424730000000000e+38 
4.235509397750507e+14 2.671102271234841e+34 1.263190489919330e+00 2.438490000000000e+38 
4.261259313693112e+14 2.711924500260998e+34 1.264452715843529e+00 2.452220000000000e+38 
4.286938874674124e+14 2.752964877815873e+34 1.265714556100942e+00 2.465900000000000e+38 
4.312583258174342e+14 2.794220242326585e+34 1.266975939472251e+00 2.479540000000000e+38 
4.338157286712968e+14 2.835687432220256e+34 1.268236796186299e+00 2.493130000000000e+38 
4.363696137770796e+14 2.877366447496885e+34 1.269497153106621e+00 2.506689999999999e+38 
4.389164633867034e+14 2.919260449729351e+34 1.270757132185072e+00 2.520220000000000e+38 
4.414633129963271e+14 2.961363115771896e+34 1.272016564067120e+00 2.533700000000000e+38 
4.440031271097917e+14 3.003677607197398e+34 1.273275563870115e+00 2.547150000000000e+38 
4.465359057270970e+14 3.046203924005859e+34 1.274534162911477e+00 2.560560000000000e+38 
4.490686843444024e+14 3.088935743051517e+34 1.275792194177575e+00 2.573930000000000e+38 
4.515944274655486e+14 3.131879387480133e+34 1.277049863959568e+00 2.587270000000000e+38 
4.541166528386152e+14 3.175041180437467e+34 1.278307381271353e+00 2.600580000000001e+38 
4.566353604636022e+14 3.218386344621840e+34 1.279563754080994e+00 2.613849999999999e+38 
4.591470325924299e+14 3.261952818907810e+34 1.280820108610702e+00 2.627090000000000e+38 
4.616587047212578e+14 3.305708987566578e+34 1.282075553100863e+00 2.640290000000000e+38 
4.641668591020061e+14 3.349686466326944e+34 1.283331008574163e+00 2.653470000000000e+38 
4.666679779865951e+14 3.393885255188908e+34 1.284586495720731e+00 2.666610000000000e+38 
4.691690968711842e+14 3.438273738423669e+34 1.285841135409502e+00 2.679730000000000e+38 
4.716666980076935e+14 3.482851916031230e+34 1.287094945256580e+00 2.692810000000000e+38 
4.741607813961236e+14 3.527651403740388e+34 1.288348833391062e+00 2.705870000000000e+38 
4.766513470364739e+14 3.572640585822344e+34 1.289601932941293e+00 2.718890000000000e+38 
4.791383949287446e+14 3.617851078005897e+34 1.290855142256451e+00 2.731890000000000e+38 
4.816219250729356e+14 3.663251264562249e+34 1.292107602560572e+00 2.744860000000000e+38 
4.841019374690472e+14 3.708841145491400e+34 1.293359335152758e+00 2.757800000000000e+38 
4.865819498651587e+14 3.754652336522147e+34 1.294611220392811e+00 2.770720000000000e+38 
4.890549267651111e+14 3.800621606196894e+34 1.295861551008795e+00 2.783610000000000e+38 
4.915279036650634e+14 3.846843801702038e+34 1.297112923977888e+00 2.796470000000000e+38 
4.940008805650157e+14 3.893224075851180e+34 1.298362778098315e+00 2.809310000000000e+38 
4.964668219688089e+14 3.939825660101920e+34 1.299612837525817e+00 2.822120000000000e+38 
4.989327633726020e+14 3.986616938725459e+34 1.300862270270642e+00 2.834910000000000e+38 
5.013951870283155e+14 4.033629527450595e+34 1.302111931709461e+00 2.847680000000000e+38 
5.038576106840291e+14 4.080800194819729e+34 1.303360155811124e+00 2.860420000000000e+38 
5.063165165916631e+14 4.128192172290461e+34 1.304608630373852e+00 2.873140000000000e+38 
5.087754224992970e+14 4.175773844133992e+34 1.305856533250403e+00 2.885840000000000e+38 
5.112272929107718e+14 4.223545210350320e+34 1.307103883172219e+00 2.898510000000000e+38 
5.136826810703262e+14 4.271506270939448e+34 1.308350693983844e+00 2.911170000000000e+38 
5.161345514818011e+14 4.319688641630171e+34 1.309597793068475e+00 2.923799999999999e+38 
5.185829041451962e+14 4.368060706693694e+34 1.310844377342351e+00 2.936410000000000e+38 
5.210312568085914e+14 4.416590850401215e+34 1.312089648199722e+00 2.949000000000000e+38 
5.234760917239071e+14 4.465342304210334e+34 1.313335241364934e+00 2.961570000000000e+38 
5.259209266392226e+14 4.514283452392251e+34 1.314580358883514e+00 2.974120000000000e+38 
5.283622438064586e+14 4.563414294946967e+34 1.315825013437930e+00 2.986660000000000e+38 
5.308035609736946e+14 4.612734831874480e+34 1.317069217831578e+00 2.999170000000000e+38 
5.332448781409306e+14 4.662276678903591e+34 1.318313774640790e+00 3.011660000000000e+38 
5.356826775600871e+14 4.711976604576700e+34 1.319557108020782e+00 3.024140000000000e+38 
5.381204769792436e+14 4.761866224622607e+34 1.320800024219485e+00 3.036600000000000e+38 
5.405582763983999e+14 4.811977154770114e+34 1.322043315693600e+00 3.049040000000000e+38 
5.429925580694768e+14 4.862246163561617e+34 1.323285425604015e+00 3.061460000000000e+38 
5.454268397405536e+14 4.912736482454719e+34 1.324527928020634e+00 3.073870000000000e+38 
5.478576036635509e+14 4.963384879991819e+34 1.325769278807011e+00 3.086260000000000e+38 
5.502918853346277e+14 5.014222971901718e+34 1.327010265669465e+00 3.098630000000000e+38 
5.527543089903412e+14 5.065282373913213e+34 1.328251624363372e+00 3.110990000000000e+38 
5.551534131806221e+14 5.116499854568708e+34 1.329491867328546e+00 3.123330000000000e+38 
5.575806593555398e+14 5.167907029597001e+34 1.330731810900428e+00 3.135660000000000e+38 
5.600114232785371e+14 5.219535514726891e+34 1.331972181892105e+00 3.147970000000000e+38 
5.624386694534548e+14 5.271322078500781e+34 1.333211470689137e+00 3.160260000000000e+38 
5.648659156283724e+14 5.323298336647468e+34 1.334450447716060e+00 3.172550000000000e+38 
5.672931618032900e+14 5.375464289166953e+34 1.335689119405025e+00 3.184820000000000e+38 
5.697168902301280e+14 5.427819936059237e+34 1.336927496605755e+00 3.197070000000000e+38 
5.721441364050458e+14 5.480365277324318e+34 1.338165585702601e+00 3.209310000000000e+38 
5.745678648318838e+14 5.533100312962197e+34 1.339403393287362e+00 3.221540000000000e+38 
5.769951110068015e+14 5.586025042972875e+34 1.340640925857629e+00 3.233750000000000e+38 
5.794188394336395e+14 5.639139467356350e+34 1.341878189664223e+00 3.245960000000000e+38 
5.818425678604776e+14 5.692411970383825e+34 1.343114461172856e+00 3.258140000000000e+38 
5.842662962873156e+14 5.745874167784100e+34 1.344350482534054e+00 3.270320000000000e+38 
5.866900247141536e+14 5.799557675285966e+34 1.345586988416831e+00 3.282490000000000e+38 
5.891137531409918e+14 5.853399261431836e+34 1.346822528426197e+00 3.294640000000000e+38 
5.915374815678298e+14 5.907430541950504e+34 1.348057836505985e+00 3.306780000000000e+38 
5.939612099946679e+14 5.961651516841968e+34 1.349292918756651e+00 3.318910000000000e+38 
5.963849384215060e+14 6.016030570377432e+34 1.350527062957803e+00 3.331030000000000e+38 
5.988051491002644e+14 6.070630934014493e+34 1.351761713817005e+00 3.343140000000000e+38 
6.012288775271024e+14 6.125389376295552e+34 1.352995447222241e+00 3.355240000000000e+38 
6.036526059539405e+14 6.180337512949411e+34 1.354228979625892e+00 3.367319999999999e+38 
6.060763343807786e+14 6.235475343976066e+34 1.355462316896777e+00 3.379400000000000e+38 
6.085000628076166e+14 6.290802869375517e+34 1.356695464561790e+00 3.391469999999999e+38 
6.109237912344548e+14 6.346288473418973e+34 1.357927725620940e+00 3.403530000000001e+38 
6.133475196612929e+14 6.401995387564022e+34 1.359160509752001e+00 3.415570000000000e+38 
6.157712480881309e+14 6.457860380353070e+34 1.360392423220880e+00 3.427610000000000e+38 
6.181984942630485e+14 6.513915067514919e+34 1.361624166936995e+00 3.439639999999999e+38 
6.206222226898865e+14 6.570159449049563e+34 1.362855746466025e+00 3.451660000000000e+38 
6.230494688648042e+14 6.626561909228206e+34 1.364086476867267e+00 3.463680000000000e+38 
6.254731972916422e+14 6.683154063779648e+34 1.365317055284230e+00 3.475680000000000e+38 
6.279004434665599e+14 6.739935912703888e+34 1.366547486965749e+00 3.487670000000000e+38 
6.303276896414775e+14 6.796907456000925e+34 1.367777773157636e+00 3.499660000000000e+38 
6.327549358163952e+14 6.854068693670761e+34 1.369007919012795e+00 3.511640000000000e+38 
6.351821819913129e+14 6.911388009984597e+34 1.370237251363007e+00 3.523610000000000e+38 
6.376129459143101e+14 6.968897020671229e+34 1.371466451629539e+00 3.535580000000000e+38 
6.400401920892278e+14 7.026595725730659e+34 1.372695524796389e+00 3.547530000000000e+38 
6.424709560122250e+14 7.084484125162888e+34 1.373924475784507e+00 3.559480000000000e+38 
6.449017199352222e+14 7.142530603239116e+34 1.375152636596728e+00 3.571420000000000e+38 
6.473324838582196e+14 7.200766775688141e+34 1.376380683303690e+00 3.583360000000000e+38 
6.497667655292964e+14 7.259192642509963e+34 1.377608616959968e+00 3.595290000000000e+38 
6.521975294522936e+14 7.317808203704585e+34 1.378836442298092e+00 3.607210000000000e+38 
6.546318111233704e+14 7.376581843543205e+34 1.380063503653764e+00 3.619120000000000e+38 
6.570660927944472e+14 7.435576793483423e+34 1.381291122212924e+00 3.631030000000000e+38 
6.595003744655239e+14 7.494698206338838e+34 1.382517331114437e+00 3.642940000000000e+38 
6.619381738846805e+14 7.554040929295854e+34 1.383744100662634e+00 3.654830000000000e+38 
6.643759733038370e+14 7.613541730896867e+34 1.384970124900337e+00 3.666730000000000e+38 
6.668137727229932e+14 7.673232226870678e+34 1.386196061836395e+00 3.678610000000000e+38 
6.692550898902294e+14 7.733112417217287e+34 1.387421912295943e+00 3.690490000000000e+38 
6.716928893093859e+14 7.793182301936692e+34 1.388647680658033e+00 3.702370000000000e+38 
6.741342064766218e+14 7.853410265300100e+34 1.389872728244256e+00 3.714240000000000e+38 
6.765790413919374e+14 7.913827923036303e+34 1.391097697545012e+00 3.726100000000000e+38 
6.790203585591735e+14 7.974403659416505e+34 1.392321953923626e+00 3.737960000000000e+38 
6.814651934744890e+14 8.035200705898305e+34 1.393546779756662e+00 3.749819999999999e+38 
6.839135461378842e+14 8.096155831024102e+34 1.394770898585544e+00 3.761670000000000e+38 
6.863583810531999e+14 8.157300650522700e+34 1.395994951560935e+00 3.773510000000000e+38 
6.888067337165951e+14 8.218603548665295e+34 1.397218311928554e+00 3.785350000000001e+38 
6.912586041280698e+14 8.280127756909488e+34 1.398442238934337e+00 3.797190000000000e+38 
6.937069567914650e+14 8.341810043797679e+34 1.399665478962559e+00 3.809020000000000e+38 
6.961588272029398e+14 8.403682025058669e+34 1.400888665021043e+00 3.820850000000000e+38 
6.986142153624941e+14 8.465712084963655e+34 1.402111171544320e+00 3.832680000000000e+38 
7.010696035220486e+14 8.527931839241443e+34 1.403333624407958e+00 3.844500000000000e+38 
7.035249916816030e+14 8.590341287892027e+34 1.404556027530330e+00 3.856319999999999e+38 
7.059803798411572e+14 8.652940430915410e+34 1.405778384786459e+00 3.868130000000000e+38 
7.084392857487914e+14 8.715697652582790e+34 1.407000081490036e+00 3.879940000000000e+38 
7.109017094045049e+14 8.778644568622968e+34 1.408221732640869e+00 3.891749999999999e+38 
7.133641330602184e+14 8.841781179035946e+34 1.409443339240093e+00 3.903550000000000e+38 
7.158265567159319e+14 8.905075868092924e+34 1.410664294964662e+00 3.915360000000000e+38 
7.182889803716455e+14 8.968591867251495e+34 1.411885823288456e+00 3.927150000000000e+38 
7.207549217754386e+14 9.032265945054066e+34 1.413106709077458e+00 3.938950000000000e+38 
7.232243809273114e+14 9.096098101500638e+34 1.414326953389074e+00 3.950739999999999e+38 
7.256938400791841e+14 9.160151568048805e+34 1.415547765906960e+00 3.962530000000000e+38 
7.281632992310569e+14 9.224363113240969e+34 1.416767945333908e+00 3.974320000000001e+38 
7.306362761310092e+14 9.288764352805936e+34 1.417988094678135e+00 3.986100000000000e+38 
7.331092530309615e+14 9.353323671014898e+34 1.419207617362948e+00 3.997880000000000e+38 
7.355857476789938e+14 9.418104299325459e+34 1.420427708612020e+00 4.009660000000000e+38 
7.380622423270255e+14 9.483043006280017e+34 1.421647178275525e+00 4.021440000000000e+38 
7.405422547231370e+14 9.548171407607376e+34 1.422866622422097e+00 4.033210000000000e+38 
7.430222671192484e+14 9.613457887578731e+34 1.424085451423644e+00 4.044990000000000e+38 
7.455057972634396e+14 9.678965677651684e+34 1.425304846486104e+00 4.056760000000000e+38 
7.479893274076308e+14 9.744631546368636e+34 1.426523631171575e+00 4.068530000000000e+38 
7.504728575518215e+14 9.810455493729587e+34 1.427741812167865e+00 4.080300000000000e+38 
7.529599054440925e+14 9.876500751192134e+34 1.428960560440106e+00 4.092060000000000e+38 
7.554504710844428e+14 9.942704087298682e+34 1.430178707014476e+00 4.103820000000000e+38 
7.579410367247930e+14 1.000906550204923e+35 1.431396255713284e+00 4.115590000000000e+38 
7.604351201132228e+14 1.007567984263017e+35 1.432614945946139e+00 4.127350000000000e+38 
7.629292035016529e+14 1.014242064612631e+35 1.433832464496913e+00 4.139109999999999e+38 
7.654232868900826e+14 1.020938275972405e+35 1.435050546777805e+00 4.150870000000000e+38 
7.679244057746716e+14 1.027650295196579e+35 1.436268040298086e+00 4.162620000000000e+38 
7.704220069111812e+14 1.034378122285152e+35 1.437484948611104e+00 4.174380000000000e+38 
7.729231257957702e+14 1.041128080383886e+35 1.438702419150236e+00 4.186130000000000e+38 
7.754277624284389e+14 1.047893846347019e+35 1.439919309023566e+00 4.197880000000000e+38 
7.779323990611075e+14 1.054678581747432e+35 1.441136189086997e+00 4.209640000000000e+38 
7.804405534418559e+14 1.061482286585125e+35 1.442353060147392e+00 4.221389999999999e+38 
7.829522255706836e+14 1.068304960860098e+35 1.443569919829500e+00 4.233140000000000e+38 
7.854603799514319e+14 1.075143442999470e+35 1.444786209260249e+00 4.244890000000000e+38 
7.879755698283392e+14 1.082000894576122e+35 1.446002492774322e+00 4.256640000000000e+38 
7.904907597052468e+14 1.088877315590055e+35 1.447218768001136e+00 4.268380000000000e+38 
7.930059495821541e+14 1.095772706041266e+35 1.448435038455604e+00 4.280130000000000e+38 
7.955246572071411e+14 1.102683904356878e+35 1.449650748374265e+00 4.291880000000000e+38 
7.980468825802079e+14 1.109617233682650e+35 1.450867007867062e+00 4.303620000000000e+38 
8.005691079532741e+14 1.116566370872821e+35 1.452082708528339e+00 4.315370000000000e+38 
8.030948510744206e+14 1.123531315927393e+35 1.453297853812404e+00 4.327110000000000e+38 
8.056241119436461e+14 1.130518391992124e+35 1.454513544753707e+00 4.338860000000000e+38 
8.081533728128721e+14 1.137524437494134e+35 1.455729230446470e+00 4.350600000000000e+38 
8.106826336820978e+14 1.144546290860545e+35 1.456944366808855e+00 4.362350000000000e+38 
8.132154122994034e+14 1.151587113664236e+35 1.458159502835487e+00 4.374090000000000e+38 
8.157517086647882e+14 1.158646905905206e+35 1.459374636458823e+00 4.385840000000000e+38 
8.182880050301730e+14 1.165722506010576e+35 1.460589225499339e+00 4.397580000000000e+38 
8.208278191436378e+14 1.172820237126106e+35 1.461804356090701e+00 4.409320000000000e+38 
8.233711510051819e+14 1.179933776106036e+35 1.463018943602820e+00 4.421070000000000e+38 
8.259144828667261e+14 1.187066284523246e+35 1.464233529633691e+00 4.432810000000000e+38 
8.284578147282702e+14 1.194217762377735e+35 1.465448117480832e+00 4.444550000000000e+38 
8.310081820859735e+14 1.201388209669504e+35 1.466662704865239e+00 4.456300000000000e+38 
8.335550316955972e+14 1.208574464825673e+35 1.467876758175618e+00 4.468040000000000e+38 
8.361089168013802e+14 1.215782850992002e+35 1.469091346335854e+00 4.479779999999999e+38 
8.386628019071631e+14 1.223007045022731e+35 1.470305401838815e+00 4.491530000000000e+38 
8.412202047610256e+14 1.230250208490740e+35 1.471519457903626e+00 4.503269999999999e+38 
8.437776076148882e+14 1.237512341396028e+35 1.472733515077378e+00 4.515020000000000e+38 
8.463385282168304e+14 1.244790282165716e+35 1.473947046691421e+00 4.526760000000000e+38 
8.489029665668518e+14 1.252090353945564e+35 1.475161105026910e+00 4.538499999999999e+38 
8.514674049168738e+14 1.259406233589812e+35 1.476374638921535e+00 4.550250000000000e+38 
8.540318432668951e+14 1.266744244244219e+35 1.477588700355001e+00 4.562000000000000e+38 
8.566033171130761e+14 1.274098062763027e+35 1.478802241137079e+00 4.573740000000000e+38 
8.591747909592571e+14 1.281470850719114e+35 1.480015782328097e+00 4.585490000000000e+38 
8.617497825535175e+14 1.288862608112481e+35 1.481229324641256e+00 4.597240000000000e+38 
8.643247741477780e+14 1.296270173370248e+35 1.482442350659060e+00 4.608980000000000e+38 
8.669032834901181e+14 1.303699869638175e+35 1.483655896297754e+00 4.620730000000000e+38 
8.694817928324579e+14 1.311145373770501e+35 1.484868929329943e+00 4.632480000000000e+38 
8.720673376709574e+14 1.318613008912987e+35 1.486082477889852e+00 4.644230000000000e+38 
8.746493647613770e+14 1.326096451919873e+35 1.487295515051479e+00 4.655980000000000e+38 
8.772384273479558e+14 1.333598864364040e+35 1.488508555067222e+00 4.667730000000000e+38 
8.798274899345346e+14 1.341120246245485e+35 1.489721596016217e+00 4.679479999999999e+38 
8.824200702691930e+14 1.348657435991331e+35 1.490934129761038e+00 4.691230000000000e+38 
8.850126506038515e+14 1.356216756747336e+35 1.492147173931365e+00 4.702979999999999e+38 
8.876087486865895e+14 1.363795046940622e+35 1.493360220645337e+00 4.714740000000000e+38 
8.902083645174071e+14 1.371389144998306e+35 1.494572762943129e+00 4.726490000000000e+38 
8.928079803482248e+14 1.379005374066152e+35 1.495785811062789e+00 4.738250000000000e+38 
8.954111139271220e+14 1.386637410998396e+35 1.496998358524904e+00 4.750000000000000e+38 
8.980177652540988e+14 1.394288417367921e+35 1.498210906795939e+00 4.761759999999999e+38 
9.006244165810752e+14 1.401958393174725e+35 1.499423456495256e+00 4.773520000000000e+38 
9.032345856561319e+14 1.409647338418809e+35 1.500636008186703e+00 4.785269999999999e+38 
9.058482724792679e+14 1.417355253100173e+35 1.501848559916478e+00 4.797030000000000e+38 
9.084619593024038e+14 1.425082137218817e+35 1.503061112250980e+00 4.808790000000000e+38 
9.110791638736195e+14 1.432827990774740e+35 1.504273665637191e+00 4.820550000000000e+38 
9.136963684448349e+14 1.440589652195064e+35 1.505485726819677e+00 4.832309999999999e+38 
9.163206085122096e+14 1.448373444625547e+35 1.506698281347150e+00 4.844080000000000e+38 
9.189413308315048e+14 1.456173044920430e+35 1.507910344756979e+00 4.855840000000001e+38 
9.215690886469591e+14 1.463994776225473e+35 1.509122900229680e+00 4.867610000000000e+38 
9.241968464624134e+14 1.471832315394915e+35 1.510334965615763e+00 4.879370000000000e+38 
9.268281220259474e+14 1.479691985574518e+35 1.511547519506344e+00 4.891140000000000e+38 
9.294629153375608e+14 1.487567463618520e+35 1.512759584555268e+00 4.902909999999999e+38 
9.320977086491742e+14 1.495461911099802e+35 1.513971648974178e+00 4.914670000000000e+38 
9.347360197088675e+14 1.503375328018364e+35 1.515183713203647e+00 4.926440000000000e+38 
9.373743307685605e+14 1.511307714374206e+35 1.516395777630504e+00 4.938210000000001e+38 
9.400161595763332e+14 1.519259070167327e+35 1.517607842800192e+00 4.949990000000000e+38 
9.426615061321858e+14 1.527229395397729e+35 1.518819907012782e+00 4.961760000000000e+38 
9.453103704361175e+14 1.535218690065410e+35 1.520031968582858e+00 4.973530000000000e+38 
9.479592347400492e+14 1.543226954170371e+35 1.521244028064771e+00 4.985310000000000e+38 
9.506116167920608e+14 1.551254187712612e+35 1.522456085851071e+00 4.997080000000000e+38 
9.532639988440722e+14 1.559300390692132e+35 1.523668142329588e+00 5.008860000000000e+38 
9.559198986441634e+14 1.567365563108933e+35 1.524880198090251e+00 5.020640000000000e+38 
9.585793161923338e+14 1.575446543390133e+35 1.526091777366460e+00 5.032420000000000e+38 
9.612422514885841e+14 1.583549654681493e+35 1.527303826539574e+00 5.044200000000000e+38 
9.639051867848344e+14 1.591671735410133e+35 1.528515872240183e+00 5.055979999999999e+38 
9.665716398291642e+14 1.599812785576053e+35 1.529727914860833e+00 5.067760000000000e+38 
9.692380928734941e+14 1.607969643606372e+35 1.530939485251996e+00 5.079550000000001e+38 
9.719115814139830e+14 1.616148632646851e+35 1.532151520994105e+00 5.091330000000000e+38 
9.745850699544720e+14 1.624346591124610e+35 1.533363550854618e+00 5.103120000000000e+38 
9.772585584949611e+14 1.632560357466769e+35 1.534575111059370e+00 5.114900000000000e+38 
9.799355647835296e+14 1.640796254819088e+35 1.535787134725662e+00 5.126690000000000e+38 
9.826160888201778e+14 1.649047960035807e+35 1.536998689710564e+00 5.138480000000000e+38 
9.853001306049056e+14 1.657321796262685e+35 1.538210702774367e+00 5.150270000000000e+38 
9.879841723896334e+14 1.665614601926843e+35 1.539422710400189e+00 5.162069999999999e+38 
9.906717319224408e+14 1.673923215455401e+35 1.540634251987282e+00 5.173860000000000e+38 
9.933628092033276e+14 1.682253959994119e+35 1.541846247838411e+00 5.185650000000000e+38 
9.960538864842149e+14 1.690603673970117e+35 1.543058237617888e+00 5.197450000000000e+38 
9.987484815131814e+14 1.698969195810514e+35 1.544269763867149e+00 5.209249999999999e+38 
1.001446594290227e+15 1.707356848661071e+35 1.545481740624308e+00 5.221040000000000e+38 
1.004144707067274e+15 1.715763470948908e+35 1.546693710692260e+00 5.232840000000000e+38 
1.006846337592399e+15 1.724185901101145e+35 1.547905219712783e+00 5.244640000000000e+38 
1.009551485865605e+15 1.732630462263542e+35 1.549117175690635e+00 5.256440000000000e+38 
1.012260151886890e+15 1.741093992863218e+35 1.550329122459429e+00 5.268250000000000e+38 
1.014968817908174e+15 1.749573331327295e+35 1.551540608582597e+00 5.280050000000000e+38 
1.017677483929459e+15 1.758074800801531e+35 1.552752540078800e+00 5.291860000000000e+38 
1.020393185446904e+15 1.766595239713047e+35 1.553964463661618e+00 5.303660000000000e+38 
1.023108886964348e+15 1.775134648061842e+35 1.555176377782052e+00 5.315470000000000e+38 
1.025828106229871e+15 1.783693025847918e+35 1.556388282984872e+00 5.327280000000000e+38 
1.028547325495395e+15 1.792270373071273e+35 1.557600179663748e+00 5.339089999999999e+38 
1.031270062508998e+15 1.800866689731908e+35 1.558812068355055e+00 5.350899999999999e+38 
1.033996317270681e+15 1.809481975829823e+35 1.560023947573315e+00 5.362710000000001e+38 
1.036726089780444e+15 1.818116231365018e+35 1.561235815845028e+00 5.374529999999999e+38 
1.039455862290206e+15 1.826769456337493e+35 1.562447673712981e+00 5.386340000000000e+38 
1.042189152548048e+15 1.835441650747247e+35 1.563659521574199e+00 5.398159999999999e+38 
1.044922442805890e+15 1.844132814594281e+35 1.564871359963164e+00 5.409979999999999e+38 
1.047662768559891e+15 1.852842947878596e+35 1.566083187427162e+00 5.421789999999999e+38 
1.050403094313892e+15 1.861572050600189e+35 1.567295002337770e+00 5.433609999999999e+38 
1.053143420067894e+15 1.870323284331943e+35 1.568507245384136e+00 5.445430000000000e+38 
1.055890781318054e+15 1.879090325928096e+35 1.569719039050648e+00 5.457260000000001e+38 
1.058638142568215e+15 1.887879498534410e+35 1.570931255763782e+00 5.469080000000000e+38 
1.061385503818375e+15 1.896684479005123e+35 1.572143026065250e+00 5.480910000000000e+38 
1.064139900564695e+15 1.905511590485996e+35 1.573355218608873e+00 5.492730000000000e+38 
1.066894297311014e+15 1.914354509831269e+35 1.574566963507444e+00 5.504560000000000e+38 
1.069648694057334e+15 1.923219560186701e+35 1.575779129806763e+00 5.516390000000000e+38 
1.072410126299812e+15 1.932103579979413e+35 1.576991282851257e+00 5.528220000000001e+38 
1.075171558542292e+15 1.941003407636526e+35 1.578202990681117e+00 5.540050000000000e+38 
1.077936508532850e+15 1.949925366303797e+35 1.579415114732475e+00 5.551880000000001e+38 
1.080701458523408e+15 1.958866294408349e+35 1.580627225034748e+00 5.563709999999999e+38 
1.083469926262046e+15 1.967826191950181e+35 1.581839322084162e+00 5.575550000000000e+38 
1.086241911748764e+15 1.976805058929292e+35 1.583051404465121e+00 5.587380000000000e+38 
1.089017414983561e+15 1.985806056918563e+35 1.584263896770296e+00 5.599219999999999e+38 
1.091792918218358e+15 1.994822862772234e+35 1.585475947771296e+00 5.611060000000000e+38 
1.094571939201235e+15 2.003858638063185e+35 1.586687983642064e+00 5.622890000000001e+38 
1.097350960184112e+15 2.012916544364296e+35 1.587900428218409e+00 5.634740000000000e+38 
1.100137016663147e+15 2.021990258529806e+35 1.589112433596441e+00 5.646579999999999e+38 
1.102919555394104e+15 2.031086103705477e+35 1.590324844915359e+00 5.658420000000000e+38 
1.105709129621219e+15 2.040197756745547e+35 1.591536819878604e+00 5.670260000000001e+38 
1.108498703848335e+15 2.049331540795777e+35 1.592749198044970e+00 5.682110000000000e+38 
1.111291795823530e+15 2.058484294283286e+35 1.593961559625704e+00 5.693950000000000e+38 
1.114088405546804e+15 2.067656017208076e+35 1.595173903129762e+00 5.705800000000000e+38 
1.116885015270079e+15 2.076846709570145e+35 1.596386229094289e+00 5.717649999999999e+38 
1.119685142741434e+15 2.086056371369494e+35 1.597598538053734e+00 5.729500000000000e+38 
1.122488787960867e+15 2.095285002606123e+35 1.598810828532288e+00 5.741349999999999e+38 
1.125292433180301e+15 2.104535764852912e+35 1.600023515719070e+00 5.753200000000001e+38 
1.128103113895894e+15 2.113802334964100e+35 1.601235769248783e+00 5.765060000000000e+38 
1.130910276863408e+15 2.123091036085448e+35 1.602448416853431e+00 5.776909999999999e+38 
1.133724475327080e+15 2.132395545071197e+35 1.603660633576325e+00 5.788769999999999e+38 
1.136538673790753e+15 2.141722185067105e+35 1.604873241765983e+00 5.800620000000000e+38 
1.139356390002505e+15 2.151067794500292e+35 1.606085830133200e+00 5.812479999999999e+38 
1.142174106214258e+15 2.160432373370760e+35 1.607298399047355e+00 5.824340000000000e+38 
1.144995340174089e+15 2.169815921678508e+35 1.608510949039640e+00 5.836200000000001e+38 
1.147820091882000e+15 2.179218439423535e+35 1.609723478843852e+00 5.848060000000000e+38 
1.150648361337992e+15 2.188639926605842e+35 1.610935987168964e+00 5.859919999999999e+38 
1.153476630793982e+15 2.198083544798309e+35 1.612148880676675e+00 5.871790000000000e+38 
1.156308417998053e+15 2.207542970855175e+35 1.613361347623793e+00 5.883650000000001e+38 
1.159140205202124e+15 2.217024527922202e+35 1.614574199014013e+00 5.895520000000000e+38 
1.161979027902354e+15 2.226521892853627e+35 1.615786624770334e+00 5.907380000000000e+38 
1.164817850602583e+15 2.236041388795214e+35 1.616999430706940e+00 5.919250000000000e+38 
1.167656673302813e+15 2.245579854174080e+35 1.618212215710387e+00 5.931120000000000e+38 
1.170502531499202e+15 2.255137288990225e+35 1.619424978396050e+00 5.942990000000000e+38 
1.173348389695591e+15 2.264713693243651e+35 1.620637717384557e+00 5.954859999999999e+38 
1.176194247891980e+15 2.274312228507236e+35 1.621850834724637e+00 5.966740000000000e+38 
1.179047141584528e+15 2.283926571635221e+35 1.623063529890516e+00 5.978609999999999e+38 
1.181900035277076e+15 2.293563045773366e+35 1.624276599114969e+00 5.990480000000000e+38 
1.184752928969624e+15 2.303215327775911e+35 1.625489248807600e+00 6.002360000000000e+38 
1.187612858158332e+15 2.312889740788615e+35 1.626702272011652e+00 6.014239999999999e+38 
1.190472787347039e+15 2.322583123238600e+35 1.627915270398919e+00 6.026120000000000e+38 
1.193336234283826e+15 2.332295475125864e+35 1.629128244470824e+00 6.038000000000000e+38 
1.196199681220613e+15 2.342026796450408e+35 1.630341194601731e+00 6.049880000000000e+38 
1.199066645905479e+15 2.351780248785112e+35 1.631554514679662e+00 6.061760000000000e+38 
1.201937128338426e+15 2.361549508984216e+35 1.632767416900012e+00 6.073640000000000e+38 
1.204811128519451e+15 2.371340900193479e+35 1.633980685144261e+00 6.085520000000000e+38 
1.207685128700477e+15 2.381148099267142e+35 1.635193536431181e+00 6.097409999999999e+38 
1.210562646629582e+15 2.390977429350965e+35 1.636406753119376e+00 6.109290000000000e+38 
1.213440164558687e+15 2.400825728872068e+35 1.637619944688788e+00 6.121180000000001e+38 
1.216321200235872e+15 2.410692997830450e+35 1.638833111601101e+00 6.133070000000000e+38 
1.219205753661136e+15 2.420582397798993e+35 1.640046640721376e+00 6.144960000000000e+38 
1.222093824834481e+15 2.430487605631935e+35 1.641259754958775e+00 6.156850000000000e+38 
1.224981896007825e+15 2.440414944475037e+35 1.642473229254927e+00 6.168740000000000e+38 
1.227873484929248e+15 2.450358091182538e+35 1.643686291222304e+00 6.180630000000000e+38 
1.230768591598752e+15 2.460323368900201e+35 1.644899711000416e+00 6.192519999999999e+38 
1.233663698268255e+15 2.470307616055142e+35 1.646113103468433e+00 6.204420000000000e+38 
1.236562322685838e+15 2.480310832647364e+35 1.647326469121470e+00 6.216310000000000e+38 
1.239464464851500e+15 2.490333018676865e+35 1.648539806688722e+00 6.228209999999999e+38 
1.242366607017162e+15 2.500377335716525e+35 1.649753498781529e+00 6.240110000000000e+38 
1.245272266930904e+15 2.510437460620586e+35 1.650966781843756e+00 6.252010000000000e+38 
1.248181444592726e+15 2.520519716534807e+35 1.652180417209861e+00 6.263910000000000e+38 
1.251090622254548e+15 2.530620941886307e+35 1.653394024170608e+00 6.275810000000000e+38 
1.254003317664449e+15 2.540741136675087e+35 1.654607603219279e+00 6.287710000000000e+38 
1.256919530822430e+15 2.550880300901147e+35 1.655821153256251e+00 6.299610000000000e+38 
1.259839261728490e+15 2.561038434564487e+35 1.657034673189839e+00 6.311520000000000e+38 
1.262758992634550e+15 2.571215537665106e+35 1.658248163516604e+00 6.323420000000000e+38 
1.265682241288690e+15 2.581414771775885e+35 1.659462000942261e+00 6.335330000000000e+38 
1.268605489942830e+15 2.591632975323945e+35 1.660675808956524e+00 6.347239999999999e+38 
1.271532256345050e+15 2.601866986736404e+35 1.661889213137323e+00 6.359140000000000e+38 
1.274462540495349e+15 2.612123129159022e+35 1.663102962086908e+00 6.371050000000001e+38 
1.277396342393728e+15 2.622401402591801e+35 1.664317053449750e+00 6.382960000000000e+38 
1.280330144292106e+15 2.632695483888980e+35 1.665530740816669e+00 6.394870000000000e+38 
1.283267463938565e+15 2.643008534623438e+35 1.666744397960377e+00 6.406790000000000e+38 
1.286204783585023e+15 2.653343716368056e+35 1.667958396822409e+00 6.418700000000000e+38 
1.289149138727641e+15 2.663697867549954e+35 1.669172364204694e+00 6.430610000000000e+38 
1.292089976122178e+15 2.674070988169132e+35 1.670386300597238e+00 6.442530000000000e+38 
1.295037849012876e+15 2.684463078225589e+35 1.671600206519497e+00 6.454450000000000e+38 
1.297985721903572e+15 2.694874137719326e+35 1.672814080810366e+00 6.466360000000000e+38 
1.300937112542350e+15 2.705304166650343e+35 1.674027924071611e+00 6.478279999999999e+38 
1.303892020929206e+15 2.715756326591520e+35 1.675242102474289e+00 6.490200000000000e+38 
1.306846929316062e+15 2.726224294397097e+35 1.676455881977480e+00 6.502119999999999e+38 
1.309805355450998e+15 2.736714393212833e+35 1.677669996250670e+00 6.514040000000000e+38 
1.312767299334013e+15 2.747223461465850e+35 1.678884077593759e+00 6.525970000000000e+38 
1.315729243217029e+15 2.757754660729026e+35 1.680098491240387e+00 6.537889999999999e+38 
1.318698222596203e+15 2.768301667856601e+35 1.681312506904361e+00 6.549819999999999e+38 
1.321663684227298e+15 2.778867644421457e+35 1.682526489597364e+00 6.561740000000001e+38 
1.324636181354553e+15 2.789455751996473e+35 1.683740802480438e+00 6.573670000000001e+38 
1.327608678481807e+15 2.800062829008768e+35 1.684955081211187e+00 6.585600000000000e+38 
1.330584693357141e+15 2.810688875458343e+35 1.686169326280208e+00 6.597519999999999e+38 
1.333560708232474e+15 2.821333891345198e+35 1.687383538092626e+00 6.609449999999999e+38 
1.336540240855888e+15 2.831997876669333e+35 1.688597717132898e+00 6.621390000000000e+38 
1.339523291227381e+15 2.842683993003627e+35 1.689812221749534e+00 6.633320000000000e+38 
1.342509859346954e+15 2.853389078775202e+35 1.691026691036207e+00 6.645250000000000e+38 
1.345496427466526e+15 2.864109972411176e+35 1.692240767399172e+00 6.657180000000000e+38 
1.348486513334178e+15 2.874852997057310e+35 1.693455167276626e+00 6.669119999999999e+38 
1.351476599201830e+15 2.885618152713604e+35 1.694669890002859e+00 6.681049999999999e+38 
1.354473720565642e+15 2.896399116234297e+35 1.695884220971985e+00 6.692990000000000e+38 
1.357467324181374e+15 2.907199049192270e+35 1.697098517359844e+00 6.704929999999999e+38 
1.360467963293265e+15 2.918021113160404e+35 1.698313134568687e+00 6.716870000000000e+38 
1.363468602405156e+15 2.928862146565817e+35 1.699527716073543e+00 6.728810000000000e+38 
1.366472759265126e+15 2.939722149408510e+35 1.700742262464460e+00 6.740749999999999e+38 
1.369480433873176e+15 2.950601121688482e+35 1.701956772672677e+00 6.752690000000000e+38 
1.372488108481226e+15 2.961499063405735e+35 1.703171247181708e+00 6.764630000000001e+38 
1.375499300837356e+15 2.972419136133147e+35 1.704386038230408e+00 6.776580000000000e+38 
1.378514010941565e+15 2.983358178297839e+35 1.705600792484655e+00 6.788520000000000e+38 
1.381528721045774e+15 2.994313028326931e+35 1.706815160012691e+00 6.800469999999999e+38 
1.384550466646143e+15 3.005290009366183e+35 1.708029840673592e+00 6.812419999999999e+38 
1.387568694498432e+15 3.016289121415594e+35 1.709244833847016e+00 6.824360000000000e+38 
1.390593957846880e+15 3.027304041329405e+35 1.710459441517084e+00 6.836310000000000e+38 
1.393619221195328e+15 3.038341092253376e+35 1.711674359890854e+00 6.848260000000000e+38 
1.396648002291856e+15 3.049393951041747e+35 1.712888893446687e+00 6.860210000000000e+38 
1.399676783388384e+15 3.060468940840278e+35 1.714103737374649e+00 6.872170000000000e+38 
1.402709082232991e+15 3.071562900076089e+35 1.715318544796434e+00 6.884120000000000e+38 
1.405744898825678e+15 3.082678990322059e+35 1.716533660404664e+00 6.896070000000000e+38 
1.408784233166444e+15 3.093810888432429e+35 1.717748392060606e+00 6.908029999999999e+38 
1.411823567507210e+15 3.104964917552959e+35 1.718963430263271e+00 6.919980000000001e+38 
1.414866419596057e+15 3.116134754537888e+35 1.720178086616889e+00 6.931939999999999e+38 
1.417909271684902e+15 3.127326722532978e+35 1.721393049203361e+00 6.943899999999998e+38 
1.420959159269908e+15 3.138537659965348e+35 1.722607973334106e+00 6.955859999999999e+38 
1.424009046854913e+15 3.149770728407877e+35 1.723823200053506e+00 6.967820000000000e+38 
1.427058934439918e+15 3.161019604714806e+35 1.725038047288702e+00 6.979780000000000e+38 
1.430115857521083e+15 3.172290612031895e+35 1.726253196920058e+00 6.991739999999999e+38 
1.433172780602247e+15 3.183577427213384e+35 1.727467966163556e+00 7.003709999999999e+38 
1.436229703683412e+15 3.194895858123672e+35 1.728684056822950e+00 7.015670000000000e+38 
1.439293662260735e+15 3.206214289033960e+35 1.729898072041812e+00 7.027630000000000e+38 
1.442357620838059e+15 3.217564335673048e+35 1.731113402852027e+00 7.039600000000000e+38 
1.445421579415382e+15 3.228945998040935e+35 1.732330047105236e+00 7.051570000000000e+38 
1.448492573488865e+15 3.240327660408823e+35 1.733544625160156e+00 7.063540000000001e+38 
1.451563567562348e+15 3.251740938505511e+35 1.734760511111301e+00 7.075510000000000e+38 
1.454638079383910e+15 3.263154216602198e+35 1.735974338491031e+00 7.087480000000000e+38 
1.457712591205473e+15 3.274599110427685e+35 1.737189471100236e+00 7.099450000000000e+38 
1.460794138523194e+15 3.286075619981972e+35 1.738405903901398e+00 7.111420000000001e+38 
1.463872168092836e+15 3.297552129536259e+35 1.739620287227941e+00 7.123389999999999e+38 
1.466957233158637e+15 3.309060254819345e+35 1.740835968115910e+00 7.135370000000001e+38 
1.470042298224438e+15 3.320568380102431e+35 1.742049606935838e+00 7.147339999999999e+38 
1.473130881038319e+15 3.332108121114318e+35 1.743264539338629e+00 7.159319999999999e+38 
1.476222981600280e+15 3.343679477855003e+35 1.744480760133628e+00 7.171290000000001e+38 
1.479315082162240e+15 3.355282450324489e+35 1.745698265601433e+00 7.183270000000000e+38 
1.482410700472280e+15 3.366885422793974e+35 1.746913739893795e+00 7.195250000000000e+38 
1.485509836530399e+15 3.378488395263460e+35 1.748127188235863e+00 7.207230000000000e+38 
1.488608972588518e+15 3.390122983461745e+35 1.749341918619267e+00 7.219209999999999e+38 
1.491711626394718e+15 3.401789187388830e+35 1.750557927367183e+00 7.231200000000000e+38 
1.494817797948996e+15 3.413487007044714e+35 1.751775209391961e+00 7.243180000000000e+38 
1.497923969503275e+15 3.425184826700599e+35 1.752990476324986e+00 7.255159999999999e+38 
1.501033658805633e+15 3.436882646356483e+35 1.754203734501157e+00 7.267150000000000e+38 
1.504146865856071e+15 3.448643697469968e+35 1.755421537355295e+00 7.279139999999999e+38 
1.507263590654589e+15 3.460404748583451e+35 1.756637332851921e+00 7.291120000000000e+38 
1.510380315453106e+15 3.472165799696936e+35 1.757851127274209e+00 7.303110000000001e+38 
1.513500557999703e+15 3.483958466539219e+35 1.759066184979599e+00 7.315100000000000e+38 
1.516620800546300e+15 3.495782749110303e+35 1.760282502301113e+00 7.327090000000000e+38 
1.519744560840977e+15 3.507638647410185e+35 1.761500075683268e+00 7.339079999999999e+38 
1.522871838883733e+15 3.519494545710069e+35 1.762715658507001e+00 7.351079999999999e+38 
1.526002634674569e+15 3.531350444009951e+35 1.763929255874943e+00 7.363070000000000e+38 
1.529133430465404e+15 3.543237958038634e+35 1.765144105588263e+00 7.375060000000000e+38 
1.532267744004320e+15 3.555157087796117e+35 1.766360204133858e+00 7.387059999999999e+38 
1.535405575291315e+15 3.567107833282398e+35 1.767577546629240e+00 7.399060000000000e+38 
1.538543406578310e+15 3.579058578768680e+35 1.768792913906630e+00 7.411049999999999e+38 
1.541684755613385e+15 3.591040939983762e+35 1.770009522757049e+00 7.423050000000001e+38 
1.544829622396539e+15 3.603023301198844e+35 1.771224163365789e+00 7.435049999999999e+38 
1.547978006927772e+15 3.615037278142726e+35 1.772440040613897e+00 7.447049999999999e+38 
1.551126391459006e+15 3.627082870815407e+35 1.773657151282860e+00 7.459060000000000e+38 
1.554278293738320e+15 3.639128463488087e+35 1.774872302064220e+00 7.471060000000001e+38 
1.557430196017633e+15 3.651205671889569e+35 1.776088683751476e+00 7.483059999999999e+38 
1.560585616045026e+15 3.663282880291050e+35 1.777303113598109e+00 7.495070000000000e+38 
1.563744553820498e+15 3.675391704421329e+35 1.778518770757741e+00 7.507070000000000e+38 
1.566907009344050e+15 3.687532144280409e+35 1.779735650798357e+00 7.519080000000001e+38 
1.570069464867603e+15 3.699672584139490e+35 1.780950586043225e+00 7.531090000000000e+38 
1.573235438139234e+15 3.711844639727370e+35 1.782166741670135e+00 7.543099999999999e+38 
1.576404929158946e+15 3.724048311044049e+35 1.783384113200161e+00 7.555110000000000e+38 
1.579574420178657e+15 3.736251982360729e+35 1.784599548096131e+00 7.567119999999999e+38 
1.582747428946448e+15 3.748487269406209e+35 1.785816196638057e+00 7.579129999999999e+38 
1.585923955462318e+15 3.760722556451688e+35 1.787030915255881e+00 7.591150000000000e+38 
1.589103999726268e+15 3.772989459225967e+35 1.788246842779802e+00 7.603160000000000e+38 
1.592284043990219e+15 3.785287977729045e+35 1.789463976131144e+00 7.615180000000001e+38 
1.595467606002248e+15 3.797586496232124e+35 1.790679187603589e+00 7.627190000000000e+38 
1.598651168014278e+15 3.809916630464002e+35 1.791895602305920e+00 7.639209999999999e+38 
1.601838247774387e+15 3.822278380424680e+35 1.793113217190800e+00 7.651230000000001e+38 
1.605028845282576e+15 3.834640130385358e+35 1.794328918375789e+00 7.663249999999999e+38 
1.608222960538845e+15 3.847001880346037e+35 1.795542710360727e+00 7.675269999999999e+38 
1.611417075795113e+15 3.859426861764313e+35 1.796760798787978e+00 7.687290000000000e+38 
1.614614708799461e+15 3.871851843182592e+35 1.797976981720102e+00 7.699310000000000e+38 
1.617815859551889e+15 3.884276824600869e+35 1.799191263327290e+00 7.711339999999999e+38 
1.621017010304316e+15 3.896765037476746e+35 1.800409820380221e+00 7.723360000000001e+38 
1.624221678804823e+15 3.909221634623823e+35 1.801623399239955e+00 7.735389999999999e+38 
1.627429865053410e+15 3.921741463228499e+35 1.802841240377933e+00 7.747420000000000e+38 
1.630641569050077e+15 3.934261291833175e+35 1.804057188910620e+00 7.759450000000001e+38 
1.633853273046743e+15 3.946812736166652e+35 1.805274316649246e+00 7.771480000000000e+38 
1.637068494791489e+15 3.959364180500128e+35 1.806489559116283e+00 7.783510000000000e+38 
1.640283716536235e+15 3.971947240562403e+35 1.807705978598177e+00 7.795539999999999e+38 
1.643505973777140e+15 3.984561916353479e+35 1.808923570978775e+00 7.807570000000000e+38 
1.646728231018045e+15 3.997176592144555e+35 1.810139284582280e+00 7.819600000000000e+38 
1.649950488258951e+15 4.009822883664429e+35 1.811356169004846e+00 7.831639999999999e+38 
1.653179780996015e+15 4.022469175184305e+35 1.812571182161746e+00 7.843670000000001e+38 
1.656409073733079e+15 4.035147082432980e+35 1.813787361604091e+00 7.855710000000000e+38 
1.659641884218223e+15 4.047856605410454e+35 1.815004704462936e+00 7.867749999999999e+38 
1.662874694703367e+15 4.060566128387929e+35 1.816220183637843e+00 7.879789999999999e+38 
1.666111022936591e+15 4.073307267094203e+35 1.817436823910874e+00 7.891830000000000e+38 
1.669350868917894e+15 4.086080021529277e+35 1.818654621262248e+00 7.903870000000000e+38 
1.672594232647276e+15 4.098852775964351e+35 1.819870561362891e+00 7.915910000000000e+38 
1.675837596376660e+15 4.111657146128224e+35 1.821087655355140e+00 7.927959999999998e+38 
1.679084477854122e+15 4.124461516292099e+35 1.822302899446450e+00 7.940000000000000e+38 
1.682334877079664e+15 4.137297502184771e+35 1.823519294175335e+00 7.952050000000000e+38 
1.685585276305206e+15 4.150165103806244e+35 1.824736836747175e+00 7.964100000000000e+38 
1.688839193278827e+15 4.163032705427718e+35 1.825952536837040e+00 7.976140000000000e+38 
1.692096628000528e+15 4.175931922777991e+35 1.827169381631008e+00 7.988190000000000e+38 
1.695357580470308e+15 4.188831140128263e+35 1.828384388871495e+00 8.000240000000000e+38 
1.698618532940090e+15 4.201761973207335e+35 1.829600537693577e+00 8.012289999999999e+38 
1.701883003157949e+15 4.214724422015208e+35 1.830817825077677e+00 8.024350000000000e+38 
1.705147473375810e+15 4.227718486551879e+35 1.832036248099866e+00 8.036400000000001e+38 
1.708418979089829e+15 4.240712551088552e+35 1.833252842435327e+00 8.048460000000000e+38 
1.711690484803849e+15 4.253706615625223e+35 1.834467612279337e+00 8.060510000000000e+38 
1.714961990517868e+15 4.266732295890695e+35 1.835683515848016e+00 8.072570000000000e+38 
1.718240531728047e+15 4.279789591884966e+35 1.836900549026647e+00 8.084630000000000e+38 
1.721519072938226e+15 4.292878503608036e+35 1.838118707797779e+00 8.096689999999999e+38 
1.724801131896484e+15 4.305967415331107e+35 1.839335050907253e+00 8.108749999999999e+38 
1.728083190854742e+15 4.319087942782978e+35 1.840552517640489e+00 8.120810000000000e+38 
1.731368767561080e+15 4.332208470234848e+35 1.841768175671367e+00 8.132869999999999e+38 
1.734657862015497e+15 4.345360613415518e+35 1.842984954495152e+00 8.144940000000000e+38 
1.737950474217994e+15 4.358512756596189e+35 1.844199929178515e+00 8.156999999999999e+38 
1.741243086420491e+15 4.371728131234458e+35 1.845418938306533e+00 8.169070000000001e+38 
1.744539216371068e+15 4.384911890143927e+35 1.846633234142796e+00 8.181130000000000e+38 
1.747838864069724e+15 4.398158880510998e+35 1.847851552651589e+00 8.193200000000001e+38 
1.751142029516460e+15 4.411405870878067e+35 1.849068074731646e+00 8.205270000000000e+38 
1.754445194963195e+15 4.424684476973936e+35 1.850285704917456e+00 8.217340000000000e+38 
1.757751878158011e+15 4.437963083069805e+35 1.851501545319110e+00 8.229410000000001e+38 
1.761058561352826e+15 4.451273304894473e+35 1.852718492100859e+00 8.241490000000001e+38 
1.764372280043800e+15 4.464583526719142e+35 1.853933654669470e+00 8.253559999999999e+38 
1.767685998734775e+15 4.477956980001410e+35 1.855152802010138e+00 8.265640000000000e+38 
1.770999717425750e+15 4.491298817554879e+35 1.856367289982384e+00 8.277710000000000e+38 
1.774320471612884e+15 4.504703886565946e+35 1.857585752332171e+00 8.289790000000001e+38 
1.777641225800017e+15 4.518108955577013e+35 1.858802437940497e+00 8.301870000000000e+38 
1.780965497735230e+15 4.531545640316881e+35 1.860020217470918e+00 8.313949999999999e+38 
1.784289769670444e+15 4.544982325056748e+35 1.861236226844263e+00 8.326030000000000e+38 
1.787621077101816e+15 4.558450625525415e+35 1.862453327454267e+00 8.338120000000000e+38 
1.790952384533188e+15 4.571918925994083e+35 1.863668662368699e+00 8.350199999999999e+38 
1.794283691964561e+15 4.585418842191550e+35 1.864885086757157e+00 8.362279999999999e+38 
1.797622034892093e+15 4.598950374117816e+35 1.866102596778716e+00 8.374369999999999e+38 
1.800960377819624e+15 4.612513521772882e+35 1.867321188684098e+00 8.386460000000001e+38 
1.804302238495236e+15 4.626076669427949e+35 1.868538023207141e+00 8.398550000000001e+38 
1.807644099170847e+15 4.639639817083015e+35 1.869753105194505e+00 8.410630000000000e+38 
1.810992995342618e+15 4.653266196195679e+35 1.870972095911131e+00 8.422730000000001e+38 
1.814338373766308e+15 4.666860959579546e+35 1.872186511587094e+00 8.434820000000000e+38 
1.817690787686158e+15 4.680518954421011e+35 1.873404826062944e+00 8.446909999999998e+38 
1.821046719354088e+15 4.694176949262476e+35 1.874621394326150e+00 8.459010000000000e+38 
1.824402651022018e+15 4.707866559832741e+35 1.875839033675817e+00 8.471100000000000e+38 
1.827762100438027e+15 4.721556170403005e+35 1.877054933187502e+00 8.483199999999999e+38 
1.831121549854036e+15 4.735277396702071e+35 1.878271901950387e+00 8.495300000000000e+38 
1.834484517018125e+15 4.749030238729935e+35 1.879489937542876e+00 8.507390000000000e+38 
1.837851001930294e+15 4.762783080757799e+35 1.880706239901500e+00 8.519499999999999e+38 
1.841221004590541e+15 4.776567538514463e+35 1.881923605146546e+00 8.531599999999999e+38 
1.844591007250789e+15 4.790383611999926e+35 1.883142030882065e+00 8.543700000000000e+38 
1.847964527659117e+15 4.804199685485391e+35 1.884358730184905e+00 8.555800000000001e+38 
1.851341565815524e+15 4.818015758970854e+35 1.885573706691829e+00 8.567910000000000e+38 
1.854722121720010e+15 4.831895063913917e+35 1.886792517515434e+00 8.580020000000000e+38 
1.858102677624497e+15 4.845774368856980e+35 1.888009607614235e+00 8.592120000000000e+38 
1.861486751277064e+15 4.859653673800043e+35 1.889224981478270e+00 8.604230000000000e+38 
1.864874342677710e+15 4.873596210200706e+35 1.890444172814615e+00 8.616340000000001e+38 
1.868261934078356e+15 4.887507130872569e+35 1.891658888857608e+00 8.628450000000000e+38 
1.871653043227081e+15 4.901481283002030e+35 1.892877412824831e+00 8.640569999999999e+38 
1.875047670123886e+15 4.915455435131493e+35 1.894094227662548e+00 8.652680000000001e+38 
1.878445814768771e+15 4.929461202989755e+35 1.895312086370631e+00 8.664799999999999e+38 
1.881843959413656e+15 4.943466970848016e+35 1.896528241043762e+00 8.676910000000000e+38 
1.885245621806620e+15 4.957504354435077e+35 1.897745438003390e+00 8.689030000000000e+38 
1.888650801947664e+15 4.971573353750938e+35 1.898963673846408e+00 8.701149999999999e+38 
1.892055982088708e+15 4.985642353066800e+35 1.900180212009119e+00 8.713269999999999e+38 
1.895464679977832e+15 4.999742968111461e+35 1.901397787489209e+00 8.725389999999999e+38 
1.898876895615034e+15 5.013843583156121e+35 1.902613670473602e+00 8.737510000000000e+38 
1.902292629000317e+15 5.027975813929582e+35 1.903830587179657e+00 8.749639999999999e+38 
1.905708362385600e+15 5.042139660431842e+35 1.905048535337283e+00 8.761759999999999e+38 
1.909127613518962e+15 5.056303506934103e+35 1.906264797345644e+00 8.773890000000000e+38 
1.912550382400404e+15 5.070498969165163e+35 1.907482088098174e+00 8.786020000000000e+38 
1.915976669029926e+15 5.084726047125021e+35 1.908700404337937e+00 8.798140000000000e+38 
1.919402955659447e+15 5.098953125084882e+35 1.909917039726512e+00 8.810269999999999e+38 
1.922832760037048e+15 5.113211818773541e+35 1.911134699013269e+00 8.822410000000001e+38 
1.926262564414649e+15 5.127470512462200e+35 1.912350683464503e+00 8.834540000000000e+38 
1.929699404288409e+15 5.141760821879659e+35 1.913567689299000e+00 8.846669999999999e+38 
1.933136244162169e+15 5.156082747025918e+35 1.914785713300859e+00 8.858810000000000e+38 
1.936576601784009e+15 5.170404672172176e+35 1.916002067695395e+00 8.870940000000000e+38 
1.940016959405849e+15 5.184758213047235e+35 1.917219438610858e+00 8.883080000000000e+38 
1.943464352523848e+15 5.199143369651093e+35 1.918437822859662e+00 8.895220000000000e+38 
1.946911745641847e+15 5.213528526254951e+35 1.919654542627306e+00 8.907360000000000e+38 
1.950359138759846e+15 5.227945298587609e+35 1.920872274251895e+00 8.919500000000000e+38 
1.953813567374004e+15 5.242362070920266e+35 1.922088347372039e+00 8.931650000000000e+38 
1.957267995988162e+15 5.256810458981724e+35 1.923305428837142e+00 8.943790000000000e+38 
1.960725942350400e+15 5.271290462771981e+35 1.924523516554358e+00 8.955940000000000e+38 
1.964187406460718e+15 5.285770466562238e+35 1.925739950897000e+00 8.968080000000000e+38 
1.967648870571035e+15 5.300282086081295e+35 1.926957388841206e+00 8.980230000000001e+38 
1.971113852429432e+15 5.314825321329151e+35 1.928175828243749e+00 8.992380000000000e+38 
1.974582352035908e+15 5.329368556577008e+35 1.929392620277734e+00 9.004529999999999e+38 
1.978050851642385e+15 5.343943407553664e+35 1.930610411361589e+00 9.016680000000000e+38 
1.981526386745020e+15 5.358518258530320e+35 1.931826559890292e+00 9.028840000000000e+38 
1.985001921847656e+15 5.373156340964576e+35 1.933046338842451e+00 9.040990000000000e+38 
1.988477456950292e+15 5.387762807670032e+35 1.934261846707017e+00 9.053150000000000e+38 
1.991960027549087e+15 5.402432505833087e+35 1.935480976499642e+00 9.065299999999999e+38 
1.995442598147882e+15 5.417070588267342e+35 1.936695846082644e+00 9.077460000000001e+38 
1.998928686494756e+15 5.431771902159197e+35 1.937914328242196e+00 9.089620000000000e+38 
2.002418292589710e+15 5.446473216051052e+35 1.939131179075039e+00 9.101780000000000e+38 
2.005907898684664e+15 5.461206145671708e+35 1.940349016451050e+00 9.113950000000000e+38 
2.009401022527698e+15 5.475939075292361e+35 1.941565227965160e+00 9.126110000000000e+38 
2.012897664118811e+15 5.490735236370615e+35 1.942785030388347e+00 9.138269999999999e+38 
2.016397823458004e+15 5.505499781720069e+35 1.944000604499305e+00 9.150440000000000e+38 
2.019897982797197e+15 5.520327558527123e+35 1.945219760253840e+00 9.162609999999999e+38 
2.023401659884469e+15 5.535123719605377e+35 1.946434700327595e+00 9.174780000000000e+38 
2.026908854719821e+15 5.549983112141231e+35 1.947653212758243e+00 9.186950000000001e+38 
2.030416049555173e+15 5.564842504677084e+35 1.948870110342600e+00 9.199119999999999e+38 
2.033926762138605e+15 5.579733512941737e+35 1.950087983052966e+00 9.211289999999999e+38 
2.037440992470116e+15 5.594656136935191e+35 1.951306827921303e+00 9.223470000000001e+38 
2.040958740549707e+15 5.609578760928643e+35 1.952524062886547e+00 9.235639999999999e+38 
2.044480006377377e+15 5.624501384922096e+35 1.953739691100504e+00 9.247820000000000e+38 
2.048001272205048e+15 5.639487240373148e+35 1.954958861524790e+00 9.260000000000000e+38 
2.051526055780798e+15 5.654473095824199e+35 1.956176427907293e+00 9.272180000000000e+38 
2.055050839356548e+15 5.669458951275252e+35 1.957392394304824e+00 9.284359999999999e+38 
2.058582658428457e+15 5.684476422455103e+35 1.958609326214672e+00 9.296540000000000e+38 
2.062114477500366e+15 5.699525509363755e+35 1.959827220579538e+00 9.308730000000000e+38 
2.065649814320355e+15 5.714606212001206e+35 1.961046075281244e+00 9.320910000000000e+38 
2.069185151140344e+15 5.729686914638657e+35 1.962263336161001e+00 9.333100000000000e+38 
2.072727523456491e+15 5.744767617276109e+35 1.963479006307726e+00 9.345290000000000e+38 
2.076269895772640e+15 5.759911551371159e+35 1.964698179986691e+00 9.357480000000000e+38 
2.079815785836867e+15 5.775055485466209e+35 1.965915764742492e+00 9.369669999999999e+38 
2.083361675901094e+15 5.790199419561258e+35 1.967131764492876e+00 9.381859999999999e+38 
2.086911083713402e+15 5.805374969385110e+35 1.968348718940424e+00 9.394060000000000e+38 
2.090464009273788e+15 5.820582134937760e+35 1.969566625089465e+00 9.406250000000000e+38 
2.094020452582254e+15 5.835820916219210e+35 1.970785480020543e+00 9.418450000000000e+38 
2.097580413638800e+15 5.851059697500659e+35 1.972002755157237e+00 9.430640000000000e+38 
2.101140374695346e+15 5.866298478782109e+35 1.973218454439674e+00 9.442840000000001e+38 
2.104703853499972e+15 5.881600491521158e+35 1.974437620347141e+00 9.455040000000000e+38 
2.108270850052677e+15 5.896902504260206e+35 1.975655212117830e+00 9.467250000000000e+38 
2.111837846605382e+15 5.912204516999257e+35 1.976871233528481e+00 9.479449999999999e+38 
2.115408360906166e+15 5.927569761195905e+35 1.978090707696351e+00 9.491650000000000e+38 
2.118982392955031e+15 5.942903389663753e+35 1.979306107029025e+00 9.503859999999998e+38 
2.122559942751974e+15 5.958300249589202e+35 1.980524949493529e+00 9.516069999999998e+38 
2.126137492548918e+15 5.973697109514649e+35 1.981742227687134e+00 9.528279999999998e+38 
2.129718560093942e+15 5.989125585168896e+35 1.982960442082949e+00 9.540490000000002e+38 
2.133303145387045e+15 6.004554060823145e+35 1.984177096502241e+00 9.552699999999999e+38 
2.136891248428228e+15 6.020014152206192e+35 1.985394684121131e+00 9.564909999999999e+38 
2.140479351469410e+15 6.035505859318039e+35 1.986613203138442e+00 9.577129999999999e+38 
2.144074490006752e+15 6.050997566429887e+35 1.987830166749797e+00 9.589340000000000e+38 
2.147666110796014e+15 6.066520889270534e+35 1.989048059606454e+00 9.601560000000000e+38 
2.151264767081435e+15 6.082044212111181e+35 1.990264402321949e+00 9.613779999999998e+38 
2.154863423366857e+15 6.097599150680626e+35 1.991481672201686e+00 9.625999999999999e+38 
2.158469115148438e+15 6.113185704978873e+35 1.992699866524653e+00 9.638220000000000e+38 
2.162071289181938e+15 6.128772259277118e+35 1.993916515219052e+00 9.650440000000001e+38 
2.165680498711599e+15 6.144390429304165e+35 1.995134087044868e+00 9.662670000000000e+38 
2.169289708241259e+15 6.160040215060011e+35 1.996352579237429e+00 9.674890000000001e+38 
2.172902435518998e+15 6.175690000815856e+35 1.997569531166525e+00 9.687119999999999e+38 
2.176518680544818e+15 6.191371402300501e+35 1.998787401354201e+00 9.699349999999998e+38 
2.180138443318717e+15 6.207084419513946e+35 2.000006187121254e+00 9.711580000000000e+38 
2.183758206092616e+15 6.222797436727392e+35 2.001223437087502e+00 9.723809999999999e+38 
2.187381486614594e+15 6.238542069669635e+35 2.002441601481730e+00 9.736050000000001e+38 
2.191008284884652e+15 6.254286702611880e+35 2.003658234350645e+00 9.748280000000000e+38 
2.194638600902790e+15 6.270062951282924e+35 2.004875778766550e+00 9.760520000000000e+38 
2.198268916920928e+15 6.285870815682768e+35 2.006094232946763e+00 9.772750000000000e+38 
2.201902750687145e+15 6.301678680082612e+35 2.007311160878579e+00 9.784990000000000e+38 
2.205540102201442e+15 6.317518160211256e+35 2.008528996578950e+00 9.797229999999999e+38 
2.209180971463819e+15 6.333357640339900e+35 2.009745309397862e+00 9.809469999999999e+38 
2.212821840726195e+15 6.349228736197341e+35 2.010962527997777e+00 9.821719999999999e+38 
2.216466227736651e+15 6.365131447783587e+35 2.012180650492983e+00 9.833959999999999e+38 
2.220114132495187e+15 6.381065775098629e+35 2.013399674089280e+00 9.846210000000001e+38 
2.223762037253722e+15 6.397000102413671e+35 2.014617181163563e+00 9.858459999999999e+38 
2.227416977508418e+15 6.412934429728715e+35 2.015833174507566e+00 9.870700000000001e+38 
2.231071917763112e+15 6.428931988501357e+35 2.017052476903708e+00 9.882960000000000e+38 
2.234730375765886e+15 6.444929547273999e+35 2.018270267239310e+00 9.895210000000000e+38 
2.238388833768661e+15 6.460927106046641e+35 2.019486549071956e+00 9.907459999999999e+38 
2.242050809519515e+15 6.476956280548081e+35 2.020703727184252e+00 9.919720000000000e+38 
2.245719820766528e+15 6.493017070778325e+35 2.021921797983233e+00 9.931970000000001e+38 
2.249385314265462e+15 6.509109476737364e+35 2.023140759691938e+00 9.944229999999999e+38 
2.253057843260555e+15 6.525201882696407e+35 2.024358218495285e+00 9.956489999999999e+38 
2.256730372255648e+15 6.541294288655449e+35 2.025574177071521e+00 9.968750000000000e+38 
2.260406418998820e+15 6.557449926072088e+35 2.026793411615351e+00 9.981009999999999e+38 
2.264085983490072e+15 6.573605563488728e+35 2.028011147637001e+00 9.993280000000000e+38 
2.267769065729404e+15 6.589761200905370e+35 2.029227387859724e+00 1.000550000000000e+39 
2.271452147968734e+15 6.605948454050808e+35 2.030444513393123e+00 1.001780000000000e+39 
2.275138747956146e+15 6.622167322925049e+35 2.031662522431463e+00 1.003010000000000e+39 
2.278828865691637e+15 6.638417807528089e+35 2.032881412345882e+00 1.004230000000000e+39 
2.282522501175207e+15 6.654668292131130e+35 2.034098811915010e+00 1.005460000000000e+39 
2.286216136658778e+15 6.670918776734169e+35 2.035314724716988e+00 1.006690000000000e+39 
2.289916807638507e+15 6.687232492794807e+35 2.036533879382998e+00 1.007920000000000e+39 
2.293613960870157e+15 6.703546208855446e+35 2.037751548844629e+00 1.009140000000000e+39 
2.297318149597966e+15 6.719859924916086e+35 2.038967736538172e+00 1.010370000000000e+39 
2.301025856073854e+15 6.736236872434324e+35 2.040187153017792e+00 1.011600000000000e+39 
2.304733562549744e+15 6.752613819952561e+35 2.041405088523475e+00 1.012830000000000e+39 
2.308444786773712e+15 6.768990767470801e+35 2.042621546473220e+00 1.014060000000000e+39 
2.312156010997680e+15 6.785399330717840e+35 2.043838876214265e+00 1.015280000000000e+39 
2.315874270717808e+15 6.801839509693677e+35 2.045057075297639e+00 1.016510000000000e+39 
2.319592530437935e+15 6.818279688669515e+35 2.046273801070021e+00 1.017740000000000e+39 
2.323314307906142e+15 6.834751483374152e+35 2.047491394299670e+00 1.018970000000000e+39 
2.327039603122429e+15 6.851254893807590e+35 2.048709852498002e+00 1.020200000000000e+39 
2.330764898338716e+15 6.867758304241026e+35 2.049926842359709e+00 1.021430000000000e+39 
2.334497229051162e+15 6.884293330403263e+35 2.051144695324800e+00 1.022660000000000e+39 
2.338229559763607e+15 6.900859972294300e+35 2.052363408923243e+00 1.023890000000000e+39 
2.341961890476053e+15 6.917426614185336e+35 2.053580659073479e+00 1.025120000000000e+39 
2.345701256684658e+15 6.934024871805173e+35 2.054798768872352e+00 1.026350000000000e+39 
2.349440622893262e+15 6.950623129425008e+35 2.056015418264951e+00 1.027580000000000e+39 
2.353183506849948e+15 6.967253002773646e+35 2.057232925577914e+00 1.028810000000000e+39 
2.356929908554712e+15 6.983914491851080e+35 2.058451288426042e+00 1.030040000000000e+39 
2.360679828007556e+15 7.000575980928515e+35 2.059668194966751e+00 1.031270000000000e+39 
2.364429747460399e+15 7.017269085734752e+35 2.060885955160144e+00 1.032500000000000e+39 
2.368183184661322e+15 7.033993806269785e+35 2.062104567434061e+00 1.033730000000000e+39 
2.371940139610326e+15 7.050718526804821e+35 2.063321728214898e+00 1.034960000000000e+39 
2.375700612307408e+15 7.067474863068656e+35 2.064539738531457e+00 1.036190000000000e+39 
2.379461085004491e+15 7.084231199332489e+35 2.065756301082685e+00 1.037420000000000e+39 
2.383225075449653e+15 7.101050767053922e+35 2.066976005117838e+00 1.038650000000000e+39 
2.386992583642895e+15 7.117838719046558e+35 2.068191972646797e+00 1.039880000000000e+39 
2.390763609584216e+15 7.134689902496793e+35 2.069411073588093e+00 1.041110000000000e+39 
2.394534635525538e+15 7.151541085947026e+35 2.070628732077443e+00 1.042350000000000e+39 
2.398312696963018e+15 7.168392269397260e+35 2.071844950525322e+00 1.043580000000000e+39 
2.402090758400498e+15 7.185306684305092e+35 2.073064290343552e+00 1.044810000000000e+39 
2.405868819837979e+15 7.202189483484126e+35 2.074279915768156e+00 1.046040000000000e+39 
2.409653916771619e+15 7.219135514120759e+35 2.075498656144520e+00 1.047270000000000e+39 
2.413439013705258e+15 7.236081544757390e+35 2.076715961630007e+00 1.048510000000000e+39 
2.417227628386978e+15 7.253059191122824e+35 2.077934104194977e+00 1.049740000000000e+39 
2.421019760816776e+15 7.270036837488256e+35 2.079150815571390e+00 1.050970000000000e+39 
2.424815410994655e+15 7.287046099582490e+35 2.080368361560876e+00 1.052210000000000e+39 
2.428611061172534e+15 7.304086977405521e+35 2.081586740656545e+00 1.053440000000000e+39 
2.432410229098492e+15 7.321127855228550e+35 2.082803693229601e+00 1.054670000000000e+39 
2.436212914772530e+15 7.338200348780384e+35 2.084021477121731e+00 1.055910000000000e+39 
2.440019118194646e+15 7.355304458061015e+35 2.085240090124676e+00 1.057140000000000e+39 
2.443828839364844e+15 7.372408567341646e+35 2.086457279765813e+00 1.058370000000000e+39 
2.447638560535040e+15 7.389544292351077e+35 2.087675296748122e+00 1.059610000000000e+39 
2.451451799453317e+15 7.406711633089308e+35 2.088894139589843e+00 1.060840000000000e+39 
2.455268556119672e+15 7.423878973827538e+35 2.090111563745702e+00 1.062080000000000e+39 
2.459085312786028e+15 7.441046314565768e+35 2.091327572414965e+00 1.063310000000000e+39 
2.462905587200464e+15 7.458276886761598e+35 2.092546643034596e+00 1.064540000000000e+39 
2.466732897111059e+15 7.475507458957428e+35 2.093764298910050e+00 1.065780000000000e+39 
2.470556689273574e+15 7.492738031153258e+35 2.094980543168297e+00 1.067010000000000e+39 
2.474387516932249e+15 7.510031834806688e+35 2.096199837687768e+00 1.068250000000000e+39 
2.478221862339003e+15 7.527325638460117e+35 2.097417721332038e+00 1.069480000000000e+39 
2.482056207745757e+15 7.544619442113549e+35 2.098634197319441e+00 1.070720000000000e+39 
2.485894070900590e+15 7.561944861495776e+35 2.099851490408713e+00 1.071950000000000e+39 
2.489731934055424e+15 7.579301896606806e+35 2.101069599046718e+00 1.073190000000000e+39 
2.493576832706416e+15 7.596690547446633e+35 2.102288520936602e+00 1.074430000000000e+39 
2.497421731357409e+15 7.614079198286461e+35 2.103506040010739e+00 1.075660000000000e+39 
2.501270147756482e+15 7.631467849126288e+35 2.104722159454016e+00 1.076900000000000e+39 
2.505122081903634e+15 7.648919731423717e+35 2.105941299343533e+00 1.078130000000000e+39 
2.508977533798865e+15 7.666371613721146e+35 2.107159040333986e+00 1.079370000000000e+39 
2.512832985694096e+15 7.683823496018573e+35 2.108375385433326e+00 1.080610000000000e+39 
2.516691955337408e+15 7.701338609773600e+35 2.109594740377662e+00 1.081840000000000e+39 
2.520554442728798e+15 7.718822107799828e+35 2.110810502208103e+00 1.083080000000000e+39 
2.524420447868268e+15 7.736368837283655e+35 2.112029266481269e+00 1.084320000000000e+39 
2.528289970755818e+15 7.753915566767480e+35 2.113246639106621e+00 1.085560000000000e+39 
2.532159493643368e+15 7.771493911980107e+35 2.114464814337822e+00 1.086790000000000e+39 
2.536032534278998e+15 7.789072257192734e+35 2.115681602101227e+00 1.088030000000000e+39 
2.539909092662707e+15 7.806682218134160e+35 2.116899190861232e+00 1.089270000000000e+39 
2.543785651046416e+15 7.824323794804387e+35 2.118117579276451e+00 1.090510000000000e+39 
2.547669244926284e+15 7.841965371474612e+35 2.119334583905478e+00 1.091740000000000e+39 
2.551552838806152e+15 7.859638563873638e+35 2.120552385810854e+00 1.092980000000000e+39 
2.555439950434100e+15 7.877343372001463e+35 2.121770983663348e+00 1.094220000000000e+39 
2.559330579810128e+15 7.895048180129287e+35 2.122988201394646e+00 1.095460000000000e+39 
2.563221209186155e+15 7.912784603985913e+35 2.124206213490201e+00 1.096700000000000e+39 
2.567115356310262e+15 7.930521027842539e+35 2.125422849734395e+00 1.097940000000000e+39 
2.571016538930528e+15 7.948289067427962e+35 2.126640278093602e+00 1.099180000000000e+39 
2.574914203802715e+15 7.966088722742187e+35 2.127858497152790e+00 1.100420000000000e+39 
2.578818904171061e+15 7.983919993785212e+35 2.129077505450689e+00 1.101660000000000e+39 
2.582723604539406e+15 8.001751264828236e+35 2.130295141777952e+00 1.102900000000000e+39 
2.586635340403912e+15 8.019582535871260e+35 2.131511408468127e+00 1.104130000000000e+39 
2.590547076268416e+15 8.037477038371883e+35 2.132730616504945e+00 1.105370000000000e+39 
2.594458812132921e+15 8.055339925143706e+35 2.133946305188996e+00 1.106610000000000e+39 
2.598377583493586e+15 8.073266043373130e+35 2.135164929506979e+00 1.107850000000000e+39 
2.602296354854250e+15 8.091192161602552e+35 2.136382188953267e+00 1.109100000000000e+39 
2.606222161711073e+15 8.109149895560776e+35 2.137600230325190e+00 1.110340000000000e+39 
2.610144450819816e+15 8.127139245247798e+35 2.138819052290310e+00 1.111580000000000e+39 
2.614073775424720e+15 8.145128594934820e+35 2.140036513722810e+00 1.112820000000000e+39 
2.618006617777702e+15 8.163117944621843e+35 2.141252616105129e+00 1.114060000000000e+39 
2.621939460130684e+15 8.181170525766465e+35 2.142471632691989e+00 1.115300000000000e+39 
2.625875820231747e+15 8.199223106911088e+35 2.143689292400881e+00 1.116540000000000e+39 
2.629815698080888e+15 8.217275688055708e+35 2.144905597313184e+00 1.117780000000000e+39 
2.633755575930030e+15 8.235391500657929e+35 2.146124806430156e+00 1.119020000000000e+39 
2.637702489275331e+15 8.253507313260152e+35 2.147342662207892e+00 1.120270000000000e+39 
2.641649402620632e+15 8.271623125862371e+35 2.148559166864042e+00 1.121510000000000e+39 
2.645599833714012e+15 8.289770554193394e+35 2.149776444349283e+00 1.122750000000000e+39 
2.649553782555472e+15 8.307949598253212e+35 2.150994492513978e+00 1.123990000000000e+39 
2.653507731396932e+15 8.326160258041835e+35 2.152213310014329e+00 1.125240000000000e+39 
2.657468715734552e+15 8.344370917830455e+35 2.153430781002283e+00 1.126480000000000e+39 
2.661429700072171e+15 8.362581577619075e+35 2.154646907673908e+00 1.127720000000000e+39 
2.665394202157870e+15 8.380855468865296e+35 2.155865911456130e+00 1.128960000000000e+39 
2.669362221991648e+15 8.399129360111512e+35 2.157083572313465e+00 1.130210000000000e+39 
2.673330241825426e+15 8.417403251357733e+35 2.158299893026907e+00 1.131450000000000e+39 
2.677301779407284e+15 8.435740374061553e+35 2.159519081092365e+00 1.132690000000000e+39 
2.681280352485302e+15 8.454077496765373e+35 2.160736929707026e+00 1.133940000000000e+39 
2.685255407815240e+15 8.472414619469189e+35 2.161953441781875e+00 1.135180000000000e+39 
2.689237498641336e+15 8.490783357901809e+35 2.163170715643371e+00 1.136430000000000e+39 
2.693223107215512e+15 8.509183712063228e+35 2.164388748505145e+00 1.137670000000000e+39 
2.697208715789689e+15 8.527615681953447e+35 2.165607539061124e+00 1.138920000000000e+39 
2.701197842111945e+15 8.546047651843664e+35 2.166824997601003e+00 1.140160000000000e+39 
2.705190486182280e+15 8.564479621733883e+35 2.168041126226054e+00 1.141400000000000e+39 
2.709183130252616e+15 8.582974823081701e+35 2.169260095702245e+00 1.142650000000000e+39 
2.713182809819111e+15 8.601470024429515e+35 2.170477736680693e+00 1.143890000000000e+39 
2.717182489385606e+15 8.619965225777335e+35 2.171694051204708e+00 1.145140000000000e+39 
2.721185686700180e+15 8.638523658582751e+35 2.172913196423161e+00 1.146390000000000e+39 
2.725192401762834e+15 8.657082091388170e+35 2.174131016551824e+00 1.147630000000000e+39 
2.729199116825488e+15 8.675640524193586e+35 2.175347514442837e+00 1.148880000000000e+39 
2.733212867384301e+15 8.694230572727802e+35 2.176564762647699e+00 1.150120000000000e+39 
2.737226617943114e+15 8.712852236990819e+35 2.177782759166100e+00 1.151370000000000e+39 
2.741243886250006e+15 8.731505516982634e+35 2.179001502726985e+00 1.152620000000000e+39 
2.745264672304979e+15 8.750158796974448e+35 2.180218927768956e+00 1.153860000000000e+39 
2.749285458359951e+15 8.768812076966264e+35 2.181435037117979e+00 1.155110000000000e+39 
2.753313279911083e+15 8.787528588415680e+35 2.182653951290516e+00 1.156360000000000e+39 
2.757341101462214e+15 8.806245099865097e+35 2.183871550354561e+00 1.157600000000000e+39 
2.761372440761426e+15 8.824993227043310e+35 2.185089891845521e+00 1.158850000000000e+39 
2.765407297808716e+15 8.843741354221526e+35 2.186306921330115e+00 1.160100000000000e+39 
2.769442154856006e+15 8.862521097128541e+35 2.187524692002468e+00 1.161340000000000e+39 
2.773484047399456e+15 8.881300840035557e+35 2.188741153804208e+00 1.162590000000000e+39 
2.777525939942906e+15 8.900143814400170e+35 2.189960400702525e+00 1.163840000000000e+39 
2.781571350234436e+15 8.918955173035984e+35 2.191176296319292e+00 1.165090000000000e+39 
2.785620278274044e+15 8.937829763129398e+35 2.192394971236590e+00 1.166340000000000e+39 
2.789669206313654e+15 8.956704353222812e+35 2.193612341645632e+00 1.167580000000000e+39 
2.793725169849422e+15 8.975610559045025e+35 2.194830446756528e+00 1.168830000000000e+39 
2.797781133385190e+15 8.994516764867238e+35 2.196047249756488e+00 1.170080000000000e+39 
2.801840614669038e+15 9.013454586418252e+35 2.197264786155008e+00 1.171330000000000e+39 
2.805900095952886e+15 9.032424023698064e+35 2.198483054772008e+00 1.172580000000000e+39 
2.809966612732892e+15 9.051393460977878e+35 2.199700025222277e+00 1.173830000000000e+39 
2.814033129512900e+15 9.070394513986490e+35 2.200917725899109e+00 1.175080000000000e+39 
2.818106681789066e+15 9.089427182723901e+35 2.202136155026033e+00 1.176330000000000e+39 
2.822180234065232e+15 9.108459851461316e+35 2.203353288651794e+00 1.177580000000000e+39 
2.826253786341398e+15 9.127524135927525e+35 2.204571150098193e+00 1.178830000000000e+39 
2.830334374113724e+15 9.146588420393738e+35 2.205787719710770e+00 1.180080000000000e+39 
2.834414961886048e+15 9.165715936317549e+35 2.207007030738076e+00 1.181330000000000e+39 
2.838499067406454e+15 9.184811836512560e+35 2.208223037766802e+00 1.182580000000000e+39 
2.842586690674938e+15 9.203970968165173e+35 2.209441780632241e+00 1.183830000000000e+39 
2.846677831691502e+15 9.223130099817782e+35 2.210659235329020e+00 1.185080000000000e+39 
2.850772490456146e+15 9.242320847199192e+35 2.211877410925038e+00 1.186330000000000e+39 
2.854867149220790e+15 9.261511594580604e+35 2.213094301338919e+00 1.187580000000000e+39 
2.858965325733513e+15 9.280733957690816e+35 2.214311912041532e+00 1.188830000000000e+39 
2.863067019994316e+15 9.299987936529823e+35 2.215530241250740e+00 1.190090000000000e+39 
2.867172232003198e+15 9.319241915368833e+35 2.216747288537264e+00 1.191340000000000e+39 
2.871280961760160e+15 9.338527509936643e+35 2.217965052491223e+00 1.192590000000000e+39 
2.875389691517122e+15 9.357813104504453e+35 2.219181537615117e+00 1.193840000000000e+39 
2.879505456770244e+15 9.377130314801062e+35 2.220398738213240e+00 1.195090000000000e+39 
2.883621222023365e+15 9.396479140826474e+35 2.221616652389549e+00 1.196350000000000e+39 
2.887736987276486e+15 9.415859582580681e+35 2.222835279617034e+00 1.197600000000000e+39 
2.891859788025766e+15 9.435240024334889e+35 2.224052631989974e+00 1.198850000000000e+39 
2.895986106523126e+15 9.454652081817897e+35 2.225270694920830e+00 1.200100000000000e+39 
2.900112425020486e+15 9.474064139300907e+35 2.226487485426053e+00 1.201360000000000e+39 
2.904242261265926e+15 9.493507812512714e+35 2.227704985949183e+00 1.202610000000000e+39 
2.908375615259446e+15 9.512983101453321e+35 2.228923194749475e+00 1.203860000000000e+39 
2.912512487001044e+15 9.532458390393929e+35 2.230140134282989e+00 1.205120000000000e+39 
2.916649358742642e+15 9.551965295063336e+35 2.231357780798836e+00 1.206370000000000e+39 
2.920789748232322e+15 9.571503815461546e+35 2.232576133195905e+00 1.207630000000000e+39 
2.924933655470079e+15 9.591042335859752e+35 2.233793220097402e+00 1.208880000000000e+39 
2.929081080455916e+15 9.610612471986759e+35 2.235011011098047e+00 1.210130000000000e+39 
2.933232023189834e+15 9.630182608113764e+35 2.236227539043188e+00 1.211390000000000e+39 
2.937386483671831e+15 9.649784359969573e+35 2.237444769313536e+00 1.212640000000000e+39 
2.941540944153828e+15 9.669417727554177e+35 2.238662700736324e+00 1.213900000000000e+39 
2.945698922383904e+15 9.689082710867585e+35 2.239881332142516e+00 1.215150000000000e+39 
2.949860418362060e+15 9.708747694180991e+35 2.241098704387100e+00 1.216410000000000e+39 
2.954025432088295e+15 9.728444293223196e+35 2.242316774859457e+00 1.217660000000000e+39 
2.958193963562610e+15 9.748140892265402e+35 2.243533588544467e+00 1.218920000000000e+39 
2.962362495036925e+15 9.767869107036406e+35 2.244751099283113e+00 1.220180000000000e+39 
2.966534544259320e+15 9.787628937536213e+35 2.245969306003016e+00 1.221430000000000e+39 
2.970710111229794e+15 9.807388768036015e+35 2.247186259642652e+00 1.222690000000000e+39 
2.974889195948348e+15 9.827180214264621e+35 2.248403907525699e+00 1.223940000000000e+39 
2.979071798414982e+15 9.846971660493226e+35 2.249620304597697e+00 1.225200000000000e+39 
2.983254400881616e+15 9.866826338179430e+35 2.250839336011772e+00 1.226460000000000e+39 
2.987444038844408e+15 9.886681015865633e+35 2.252057117747740e+00 1.227710000000000e+39 
2.991633676807200e+15 9.906567309280639e+35 2.253275589104025e+00 1.228970000000000e+39 
2.995826832518073e+15 9.926421986966842e+35 2.254490878394972e+00 1.230230000000000e+39 
3.000023505977024e+15 9.946339896110645e+35 2.255708791253222e+00 1.231490000000000e+39 
3.004220179435976e+15 9.966257805254448e+35 2.256925460197610e+00 1.232740000000000e+39 
3.008423888391087e+15 9.986238945855852e+35 2.258144745934038e+00 1.234000000000000e+39 
3.012627597346198e+15 1.000618847072845e+36 2.259360860784748e+00 1.235260000000000e+39 
3.016834824049389e+15 1.002620122705866e+36 2.260579587405996e+00 1.236520000000000e+39 
3.021052603996818e+15 1.004621398338886e+36 2.261797072260531e+00 1.237780000000000e+39 
3.025256312951930e+15 1.006622673971906e+36 2.263013318991063e+00 1.239030000000000e+39 
3.029474092899359e+15 1.008630272750686e+36 2.264232169969034e+00 1.240290000000000e+39 
3.033691872846788e+15 1.010637871529467e+36 2.265449783367889e+00 1.241550000000000e+39 
3.037913170542296e+15 1.012645470308247e+36 2.266666161776331e+00 1.242810000000000e+39 
3.042137985985886e+15 1.014656230659907e+36 2.267883220904113e+00 1.244070000000000e+39 
3.046366319177554e+15 1.016670152584447e+36 2.269100959088886e+00 1.245330000000000e+39 
3.050598170117301e+15 1.018687236081867e+36 2.270319374630453e+00 1.246590000000000e+39 
3.054830021057049e+15 1.020704319579287e+36 2.271536558458604e+00 1.247850000000000e+39 
3.059065389744876e+15 1.022724564649587e+36 2.272754419136989e+00 1.249110000000000e+39 
3.063304276180783e+15 1.024744809719887e+36 2.273971050933424e+00 1.250370000000000e+39 
3.067546680364770e+15 1.026768216363067e+36 2.275188357926576e+00 1.251630000000000e+39 
3.071792602296836e+15 1.028794784579127e+36 2.276406338512777e+00 1.252890000000000e+39 
3.076038524228902e+15 1.030821352795188e+36 2.277623093233160e+00 1.254150000000000e+39 
3.080287963909048e+15 1.032851082584127e+36 2.278840521009929e+00 1.255410000000000e+39 
3.084544439085352e+15 1.034883973945947e+36 2.280058619658410e+00 1.256670000000000e+39 
3.088800914261658e+15 1.036916865307767e+36 2.281275494854974e+00 1.257930000000000e+39 
3.093057389437962e+15 1.038952918242467e+36 2.282493040351411e+00 1.259200000000000e+39 
3.097317382362346e+15 1.040992132750047e+36 2.283711255151376e+00 1.260460000000000e+39 
3.101584410782890e+15 1.043031347257627e+36 2.284928250079732e+00 1.261720000000000e+39 
3.105854956951514e+15 1.045073723338087e+36 2.286145911482318e+00 1.262980000000000e+39 
3.110125503120137e+15 1.047119260991427e+36 2.287364238414067e+00 1.264240000000000e+39 
3.114399567036840e+15 1.049164798644766e+36 2.288581348455081e+00 1.265510000000000e+39 
3.118673630953542e+15 1.051213497870986e+36 2.289799123503518e+00 1.266770000000000e+39 
3.122954730366404e+15 1.053262197097206e+36 2.291015684431109e+00 1.268030000000000e+39 
3.127235829779266e+15 1.055314057896306e+36 2.292232908722426e+00 1.269290000000000e+39 
3.131520446940208e+15 1.057369080268285e+36 2.293450795405426e+00 1.270560000000000e+39 
3.135812099597308e+15 1.059427264213145e+36 2.294669342226780e+00 1.271820000000000e+39 
3.140100234506330e+15 1.061485448158005e+36 2.295886678154996e+00 1.273080000000000e+39 
3.144395404911510e+15 1.063543632102864e+36 2.297102805591674e+00 1.274350000000000e+39 
3.148694093064770e+15 1.065608139193484e+36 2.298321458554838e+00 1.275610000000000e+39 
3.152992781218030e+15 1.067672646284104e+36 2.299538903644841e+00 1.276880000000000e+39 
3.157294987119370e+15 1.069737153374724e+36 2.300755143132833e+00 1.278140000000000e+39 
3.161600710768789e+15 1.071807983611103e+36 2.301973900566046e+00 1.279400000000000e+39 
3.165909952166288e+15 1.073878813847482e+36 2.303191453055523e+00 1.280670000000000e+39 
3.170222711311866e+15 1.075949644083862e+36 2.304407802365635e+00 1.281930000000000e+39 
3.174535470457444e+15 1.078023635893122e+36 2.305624806245662e+00 1.283200000000000e+39 
3.178851747351102e+15 1.080100789275261e+36 2.306842463666325e+00 1.284460000000000e+39 
3.183171541992840e+15 1.082181104230281e+36 2.308060773031005e+00 1.285730000000000e+39 
3.187494854382656e+15 1.084261419185300e+36 2.309277882925757e+00 1.287000000000000e+39 
3.191821684520554e+15 1.086344895713200e+36 2.310495643258506e+00 1.288260000000000e+39 
3.196152032406530e+15 1.088428372241099e+36 2.311712206293504e+00 1.289530000000000e+39 
3.200482380292506e+15 1.090515010341878e+36 2.312929418792805e+00 1.290790000000000e+39 
3.204819763674642e+15 1.092604810015538e+36 2.314147279176198e+00 1.292060000000000e+39 
3.209157147056777e+15 1.094697771262077e+36 2.315365785867187e+00 1.293330000000000e+39 
3.213498048186992e+15 1.096790732508616e+36 2.316583098942804e+00 1.294590000000000e+39 
3.217838949317207e+15 1.098883693755156e+36 2.317799220697692e+00 1.295860000000000e+39 
3.222186885943582e+15 1.100982978147455e+36 2.319017823723479e+00 1.297130000000000e+39 
3.226534822569956e+15 1.103082262539754e+36 2.320235236077996e+00 1.298390000000000e+39 
3.230889794692489e+15 1.105181546932054e+36 2.321451459451399e+00 1.299660000000000e+39 
3.235244766815022e+15 1.107287154470113e+36 2.322670155758263e+00 1.300930000000000e+39 
3.239603256685636e+15 1.109389600435292e+36 2.323885836014926e+00 1.302200000000000e+39 
3.243961746556248e+15 1.111498369546231e+36 2.325103985134120e+00 1.303460000000000e+39 
3.248327271923020e+15 1.113607138657170e+36 2.326320949058584e+00 1.304730000000000e+39 
3.252696315037872e+15 1.115719069340990e+36 2.327538551772837e+00 1.306000000000000e+39 
3.257065358152724e+15 1.117834161597689e+36 2.328756792405175e+00 1.307270000000000e+39 
3.261437919015656e+15 1.119949253854388e+36 2.329973850606038e+00 1.308540000000000e+39 
3.265813997626666e+15 1.122067507683967e+36 2.331191545751745e+00 1.309810000000000e+39 
3.270193593985758e+15 1.124185761513546e+36 2.332408060542516e+00 1.311080000000000e+39 
3.274573190344848e+15 1.126307176916005e+36 2.333625211346811e+00 1.312350000000000e+39 
3.278959822200098e+15 1.128431753891344e+36 2.334842996710230e+00 1.313620000000000e+39 
3.283346454055347e+15 1.130556330866683e+36 2.336059604461386e+00 1.314890000000000e+39 
3.287736603658676e+15 1.132687230987782e+36 2.337278654600073e+00 1.316160000000000e+39 
3.292130271010085e+15 1.134814969536001e+36 2.338494721169664e+00 1.317430000000000e+39 
3.296527456109574e+15 1.136949031229980e+36 2.339713225057181e+00 1.318700000000000e+39 
3.300924641209062e+15 1.139083092923959e+36 2.340930555099311e+00 1.319970000000000e+39 
3.305328861804710e+15 1.141217154617938e+36 2.342146712901007e+00 1.321240000000000e+39 
3.309733082400358e+15 1.143357539457677e+36 2.343365300459043e+00 1.322510000000000e+39 
3.314140820744085e+15 1.145497924297416e+36 2.344582716962626e+00 1.323780000000000e+39 
3.318552076835892e+15 1.147638309137155e+36 2.345798964080344e+00 1.325050000000000e+39 
3.322966850675778e+15 1.149781855549774e+36 2.347015838531533e+00 1.326320000000000e+39 
3.327385142263744e+15 1.151928563535272e+36 2.348233338821313e+00 1.327590000000000e+39 
3.331803433851710e+15 1.154078433093651e+36 2.349451464039475e+00 1.328860000000000e+39 
3.336228760935836e+15 1.156228302652030e+36 2.350668422911297e+00 1.330140000000000e+39 
3.340654088019961e+15 1.158381333783289e+36 2.351886005239082e+00 1.331410000000000e+39 
3.345082932852166e+15 1.160534364914547e+36 2.353102423753513e+00 1.332680000000000e+39 
3.349515295432450e+15 1.162693719191566e+36 2.354321249494712e+00 1.333950000000000e+39 
3.353951175760814e+15 1.164849911895705e+36 2.355537128994218e+00 1.335230000000000e+39 
3.358387056089178e+15 1.167012427745603e+36 2.356755411320877e+00 1.336500000000000e+39 
3.362826454165622e+15 1.169174943595502e+36 2.357972533418890e+00 1.337770000000000e+39 
3.367272887738224e+15 1.171340621018281e+36 2.359190274257188e+00 1.339050000000000e+39 
3.371719321310827e+15 1.173506298441059e+36 2.360406856306875e+00 1.340320000000000e+39 
3.376169272631510e+15 1.175675137436718e+36 2.361624056222042e+00 1.341590000000000e+39 
3.380619223952192e+15 1.177847138005257e+36 2.362841873146433e+00 1.342870000000000e+39 
3.385076210769034e+15 1.180019138573795e+36 2.364058534545276e+00 1.344140000000000e+39 
3.389536715333954e+15 1.182194300715214e+36 2.365275810950635e+00 1.345420000000000e+39 
3.393997219898876e+15 1.184372624429512e+36 2.366493701551360e+00 1.346690000000000e+39 
3.398461242211876e+15 1.186550948143811e+36 2.367710439344349e+00 1.347960000000000e+39 
3.402928782272957e+15 1.188732433430989e+36 2.368927790364492e+00 1.349240000000000e+39 
3.407399840082116e+15 1.190917080291048e+36 2.370145753239250e+00 1.350510000000000e+39 
3.411870897891276e+15 1.193101727151106e+36 2.371362566012654e+00 1.351790000000000e+39 
3.416348991196596e+15 1.195289535584045e+36 2.372579989717988e+00 1.353060000000000e+39 
3.420827084501915e+15 1.197480505589863e+36 2.373798023027860e+00 1.354340000000000e+39 
3.425312213303393e+15 1.199671475595681e+36 2.375014908445557e+00 1.355620000000000e+39 
3.429797342104871e+15 1.201865607174379e+36 2.376232402059065e+00 1.356890000000000e+39 
3.434282470906350e+15 1.204059738753078e+36 2.377448750796927e+00 1.358170000000000e+39 
3.438774635203986e+15 1.206257031904656e+36 2.378665707410912e+00 1.359440000000000e+39 
3.443270317249704e+15 1.208457486629115e+36 2.379883269957562e+00 1.360720000000000e+39 
3.447765999295421e+15 1.210661102926453e+36 2.381101437616974e+00 1.362000000000000e+39 
3.452268716837298e+15 1.212864719223791e+36 2.382318462749847e+00 1.363280000000000e+39 
3.456771434379174e+15 1.215071497094009e+36 2.383536091605077e+00 1.364550000000000e+39 
3.461277669669129e+15 1.217278274964227e+36 2.384752580406212e+00 1.365830000000000e+39 
3.465783904959085e+15 1.219488214407326e+36 2.385969672581891e+00 1.367110000000000e+39 
3.470297175745200e+15 1.221701315423304e+36 2.387187366833116e+00 1.368390000000000e+39 
3.474813964279394e+15 1.223914416439282e+36 2.388403923168874e+00 1.369660000000000e+39 
3.479330752813589e+15 1.226130679028140e+36 2.389621080171479e+00 1.370940000000000e+39 
3.483851059095864e+15 1.228350103189878e+36 2.390838837028864e+00 1.372220000000000e+39 
3.488374883126217e+15 1.230569527351616e+36 2.392055459134347e+00 1.373500000000000e+39 
3.492902224904650e+15 1.232792113086234e+36 2.393272679695256e+00 1.374780000000000e+39 
3.497433084431164e+15 1.235017860393732e+36 2.394490497428306e+00 1.376060000000000e+39 
3.501967461705756e+15 1.237243607701230e+36 2.395707182570208e+00 1.377330000000000e+39 
3.506501838980349e+15 1.239472516581609e+36 2.396924464007617e+00 1.378610000000000e+39 
3.511043251751100e+15 1.241704587034866e+36 2.398142340428686e+00 1.379890000000000e+39 
3.515584664521852e+15 1.243936657488124e+36 2.399359086996193e+00 1.381170000000000e+39 
3.520140148284922e+15 1.246171889514262e+36 2.400576426148445e+00 1.382450000000000e+39 
3.524678043307594e+15 1.248410283113280e+36 2.401794357966683e+00 1.383730000000000e+39 
3.529215938330266e+15 1.250648676712298e+36 2.403011166067229e+00 1.385010000000000e+39 
3.533789010833734e+15 1.252890231884196e+36 2.404228564915231e+00 1.386290000000000e+39 
3.538326905856406e+15 1.255131787056094e+36 2.405444838802329e+00 1.387570000000000e+39 
3.542899978359874e+15 1.257379665373751e+36 2.406663418659398e+00 1.388860000000000e+39 
3.547473050863343e+15 1.259624382118530e+36 2.407879158737103e+00 1.390140000000000e+39 
3.552046123366810e+15 1.261875422009067e+36 2.409097196968734e+00 1.391420000000000e+39 
3.556584018389483e+15 1.264126461899605e+36 2.410314116556480e+00 1.392700000000000e+39 
3.561157090892950e+15 1.266380663363023e+36 2.411531627641618e+00 1.393980000000000e+39 
3.565730163396419e+15 1.268634864826440e+36 2.412748018940940e+00 1.395260000000000e+39 
3.570338413380684e+15 1.270895389435618e+36 2.413966697456679e+00 1.396550000000000e+39 
3.574911485884150e+15 1.273152752471916e+36 2.415182550847331e+00 1.397830000000000e+39 
3.579484558387619e+15 1.275416438653974e+36 2.416400694092001e+00 1.399110000000000e+39 
3.584092808371882e+15 1.277680124836031e+36 2.417617718831878e+00 1.400390000000000e+39 
3.588665880875351e+15 1.279946972590969e+36 2.418835326163527e+00 1.401680000000000e+39 
3.593274130859616e+15 1.282213820345907e+36 2.420051818939533e+00 1.402960000000000e+39 
3.597847203363082e+15 1.284483829673724e+36 2.421268894784709e+00 1.404240000000000e+39 
3.602455453347347e+15 1.286757000574422e+36 2.422486553679805e+00 1.405530000000000e+39 
3.607063703331611e+15 1.289030171475119e+36 2.423703098090013e+00 1.406810000000000e+39 
3.611671953315875e+15 1.291306503948697e+36 2.424920221352970e+00 1.408090000000000e+39 
3.616280203300138e+15 1.293585997995154e+36 2.426137923098356e+00 1.409380000000000e+39 
3.620888453284403e+15 1.295865492041612e+36 2.427354515396590e+00 1.410660000000000e+39 
3.625496703268666e+15 1.298148147660949e+36 2.428571686591025e+00 1.411950000000000e+39 
3.630104953252930e+15 1.300433964853167e+36 2.429789436659493e+00 1.413230000000000e+39 
3.634748380717990e+15 1.302719782045384e+36 2.431006077361545e+00 1.414510000000000e+39 
3.639356630702254e+15 1.305008760810482e+36 2.432223292789370e+00 1.415800000000000e+39 
3.644000058167314e+15 1.307300901148459e+36 2.433441082578531e+00 1.417090000000000e+39 
3.648608308151578e+15 1.309593041486436e+36 2.434657767989575e+00 1.418370000000000e+39 
3.653251735616638e+15 1.311888343397294e+36 2.435875028595352e+00 1.419660000000000e+39 
3.657895163081698e+15 1.314183645308151e+36 2.437091183450352e+00 1.420940000000000e+39 
3.662503413065962e+15 1.316485270364768e+36 2.438309587731358e+00 1.422230000000000e+39 
3.667146840531022e+15 1.318783733848506e+36 2.439525221498071e+00 1.423510000000000e+39 
3.671790267996082e+15 1.321088520478003e+36 2.440743097545429e+00 1.424800000000000e+39 
3.676468872941937e+15 1.323393307107500e+36 2.441959869797288e+00 1.426090000000000e+39 
3.681112300406997e+15 1.325701255309878e+36 2.443177208261654e+00 1.427370000000000e+39 
3.685755727872057e+15 1.328012365085135e+36 2.444395117425061e+00 1.428660000000000e+39 
3.690399155337116e+15 1.330323474860392e+36 2.445611932156476e+00 1.429950000000000e+39 
3.695077760282972e+15 1.332637746208529e+36 2.446829313238107e+00 1.431240000000000e+39 
3.699721187748033e+15 1.334952017556666e+36 2.448045598942972e+00 1.432520000000000e+39 
3.704399792693888e+15 1.337269450477683e+36 2.449262452169033e+00 1.433810000000000e+39 
3.709078397639744e+15 1.339590044971580e+36 2.450479867748456e+00 1.435100000000000e+39 
3.713757002585600e+15 1.341910639465478e+36 2.451696188322940e+00 1.436390000000000e+39 
3.718435607531456e+15 1.344237557105135e+36 2.452914727775007e+00 1.437680000000000e+39 
3.723114212477311e+15 1.346561313171911e+36 2.454130520186268e+00 1.438960000000000e+39 
3.727792817423168e+15 1.348891392384448e+36 2.455348528930612e+00 1.440250000000000e+39 
3.732471422369023e+15 1.351221471596985e+36 2.456565448346741e+00 1.441540000000000e+39 
3.737150027314879e+15 1.353554712382403e+36 2.457782930563205e+00 1.442830000000000e+39 
3.741828632260734e+15 1.355887953167819e+36 2.458999327217035e+00 1.444120000000000e+39 
3.746542414687386e+15 1.358224355526116e+36 2.460216282735440e+00 1.445410000000000e+39 
3.751221019633242e+15 1.360563919457294e+36 2.461433797116939e+00 1.446700000000000e+39 
3.755934802059894e+15 1.362903483388470e+36 2.462650226360590e+00 1.447990000000000e+39 
3.760648584486546e+15 1.365246208892527e+36 2.463867210147020e+00 1.449280000000000e+39 
3.765327189432401e+15 1.367592095969464e+36 2.465084753224490e+00 1.450570000000000e+39 
3.770040971859053e+15 1.369937983046401e+36 2.466301215636905e+00 1.451860000000000e+39 
3.774754754285704e+15 1.372287031696217e+36 2.467518233032357e+00 1.453150000000000e+39 
3.779468536712356e+15 1.374639241918914e+36 2.468735805419430e+00 1.454440000000000e+39 
3.784182319139008e+15 1.376991452141611e+36 2.469952297215614e+00 1.455730000000000e+39 
3.788896101565659e+15 1.379346823937188e+36 2.471169344760618e+00 1.457030000000000e+39 
3.793645061473106e+15 1.381705357305645e+36 2.472386943037859e+00 1.458320000000000e+39 
3.798358843899758e+15 1.384063890674101e+36 2.473603461150673e+00 1.459610000000000e+39 
3.803107803807206e+15 1.386425585615438e+36 2.474820530760280e+00 1.460900000000000e+39 
3.807821586233858e+15 1.388790442129655e+36 2.476038151541515e+00 1.462190000000000e+39 
3.812570546141305e+15 1.391155298643871e+36 2.477254696592174e+00 1.463490000000000e+39 
3.817284328567957e+15 1.393523316730968e+36 2.478471793240896e+00 1.464780000000000e+39 
3.822033288475404e+15 1.395894496390945e+36 2.479689441496696e+00 1.466070000000000e+39 
3.826782248382852e+15 1.398265676050921e+36 2.480906014103773e+00 1.467360000000000e+39 
3.831531208290300e+15 1.400640017283778e+36 2.482123134427808e+00 1.468660000000000e+39 
3.836280168197748e+15 1.403017520089514e+36 2.483340802148668e+00 1.469950000000000e+39 
3.841029128105195e+15 1.405395022895251e+36 2.484557399281332e+00 1.471240000000000e+39 
3.845813265493438e+15 1.407775687273868e+36 2.485774540012498e+00 1.472540000000000e+39 
3.850562225400886e+15 1.410156351652484e+36 2.486990608883796e+00 1.473830000000000e+39 
3.855311185308334e+15 1.412543339176861e+36 2.488208840441902e+00 1.475130000000000e+39 
3.860095322696578e+15 1.414927165128357e+36 2.489424390034274e+00 1.476420000000000e+39 
3.864844282604025e+15 1.417317314225614e+36 2.490642095314748e+00 1.477720000000000e+39 
3.869628419992268e+15 1.419707463322870e+36 2.491858734855092e+00 1.479010000000000e+39 
3.874412557380512e+15 1.422100773993006e+36 2.493075914236826e+00 1.480310000000000e+39 
3.879196694768755e+15 1.424497246236022e+36 2.494293633482560e+00 1.481600000000000e+39 
3.883980832156998e+15 1.426893718479039e+36 2.495510287025026e+00 1.482900000000000e+39 
3.888764969545242e+15 1.429293352294935e+36 2.496727480927287e+00 1.484190000000000e+39 
3.893549106933486e+15 1.431692986110832e+36 2.497943612482551e+00 1.485490000000000e+39 
3.898333244321729e+15 1.434095781499608e+36 2.499160284886278e+00 1.486780000000000e+39 
3.903117381709972e+15 1.436501738461264e+36 2.500377498092270e+00 1.488080000000000e+39 
3.907936696579012e+15 1.438910856995800e+36 2.501595247200130e+00 1.489380000000000e+39 
3.912720833967256e+15 1.441319975530337e+36 2.502811935350504e+00 1.490670000000000e+39 
3.917540148836294e+15 1.443732255637753e+36 2.504029160220228e+00 1.491970000000000e+39 
3.922324286224538e+15 1.446144535745169e+36 2.505245327461576e+00 1.493270000000000e+39 
3.927143601093578e+15 1.448559977425465e+36 2.506462032237021e+00 1.494560000000000e+39 
3.931962915962618e+15 1.450978580678641e+36 2.507679269670241e+00 1.495860000000000e+39 
3.936782230831656e+15 1.453400345504697e+36 2.508897039731242e+00 1.497160000000000e+39 
3.941601545700696e+15 1.455822110330753e+36 2.510113753551855e+00 1.498460000000000e+39 
3.946420860569736e+15 1.458247036729689e+36 2.511331000496942e+00 1.499760000000000e+39 
3.951240175438774e+15 1.460671963128625e+36 2.512547194503847e+00 1.501050000000000e+39 
3.956059490307814e+15 1.463100051100442e+36 2.513763922441643e+00 1.502350000000000e+39 
3.960913982657649e+15 1.465531300645138e+36 2.514981179546667e+00 1.503650000000000e+39 
3.965733297526688e+15 1.467962550189834e+36 2.516197384074436e+00 1.504950000000000e+39 
3.970587789876524e+15 1.470400122880290e+36 2.517415698813811e+00 1.506250000000000e+39 
3.975407104745564e+15 1.472834533997865e+36 2.518631384139606e+00 1.507550000000000e+39 
3.980261597095399e+15 1.475275268261201e+36 2.519849177709645e+00 1.508850000000000e+39 
3.985116089445234e+15 1.477716002524537e+36 2.521065919879186e+00 1.510150000000000e+39 
3.989970581795070e+15 1.480159898360753e+36 2.522283187962855e+00 1.511450000000000e+39 
3.994825074144905e+15 1.482603794196969e+36 2.523499408184071e+00 1.512750000000000e+39 
3.999679566494740e+15 1.485050851606065e+36 2.524716154817046e+00 1.514050000000000e+39 
4.004534058844575e+15 1.487501070588041e+36 2.525933427573857e+00 1.515350000000000e+39 
4.009388551194410e+15 1.489951289570017e+36 2.527149656615070e+00 1.516650000000000e+39 
4.014243043544246e+15 1.492407831697752e+36 2.528367980621307e+00 1.517950000000000e+39 
4.019132713374877e+15 1.494861212252608e+36 2.529583692137976e+00 1.519250000000000e+39 
4.023987205724713e+15 1.497320915953224e+36 2.530801492287027e+00 1.520550000000000e+39 
4.028876875555344e+15 1.499780619653840e+36 2.532018250509631e+00 1.521850000000000e+39 
4.033766545385975e+15 1.502243484927335e+36 2.533235526945678e+00 1.523160000000000e+39 
4.038621037735810e+15 1.504706350200831e+36 2.534451764627558e+00 1.524460000000000e+39 
4.043510707566442e+15 1.507172377047207e+36 2.535668525719733e+00 1.525760000000000e+39 
4.048400377397073e+15 1.509641565466462e+36 2.536885805568032e+00 1.527060000000000e+39 
4.053290047227704e+15 1.512110753885718e+36 2.538102046757155e+00 1.528370000000000e+39 
4.058179717058335e+15 1.514583103877854e+36 2.539318807767454e+00 1.529670000000000e+39 
4.063104564369762e+15 1.517058615442869e+36 2.540536083980044e+00 1.530970000000000e+39 
4.067994234200394e+15 1.519534127007885e+36 2.541752321652155e+00 1.532270000000000e+39 
4.072883904031024e+15 1.522012800145780e+36 2.542969079611618e+00 1.533580000000000e+39 
4.077808751342452e+15 1.524494634856556e+36 2.544186352894485e+00 1.534880000000000e+39 
4.082698421173084e+15 1.526979631140211e+36 2.545404141481474e+00 1.536190000000000e+39 
4.087623268484510e+15 1.529464627423867e+36 2.546620897269760e+00 1.537490000000000e+39 
4.092548115795937e+15 1.531949623707522e+36 2.547836618022628e+00 1.538790000000000e+39 
4.097472963107365e+15 1.534440943136938e+36 2.549054396911393e+00 1.540100000000000e+39 
4.102362632937995e+15 1.536932262566353e+36 2.550271147162578e+00 1.541400000000000e+39 
4.107287480249423e+15 1.539423581995768e+36 2.551486871092198e+00 1.542710000000000e+39 
4.112247505041646e+15 1.541921224570944e+36 2.552704645433934e+00 1.544010000000000e+39 
4.117172352353073e+15 1.544418867146119e+36 2.553921387207995e+00 1.545320000000000e+39 
4.122097199664500e+15 1.546919671294174e+36 2.555138641747863e+00 1.546620000000000e+39 
4.127022046975927e+15 1.549420475442230e+36 2.556354871094033e+00 1.547930000000000e+39 
4.131982071768150e+15 1.551924441163165e+36 2.557571609435811e+00 1.549240000000000e+39 
4.136906919079577e+15 1.554431568456980e+36 2.558788856812806e+00 1.550540000000000e+39 
4.141866943871800e+15 1.556938695750796e+36 2.560005079411067e+00 1.551850000000000e+39 
4.146826968664023e+15 1.559448984617491e+36 2.561221807539048e+00 1.553150000000000e+39 
4.151786993456246e+15 1.561962435057066e+36 2.562439040939479e+00 1.554460000000000e+39 
4.156711840767674e+15 1.564475885496641e+36 2.563655253613641e+00 1.555770000000000e+39 
4.161671865559896e+15 1.566992497509096e+36 2.564871976248866e+00 1.557070000000000e+39 
4.166631890352119e+15 1.569512271094432e+36 2.566089204646279e+00 1.558380000000000e+39 
4.171627092625138e+15 1.572032044679767e+36 2.567305408444445e+00 1.559690000000000e+39 
4.176587117417362e+15 1.574558141410862e+36 2.568523639347863e+00 1.561000000000000e+39 
4.181547142209584e+15 1.577081076569076e+36 2.569739328636178e+00 1.562310000000000e+39 
4.186542344482603e+15 1.579610334873052e+36 2.570957042926935e+00 1.563610000000000e+39 
4.191502369274826e+15 1.582139593177027e+36 2.572173738030895e+00 1.564920000000000e+39 
4.196497571547846e+15 1.584668851481002e+36 2.573389415922606e+00 1.566230000000000e+39 
4.201457596340068e+15 1.587204432930737e+36 2.574607115545010e+00 1.567540000000000e+39 
4.206452798613087e+15 1.589740014380472e+36 2.575823800234126e+00 1.568850000000000e+39 
4.211448000886106e+15 1.592278757403087e+36 2.577040983721600e+00 1.570160000000000e+39 
4.216443203159125e+15 1.594817500425702e+36 2.578257151425783e+00 1.571470000000000e+39 
4.221438405432144e+15 1.597359405021197e+36 2.579473818734061e+00 1.572780000000000e+39 
4.226433607705163e+15 1.599904471189571e+36 2.580690985691501e+00 1.574090000000000e+39 
4.231463987458978e+15 1.602449537357947e+36 2.581907136994234e+00 1.575400000000000e+39 
4.236459189731997e+15 1.604997765099201e+36 2.583123784247779e+00 1.576710000000000e+39 
4.241454392005016e+15 1.607549154413336e+36 2.584340931640000e+00 1.578020000000000e+39 
4.246484771758830e+15 1.610100543727471e+36 2.585557067354740e+00 1.579330000000000e+39 
4.251479974031850e+15 1.612655094614486e+36 2.586773699519310e+00 1.580640000000000e+39 
4.256510353785664e+15 1.615212807074381e+36 2.587990828134284e+00 1.581950000000000e+39 
4.261540733539479e+15 1.617773681107155e+36 2.589208448772938e+00 1.583260000000000e+39 
4.266571113293294e+15 1.620334555139930e+36 2.590425059402351e+00 1.584570000000000e+39 
4.271601493047108e+15 1.622895429172704e+36 2.591640662014508e+00 1.585880000000000e+39 
4.276631872800924e+15 1.625462626351240e+36 2.592858257858337e+00 1.587200000000000e+39 
4.281662252554738e+15 1.628029823529774e+36 2.594074847636490e+00 1.588510000000000e+39 
4.286692632308554e+15 1.630600182281189e+36 2.595291930456286e+00 1.589820000000000e+39 
4.291723012062368e+15 1.633170541032603e+36 2.596508010471783e+00 1.591130000000000e+39 
4.296788569296979e+15 1.635744061356898e+36 2.597724580234162e+00 1.592450000000000e+39 
4.301818949050794e+15 1.638320743254072e+36 2.598941639797350e+00 1.593760000000000e+39 
4.306884506285405e+15 1.640897425151247e+36 2.600157696921163e+00 1.595070000000000e+39 
4.311950063520015e+15 1.643480430194182e+36 2.601375731186355e+00 1.596390000000000e+39 
4.316980443273830e+15 1.646060273664236e+36 2.602591275210514e+00 1.597700000000000e+39 
4.322046000508441e+15 1.648646440280050e+36 2.603808798742544e+00 1.599010000000000e+39 
4.327111557743052e+15 1.651232606895865e+36 2.605025320657128e+00 1.600330000000000e+39 
4.332177114977662e+15 1.653821935084560e+36 2.606242329276685e+00 1.601640000000000e+39 
4.337242672212273e+15 1.656411263273254e+36 2.607458339804928e+00 1.602960000000000e+39 
4.342343406927680e+15 1.659003753034828e+36 2.608674833793133e+00 1.604270000000000e+39 
4.347408964162290e+15 1.661599404369283e+36 2.609891810964920e+00 1.605590000000000e+39 
4.352474521396902e+15 1.664198217276617e+36 2.611109275351655e+00 1.606900000000000e+39 
4.357575256112308e+15 1.666797030183952e+36 2.612325742380058e+00 1.608220000000000e+39 
4.362640813346918e+15 1.669399004664166e+36 2.613542693105254e+00 1.609530000000000e+39 
4.367741548062326e+15 1.672000979144380e+36 2.614758650021849e+00 1.610850000000000e+39 
4.372842282777732e+15 1.674606115197475e+36 2.615975087413247e+00 1.612160000000000e+39 
4.377943017493138e+15 1.677214412823449e+36 2.617192005295518e+00 1.613480000000000e+39 
4.383043752208546e+15 1.679825872022303e+36 2.618409403396165e+00 1.614800000000000e+39 
4.388144486923952e+15 1.682437331221157e+36 2.619625808697662e+00 1.616110000000000e+39 
4.393245221639359e+15 1.685051951992891e+36 2.620842694724161e+00 1.617430000000000e+39 
4.398345956354766e+15 1.687666572764625e+36 2.622058590903811e+00 1.618750000000000e+39 
4.403446691070172e+15 1.690284355109240e+36 2.623274968590295e+00 1.620060000000000e+39 
4.408582603266375e+15 1.692905299026734e+36 2.624491823542680e+00 1.621380000000000e+39 
4.413683337981782e+15 1.695529404517108e+36 2.625709155774627e+00 1.622700000000000e+39 
4.418819250177984e+15 1.698153510007482e+36 2.626925499445262e+00 1.624020000000000e+39 
4.423919984893390e+15 1.700780777070736e+36 2.628142320900580e+00 1.625330000000000e+39 
4.429055897089593e+15 1.703408044133990e+36 2.629358156959756e+00 1.626650000000000e+39 
4.434191809285796e+15 1.706041634343004e+36 2.630575929648245e+00 1.627970000000000e+39 
4.439327721481998e+15 1.708672062979138e+36 2.631791254336739e+00 1.629290000000000e+39 
4.444463633678201e+15 1.711308814761032e+36 2.633008514028251e+00 1.630610000000000e+39 
4.449599545874404e+15 1.713945566542926e+36 2.634224789418445e+00 1.631930000000000e+39 
4.454735458070606e+15 1.716585479897700e+36 2.635441539917253e+00 1.633250000000000e+39 
4.459906547747604e+15 1.719228554825354e+36 2.636658761392201e+00 1.634570000000000e+39 
4.465042459943807e+15 1.721871629753008e+36 2.637874998656646e+00 1.635890000000000e+39 
4.470178372140010e+15 1.724517866253542e+36 2.639091711542741e+00 1.637210000000000e+39 
4.475349461817008e+15 1.727167264326955e+36 2.640308895937767e+00 1.638530000000000e+39 
4.480520551494006e+15 1.729816662400369e+36 2.641525096256444e+00 1.639850000000000e+39 
4.485656463690210e+15 1.732469222046663e+36 2.642741768864791e+00 1.641170000000000e+39 
4.490827553367208e+15 1.735121781692957e+36 2.643957464424808e+00 1.642490000000000e+39 
4.495998643044206e+15 1.737780664485011e+36 2.645175076744557e+00 1.643810000000000e+39 
4.501169732721205e+15 1.740439547277065e+36 2.646391710267009e+00 1.645130000000000e+39 
4.506340822398203e+15 1.743098430069118e+36 2.647607367094785e+00 1.646450000000000e+39 
4.511547089555997e+15 1.745763636006932e+36 2.648824934129816e+00 1.647770000000000e+39 
4.516718179232996e+15 1.748428841944746e+36 2.650041522517022e+00 1.649090000000000e+39 
4.521889268909995e+15 1.751094047882560e+36 2.651257138211078e+00 1.650420000000000e+39 
4.527095536067789e+15 1.753765576966133e+36 2.652474660898469e+00 1.651740000000000e+39 
4.532266625744787e+15 1.756437106049707e+36 2.653691208937881e+00 1.653060000000000e+39 
4.537472892902582e+15 1.759108635133281e+36 2.654906784421532e+00 1.654380000000000e+39 
4.542679160060376e+15 1.761786487362614e+36 2.656124260396143e+00 1.655710000000000e+39 
4.547885427218170e+15 1.764464339591947e+36 2.657340762095363e+00 1.657030000000000e+39 
4.553091694375965e+15 1.767145353394161e+36 2.658557726574112e+00 1.658350000000000e+39 
4.558297961533759e+15 1.769826367196375e+36 2.659773719584153e+00 1.659680000000000e+39 
4.563504228691553e+15 1.772510542571468e+36 2.660990175881597e+00 1.661000000000000e+39 
4.568710495849348e+15 1.775197879519442e+36 2.662207095266572e+00 1.662320000000000e+39 
4.573916763007142e+15 1.777885216467415e+36 2.663423047135949e+00 1.663650000000000e+39 
4.579158207645732e+15 1.780575714988269e+36 2.664639459012536e+00 1.664970000000000e+39 
4.584364474803527e+15 1.783269375082002e+36 2.665856330970489e+00 1.666300000000000e+39 
4.589605919442117e+15 1.785963035175735e+36 2.667072235781416e+00 1.667620000000000e+39 
4.594847364080707e+15 1.788663018415229e+36 2.668290023409407e+00 1.668950000000000e+39 
4.600053631238502e+15 1.791359840081842e+36 2.669505420777014e+00 1.670270000000000e+39 
4.605295075877092e+15 1.794062984894216e+36 2.670722703229361e+00 1.671600000000000e+39 
4.610536520515683e+15 1.796766129706589e+36 2.671939019340851e+00 1.672920000000000e+39 
4.615777965154273e+15 1.799472436091842e+36 2.673155792772051e+00 1.674250000000000e+39 
4.621019409792863e+15 1.802178742477096e+36 2.674371603118848e+00 1.675580000000000e+39 
4.626296031912250e+15 1.804891372008109e+36 2.675589287102969e+00 1.676900000000000e+39 
4.631537476550840e+15 1.807600839966242e+36 2.676804587883272e+00 1.678230000000000e+39 
4.636778921189430e+15 1.810316631070135e+36 2.678021764539088e+00 1.679560000000000e+39 
4.642055543308816e+15 1.813032422174028e+36 2.679237978926505e+00 1.680880000000000e+39 
4.647296987947406e+15 1.815751374850801e+36 2.680454647904411e+00 1.682210000000000e+39 
4.652573610066793e+15 1.818473489100454e+36 2.681671771553947e+00 1.683540000000000e+39 
4.657850232186178e+15 1.821195603350108e+36 2.682887933302765e+00 1.684860000000000e+39 
4.663126854305565e+15 1.823920879172641e+36 2.684104546758321e+00 1.686190000000000e+39 
4.668403476424951e+15 1.826646154995174e+36 2.685320201324694e+00 1.687520000000000e+39 
4.673680098544338e+15 1.829377753963467e+36 2.686537717315856e+00 1.688850000000000e+39 
4.678956720663724e+15 1.832109352931760e+36 2.687754276221892e+00 1.690180000000000e+39 
4.684233342783110e+15 1.834840951900053e+36 2.688969879794408e+00 1.691510000000000e+39 
4.689509964902496e+15 1.837578874014106e+36 2.690187342008609e+00 1.692830000000000e+39 
4.694821764502679e+15 1.840316796128159e+36 2.691403847288037e+00 1.694160000000000e+39 
4.700098386622065e+15 1.843054718242212e+36 2.692619397643685e+00 1.695490000000000e+39 
4.705410186222246e+15 1.845798963502025e+36 2.693836800436794e+00 1.696820000000000e+39 
4.710721985822429e+15 1.848543208761838e+36 2.695053246714029e+00 1.698150000000000e+39 
4.716033785422611e+15 1.851287454021651e+36 2.696268738223186e+00 1.699480000000000e+39 
4.721310407541997e+15 1.854038022427224e+36 2.697486079151562e+00 1.700810000000000e+39 
4.726622207142179e+15 1.856788590832796e+36 2.698702470784448e+00 1.702140000000000e+39 
4.731934006742361e+15 1.859542320811249e+36 2.699919308624895e+00 1.703470000000000e+39 
4.737280983823339e+15 1.862296050789702e+36 2.701135193040042e+00 1.704800000000000e+39 
4.742592783423521e+15 1.865052942341035e+36 2.702351520776030e+00 1.706140000000000e+39 
4.747904583023703e+15 1.867812995465248e+36 2.703568295572771e+00 1.707470000000000e+39 
4.753251560104682e+15 1.870573048589460e+36 2.704784120508029e+00 1.708800000000000e+39 
4.758563359704863e+15 1.873336263286553e+36 2.706000389313874e+00 1.710130000000000e+39 
4.763910336785842e+15 1.876102639556526e+36 2.707217102032420e+00 1.711460000000000e+39 
4.769257313866820e+15 1.878872177399378e+36 2.708434254532623e+00 1.712790000000000e+39 
4.774569113467002e+15 1.881641715242231e+36 2.709650462052735e+00 1.714130000000000e+39 
4.779916090547980e+15 1.884414414657964e+36 2.710867113771366e+00 1.715460000000000e+39 
4.785263067628957e+15 1.887187114073697e+36 2.712082819578213e+00 1.716790000000000e+39 
4.790610044709935e+15 1.889962975062309e+36 2.713298966972088e+00 1.718120000000000e+39 
4.795992199271709e+15 1.892741997623802e+36 2.714515552119949e+00 1.719460000000000e+39 
4.801339176352688e+15 1.895524181758174e+36 2.715732574810692e+00 1.720790000000000e+39 
4.806686153433665e+15 1.898306365892547e+36 2.716948656696384e+00 1.722120000000000e+39 
4.812068307995439e+15 1.901091711599799e+36 2.718165176593383e+00 1.723460000000000e+39 
4.817415285076417e+15 1.903880218879932e+36 2.719382134589510e+00 1.724790000000000e+39 
4.822797439638191e+15 1.906668726160064e+36 2.720598151939530e+00 1.726130000000000e+39 
4.828179594199965e+15 1.909460395013077e+36 2.721814604253024e+00 1.727460000000000e+39 
4.833526571280944e+15 1.912255225438969e+36 2.723031495220596e+00 1.728800000000000e+39 
4.838908725842718e+15 1.915050055864862e+36 2.724247449028599e+00 1.730130000000000e+39 
4.844290880404492e+15 1.917848047863634e+36 2.725463838615773e+00 1.731470000000000e+39 
4.849708212447061e+15 1.920649201435286e+36 2.726680660503204e+00 1.732800000000000e+39 
4.855090367008835e+15 1.923450355006939e+36 2.727896542070400e+00 1.734140000000000e+39 
4.860472521570609e+15 1.926254670151471e+36 2.729112859973910e+00 1.735470000000000e+39 
4.865854676132383e+15 1.929062146868883e+36 2.730329614047570e+00 1.736810000000000e+39 
4.871272008174953e+15 1.931869623586296e+36 2.731545431275899e+00 1.738140000000000e+39 
4.876654162736727e+15 1.934680261876587e+36 2.732761681834250e+00 1.739480000000000e+39 
4.882071494779296e+15 1.937494061739760e+36 2.733978365772091e+00 1.740820000000000e+39 
4.887488826821867e+15 1.940311023175812e+36 2.735195479332269e+00 1.742150000000000e+39 
4.892906158864436e+15 1.943127984611864e+36 2.736411657523340e+00 1.743490000000000e+39 
4.898323490907006e+15 1.945948107620797e+36 2.737628266107703e+00 1.744830000000000e+39 
4.903740822949576e+15 1.948768230629729e+36 2.738843941974567e+00 1.746170000000000e+39 
4.909158154992146e+15 1.951591515211541e+36 2.740060048744414e+00 1.747500000000000e+39 
4.914575487034716e+15 1.954417961366233e+36 2.741276586214421e+00 1.748840000000000e+39 
4.919992819077285e+15 1.957247569093805e+36 2.742493554431321e+00 1.750180000000000e+39 
4.925445328600651e+15 1.960077176821377e+36 2.743709590893973e+00 1.751520000000000e+39 
4.930862660643221e+15 1.962909946121829e+36 2.744926055305772e+00 1.752860000000000e+39 
4.936315170166587e+15 1.965745876995161e+36 2.746142947763796e+00 1.754200000000000e+39 
4.941767679689952e+15 1.968581807868493e+36 2.747358908887157e+00 1.755530000000000e+39 
4.947220189213318e+15 1.971420900314706e+36 2.748575295018144e+00 1.756870000000000e+39 
4.952637521255888e+15 1.974263154333797e+36 2.749792109505350e+00 1.758210000000000e+39 
4.958090030779254e+15 1.977105408352889e+36 2.751007999573116e+00 1.759550000000000e+39 
4.963542540302619e+15 1.979950823944861e+36 2.752224315211017e+00 1.760890000000000e+39 
4.969030227306781e+15 1.982799401109713e+36 2.753441053039600e+00 1.762230000000000e+39 
4.974482736830147e+15 1.985647978274565e+36 2.754656863380220e+00 1.763570000000000e+39 
4.979935246353512e+15 1.988499717012297e+36 2.755873100100144e+00 1.764910000000000e+39 
4.985422933357674e+15 1.991354617322909e+36 2.757089759334560e+00 1.766250000000000e+39 
4.990875442881040e+15 1.994209517633521e+36 2.758305494680112e+00 1.767600000000000e+39 
4.996363129885201e+15 1.997070741089892e+36 2.759522998895760e+00 1.768940000000000e+39 
5.001850816889363e+15 1.999928802973384e+36 2.760738233090366e+00 1.770280000000000e+39 
5.007303326412729e+15 2.002793188002636e+36 2.761955234579802e+00 1.771620000000000e+39 
5.012791013416890e+15 2.005657573031887e+36 2.763171316674396e+00 1.772960000000000e+39 
5.018278700421052e+15 2.008525119634019e+36 2.764387819159091e+00 1.774300000000000e+39 
5.023801564906009e+15 2.011392666236151e+36 2.765603398352384e+00 1.775650000000000e+39 
5.029289251910172e+15 2.014266535984043e+36 2.766820734510230e+00 1.776990000000000e+39 
5.034776938914333e+15 2.017140405731934e+36 2.768037152507304e+00 1.778330000000000e+39 
5.040264625918494e+15 2.020014275479826e+36 2.769252654005273e+00 1.779670000000000e+39 
5.045787490403452e+15 2.022891306800598e+36 2.770468573546316e+00 1.781020000000000e+39 
5.051275177407614e+15 2.025771499694249e+36 2.771684911187293e+00 1.782360000000000e+39 
5.056798041892572e+15 2.028654854160781e+36 2.772901666987665e+00 1.783700000000000e+39 
5.062320906377529e+15 2.031538208627312e+36 2.774117504063671e+00 1.785050000000000e+39 
5.067843770862487e+15 2.034427886239603e+36 2.775335088831608e+00 1.786390000000000e+39 
5.073366635347444e+15 2.037314402279015e+36 2.776550425579631e+00 1.787740000000000e+39 
5.078889499832402e+15 2.040207241464187e+36 2.777767508484831e+00 1.789080000000000e+39 
5.084412364317359e+15 2.043100080649358e+36 2.778983677114907e+00 1.790430000000000e+39 
5.089935228802317e+15 2.045996081407409e+36 2.780200261348926e+00 1.791770000000000e+39 
5.095458093287274e+15 2.048892082165461e+36 2.781415934049377e+00 1.793120000000000e+39 
5.101016135253028e+15 2.051791244496392e+36 2.782632019719379e+00 1.794460000000000e+39 
5.106538999737985e+15 2.054693568400203e+36 2.783848518223320e+00 1.933030000000000e+39 
5.691048020642793e+15 2.361059465187820e+36 2.907449211004431e+00 1.934420000000000e+39 
5.697028192378096e+15 2.364236845932189e+36 2.908684483575411e+00 1.935810000000000e+39 
5.703008364113402e+15 2.367417388249437e+36 2.909920097616835e+00 1.937190000000000e+39 
5.708988535848706e+15 2.370601092139566e+36 2.911156053078573e+00 1.938580000000000e+39 
5.714968707584010e+15 2.373784796029694e+36 2.912391123325847e+00 1.939970000000000e+39 
5.720948879319314e+15 2.376971661492703e+36 2.913626535571317e+00 1.941360000000000e+39 
5.726929051054619e+15 2.380161688528592e+36 2.914862289988075e+00 1.942750000000000e+39 
5.732944400270719e+15 2.383351715564480e+36 2.916097159547232e+00 1.944140000000000e+39 
5.738924572006023e+15 2.386544904173249e+36 2.917332368831384e+00 1.945530000000000e+39 
5.744904743741329e+15 2.389741254354897e+36 2.918567921030613e+00 1.946920000000000e+39 
5.750920092957426e+15 2.392937604536546e+36 2.919802591530440e+00 1.948310000000000e+39 
5.756900264692733e+15 2.396137116291074e+36 2.921037602539124e+00 1.949700000000000e+39 
5.762915613908833e+15 2.399336628045603e+36 2.922271734663139e+00 1.951090000000000e+39 
5.768930963124933e+15 2.402539301373011e+36 2.923506205110634e+00 1.952480000000000e+39 
5.774946312341033e+15 2.405745136273299e+36 2.924741014059566e+00 1.953870000000000e+39 
5.780961661557134e+15 2.408950971173588e+36 2.925974944469122e+00 1.955260000000000e+39 
5.786977010773234e+15 2.412159967646755e+36 2.927209213951385e+00 1.956650000000000e+39 
5.792992359989335e+15 2.415372125692804e+36 2.928443822466407e+00 1.958040000000000e+39 
5.799007709205434e+15 2.418584283738852e+36 2.929677555598145e+00 1.959430000000000e+39 
5.805023058421535e+15 2.421796441784901e+36 2.930910414847509e+00 1.960820000000000e+39 
5.811038407637635e+15 2.425014922976709e+36 2.932144827272355e+00 1.962210000000000e+39 
5.817088934334531e+15 2.428233404168517e+36 2.933378364652674e+00 1.963600000000000e+39 
5.823104283550632e+15 2.431455046933206e+36 2.934612239637568e+00 1.964990000000000e+39 
5.829154810247528e+15 2.434676689697894e+36 2.935845242318774e+00 1.966380000000000e+39 
5.835205336944424e+15 2.437901494035462e+36 2.937078580271481e+00 1.967770000000000e+39 
5.841220686160525e+15 2.441126298373030e+36 2.938311048262710e+00 1.969160000000000e+39 
5.847271212857421e+15 2.444354264283478e+36 2.939543855298983e+00 1.970550000000000e+39 
5.853321739554317e+15 2.447585391766806e+36 2.940776998381681e+00 1.971940000000000e+39 
5.859372266251213e+15 2.450816519250134e+36 2.942009271831252e+00 1.973330000000000e+39 
5.865422792948109e+15 2.454050808306343e+36 2.943241882099233e+00 1.974720000000000e+39 
5.871473319645006e+15 2.457288258935430e+36 2.944474829145569e+00 1.976110000000000e+39 
5.877523846341901e+15 2.460525709564519e+36 2.945706909829030e+00 1.977510000000000e+39 
5.883609550519593e+15 2.463766321766487e+36 2.946939325120813e+00 1.978900000000000e+39 
5.889660077216489e+15 2.467010095541335e+36 2.948172075191102e+00 1.980290000000000e+39 
5.895745781394182e+15 2.470253869316183e+36 2.949403959265467e+00 1.981680000000000e+39 
5.901796308091078e+15 2.473497643091030e+36 2.950634978814439e+00 1.983070000000000e+39 
5.907882012268770e+15 2.476747740011638e+36 2.951867533657246e+00 1.984460000000000e+39 
5.913967716446462e+15 2.479997836932246e+36 2.953099222657413e+00 1.985860000000000e+39 
5.920018243143357e+15 2.483247933852854e+36 2.954330050374641e+00 1.987250000000000e+39 
5.926103947321050e+15 2.486504353919222e+36 2.955562411409174e+00 1.988640000000000e+39 
5.932189651498742e+15 2.489757612412710e+36 2.956792714141952e+00 1.990030000000000e+39 
5.938275355676434e+15 2.493017194051958e+36 2.958024546570117e+00 1.991420000000000e+39 
5.944396237334923e+15 2.496276775691205e+36 2.959255516171416e+00 1.992820000000000e+39 
5.950481941512614e+15 2.499539518903334e+36 2.960486817597978e+00 1.994210000000000e+39 
5.956567645690306e+15 2.502802262115461e+36 2.961717261343339e+00 1.995600000000000e+39 
5.962653349867999e+15 2.506068166900469e+36 2.962948040383996e+00 1.996990000000000e+39 
5.968774231526486e+15 2.509337233258357e+36 2.964179151796040e+00 1.998390000000000e+39 
5.974859935704179e+15 2.512606299616245e+36 2.965409405840899e+00 1.999780000000000e+39 
5.980980817362666e+15 2.515878527547013e+36 2.966639993247989e+00 2.001170000000000e+39 
5.987101699021155e+15 2.519150755477780e+36 2.967869722884846e+00 2.002560000000000e+39 
5.993222580679642e+15 2.522426144981428e+36 2.969099783790620e+00 2.003960000000000e+39 
5.999343462338131e+15 2.525704696057955e+36 2.970330175721232e+00 2.005350000000000e+39 
6.005429166515822e+15 2.528983247134483e+36 2.971559715934411e+00 2.006740000000000e+39 
6.011585225655106e+15 2.532264959783891e+36 2.972789587930321e+00 2.008140000000000e+39 
6.017706107313595e+15 2.535549834006178e+36 2.974019788798359e+00 2.009530000000000e+39 
6.023826988972082e+15 2.538834708228466e+36 2.975249138257291e+00 2.010920000000000e+39 
6.029947870630571e+15 2.542122744023634e+36 2.976478820222638e+00 2.012320000000000e+39 
6.036103929769855e+15 2.545410779818801e+36 2.977707650174511e+00 2.013710000000000e+39 
6.042224811428342e+15 2.548701977186848e+36 2.978936810560049e+00 2.015100000000000e+39 
6.048380870567626e+15 2.551996336127776e+36 2.980166301340911e+00 2.016500000000000e+39 
6.054501752226115e+15 2.555290695068704e+36 2.981394943257959e+00 2.017890000000000e+39 
6.060657811365398e+15 2.558588215582511e+36 2.982623916342085e+00 2.019290000000000e+39 
6.066813870504682e+15 2.561885736096318e+36 2.983852040159739e+00 2.020680000000000e+39 
6.072969929643966e+15 2.565186418183005e+36 2.985080493081141e+00 2.022070000000000e+39 
6.079125988783250e+15 2.568490261842573e+36 2.986309275034949e+00 2.023470000000000e+39 
6.085282047922534e+15 2.571797267075020e+36 2.987538385949938e+00 2.024860000000000e+39 
6.091438107061817e+15 2.575104272307468e+36 2.988766651471314e+00 2.026260000000000e+39 
6.097594166201102e+15 2.578411277539915e+36 2.989994073007149e+00 2.027650000000000e+39 
6.103750225340384e+15 2.581724605918123e+36 2.991222997637404e+00 2.029050000000000e+39 
6.109941461960465e+15 2.585034772723450e+36 2.992449905311632e+00 2.030440000000000e+39 
6.116097521099749e+15 2.588351262674537e+36 2.993678312391519e+00 2.031830000000000e+39 
6.122288757719829e+15 2.591667752625625e+36 2.994905876785096e+00 2.033230000000000e+39 
6.128444816859113e+15 2.594987404149592e+36 2.996133769380406e+00 2.034619999999999e+39 
6.134636053479192e+15 2.598307055673559e+36 2.997360821653514e+00 2.036020000000000e+39 
6.140827290099273e+15 2.601629868770406e+36 2.998588200092591e+00 2.037410000000000e+39 
6.147018526719352e+15 2.604955843440133e+36 2.999815904862472e+00 2.038810000000000e+39 
6.153209763339432e+15 2.608281818109860e+36 3.001042769605815e+00 2.040210000000000e+39 
6.159400999959511e+15 2.611610954352468e+36 3.002269961238289e+00 2.041600000000000e+39 
6.165592236579592e+15 2.614940090595075e+36 3.003496314994400e+00 2.043000000000000e+39 
6.171783473199671e+15 2.618275549983442e+36 3.004724160289846e+00 2.044390000000000e+39 
6.178009887300548e+15 2.621607847798929e+36 3.005950003512529e+00 2.045790000000000e+39 
6.184201123920627e+15 2.624946468760176e+36 3.007177334439719e+00 2.047180000000000e+39 
6.190392360540707e+15 2.628285089721423e+36 3.008403831532094e+00 2.048580000000000e+39 
6.196618774641582e+15 2.631623710682670e+36 3.009629493412197e+00 2.049980000000000e+39 
6.202845188742459e+15 2.634965493216797e+36 3.010855478667390e+00 2.051370000000000e+39 
6.209036425362538e+15 2.638310437323804e+36 3.012081790186214e+00 2.052770000000000e+39 
6.215262839463413e+15 2.641658543003691e+36 3.013308427897117e+00 2.054160000000000e+39 
6.221489253564290e+15 2.645006648683578e+36 3.014534231400858e+00 2.055560000000000e+39 
6.227715667665165e+15 2.648357915936345e+36 3.015760359091418e+00 2.056960000000000e+39 
6.233942081766041e+15 2.651709183189112e+36 3.016985654927645e+00 2.058350000000000e+39 
6.240168495866917e+15 2.655063612014759e+36 3.018211275692301e+00 2.059750000000000e+39 
6.246430087448589e+15 2.658421202413286e+36 3.019437218615757e+00 2.061150000000000e+39 
6.252656501549464e+15 2.661778792811813e+36 3.020662329976415e+00 2.062540000000000e+39 
6.258882915650339e+15 2.665139544783219e+36 3.021887766964035e+00 2.063940000000000e+39 
6.265144507232012e+15 2.668500296754626e+36 3.023112374529664e+00 2.065340000000000e+39 
6.271370921332887e+15 2.671864210298913e+36 3.024337305541356e+00 2.066739999999999e+39 
6.277632512914559e+15 2.675231285416080e+36 3.025562560125338e+00 2.068130000000000e+39 
6.283894104496231e+15 2.678601522106127e+36 3.026788135492761e+00 2.069530000000000e+39 
6.290155696077902e+15 2.681971758796173e+36 3.028012882821974e+00 2.070930000000000e+39 
6.296417287659574e+15 2.685341995486220e+36 3.029236803500783e+00 2.072330000000000e+39 
6.302678879241244e+15 2.688715393749147e+36 3.030461046346878e+00 2.073720000000000e+39 
6.308940470822917e+15 2.692091953584953e+36 3.031685611291678e+00 2.075120000000000e+39 
6.315202062404589e+15 2.695471674993640e+36 3.032910498266721e+00 2.076520000000000e+39 
6.321463653986259e+15 2.698851396402327e+36 3.034134562084472e+00 2.077920000000000e+39 
6.327725245567932e+15 2.702234279383894e+36 3.035358948659116e+00 2.079320000000000e+39 
6.334022014630399e+15 2.705617162365459e+36 3.036582511684479e+00 2.080720000000000e+39 
6.340283606212071e+15 2.709003206919907e+36 3.037806395505346e+00 2.082110000000000e+39 
6.346580375274538e+15 2.712392413047233e+36 3.039030600279185e+00 2.083510000000000e+39 
6.352877144337006e+15 2.715781619174559e+36 3.040253981974855e+00 2.084909999999999e+39 
6.359173913399473e+15 2.719173986874766e+36 3.041477682444429e+00 2.086310000000000e+39 
6.365435504981143e+15 2.722569516147853e+36 3.042701704333018e+00 2.087710000000000e+39 
6.371732274043613e+15 2.725965045420939e+36 3.043924908585107e+00 2.089110000000000e+39 
6.378029043106080e+15 2.729363736266906e+36 3.045148432300724e+00 2.090510000000000e+39 
6.384360989649344e+15 2.732762427112872e+36 3.046371135512318e+00 2.091910000000000e+39 
6.390657758711812e+15 2.736164279531719e+36 3.047594156252393e+00 2.093310000000000e+39 
6.396954527774279e+15 2.739569293523445e+36 3.048817497144250e+00 2.094700000000000e+39 
6.403251296836746e+15 2.742974307515172e+36 3.050040022935737e+00 2.096100000000000e+39 
6.409583243380010e+15 2.746382483079777e+36 3.051262866913937e+00 2.097500000000000e+39 
6.415915189923273e+15 2.749793820217264e+36 3.052486026387467e+00 2.098900000000000e+39 
6.422211958985739e+15 2.753205157354750e+36 3.053708371222757e+00 2.100300000000000e+39 
6.428543905529004e+15 2.756619656065117e+36 3.054931034926429e+00 2.101700000000000e+39 
6.434875852072268e+15 2.760034154775483e+36 3.056152883413513e+00 2.103100000000000e+39 
6.441207798615532e+15 2.763451815058729e+36 3.057375048841759e+00 2.104500000000000e+39 
6.447539745158795e+15 2.766872636914855e+36 3.058597531177226e+00 2.105900000000000e+39 
6.453871691702058e+15 2.770293458770982e+36 3.059819201207047e+00 2.107310000000000e+39 
6.460203638245321e+15 2.773717442199988e+36 3.061041188638149e+00 2.108710000000000e+39 
6.466535584788584e+15 2.777144587201874e+36 3.062263493435483e+00 2.110110000000000e+39 
6.472867531331848e+15 2.780571732203760e+36 3.063484988815982e+00 2.111510000000000e+39 
6.479234655355907e+15 2.784002038778526e+36 3.064706799620195e+00 2.112910000000000e+39 
6.485566601899171e+15 2.787435506926172e+36 3.065928926000720e+00 2.114310000000000e+39 
6.491933725923230e+15 2.790868975073819e+36 3.067150243418248e+00 2.115710000000000e+39 
6.498300849947289e+15 2.794305604794345e+36 3.068371874507823e+00 2.117110000000000e+39 
6.504667973971349e+15 2.797742234514871e+36 3.069592696064937e+00 2.118510000000000e+39 
6.510999920514612e+15 2.801182025808277e+36 3.070813834427758e+00 2.119920000000000e+39 
6.517367044538671e+15 2.804624978674563e+36 3.072035289560204e+00 2.121320000000000e+39 
6.523734168562731e+15 2.808067931540849e+36 3.073255938026012e+00 2.122720000000000e+39 
6.530136470067586e+15 2.811514045980015e+36 3.074476898922264e+00 2.124120000000000e+39 
6.536503594091646e+15 2.814963321992061e+36 3.075698172218414e+00 2.125520000000000e+39 
6.542870718115705e+15 2.818412598004107e+36 3.076918641709203e+00 2.126930000000000e+39 
6.549237842139765e+15 2.821865035589033e+36 3.078139426675049e+00 2.128330000000000e+39 
6.555640143644620e+15 2.825320634746839e+36 3.079360524684709e+00 2.129730000000000e+39 
6.562042445149475e+15 2.828776233904645e+36 3.080580816563714e+00 2.131130000000000e+39 
6.568409569173535e+15 2.832234994635330e+36 3.081801422186562e+00 2.132540000000000e+39 
6.574811870678390e+15 2.835693755366017e+36 3.083021226464600e+00 2.133940000000000e+39 
6.581214172183245e+15 2.839155677669582e+36 3.084241342422899e+00 2.135340000000000e+39 
6.587616473688100e+15 2.842620761546028e+36 3.085461770215221e+00 2.136740000000000e+39 
6.594018775192955e+15 2.846085845422474e+36 3.086681396920464e+00 2.138150000000000e+39 
6.600421076697810e+15 2.849554090871800e+36 3.087901335943602e+00 2.139550000000000e+39 
6.606823378202666e+15 2.853025497894005e+36 3.089121587251939e+00 2.140950000000000e+39 
6.613225679707521e+15 2.856496904916211e+36 3.090341040290441e+00 2.142360000000000e+39 
6.619663158693173e+15 2.859971473511296e+36 3.091560803721396e+00 2.143760000000000e+39 
6.626065460198028e+15 2.863449203679262e+36 3.092780877695126e+00 2.145170000000000e+39 
6.632502939183678e+15 2.866926933847228e+36 3.094000153657417e+00 2.146570000000000e+39 
6.638905240688534e+15 2.870407825588073e+36 3.095219740673360e+00 2.147970000000000e+39 
6.645342719674185e+15 2.873888717328919e+36 3.096438531848930e+00 2.149380000000000e+39 
6.651780198659836e+15 2.877372770642645e+36 3.097657632224485e+00 2.150780000000000e+39 
6.658217677645488e+15 2.880859985529250e+36 3.098877041952605e+00 2.152190000000000e+39 
6.664655156631137e+15 2.884347200415856e+36 3.100095656094693e+00 2.153590000000000e+39 
6.671092635616790e+15 2.887837576875341e+36 3.101314580068236e+00 2.155000000000000e+39 
6.677530114602441e+15 2.891331114907707e+36 3.102533813841662e+00 2.156400000000000e+39 
6.683967593588092e+15 2.894824652940073e+36 3.103752254811492e+00 2.157810000000000e+39 
6.690440250054539e+15 2.898321352545318e+36 3.104971003712646e+00 2.159210000000000e+39 
6.696877729040190e+15 2.901821213723444e+36 3.106190060694317e+00 2.160620000000000e+39 
6.703350385506638e+15 2.905321074901569e+36 3.107408325127389e+00 2.162020000000000e+39 
6.709787864492288e+15 2.908824097652575e+36 3.108626898117088e+00 2.163430000000000e+39 
6.716260520958736e+15 2.912330281976460e+36 3.109845779813318e+00 2.164830000000000e+39 
6.722733177425183e+15 2.915836466300345e+36 3.111063869213994e+00 2.166240000000000e+39 
6.729205833891629e+15 2.919345812197111e+36 3.112282265492638e+00 2.167650000000000e+39 
6.735678490358077e+15 2.922855158093876e+36 3.113499871618084e+00 2.169050000000000e+39 
6.742151146824524e+15 2.926367665563522e+36 3.114717785125205e+00 2.170460000000000e+39 
6.748623803290970e+15 2.929883334606047e+36 3.115936006032950e+00 2.173270000000000e+39 
6.761604293704661e+15 2.936917834263977e+36 3.118371176258491e+00 2.174680000000000e+39 
6.768076950171108e+15 2.940439826452263e+36 3.119589220989206e+00 2.176080000000000e+39 
6.774584784118351e+15 2.943961818640548e+36 3.120806478449290e+00 2.177490000000000e+39 
6.781057440584799e+15 2.947486972401713e+36 3.122024042035045e+00 2.178900000000000e+39 
6.787565274532041e+15 2.951015287735759e+36 3.123241911895236e+00 2.180310000000000e+39 
6.794073108479284e+15 2.954543603069804e+36 3.124458994851869e+00 2.181710000000000e+39 
6.800580942426527e+15 2.958075079976729e+36 3.125676382248231e+00 2.183120000000000e+39 
6.807088776373770e+15 2.961609718456534e+36 3.126894074056072e+00 2.184530000000000e+39 
6.813596610321013e+15 2.965144356936339e+36 3.128110981691063e+00 2.185940000000000e+39 
6.820104444268256e+15 2.968682156989024e+36 3.129328194235196e+00 2.187340000000000e+39 
6.826612278215500e+15 2.972219957041709e+36 3.130544624706609e+00 2.188750000000000e+39 
6.833155289643538e+15 2.975760918667274e+36 3.131761358294844e+00 2.190160000000000e+39 
6.839663123590781e+15 2.979305041865719e+36 3.132978395118080e+00 2.191570000000000e+39 
6.846206135018820e+15 2.982852326637044e+36 3.134195735119053e+00 2.192980000000000e+39 
6.852713968966063e+15 2.986399611408369e+36 3.135412293934525e+00 2.194390000000000e+39 
6.859256980394102e+15 2.989946896179694e+36 3.136628072959861e+00 2.195800000000000e+39 
6.865799991822141e+15 2.993500504096779e+36 3.137845236865711e+00 2.198610000000000e+39 
6.878886014678218e+15 3.000610881503829e+36 3.140278305434091e+00 2.200020000000000e+39 
6.885429026106257e+15 3.004167650993793e+36 3.141494211708500e+00 2.201430000000000e+39 
6.891972037534296e+15 3.007727582056639e+36 3.142710420495498e+00 2.202840000000000e+39 
6.898515048962335e+15 3.011290674692363e+36 3.143926931757206e+00 2.204250000000000e+39 
6.905058060390374e+15 3.014853767328088e+36 3.145142666816344e+00 2.205660000000000e+39 
6.911636249299209e+15 3.018420021536693e+36 3.146358702581723e+00 2.207070000000000e+39 
6.918179260727247e+15 3.021986275745297e+36 3.147573961755290e+00 2.208480000000000e+39 
6.924757449636082e+15 3.025558853099663e+36 3.148790599170924e+00 2.209890000000000e+39 
6.931335638544918e+15 3.029131430454027e+36 3.150006459034637e+00 2.211300000000000e+39 
6.937913827453752e+15 3.032704007808393e+36 3.151221542727201e+00 2.212710000000000e+39 
6.944492016362588e+15 3.036279746735637e+36 3.152436926147319e+00 2.214130000000000e+39 
6.951070205271422e+15 3.039858647235761e+36 3.153652609249712e+00 2.216950000000000e+39 
6.964226583089092e+15 3.047022771381771e+36 3.156083801372528e+00 2.218360000000000e+39 
6.970804771997924e+15 3.050607995027655e+36 3.157299311315677e+00 2.219770000000000e+39 
6.977418138387556e+15 3.054193218673540e+36 3.158514047841479e+00 2.221180000000000e+39 
6.983996327296391e+15 3.057781603892305e+36 3.159729082896758e+00 2.222590000000000e+39 
6.990609693686023e+15 3.061373150683949e+36 3.160944416455646e+00 2.224010000000000e+39 
6.997187882594857e+15 3.064964697475594e+36 3.162158979222053e+00 2.225420000000000e+39 
7.003801248984487e+15 3.068562567412998e+36 3.163374909657277e+00 2.226830000000000e+39 
7.010414615374117e+15 3.072157275777523e+36 3.164589000492836e+00 2.228240000000000e+39 
7.017027981763750e+15 3.075758307287807e+36 3.165804455875919e+00 2.229650000000000e+39 
7.023641348153380e+15 3.079359338798091e+36 3.167019141559435e+00 2.231070000000000e+39 
7.030254714543010e+15 3.082960370308376e+36 3.168233058699879e+00 2.232480000000000e+39 
7.036868080932642e+15 3.086567724964420e+36 3.169448338868289e+00 2.235310000000000e+39 
7.050129991192699e+15 3.093785595849389e+36 3.171877658442331e+00 2.236720000000000e+39 
7.056743357582329e+15 3.097396112078314e+36 3.173091699582732e+00 2.238130000000000e+39 
7.063391901452756e+15 3.101009789880118e+36 3.174306036980689e+00 2.239550000000000e+39 
7.070040445323182e+15 3.104623467681922e+36 3.175519606516825e+00 2.240960000000000e+39 
7.076688989193610e+15 3.108243468629487e+36 3.176734531622334e+00 2.242370000000000e+39 
7.083302355583240e+15 3.111863469577051e+36 3.177948692500272e+00 2.243790000000000e+39 
7.089950899453667e+15 3.115483470524615e+36 3.179162090293163e+00 2.245200000000000e+39 
7.096599443324093e+15 3.119109794617939e+36 3.180376842139371e+00 2.248030000000000e+39 
7.109931708545742e+15 3.126362442804588e+36 3.182804050749653e+00 2.249450000000000e+39 
7.116580252416168e+15 3.129991928470792e+36 3.184017567303731e+00 2.250860000000000e+39 
7.123263973767392e+15 3.133624575709876e+36 3.185231377168418e+00 2.252280000000000e+39 
7.129912517637818e+15 3.137260384521840e+36 3.186445480413653e+00 2.253690000000000e+39 
7.136596238989041e+15 3.140896193333804e+36 3.187658821967299e+00 2.256520000000000e+39 
7.149928504210690e+15 3.148177295676373e+36 3.190086384431082e+00 2.257940000000000e+39 
7.156612225561912e+15 3.151819427634097e+36 3.191299552165455e+00 2.260770000000000e+39 
7.169979668264357e+15 3.159110014695305e+36 3.193725712584964e+00 2.263600000000000e+39 
7.183382288447598e+15 3.166410086475153e+36 3.196151986937852e+00 2.265020000000000e+39 
7.190066009798821e+15 3.170077511015916e+36 3.197369760980358e+00 2.266440000000000e+39 
7.196784908630839e+15 3.173713319827880e+36 3.198576282042414e+00 2.267850000000000e+39 
7.203468629982062e+15 3.177380744368644e+36 3.199792534346716e+00 2.269270000000000e+39 
7.210187528814080e+15 3.181048168909408e+36 3.201008028624022e+00 2.270690000000000e+39 
7.216906427646099e+15 3.184683977721373e+36 3.202212291121980e+00 2.272110000000000e+39 
7.223625326478117e+15 3.188351402262137e+36 3.203426266938237e+00 2.273520000000000e+39 
7.230344225310136e+15 3.192018826802900e+36 3.204639486001930e+00 2.274940000000000e+39 
7.237063124142154e+15 3.195686251343663e+36 3.205851949180119e+00 2.277780000000000e+39 
7.250500921806190e+15 3.203052716153991e+36 3.208285056622033e+00 2.279200000000000e+39 
7.257254998119005e+15 3.206720140694755e+36 3.209495257924180e+00 2.280610000000000e+39 
7.263973896951023e+15 3.210387565235519e+36 3.210704706320919e+00 2.282030000000000e+39 
7.270727973263837e+15 3.214054989776283e+36 3.211913402796693e+00 2.283450000000000e+39 
7.277446872095856e+15 3.217754030045846e+36 3.213131762441649e+00 2.284870000000000e+39 
7.284200948408671e+15 3.221421454586610e+36 3.214338959705322e+00 2.286290000000000e+39 
7.290955024721485e+15 3.225120494856173e+36 3.215555807249266e+00 2.287710000000000e+39 
7.297709101034299e+15 3.228787919396937e+36 3.216761505641176e+00 2.289130000000000e+39 
7.304463177347112e+15 3.232486959666500e+36 3.217976843735791e+00 2.290550000000000e+39 
7.311217253659928e+15 3.236185999936064e+36 3.219191429336445e+00 2.291970000000000e+39 
7.317971329972743e+15 3.239885040205627e+36 3.220405263390248e+00 2.293390000000000e+39 
7.324725406285556e+15 3.243584080475191e+36 3.221618347270876e+00 2.294810000000000e+39 
7.331514660079166e+15 3.247283120744755e+36 3.222830679915670e+00 2.296230000000000e+39 
7.338268736391981e+15 3.250982161014318e+36 3.224042262696000e+00 2.297650000000000e+39 
7.345057990185589e+15 3.254681201283882e+36 3.225253096984920e+00 2.299070000000000e+39 
7.351847243979202e+15 3.258380241553445e+36 3.226463181557330e+00 2.300490000000000e+39 
7.358601320292016e+15 3.262079281823008e+36 3.227672520046151e+00 2.301910000000000e+39 
7.365390574085626e+15 3.265778322092572e+36 3.228881113385511e+00 2.303330000000000e+39 
7.372179827879236e+15 3.269508978090935e+36 3.230099284530854e+00 2.304760000000000e+39 
7.378969081672847e+15 3.273208018360499e+36 3.231306387771814e+00 2.306180000000000e+39 
7.385793512947252e+15 3.276938674358862e+36 3.232523056291518e+00 2.307600000000000e+39 
7.392582766740863e+15 3.280637714628425e+36 3.233728669788056e+00 2.309020000000000e+39 
7.399372020534473e+15 3.284368370626789e+36 3.234943840662204e+00 2.310440000000000e+39 
7.406196451808878e+15 3.288067410896352e+36 3.236147971596468e+00 2.311870000000000e+39 
7.412985705602489e+15 3.291798066894715e+36 3.237361647119890e+00 2.313290000000000e+39 
7.419810136876897e+15 3.295528722893078e+36 3.238574577397269e+00 2.314710000000000e+39 
7.426634568151300e+15 3.299259378891441e+36 3.239786760954175e+00 2.316130000000000e+39 
7.433423821944912e+15 3.302990034889805e+36 3.240998201390640e+00 2.317560000000000e+39 
7.440248253219319e+15 3.306720690888168e+36 3.242208900054380e+00 2.318980000000000e+39 
7.447107861974521e+15 3.310451346886531e+36 3.243418853665281e+00 2.320400000000000e+39 
7.453932293248927e+15 3.314182002884895e+36 3.244628063576215e+00 2.321830000000000e+39 
7.460756724523332e+15 3.317912658883258e+36 3.245836532939625e+00 2.323250000000000e+39 
7.467581155797739e+15 3.321674930610420e+36 3.247054498461500e+00 2.324670000000000e+39 
7.474440764552942e+15 3.325405586608783e+36 3.248261489104687e+00 2.326100000000000e+39 
7.481265195827346e+15 3.329136242607146e+36 3.249467740422829e+00 2.327520000000000e+39 
7.488124804582549e+15 3.332898514334310e+36 3.250683470753406e+00 2.328950000000000e+39 
7.494984413337751e+15 3.336629170332673e+36 3.251888246204583e+00 2.330370000000000e+39 
7.501808844612157e+15 3.340391442059836e+36 3.253102490016934e+00 2.331800000000000e+39 
7.508668453367359e+15 3.344153713786998e+36 3.254315993922104e+00 2.333220000000000e+39 
7.515528062122561e+15 3.347915985514161e+36 3.255528757036267e+00 2.334650000000000e+39 
7.522422848358560e+15 3.351646641512524e+36 3.256730592925331e+00 2.336070000000000e+39 
7.529282457113761e+15 3.355408913239688e+36 3.257941872869356e+00 2.337500000000000e+39 
7.536142065868963e+15 3.359171184966851e+36 3.259152415870416e+00 2.338920000000000e+39 
7.543036852104962e+15 3.362933456694013e+36 3.260362220487843e+00 2.340350000000000e+39 
7.549896460860162e+15 3.366695728421176e+36 3.261571288049689e+00 2.341780000000000e+39 
7.556791247096162e+15 3.370458000148339e+36 3.262779619467590e+00 2.343200000000000e+39 
7.563650855851363e+15 3.374251887604301e+36 3.263997364301332e+00 2.344630000000000e+39 
7.570545642087360e+15 3.378014159331465e+36 3.265204228127934e+00 2.346060000000000e+39 
7.577440428323360e+15 3.381776431058627e+36 3.266410357019471e+00 2.347480000000000e+39 
7.584335214559355e+15 3.385570318514590e+36 3.267625882448732e+00 2.348910000000000e+39 
7.591230000795355e+15 3.389332590241753e+36 3.268830546564148e+00 2.350340000000000e+39 
7.598124787031352e+15 3.393126477697716e+36 3.270044596888793e+00 2.351760000000000e+39 
7.605054750748147e+15 3.396920365153677e+36 3.271257909945390e+00 2.353190000000000e+39 
7.611949536984145e+15 3.400682636880841e+36 3.272460381480950e+00 2.354620000000000e+39 
7.618879500700940e+15 3.404476524336804e+36 3.273672222267366e+00 2.356050000000000e+39 
7.625774286936938e+15 3.408270411792766e+36 3.274883329178522e+00 2.357480000000000e+39 
7.632704250653731e+15 3.412064299248729e+36 3.276093703274579e+00 2.358900000000000e+39 
7.639634214370527e+15 3.415858186704691e+36 3.277303343537811e+00 2.360330000000000e+39 
7.646564178087319e+15 3.419652074160653e+36 3.278512251283920e+00 2.361760000000000e+39 
7.653494141804112e+15 3.423445961616616e+36 3.279720427669161e+00 2.363190000000000e+39 
7.660424105520905e+15 3.427239849072578e+36 3.280927873846839e+00 2.364620000000000e+39 
7.667354069237700e+15 3.431033736528541e+36 3.282134590714380e+00 2.366050000000000e+39 
7.674284032954495e+15 3.434859239713303e+36 3.283350629987415e+00 2.367480000000000e+39 
7.681249174152084e+15 3.438653127169266e+36 3.284555890847758e+00 2.368910000000000e+39 
7.688179137868878e+15 3.442447014625229e+36 3.285760423742443e+00 2.370340000000000e+39 
7.695144279066468e+15 3.446272517809991e+36 3.286974262196530e+00 2.371770000000000e+39 
7.702109420264056e+15 3.450098020994753e+36 3.288187367782483e+00 2.373200000000000e+39 
7.709039383980852e+15 3.453891908450716e+36 3.289389723573154e+00 2.374630000000000e+39 
7.716004525178442e+15 3.457717411635478e+36 3.290601369978388e+00 2.376060000000000e+39 
7.722969666376030e+15 3.461542914820240e+36 3.291812286865289e+00 2.377490000000000e+39 
7.729934807573620e+15 3.465368418005002e+36 3.293022475281418e+00 2.378920000000000e+39 
7.736899948771211e+15 3.469193921189764e+36 3.294231936521737e+00 2.380350000000000e+39 
7.743900267449596e+15 3.473019424374527e+36 3.295440669590966e+00 2.381780000000000e+39 
7.750865408647186e+15 3.476844927559289e+36 3.296648675781937e+00 2.383210000000000e+39 
7.757865727325572e+15 3.480670430744051e+36 3.297855956235639e+00 2.384650000000000e+39 
7.764830868523162e+15 3.484495933928813e+36 3.299062512087342e+00 2.386080000000000e+39 
7.771831187201547e+15 3.488321437113576e+36 3.300268344375600e+00 2.387510000000000e+39 
7.778831505879932e+15 3.492178556027137e+36 3.301483412177913e+00 2.388940000000000e+39 
7.785831824558318e+15 3.496004059211900e+36 3.302687797637032e+00 2.390370000000000e+39 
7.792832143236704e+15 3.499829562396662e+36 3.303891460709572e+00 2.391810000000000e+39 
7.799832461915089e+15 3.503686681310225e+36 3.305104344694691e+00 2.393240000000000e+39 
7.806832780593475e+15 3.507543800223786e+36 3.306316503592703e+00 2.394670000000000e+39 
7.813833099271862e+15 3.511369303408549e+36 3.307518008155871e+00 2.396110000000000e+39 
7.820868595431044e+15 3.515226422322110e+36 3.308728716969674e+00 2.397540000000000e+39 
7.827868914109429e+15 3.519083541235673e+36 3.309938702027417e+00 2.398970000000000e+39 
7.834904410268610e+15 3.522940660149235e+36 3.311147964210128e+00 2.400410000000000e+39 
7.841904728946995e+15 3.526797779062796e+36 3.312356504643156e+00 2.401840000000000e+39 
7.848940225106178e+15 3.530654897976358e+36 3.313564324603317e+00 2.403280000000000e+39 
7.855975721265358e+15 3.534512016889920e+36 3.314771423105754e+00 2.404710000000000e+39 
7.863011217424541e+15 3.538369135803481e+36 3.315977801425201e+00 2.406140000000000e+39 
7.870046713583723e+15 3.542226254717044e+36 3.317183460682041e+00 2.407580000000000e+39 
7.877082209742904e+15 3.546083373630606e+36 3.318388401899000e+00 2.409010000000000e+39 
7.884152883382882e+15 3.549972108272968e+36 3.319602495268174e+00 2.410450000000000e+39 
7.891188379542064e+15 3.553829227186529e+36 3.320806000456417e+00 2.411890000000000e+39 
7.898259053182040e+15 3.557717961828890e+36 3.322018648181901e+00 2.413320000000000e+39 
7.905294549341223e+15 3.561575080742453e+36 3.323220721707120e+00 2.414760000000000e+39 
7.912365222981200e+15 3.565463815384814e+36 3.324431928179197e+00 2.416190000000000e+39 
7.919435896621176e+15 3.569352550027177e+36 3.325642414147209e+00 2.417630000000000e+39 
7.926471392780359e+15 3.573209668940738e+36 3.326842346719073e+00 2.419070000000000e+39 
7.933542066420336e+15 3.577098403583100e+36 3.328051398179457e+00 2.420500000000000e+39 
7.940647917541110e+15 3.580987138225461e+36 3.329259730451773e+00 2.421940000000000e+39 
7.947718591181087e+15 3.584875872867823e+36 3.330467344555538e+00 2.423380000000000e+39 
7.954789264821064e+15 3.588764607510185e+36 3.331674243676536e+00 2.424810000000000e+39 
7.961859938461044e+15 3.592653342152546e+36 3.332880428919386e+00 2.426250000000000e+39 
7.968965789581817e+15 3.596542076794908e+36 3.334085899227337e+00 2.427690000000000e+39 
7.976071640702589e+15 3.600462427166069e+36 3.335300448877410e+00 2.429130000000000e+39 
7.983142314342565e+15 3.604351161808431e+36 3.336504491672125e+00 2.430560000000000e+39 
7.990248165463340e+15 3.608239896450793e+36 3.337707822749479e+00 2.432000000000000e+39 
7.997354016584113e+15 3.612160246821954e+36 3.338920219260267e+00 2.433440000000000e+39 
8.004459867704887e+15 3.616048981464316e+36 3.340122127428703e+00 2.434880000000000e+39 
8.011565718825660e+15 3.619969331835476e+36 3.341333091341459e+00 2.436320000000000e+39 
8.018671569946433e+15 3.623889682206638e+36 3.342543341060076e+00 2.440630000000000e+39 
8.040059478270344e+15 3.635619117591322e+36 3.346160054687104e+00 2.442070000000000e+39 
8.047165329391119e+15 3.639539467962483e+36 3.347367450229859e+00 2.443510000000000e+39 
8.054306357992689e+15 3.643459818333645e+36 3.348574135069899e+00 2.444950000000000e+39 
8.061447386594257e+15 3.647380168704806e+36 3.349780108310138e+00 2.446390000000000e+39 
8.068588415195827e+15 3.651300519075968e+36 3.350985370953415e+00 2.447830000000000e+39 
8.075729443797397e+15 3.655252485175929e+36 3.352199638710378e+00 2.449270000000000e+39 
8.082870472398965e+15 3.659172835547090e+36 3.353403484386598e+00 2.450710000000000e+39 
8.090011501000534e+15 3.663093185918251e+36 3.354606622679914e+00 2.455040000000000e+39 
8.111469764286040e+15 3.674917468489335e+36 3.358231185426902e+00 2.456480000000000e+39 
8.118645970368403e+15 3.678837818860496e+36 3.359431500928389e+00 2.457920000000000e+39 
8.125822176450769e+15 3.682789784960457e+36 3.360640785435526e+00 2.459360000000000e+39 
8.132998382533136e+15 3.686741751060418e+36 3.361849360291865e+00 2.460810000000000e+39 
8.140139411134704e+15 3.690693717160378e+36 3.363057228516501e+00 2.462250000000000e+39 
8.147350794697865e+15 3.694645683260340e+36 3.364264389225291e+00 2.465130000000000e+39 
8.161703206862595e+15 3.702549615460262e+36 3.366676587923585e+00 2.468020000000000e+39 
8.176090796508122e+15 3.710453547660184e+36 3.369085966226214e+00 2.469460000000000e+39 
8.183267002590487e+15 3.714405513760145e+36 3.370289599861566e+00 2.472350000000000e+39 
8.197689769716808e+15 3.722341061688867e+36 3.372704379456287e+00 2.473790000000000e+39 
8.204901153279971e+15 3.726293027788828e+36 3.373905904114615e+00 2.475240000000000e+39 
8.212077359362335e+15 3.730276609617588e+36 3.375116335900363e+00 2.478130000000000e+39 
8.226535303969453e+15 3.738212157546310e+36 3.377525485834644e+00 2.479570000000000e+39 
8.233746687532616e+15 3.742195739375071e+36 3.378733801559336e+00 2.481020000000000e+39 
8.240958071095776e+15 3.746179321203831e+36 3.379941414902514e+00 2.482460000000000e+39 
8.248204632139732e+15 3.750162903032592e+36 3.381148325048653e+00 2.483910000000000e+39 
8.255416015702894e+15 3.754114869132553e+36 3.382344959661050e+00 2.485350000000000e+39 
8.262662576746851e+15 3.758098450961314e+36 3.383550465871337e+00 2.486800000000000e+39 
8.269909137790809e+15 3.762113648518874e+36 3.384764832552218e+00 2.488240000000000e+39 
8.277155698834765e+15 3.766097230347635e+36 3.385968936795056e+00 2.489690000000000e+39 
8.284402259878722e+15 3.770080812176395e+36 3.387172341142668e+00 2.491140000000000e+39 
8.291648820922680e+15 3.774064394005156e+36 3.388375046656535e+00 2.492580000000000e+39 
8.298895381966637e+15 3.778079591562717e+36 3.389586594604297e+00 2.494030000000000e+39 
8.306141943010594e+15 3.782063173391477e+36 3.390787906458517e+00 2.495480000000000e+39 
8.313423681535347e+15 3.786078370949037e+36 3.391998049738199e+00 2.496920000000000e+39 
8.320670242579304e+15 3.790061952777798e+36 3.393197968265592e+00 2.498370000000000e+39 
8.327951981104057e+15 3.794077150335359e+36 3.394406709339185e+00 2.499820000000000e+39 
8.335233719628809e+15 3.798092347892919e+36 3.395614749431420e+00 2.501270000000000e+39 
8.342480280672766e+15 3.802075929721679e+36 3.396812584398278e+00 2.502710000000000e+39 
8.349762019197520e+15 3.806091127279240e+36 3.398019228547978e+00 2.504160000000000e+39 
8.357043757722272e+15 3.810106324836801e+36 3.399225174798772e+00 2.505610000000000e+39 
8.364325496247026e+15 3.814121522394360e+36 3.400430424254850e+00 2.507060000000000e+39 
8.371642412252575e+15 3.818136719951921e+36 3.401634976010265e+00 2.508510000000000e+39 
8.378924150777326e+15 3.822151917509482e+36 3.402838830889972e+00 2.509960000000000e+39 
8.386205889302080e+15 3.826198730795842e+36 3.404051466203970e+00 2.511410000000000e+39 
8.393522805307628e+15 3.830213928353402e+36 3.405253933629229e+00 2.512860000000000e+39 
8.400839721313179e+15 3.834229125910962e+36 3.406455705281635e+00 2.514300000000000e+39 
8.408121459837931e+15 3.838275939197322e+36 3.407666242305767e+00 2.515750000000000e+39 
8.415438375843479e+15 3.842291136754883e+36 3.408866630875986e+00 2.517200000000000e+39 
8.422755291849029e+15 3.846337950041243e+36 3.410075773835130e+00 2.518650000000000e+39 
8.430072207854578e+15 3.850353147598804e+36 3.411274779507585e+00 2.520110000000000e+39 
8.437389123860126e+15 3.854399960885163e+36 3.412482530830566e+00 2.521560000000000e+39 
8.444741217346471e+15 3.858446774171523e+36 3.413689586368320e+00 2.523010000000000e+39 
8.452058133352021e+15 3.862493587457883e+36 3.414895947166396e+00 2.524460000000000e+39 
8.459375049357569e+15 3.866508785015443e+36 3.416092196609363e+00 2.525910000000000e+39 
8.466727142843914e+15 3.870555598301804e+36 3.417297172368596e+00 2.527360000000000e+39 
8.474079236330259e+15 3.874602411588164e+36 3.418501454487259e+00 2.528810000000000e+39 
8.481396152335807e+15 3.878680840603323e+36 3.419714449367017e+00 2.530260000000000e+39 
8.488748245822152e+15 3.882727653889684e+36 3.420917351921837e+00 2.531720000000000e+39 
8.496100339308497e+15 3.886774467176044e+36 3.422119563863508e+00 2.533170000000000e+39 
8.503452432794842e+15 3.890821280462404e+36 3.423321086504729e+00 2.534620000000000e+39 
8.510839703761982e+15 3.894899709477564e+36 3.424531300911664e+00 2.536070000000000e+39 
8.518191797248327e+15 3.898946522763924e+36 3.425731444879972e+00 2.537530000000000e+39 
8.525543890734672e+15 3.903024951779083e+36 3.426940273764395e+00 2.538980000000000e+39 
8.532931161701812e+15 3.907071765065444e+36 3.428139045014010e+00 2.540430000000000e+39 
8.540283255188157e+15 3.911150194080603e+36 3.429346490376580e+00 2.541890000000000e+39 
8.547670526155296e+15 3.915228623095763e+36 3.430553246065796e+00 2.543340000000000e+39 
8.555057797122439e+15 3.919307052110923e+36 3.431759310970976e+00 2.544790000000000e+39 
8.562445068089580e+15 3.923385481126082e+36 3.432964686485203e+00 2.546250000000000e+39 
8.569832339056720e+15 3.927432294412443e+36 3.434160034314181e+00 2.547700000000000e+39 
8.577219610023860e+15 3.931542339156402e+36 3.435373366569095e+00 2.549160000000000e+39 
8.584606880991002e+15 3.935620768171562e+36 3.436576679544473e+00 2.550609999999999e+39 
8.592029329438938e+15 3.939699197186722e+36 3.437779305023664e+00 2.552070000000000e+39 
8.599416600406077e+15 3.943777626201881e+36 3.438981244386488e+00 2.553520000000000e+39 
8.606839048854015e+15 3.947856055217041e+36 3.440182498432744e+00 2.554980000000000e+39 
8.614226319821156e+15 3.951966099961000e+36 3.441392375372893e+00 2.556430000000000e+39 
8.621648768269092e+15 3.956044528976160e+36 3.442592262649629e+00 2.557890000000000e+39 
8.629071216717030e+15 3.960154573720119e+36 3.443800762279374e+00 2.559350000000000e+39 
8.636493665164967e+15 3.964233002735279e+36 3.444999283115611e+00 2.560800000000000e+39 
8.643916113612902e+15 3.968343047479239e+36 3.446206407678712e+00 2.562260000000000e+39 
8.651338562060839e+15 3.972453092223198e+36 3.447412846570420e+00 2.563710000000000e+39 
8.658761010508775e+15 3.976563136967158e+36 3.448618600941343e+00 2.565170000000000e+39 
8.666218636437508e+15 3.980641565982317e+36 3.449814399726530e+00 2.566630000000000e+39 
8.673641084885445e+15 3.984751610726277e+36 3.451018783592122e+00 2.568090000000000e+39 
8.681098710814177e+15 3.988861655470236e+36 3.452222484147077e+00 2.569540000000000e+39 
8.688556336742909e+15 3.993003315942995e+36 3.453434754581361e+00 2.571000000000000e+39 
8.695978785190847e+15 3.997113360686955e+36 3.454637089975044e+00 2.572460000000000e+39 
8.703436411119578e+15 4.001223405430914e+36 3.455838744879261e+00 2.573920000000000e+39 
8.710894037048310e+15 4.005333450174874e+36 3.457039718556651e+00 2.575380000000000e+39 
8.718386840457839e+15 4.009475110647633e+36 3.458249243731757e+00 2.576830000000000e+39 
8.725844466386572e+15 4.013585155391592e+36 3.459448855163420e+00 2.578290000000000e+39 
8.733302092315304e+15 4.017726815864352e+36 3.460657011439807e+00 2.579750000000000e+39 
8.740794895724831e+15 4.021836860608311e+36 3.461855266438338e+00 2.581210000000000e+39 
8.748252521653566e+15 4.025978521081070e+36 3.463062055777032e+00 2.582670000000000e+39 
8.755745325063094e+15 4.030120181553829e+36 3.464268163901752e+00 2.584130000000000e+39 
8.763238128472622e+15 4.034230226297789e+36 3.465464387443860e+00 2.585590000000000e+39 
8.770695754401355e+15 4.038371886770547e+36 3.466669132857027e+00 2.587050000000000e+39 
8.778188557810883e+15 4.042513547243307e+36 3.467873199850913e+00 2.588509999999999e+39 
8.785681361220412e+15 4.046655207716066e+36 3.469076587480748e+00 2.589970000000000e+39 
8.793209342110737e+15 4.050796868188825e+36 3.470279295027276e+00 2.591430000000000e+39 
8.800702145520264e+15 4.054938528661584e+36 3.471481323277651e+00 2.592890000000000e+39 
8.808194948929794e+15 4.059111804863143e+36 3.472691846272287e+00 2.594350000000000e+39 
8.815722929820116e+15 4.063253465335902e+36 3.473892521776436e+00 2.595820000000000e+39 
8.823215733229646e+15 4.067395125808662e+36 3.475092520896491e+00 2.597280000000000e+39 
8.830743714119970e+15 4.071568402010220e+36 3.476301000550226e+00 2.598740000000000e+39 
8.838271695010294e+15 4.075710062482980e+36 3.477499649379672e+00 2.600200000000000e+39 
8.845799675900618e+15 4.079883338684539e+36 3.478706768285543e+00 2.601660000000000e+39 
8.853327656790943e+15 4.084056614886097e+36 3.479913208919541e+00 2.603130000000000e+39 
8.860855637681264e+15 4.088198275358856e+36 3.481109837070604e+00 2.604590000000000e+39 
8.868383618571591e+15 4.092371551560415e+36 3.482314922995984e+00 2.606050000000000e+39 
8.875946776942711e+15 4.096544827761974e+36 3.483519331710541e+00 2.607510000000000e+39 
8.883474757833036e+15 4.100718103963533e+36 3.484723064125088e+00 2.608980000000000e+39 
8.891037916204155e+15 4.104891380165091e+36 3.485926121233075e+00 2.610440000000000e+39 
8.898565897094481e+15 4.109064656366650e+36 3.487128504023316e+00 2.611910000000000e+39 
8.906129055465600e+15 4.113237932568209e+36 3.488330213403292e+00 2.613370000000000e+39 
8.913692213836722e+15 4.117442824498567e+36 3.489540347708189e+00 2.614830000000000e+39 
8.921255372207840e+15 4.121616100700127e+36 3.490740710549112e+00 2.616300000000000e+39 
8.928818530578963e+15 4.125789376901685e+36 3.491940401028558e+00 2.617760000000000e+39 
8.936381688950082e+15 4.129994268832044e+36 3.493148504376524e+00 2.619230000000000e+39 
8.943980024801997e+15 4.134167545033603e+36 3.494346852583090e+00 2.620690000000000e+39 
8.951543183173118e+15 4.138372436963961e+36 3.495553603556077e+00 2.622160000000000e+39 
8.959141519025034e+15 4.142545713165520e+36 3.496750611646269e+00 2.623620000000000e+39 
8.966704677396154e+15 4.146750605095878e+36 3.497956014114544e+00 2.625090000000000e+39 
8.974303013248070e+15 4.150955497026237e+36 3.499160744251417e+00 2.626560000000000e+39 
8.981901349099987e+15 4.155160388956595e+36 3.500364801009613e+00 2.628020000000000e+39 
8.989499684951902e+15 4.159365280886954e+36 3.501568185503255e+00 2.629490000000000e+39 
8.997098020803819e+15 4.163570172817312e+36 3.502770898713268e+00 2.630950000000000e+39 
9.004696356655734e+15 4.167775064747671e+36 3.503972941746583e+00 2.632420000000000e+39 
9.012329869988446e+15 4.171979956678029e+36 3.505174313774924e+00 2.633890000000000e+39 
9.019928205840364e+15 4.176184848608387e+36 3.506375015566311e+00 2.635360000000000e+39 
9.027526541692278e+15 4.180421356267546e+36 3.507584073260403e+00 2.636820000000000e+39 
9.035160055024990e+15 4.184626248197904e+36 3.508783440190627e+00 2.638290000000000e+39 
9.042793568357704e+15 4.188862755857063e+36 3.509991151240642e+00 2.639760000000000e+39 
9.050427081690416e+15 4.193067647787421e+36 3.511189182116718e+00 2.644160000000000e+39 
9.073327621688548e+15 4.205745555036096e+36 3.514797271417768e+00 2.645630000000000e+39 
9.080961135021262e+15 4.209982062695254e+36 3.516001629377826e+00 2.647100000000000e+39 
9.088594648353976e+15 4.214218570354412e+36 3.517205319807593e+00 2.648570000000000e+39 
9.096263339167482e+15 4.218455078013571e+36 3.518408341937203e+00 2.651510000000000e+39 
9.111565543313704e+15 4.226928093331888e+36 3.520812383091598e+00 2.654450000000000e+39 
9.126902924940718e+15 4.235432724379003e+36 3.523222721018860e+00 2.655920000000000e+39 
9.134571615754226e+15 4.239669232038161e+36 3.524422411761679e+00 2.657390000000000e+39 
9.142240306567736e+15 4.243905739697320e+36 3.525621438238742e+00 2.658860000000000e+39 
9.149908997381244e+15 4.248173863085278e+36 3.526828745029345e+00 2.660340000000000e+39 
9.157612865675548e+15 4.252410370744435e+36 3.528026445341736e+00 2.666220000000000e+39 
9.188357983891170e+15 4.269451248567467e+36 3.532837396797014e+00 2.672110000000000e+39 
9.219173457068386e+15 4.286555357848099e+36 3.537655556258823e+00 2.676530000000000e+39 
9.242355416912888e+15 4.299359728011972e+36 3.541255537454945e+00 2.679480000000000e+39 
9.257798330982292e+15 4.307927590516687e+36 3.543661097776512e+00 2.682430000000000e+39 
9.273276422532492e+15 4.316527068750203e+36 3.546072880139606e+00 2.689810000000000e+39 
9.312042006369582e+15 4.337994148605191e+36 3.552081893879619e+00 2.692760000000000e+39 
9.327555275400578e+15 4.346593626838706e+36 3.554484417398640e+00 2.698670000000000e+39 
9.358652168424160e+15 4.363855814763336e+36 3.559299207552661e+00 2.701620000000000e+39 
9.374235792416750e+15 4.372486908725650e+36 3.561702649841827e+00 2.703100000000000e+39 
9.382045193153440e+15 4.376818263571207e+36 3.562907782228985e+00 2.709020000000000e+39 
9.413247618619410e+15 4.394112067224637e+36 3.567712940774603e+00 2.714930000000000e+39 
9.444520399046972e+15 4.411469102335666e+36 3.572525146716867e+00 2.716410000000000e+39 
9.452329799783664e+15 4.415800457181224e+36 3.573724371331667e+00 2.717900000000000e+39 
9.460174378001152e+15 4.420163427755580e+36 3.574931691624314e+00 2.719380000000000e+39 
9.468018956218638e+15 4.424494782601138e+36 3.576129609353633e+00 2.720860000000000e+39 
9.475863534436126e+15 4.428857753175494e+36 3.577335613232349e+00 2.722340000000000e+39 
9.483708112653614e+15 4.433220723749851e+36 3.578540960735781e+00 2.725300000000000e+39 
9.499397269088590e+15 4.441915049169766e+36 3.580940962801975e+00 2.726780000000000e+39 
9.507277024786872e+15 4.446278019744123e+36 3.582144344448415e+00 2.732710000000000e+39 
9.538725692618414e+15 4.463729902041550e+36 3.586951328672203e+00 2.734200000000000e+39 
9.546605448316698e+15 4.468124488344707e+36 3.588160142932068e+00 2.735680000000000e+39 
9.554485204014980e+15 4.472487458919064e+36 3.589359609353108e+00 2.737160000000000e+39 
9.562364959713264e+15 4.476882045222221e+36 3.590567112468671e+00 2.741620000000000e+39 
9.586039404288910e+15 4.490002572674091e+36 3.594168343495071e+00 2.743100000000000e+39 
9.593954337467990e+15 4.494397158977247e+36 3.595373231672056e+00 2.749040000000000e+39 
9.625578892703510e+15 4.511975504189874e+36 3.600186267543619e+00 2.753500000000000e+39 
9.649358869721544e+15 4.525159263099344e+36 3.603789219432088e+00 2.754990000000000e+39 
9.657308980381420e+15 4.529585465131300e+36 3.604997536860117e+00 2.756470000000000e+39 
9.665223913560498e+15 4.533980051434457e+36 3.606196576098355e+00 2.757960000000000e+39 
9.673174024220376e+15 4.538406253466413e+36 3.607403590567715e+00 2.759450000000000e+39 
9.681124134880250e+15 4.542800839769570e+36 3.608601336447913e+00 2.760940000000000e+39 
9.689074245540126e+15 4.547227041801526e+36 3.609807048531644e+00 2.762430000000000e+39 
9.697024356200000e+15 4.551621628104683e+36 3.611003503336683e+00 2.765400000000000e+39 
9.712924577519750e+15 4.560474032168595e+36 3.613411681992829e+00 2.766890000000000e+39 
9.720909865660420e+15 4.564900234200552e+36 3.614614799072151e+00 2.768380000000000e+39 
9.728859976320296e+15 4.569326436232508e+36 3.615817268620993e+00 2.771360000000000e+39 
9.744830552601640e+15 4.578178840296421e+36 3.618220267037500e+00 2.772850000000000e+39 
9.752815840742310e+15 4.582636658057176e+36 3.619429371926355e+00 2.774340000000000e+39 
9.760801128882982e+15 4.587062860089133e+36 3.620629256355062e+00 2.777320000000000e+39 
9.776771705164324e+15 4.595946879881846e+36 3.623035655985862e+00 2.781790000000000e+39 
9.800797924547930e+15 4.609288717435313e+36 3.626644688756253e+00 2.784780000000000e+39 
9.816803678310066e+15 4.618204352956826e+36 3.629053179962733e+00 2.787760000000000e+39 
9.832844609553000e+15 4.627119988478338e+36 3.631459092321782e+00 2.789260000000000e+39 
9.840865075174468e+15 4.631577806239094e+36 3.632661082530710e+00 2.790750000000000e+39 
9.848920718276732e+15 4.636035623999850e+36 3.633862428437455e+00 2.792240000000000e+39 
9.856941183898198e+15 4.640493441760605e+36 3.635063130754558e+00 2.793740000000000e+39 
9.864961649519664e+15 4.644982875250162e+36 3.636271703591594e+00 2.795230000000000e+39 
9.873017292621926e+15 4.649440693010917e+36 3.637471124062557e+00 2.796720000000000e+39 
9.881072935724190e+15 4.653898510771674e+36 3.638669902047014e+00 2.798220000000000e+39 
9.889128578826454e+15 4.658387944261229e+36 3.639876536367861e+00 2.799710000000000e+39 
9.897184221928718e+15 4.662877377750786e+36 3.641082526334086e+00 2.801210000000000e+39 
9.905239865030980e+15 4.667335195511541e+36 3.642279384042205e+00 2.805690000000000e+39 
9.929441971818566e+15 4.680803495980208e+36 3.645891562692577e+00 2.807190000000000e+39 
9.937532792401624e+15 4.685292929469764e+36 3.647094338101332e+00 2.813180000000000e+39 
9.969860897253062e+15 4.703282279156786e+36 3.651907486996299e+00 2.814680000000000e+39 
9.977951717836122e+15 4.707803328375142e+36 3.653115511399531e+00 2.816170000000000e+39 
9.986077715899974e+15 4.712292761864697e+36 3.654314448902754e+00 2.819170000000000e+39 
1.000229453454689e+16 4.721334860301409e+36 3.656727280266538e+00 1.421338373580294e-18 
