		1125
1.00000065876E+03 3.45915933143E+17 1.00000104365E+00 5.97040375333E+26
1.872849077574142e+09 1.844145460885801e+27 1.000141067268386e+00 1.259000000000000e+33 
2.105372225635094e+09 2.039530664867873e+27 1.000250505109917e+00 1.413000000000000e+33 
2.363926709485018e+09 2.289611079673405e+27 1.000374979884348e+00 1.585000000000000e+33 
2.652733826819423e+09 2.570042594126638e+27 1.000498713626335e+00 1.778000000000000e+33 
2.963350982247290e+09 3.256420066367864e+27 1.000771668577642e+00 1.995000000000000e+33 
3.330603881756570e+09 3.398690845966460e+27 1.000822179946230e+00 2.239000000000000e+33 
3.739366208605021e+09 3.787564310202623e+27 1.000943886031750e+00 2.512000000000000e+33 
4.200191207031415e+09 4.568472811554917e+27 1.001162928566764e+00 2.818000000000000e+33 
4.717300174731263e+09 5.039547170670268e+27 1.001280880279221e+00 3.162000000000000e+33 
5.287175363624973e+09 5.820455672022561e+27 1.001454797927934e+00 3.548000000000000e+33 
5.937958758349272e+09 6.357923061617257e+27 1.001561586891454e+00 3.981000000000000e+33 
6.659097114665384e+09 7.306394925607895e+27 1.001727958783589e+00 4.466999999999999e+33 
7.450590432573316e+09 9.905207832942254e+27 1.002138075590283e+00 5.012000000000000e+33 
8.368722681346515e+09 1.152077157460631e+28 1.002366610439853e+00 5.623000000000000e+33 
9.385351876348253e+09 1.366115641434519e+28 1.002635528767569e+00 6.310000000000000e+33 
1.053213775029486e+10 1.540950621696793e+28 1.002831745142391e+00 7.079000000000000e+33 
1.181963354742509e+10 1.724005691446987e+28 1.003014342069830e+00 7.943000000000000e+33 
1.326191026005732e+10 1.969027589644569e+28 1.003231599905126e+00 8.912999999999998e+33 
1.488007437666908e+10 2.390465254544410e+28 1.003565837833436e+00 1.000000000000000e+34 
1.670930337805630e+10 2.651611174429833e+28 1.003750636066662e+00 1.122000000000000e+34 
1.874607951613938e+10 3.124266319985168e+28 1.004048149754428e+00 1.259000000000000e+34 
2.103965126403257e+10 3.452437584925930e+28 1.004232657027709e+00 1.413000000000000e+34 
2.361464285829304e+10 3.942481381321094e+28 1.004477392814257e+00 1.585000000000000e+34 
2.649216078739832e+10 4.511564499715478e+28 1.004732800726253e+00 1.778000000000000e+34 
2.967924054750758e+10 4.593765394594667e+28 1.004765510625987e+00 1.995000000000000e+34 
3.336584053491874e+10 6.247268010818350e+28 1.005347848984036e+00 2.239000000000000e+34 
3.746401704764202e+10 7.135669990089583e+28 1.005629720689829e+00 2.512000000000000e+34 
4.200191207031416e+10 8.163181176079442e+28 1.005919014813224e+00 3.162000000000000e+34 
5.283657615545382e+10 9.807199073663217e+28 1.006303623223213e+00 3.548000000000000e+34 
5.941476506428862e+10 1.436934873945820e+29 1.007213642882529e+00 3.981000000000000e+34 
6.666132610824567e+10 1.522297341704977e+29 1.007365791121766e+00 4.467000000000000e+34 
7.478732417210039e+10 1.743291286014796e+29 1.007715817785938e+00 5.012000000000000e+34 
8.382793673664877e+10 1.818536720558054e+29 1.007822100105220e+00 5.623000000000001e+34 
9.427564853303345e+10 2.675639128317596e+29 1.008894186921847e+00 6.310000000000001e+34 
1.058138622340913e+11 3.121104747105200e+29 1.009396163968874e+00 7.079000000000001e+34 
1.187239976861895e+11 3.578900500124682e+29 1.009852116671311e+00 7.943000000000000e+34 
1.333930071780832e+11 4.442009896356165e+29 1.010619777821864e+00 8.912999999999999e+34 
1.496801807865886e+11 4.985800431710798e+29 1.011051405447628e+00 1.000000000000000e+35 
1.680428257620526e+11 5.943757014341345e+29 1.011726679548140e+00 1.122000000000000e+35 
1.887271844700464e+11 7.100892688409925e+29 1.012455454137864e+00 1.259000000000000e+35 
2.118036118721621e+11 8.115757582879911e+29 1.013024848567742e+00 1.413000000000000e+35 
2.379053026227259e+11 9.570081107665559e+29 1.013751119535860e+00 1.585000000000000e+35 
2.669619017601458e+11 1.111609024597030e+30 1.014439005628907e+00 1.778000000000000e+35 
2.998880237851157e+11 1.342087687546756e+30 1.015350959723531e+00 1.995000000000000e+35 
3.372465083903700e+11 1.720844118567018e+30 1.016690942579606e+00 2.239000000000000e+35 
3.781579185560110e+11 1.882716650021420e+30 1.017202052915442e+00 2.512000000000000e+35 
4.249439680145687e+11 2.292772652553374e+30 1.018351046883697e+00 2.818000000000000e+35 
4.770066395925125e+11 2.638964882909957e+30 1.019217116091781e+00 3.162000000000000e+35 
5.361048073296380e+11 3.159675936240819e+30 1.020373902769656e+00 3.548000000000000e+35 
6.029420208418632e+11 3.983581828760688e+30 1.022009522348234e+00 3.981000000000000e+35 
6.761111808973518e+11 4.419878886196383e+30 1.022781362991178e+00 4.467000000000000e+35 
7.601853599995720e+11 5.466359509466056e+30 1.024425146922237e+00 5.012000000000000e+35 
8.548127833405646e+11 6.737311807213513e+30 1.026211581757796e+00 5.623000000000000e+35 
9.585863516884932e+11 7.363303237447335e+30 1.026994601134919e+00 6.310000000000000e+35 
1.077838011586621e+12 9.054744728230645e+30 1.028874204184182e+00 7.079000000000000e+35 
1.211160663803113e+12 1.092639587317217e+31 1.030734261578676e+00 7.943000000000000e+35 
1.359609632761844e+12 1.249453602163670e+31 1.032122275597432e+00 8.913000000000000e+35 
1.527406216158326e+12 1.482461523417370e+31 1.033956976273217e+00 1.000000000000000e+36 
1.716309288032351e+12 1.781546317862419e+31 1.036060407878830e+00 1.122000000000000e+36 
1.927374172807800e+12 2.036369091987904e+31 1.037656983441548e+00 1.259000000000000e+36 
2.166229267412015e+12 2.441682735199905e+31 1.039917554209304e+00 1.413000000000000e+36 
2.433929896268875e+12 2.890309926867478e+31 1.042153443944549e+00 1.585000000000000e+36 
2.730827834186338e+12 3.253258493487896e+31 1.043764779077599e+00 1.778000000000000e+36 
3.066772775787260e+12 3.850795767801998e+31 1.046126536611834e+00 1.995000000000000e+36 
3.447393117998985e+12 4.625381123394355e+31 1.048864157345295e+00 2.239000000000000e+36 
3.869522887549880e+12 5.197625814668709e+31 1.050666143841509e+00 2.512000000000000e+36 
4.351454374453820e+12 6.247268010818349e+31 1.053606411089487e+00 2.818000000000000e+36 
4.889669830631212e+12 7.518220308565806e+31 1.056791616696425e+00 3.162000000000000e+36 
5.484169256082058e+12 8.324421392957851e+31 1.058594378349026e+00 3.548000000000000e+36 
6.159576887363491e+12 9.778744917743498e+31 1.061483461251832e+00 3.981000000000000e+36 
6.936999212953059e+12 1.210566255740054e+32 1.065622399861765e+00 4.466999999999999e+36 
7.770705507816078e+12 1.304464970275127e+32 1.067113311933614e+00 5.012000000000000e+36 
8.738086229703549e+12 1.578889496256419e+32 1.070992732962849e+00 5.623000000000000e+36 
9.796928401660381e+12 1.740129713134828e+32 1.073030000827867e+00 6.309999999999999e+36 
1.102462248143757e+13 2.110033740091177e+32 1.077186943156841e+00 7.079000000000000e+36 
1.240709747671675e+13 2.564984077518688e+32 1.081764279801272e+00 7.943000000000000e+36 
1.389510491438366e+13 2.791036538436457e+32 1.083791088923685e+00 8.913000000000000e+36 
1.566101445033824e+13 3.439791293406055e+32 1.088964696488913e+00 1.000000000000000e+37 
1.763798887106827e+13 4.201730357478536e+32 1.094401130468430e+00 1.122000000000000e+37 
1.978029745153907e+13 4.663319997953980e+32 1.097336407699425e+00 1.259000000000000e+37 
2.227086309188936e+13 5.652892309384215e+32 1.102947039033215e+00 1.413000000000000e+37 
2.500063560165182e+13 6.332630478577507e+32 1.106387058241347e+00 1.585000000000000e+37 
2.817364436944272e+13 7.767984566083342e+32 1.112850801681213e+00 1.778000000000000e+37 
3.177933615102329e+13 9.573242680545527e+32 1.120121428660930e+00 1.995000000000000e+37 
3.559961056545890e+13 1.049958353437639e+33 1.123462769616130e+00 2.239000000000000e+37 
3.989126322255968e+13 1.162510347964528e+33 1.127082320049651e+00 2.512000000000000e+37 
4.467540061080316e+13 1.275694657067411e+33 1.130344846026295e+00 2.818000000000000e+37 
5.002237769178118e+13 1.401209100402172e+33 1.133584228379828e+00 3.162000000000000e+37 
5.607290438867736e+13 1.554229227792662e+33 1.137122501121482e+00 3.548000000000000e+37 
6.279180322069579e+13 1.709462456199130e+33 1.140337556496182e+00 3.980999999999999e+37 
7.042531655340780e+13 1.900105300861249e+33 1.143871844608301e+00 4.467000000000000e+37 
7.886791194442577e+13 2.095806662131318e+33 1.147120130103924e+00 5.011999999999999e+37 
8.843618672091272e+13 2.337666987448931e+33 1.150713674874054e+00 5.623000000000000e+37 
9.902460844048100e+13 2.589012031406451e+33 1.154057528402048e+00 6.309999999999999e+37 
1.110553068726816e+14 2.903272375675350e+33 1.157798427420997e+00 7.079000000000000e+37 
1.245282820175143e+14 3.269066357887739e+33 1.161696165465317e+00 7.943000000000000e+37 
1.395138888365711e+14 3.664262967883840e+33 1.165464163323008e+00 8.913000000000000e+37 
1.564694345801988e+14 4.170114628678848e+33 1.169778861683732e+00 1.000000000000000e+38 
1.755004516907851e+14 4.773975048752889e+33 1.174388268732894e+00 1.122000000000000e+38 
1.966772951299217e+14 5.469521082346026e+33 1.179138353004532e+00 1.259000000000000e+38 
2.206683370327309e+14 6.367407780257165e+33 1.184623876172528e+00 1.413000000000000e+38 
2.476846422839882e+14 7.486604579766120e+33 1.190759577251638e+00 1.561190000000000e+38 
2.668268202338896e+14 7.861725201974417e+33 1.192625947660026e+00 1.579930000000000e+38 
2.701363176271686e+14 8.134695404430921e+33 1.193931868618652e+00 1.598490000000000e+38 
2.734169694861950e+14 8.410542638208202e+33 1.195236739115382e+00 1.616860000000000e+38 
2.766694793605846e+14 8.689298519035052e+33 1.196540223655542e+00 1.635070000000000e+38 
2.798956061243773e+14 8.970868199725070e+33 1.197842054500794e+00 1.653110000000000e+38 
2.830957015523811e+14 9.255283296007066e+33 1.199142545596017e+00 1.670990000000000e+38 
2.862715245186357e+14 9.542480576423432e+33 1.200441566282368e+00 1.688720000000000e+38 
2.894234267979491e+14 9.832491656702970e+33 1.201739409157822e+00 1.706310000000000e+38 
2.925524637147451e+14 1.012525330538808e+34 1.203035934245063e+00 1.723750000000000e+38 
2.956596905934476e+14 1.042076552247876e+34 1.204331277611450e+00 1.741050000000000e+38 
2.987454592088646e+14 1.071899669224622e+34 1.205625430760009e+00 1.758220000000000e+38 
3.018108248854201e+14 1.101991519896165e+34 1.206918381829146e+00 1.775260000000000e+38 
3.048561393979218e+14 1.132355265835385e+34 1.208210385216390e+00 1.792170000000000e+38 
3.078824580707938e+14 1.162981422323643e+34 1.209501151615190e+00 1.808970000000000e+38 
3.108904844536519e+14 1.193876312506698e+34 1.210791055808969e+00 1.825640000000000e+38 
3.138805703213041e+14 1.225030451665911e+34 1.212079805820446e+00 1.842210000000000e+38 
3.168530674485583e+14 1.256450162947041e+34 1.213367764116879e+00 1.858660000000000e+38 
3.198093829346464e+14 1.288125961631448e+34 1.214654637136606e+00 1.875000000000000e+38 
3.227491650047604e+14 1.320064170864893e+34 1.215940773320367e+00 1.891240000000000e+38 
3.256731172085163e+14 1.352255305928736e+34 1.217225880337726e+00 1.907380000000000e+38 
3.285822948703379e+14 1.384702528395855e+34 1.218510169779581e+00 1.923420000000000e+38 
3.314763462154172e+14 1.417402676693372e+34 1.219793598470959e+00 1.939370000000000e+38 
3.343566783429862e+14 1.450355750821287e+34 1.221076244982281e+00 1.955220000000000e+38 
3.372225877034288e+14 1.483558589206720e+34 1.222358062429567e+00 1.970980000000000e+38 
3.400754813959769e+14 1.517011191849670e+34 1.223639124605920e+00 1.986650000000000e+38 
3.429150076458227e+14 1.550713558750137e+34 1.224919501448240e+00 2.002230000000000e+38 
3.457422217773898e+14 1.584659366762362e+34 1.226199021405676e+00 2.017740000000000e+38 
3.485571237906784e+14 1.618851777459225e+34 1.227477869448848e+00 2.033160000000000e+38 
3.513600654604963e+14 1.653287629267844e+34 1.228755991218203e+00 2.048500000000000e+38 
3.541528056608834e+14 1.687966922188222e+34 1.230033445351861e+00 2.063760000000000e+38 
3.569318266437601e+14 1.722886494647478e+34 1.231310177190530e+00 2.078950000000000e+38 
3.597002943823981e+14 1.758046346645611e+34 1.232586248680299e+00 2.094060000000000e+38 
3.624582088767973e+14 1.793443316609741e+34 1.233861600067950e+00 2.109100000000000e+38 
3.652055701269578e+14 1.829080566112750e+34 1.235136399870592e+00 2.124070000000000e+38 
3.679458958809589e+14 1.864954933581756e+34 1.236410581052823e+00 2.138970000000000e+38 
3.706721506426418e+14 1.901063257443880e+34 1.237684085013156e+00 2.153810000000000e+38 
3.733913699081655e+14 1.937405537699121e+34 1.238956965333525e+00 2.168580000000000e+38 
3.761035536775300e+14 1.973981774347480e+34 1.240229260315417e+00 2.183280000000000e+38 
3.788016664545762e+14 2.010788805816077e+34 1.241500912622236e+00 2.197930000000000e+38 
3.814962614835427e+14 2.047826632104911e+34 1.242771967311443e+00 2.212510000000000e+38 
3.841803032682705e+14 2.085098414786863e+34 1.244042569546766e+00 2.227030000000000e+38 
3.868537918087595e+14 2.122594669143293e+34 1.245312446741838e+00 2.241490000000000e+38 
3.895202448530894e+14 2.160321718319961e+34 1.246581856562024e+00 2.255900000000000e+38 
3.921796624012600e+14 2.198276400743986e+34 1.247850728819920e+00 2.270250000000000e+38 
3.948320444532714e+14 2.236455554842490e+34 1.249118994894720e+00 2.284540000000000e+38 
3.974773910091237e+14 2.274859180615471e+34 1.250386691247749e+00 2.298790000000000e+38 
4.001121843207372e+14 2.313490439635810e+34 1.251653963976933e+00 2.312970000000000e+38 
4.027434598842712e+14 2.352343008757746e+34 1.252920640976021e+00 2.327110000000000e+38 
4.053676999516459e+14 2.391416887981280e+34 1.254186751549985e+00 2.341200000000000e+38 
4.079813867747819e+14 2.430715238879293e+34 1.255452439198200e+00 2.355240000000000e+38 
4.105915558498382e+14 2.470231738306023e+34 1.256717534610731e+00 2.369230000000000e+38 
4.131946894287354e+14 2.509969547834350e+34 1.257982167786862e+00 2.383170000000000e+38 
4.157943052595531e+14 2.549925505891396e+34 1.259246266311383e+00 2.397070000000000e+38 
4.183833678461318e+14 2.590099612477160e+34 1.260509864227658e+00 2.410920000000000e+38 
4.209689126846311e+14 2.630491867591641e+34 1.261772995281507e+00 2.424730000000000e+38 
4.235509397750507e+14 2.671102271234841e+34 1.263035680739093e+00 2.438490000000000e+38 
4.261259313693112e+14 2.711924500260998e+34 1.264297751972324e+00 2.452220000000000e+38 
4.286938874674124e+14 2.752964877815873e+34 1.265559437586033e+00 2.465900000000000e+38 
4.312583258174342e+14 2.794220242326585e+34 1.266820666369630e+00 2.479540000000000e+38 
4.338157286712968e+14 2.835687432220256e+34 1.268081368560512e+00 2.493130000000000e+38 
4.363696137770796e+14 2.877366447496885e+34 1.269341571018920e+00 2.506689999999999e+38 
4.389164633867034e+14 2.919260449729351e+34 1.270601395681762e+00 2.520220000000000e+38 
4.414633129963271e+14 2.961363115771896e+34 1.271860673215263e+00 2.533700000000000e+38 
4.440031271097917e+14 3.003677607197398e+34 1.273119518722664e+00 2.547150000000000e+38 
4.465359057270970e+14 3.046203924005859e+34 1.274377963517546e+00 2.560560000000000e+38 
4.490686843444024e+14 3.088935743051517e+34 1.275635840606748e+00 2.573930000000000e+38 
4.515944274655486e+14 3.131879387480133e+34 1.276893356256146e+00 2.587270000000000e+38 
4.541166528386152e+14 3.175041180437467e+34 1.278150719454022e+00 2.600580000000001e+38 
4.566353604636022e+14 3.218386344621840e+34 1.279406938290018e+00 2.613849999999999e+38 
4.591470325924299e+14 3.261952818907810e+34 1.280663138848320e+00 2.627090000000000e+38 
4.616587047212578e+14 3.305708987566578e+34 1.281918429350295e+00 2.653470000000000e+38 
4.666679779865951e+14 3.393885255188908e+34 1.284429069856373e+00 2.666610000000000e+38 
4.691690968711842e+14 3.438273738423669e+34 1.285683555488405e+00 2.679730000000000e+38 
4.716666980076935e+14 3.482851916031230e+34 1.286937211680998e+00 2.692810000000000e+38 
4.741607813961236e+14 3.527651403740388e+34 1.288190946151402e+00 2.705870000000000e+38 
4.766513470364739e+14 3.572640585822344e+34 1.289443892134195e+00 2.718890000000000e+38 
4.791383949287446e+14 3.617851078005897e+34 1.290696947868464e+00 2.731890000000000e+38 
4.816219250729356e+14 3.663251264562249e+34 1.291949254683487e+00 2.744860000000000e+38 
4.841019374690472e+14 3.708841145491400e+34 1.293200833875755e+00 2.757800000000000e+38 
4.865819498651587e+14 3.754652336522147e+34 1.294452565697185e+00 2.770720000000000e+38 
4.890549267651111e+14 3.800621606196894e+34 1.295702743085065e+00 2.783610000000000e+38 
4.915279036650634e+14 3.846843801702038e+34 1.296953962698313e+00 2.796470000000000e+38 
4.940008805650157e+14 3.893224075851180e+34 1.298203663649030e+00 2.809310000000000e+38 
4.964668219688089e+14 3.939825660101920e+34 1.299453569881661e+00 2.822120000000000e+38 
4.989327633726020e+14 3.986616938725459e+34 1.300702849508416e+00 2.834910000000000e+38 
5.013951870283155e+14 4.033629527450595e+34 1.301952357801139e+00 2.847680000000000e+38 
5.038576106840291e+14 4.080800194819729e+34 1.303200428932851e+00 2.860420000000000e+38 
5.063165165916631e+14 4.128192172290461e+34 1.304448750494933e+00 2.873140000000000e+38 
5.087754224992970e+14 4.175773844133992e+34 1.305696500440900e+00 2.885840000000000e+38 
5.112272929107718e+14 4.223545210350320e+34 1.306943697499895e+00 2.898510000000000e+38 
5.136826810703262e+14 4.271506270939448e+34 1.308190355514768e+00 2.911170000000000e+38 
5.161345514818011e+14 4.319688641630171e+34 1.309437301767319e+00 2.923799999999999e+38 
5.185829041451962e+14 4.368060706693694e+34 1.310683733272206e+00 2.936410000000000e+38 
5.210312568085914e+14 4.416590850401215e+34 1.311928851521546e+00 2.949000000000000e+38 
5.234760917239071e+14 4.465342304210334e+34 1.313174292039229e+00 2.961570000000000e+38 
5.259209266392226e+14 4.514283452392251e+34 1.314419256968569e+00 2.974120000000000e+38 
5.283622438064586e+14 4.563414294946967e+34 1.315663758990482e+00 2.986660000000000e+38 
5.308035609736946e+14 4.612734831874480e+34 1.316907810906795e+00 2.999170000000000e+38 
5.332448781409306e+14 4.662276678903591e+34 1.318152215195483e+00 3.011660000000000e+38 
5.356826775600871e+14 4.711976604576700e+34 1.319395396204882e+00 3.024140000000000e+38 
5.381204769792436e+14 4.761866224622607e+34 1.320638160084118e+00 3.036600000000000e+38 
5.405582763983999e+14 4.811977154770114e+34 1.321881299192776e+00 3.049040000000000e+38 
5.429925580694768e+14 4.862246163561617e+34 1.323123256882534e+00 3.061460000000000e+38 
5.454268397405536e+14 4.912736482454719e+34 1.324365607030396e+00 3.073870000000000e+38 
5.478576036635509e+14 4.963384879991819e+34 1.325606805689146e+00 3.086260000000000e+38 
5.502918853346277e+14 5.014222971901718e+34 1.326847640468574e+00 3.098630000000000e+38 
5.527543089903412e+14 5.065282373913213e+34 1.328088847033886e+00 3.110990000000000e+38 
5.551534131806221e+14 5.116499854568708e+34 1.329328938007198e+00 3.123330000000000e+38 
5.575806593555398e+14 5.167907029597001e+34 1.330568729623908e+00 3.135660000000000e+38 
5.600114232785371e+14 5.219535514726891e+34 1.331808948608034e+00 3.147970000000000e+38 
5.624386694534548e+14 5.271322078500781e+34 1.333048085530137e+00 3.160260000000000e+38 
5.648659156283724e+14 5.323298336647468e+34 1.334286910720338e+00 3.172550000000000e+38 
5.672931618032900e+14 5.375464289166953e+34 1.335525430610002e+00 3.184820000000000e+38 
5.697168902301280e+14 5.427819936059237e+34 1.336763656047519e+00 3.197070000000000e+38 
5.721441364050458e+14 5.480365277324318e+34 1.338001593416460e+00 3.209310000000000e+38 
5.745678648318838e+14 5.533100312962197e+34 1.339239249307814e+00 3.221540000000000e+38 
5.769951110068015e+14 5.586025042972875e+34 1.340476630218379e+00 3.233750000000000e+38 
5.794188394336395e+14 5.639139467356350e+34 1.341713742398207e+00 3.245960000000000e+38 
5.818425678604776e+14 5.692411970383825e+34 1.342949862401680e+00 3.258140000000000e+38 
5.842662962873156e+14 5.745874167784100e+34 1.344185732288373e+00 3.270320000000000e+38 
5.866900247141536e+14 5.799557675285966e+34 1.345422086637268e+00 3.282490000000000e+38 
5.891137531409918e+14 5.853399261431836e+34 1.346657475231119e+00 3.294640000000000e+38 
5.915374815678298e+14 5.907430541950504e+34 1.347892631923815e+00 3.306780000000000e+38 
5.939612099946679e+14 5.961651516841968e+34 1.349127562815065e+00 3.318910000000000e+38 
5.963849384215060e+14 6.016030570377432e+34 1.350361555771759e+00 3.331030000000000e+38 
5.988051491002644e+14 6.070630934014493e+34 1.351596055324412e+00 3.343140000000000e+38 
6.012288775271024e+14 6.125389376295552e+34 1.352829637535533e+00 3.355240000000000e+38 
6.036526059539405e+14 6.180337512949411e+34 1.354063018769702e+00 3.367319999999999e+38 
6.060763343807786e+14 6.235475343976066e+34 1.355296204895018e+00 3.379400000000000e+38 
6.085000628076166e+14 6.290802869375517e+34 1.356529201437698e+00 3.391469999999999e+38 
6.109237912344548e+14 6.346288473418973e+34 1.357761311483169e+00 3.403530000000001e+38 
6.133475196612929e+14 6.401995387564022e+34 1.358993944536448e+00 3.415570000000000e+38 
6.157712480881309e+14 6.457860380353070e+34 1.360225707034246e+00 3.427610000000000e+38 
6.181984942630485e+14 6.513915067514919e+34 1.361457299800082e+00 3.439639999999999e+38 
6.206222226898865e+14 6.570159449049563e+34 1.362688728398955e+00 3.451660000000000e+38 
6.230494688648042e+14 6.626561909228206e+34 1.363919307974099e+00 3.463680000000000e+38 
6.254731972916422e+14 6.683154063779648e+34 1.365149735583592e+00 3.475680000000000e+38 
6.279004434665599e+14 6.739935912703888e+34 1.366380016475622e+00 3.487670000000000e+38 
6.303276896414775e+14 6.796907456000925e+34 1.367610151895851e+00 3.499660000000000e+38 
6.327549358163952e+14 6.854068693670761e+34 1.368840146996549e+00 3.511640000000000e+38 
6.351821819913129e+14 6.911388009984597e+34 1.370069328691995e+00 3.523610000000000e+38 
6.376129459143101e+14 6.968897020671229e+34 1.371298378319948e+00 3.535580000000000e+38 
6.400401920892278e+14 7.026595725730659e+34 1.372527300863795e+00 3.547530000000000e+38 
6.424709560122250e+14 7.084484125162888e+34 1.373756101243885e+00 3.559480000000000e+38 
6.449017199352222e+14 7.142530603239116e+34 1.374984111544912e+00 3.571420000000000e+38 
6.473324838582196e+14 7.200766775688141e+34 1.376212007754664e+00 3.583360000000000e+38 
6.497667655292964e+14 7.259192642509963e+34 1.377439790927587e+00 3.595290000000000e+38 
6.521975294522936e+14 7.317808203704585e+34 1.378667465795630e+00 3.607210000000000e+38 
6.546318111233704e+14 7.376581843543205e+34 1.379894376865867e+00 3.619120000000000e+38 
6.570660927944472e+14 7.435545177754623e+34 1.381121187082189e+00 3.631030000000000e+38 
6.595003744655239e+14 7.494698206338838e+34 1.382347901266806e+00 3.642940000000000e+38 
6.619381738846805e+14 7.554040929295854e+34 1.383574520561785e+00 3.654830000000000e+38 
6.643759733038370e+14 7.613541730896867e+34 1.384800394548214e+00 3.666730000000000e+38 
6.668137727229932e+14 7.673232226870678e+34 1.386026181243697e+00 3.678610000000000e+38 
6.692550898902294e+14 7.733112417217287e+34 1.387251881473269e+00 3.690490000000000e+38 
6.716928893093859e+14 7.793182301936692e+34 1.388477499615442e+00 3.702370000000000e+38 
6.741342064766218e+14 7.853410265300100e+34 1.389702397070082e+00 3.714240000000000e+38 
6.765790413919374e+14 7.913827923036303e+34 1.390927216248848e+00 3.726100000000000e+38 
6.790203585591735e+14 7.974403659416505e+34 1.392151322592842e+00 3.737960000000000e+38 
6.814651934744890e+14 8.035200705898305e+34 1.393375998321471e+00 3.749819999999999e+38 
6.839135461378842e+14 8.096155831024102e+34 1.394599967132590e+00 3.761670000000000e+38 
6.863583810531999e+14 8.157300650522700e+34 1.395823870098289e+00 3.773510000000000e+38 
6.888067337165951e+14 8.218603548665295e+34 1.397047080541095e+00 3.785350000000001e+38 
6.912586041280698e+14 8.280127756909488e+34 1.398270857552623e+00 3.797190000000000e+38 
6.937069567914650e+14 8.341810043797679e+34 1.399493947752050e+00 3.809030000000000e+38 
6.961588272029398e+14 8.403650409329868e+34 1.400716358871482e+00 3.820850000000000e+38 
6.986142153624941e+14 8.465712084963655e+34 1.401939338508145e+00 3.832680000000000e+38 
7.010696035220486e+14 8.527931839241443e+34 1.403161641636513e+00 3.844500000000000e+38 
7.035249916816030e+14 8.590341287892027e+34 1.404383894949693e+00 3.856319999999999e+38 
7.059803798411572e+14 8.652940430915410e+34 1.405606102402251e+00 3.868130000000000e+38 
7.084392857487914e+14 8.715697652582790e+34 1.406827649383209e+00 3.879940000000000e+38 
7.109017094045049e+14 8.778644568622968e+34 1.408049150817007e+00 3.891749999999999e+38 
7.133641330602184e+14 8.841781179035946e+34 1.409270607704654e+00 3.903550000000000e+38 
7.158265567159319e+14 8.905075868092924e+34 1.410491413797414e+00 3.915360000000000e+38 
7.182889803716455e+14 8.968591867251495e+34 1.411712792419226e+00 3.927150000000000e+38 
7.207549217754386e+14 9.032265945054066e+34 1.412933528584988e+00 3.938950000000000e+38 
7.232243809273114e+14 9.096098101500638e+34 1.414153623351981e+00 3.950739999999999e+38 
7.256938400791841e+14 9.160151568048805e+34 1.415374286255608e+00 3.962530000000000e+38 
7.281632992310569e+14 9.224363113240969e+34 1.416594316145885e+00 3.974320000000001e+38 
7.306362761310092e+14 9.288764352805936e+34 1.417814315957127e+00 3.986100000000000e+38 
7.331092530309615e+14 9.353323671014898e+34 1.419033689185753e+00 3.997880000000000e+38 
7.355857476789938e+14 9.418104299325459e+34 1.420253630908961e+00 4.009660000000000e+38 
7.380622423270255e+14 9.483043006280017e+34 1.421472951195350e+00 4.021440000000000e+38 
7.405422547231370e+14 9.548139791878576e+34 1.422691653932079e+00 4.033220000000000e+38 
7.430222671192484e+14 9.613457887578731e+34 1.423910923720738e+00 4.044990000000000e+38 
7.455057972634396e+14 9.678934061922883e+34 1.425129580973505e+00 4.056760000000000e+38 
7.479893274076308e+14 9.744599930639836e+34 1.426348216148234e+00 4.068530000000000e+38 
7.504728575518215e+14 9.810455493729587e+34 1.427566832878339e+00 4.080300000000000e+38 
7.529599054440925e+14 9.876500751192134e+34 1.428785431855265e+00 4.092060000000000e+38 
7.554504710844428e+14 9.942704087298682e+34 1.430003429067898e+00 4.103830000000000e+38 
7.579410367247930e+14 1.000909711777803e+35 1.431221408677018e+00 4.115590000000000e+38 
7.604351201132228e+14 1.007564822690137e+35 1.432438792892685e+00 4.127350000000000e+38 
7.629292035016529e+14 1.014242064612631e+35 1.433656738839297e+00 4.139109999999999e+38 
7.654232868900826e+14 1.020935114399525e+35 1.434874096864916e+00 4.150870000000000e+38 
7.679244057746716e+14 1.027647133623699e+35 1.436091441035783e+00 4.162620000000000e+38 
7.704220069111812e+14 1.034378122285152e+35 1.437308772058808e+00 4.174380000000000e+38 
7.729231257957702e+14 1.041124918811006e+35 1.438525523212343e+00 4.186130000000000e+38 
7.754277624284389e+14 1.047893846347019e+35 1.439742832447559e+00 4.197890000000000e+38 
7.779323990611075e+14 1.054678581747432e+35 1.440959563436401e+00 4.209640000000000e+38 
7.804405534418559e+14 1.061482286585125e+35 1.442176285422800e+00 4.221389999999999e+38 
7.829522255706836e+14 1.068301799287217e+35 1.443392432351416e+00 4.233140000000000e+38 
7.854638976995115e+14 1.075140281426590e+35 1.444608570017519e+00 4.244890000000000e+38 
7.879755698283392e+14 1.082000894576122e+35 1.445825262653404e+00 4.256640000000000e+38 
7.904907597052468e+14 1.088874154017175e+35 1.447040829928159e+00 4.268390000000000e+38 
7.930059495821541e+14 1.095769544468386e+35 1.448256951375475e+00 4.280130000000000e+38 
7.955281749552208e+14 1.102683904356878e+35 1.449473065889756e+00 4.291880000000000e+38 
7.980468825802079e+14 1.109614072109770e+35 1.450688619501644e+00 4.303630000000000e+38 
8.005726257013540e+14 1.116563209299941e+35 1.451904168710272e+00 4.315370000000000e+38 
8.030948510744206e+14 1.123531315927393e+35 1.453119714127971e+00 4.327120000000000e+38 
8.056241119436461e+14 1.130515230419244e+35 1.454334706290057e+00 4.338860000000000e+38 
8.081533728128721e+14 1.137521275921254e+35 1.455550242905666e+00 4.350610000000000e+38 
8.106826336820978e+14 1.144543129287665e+35 1.456765230318968e+00 4.362350000000000e+38 
8.132154122994034e+14 1.151583952091356e+35 1.457980217395330e+00 4.374090000000000e+38 
8.157517086647882e+14 1.158643744332326e+35 1.459195202067466e+00 4.385840000000000e+38 
8.182880050301730e+14 1.165719344437696e+35 1.460409642222324e+00 4.397580000000000e+38 
8.208278191436378e+14 1.172817075553226e+35 1.461624623860436e+00 4.409330000000000e+38 
8.233711510051819e+14 1.179930614533156e+35 1.462839062484679e+00 4.421070000000000e+38 
8.259144828667261e+14 1.187063122950366e+35 1.464053499813098e+00 4.432810000000000e+38 
8.284613324763499e+14 1.194214600804855e+35 1.465267936418834e+00 4.444560000000000e+38 
8.310081820859735e+14 1.201381886523745e+35 1.466481837165115e+00 4.456300000000000e+38 
8.335585494436769e+14 1.208571303252793e+35 1.467696273486884e+00 4.468040000000000e+38 
8.361089168013802e+14 1.215776527846242e+35 1.468910177768097e+00 4.479790000000000e+38 
8.386628019071631e+14 1.223000721876971e+35 1.470124084556149e+00 4.491530000000000e+38 
8.412202047610256e+14 1.230243885344980e+35 1.471337991779238e+00 4.503280000000000e+38 
8.437776076148882e+14 1.237506018250268e+35 1.472551900051507e+00 4.515020000000000e+38 
8.463385282168304e+14 1.244787120592836e+35 1.473765810040180e+00 4.526770000000000e+38 
8.489029665668518e+14 1.252084030799804e+35 1.474979193855291e+00 4.538510000000000e+38 
8.514674049168738e+14 1.259399910444052e+35 1.476192579087734e+00 4.550260000000000e+38 
8.540353610149750e+14 1.266737921098459e+35 1.477406489340933e+00 4.562000000000000e+38 
8.566033171130761e+14 1.274091739617267e+35 1.478619879063544e+00 4.573750000000000e+38 
8.591747909592571e+14 1.281461366000474e+35 1.479832751312607e+00 4.585500000000000e+38 
8.617497825535175e+14 1.288853123393841e+35 1.481046144714562e+00 4.597240000000000e+38 
8.643247741477780e+14 1.296263850224488e+35 1.482259539707525e+00 4.608990000000000e+38 
8.669032834901181e+14 1.303690384919535e+35 1.483472420432246e+00 4.620740000000000e+38 
8.694853105805376e+14 1.311135889051861e+35 1.484685302384108e+00 4.632490000000001e+38 
8.720673376709574e+14 1.318603524194348e+35 1.485898700029631e+00 4.644240000000000e+38 
8.746528825094566e+14 1.326086967201234e+35 1.487111586344269e+00 4.655990000000000e+38 
8.772384273479558e+14 1.333589379645400e+35 1.488324475565232e+00 4.667740000000000e+38 
8.798310076826140e+14 1.341107599953965e+35 1.489536855785164e+00 4.679490000000000e+38 
8.824200702691930e+14 1.348647951272691e+35 1.490749992471502e+00 5.426870000000001e+38 
1.047106964363316e+15 1.356716285262371e+35 1.491953538765120e+00 5.439549999999999e+38 
1.049910609582750e+15 1.365410610682285e+35 1.493156587999025e+00 5.452219999999999e+38 
1.052710737054104e+15 1.374123905539480e+35 1.494359681119751e+00 5.464879999999999e+38 
1.055510864525458e+15 1.382859331406833e+35 1.495563031992353e+00 5.477530000000001e+38 
1.058310991996813e+15 1.391613726711467e+35 1.496766207045611e+00 5.490159999999999e+38 
1.061111119468167e+15 1.400387091453380e+35 1.497969209134422e+00 5.502780000000000e+38 
1.063907729191442e+15 1.409179425632574e+35 1.499172043262140e+00 5.515390000000000e+38 
1.066707856662796e+15 1.417993890821927e+35 1.500375143834410e+00 5.527990000000001e+38 
1.069504466386070e+15 1.426827325448560e+35 1.501578081192938e+00 5.540570000000000e+38 
1.072301076109345e+15 1.435679729512472e+35 1.502780860200415e+00 5.553140000000000e+38 
1.075097685832620e+15 1.444554264586545e+35 1.503983912288591e+00 5.565700000000000e+38 
1.077894295555895e+15 1.453444607525017e+35 1.505186382972930e+00 5.578239999999999e+38 
1.080687387531090e+15 1.462357081473649e+35 1.506389132306832e+00 5.590770000000000e+38 
1.083483997254364e+15 1.471288524859561e+35 1.507591735393369e+00 5.603290000000000e+38 
1.086277089229560e+15 1.480242099255632e+35 1.508794619683451e+00 5.615800000000000e+38 
1.089070181204755e+15 1.489211481516104e+35 1.509996940393552e+00 5.628300000000001e+38 
1.091863273179950e+15 1.498202994786735e+35 1.511199547698173e+00 5.640789999999999e+38 
1.094656365155145e+15 1.507213477494646e+35 1.512402020607040e+00 5.653259999999999e+38 
1.097449457130340e+15 1.516242929639837e+35 1.513604361790186e+00 5.665719999999999e+38 
1.100242549105535e+15 1.525291351222308e+35 1.514806573756359e+00 5.678170000000000e+38 
1.103032123332651e+15 1.534361903814938e+35 1.516009080327752e+00 5.690610000000001e+38 
1.105825215307846e+15 1.543448264271968e+35 1.517211045685224e+00 5.703030000000000e+38 
1.108614789534961e+15 1.552556755739159e+35 1.518413308712557e+00 5.715450000000000e+38 
1.111404363762077e+15 1.561684216643629e+35 1.519615455884829e+00 5.727850000000000e+38 
1.114197455737272e+15 1.570833808558258e+35 1.520817903248965e+00 5.740240000000000e+38 
1.116987029964387e+15 1.579999208337288e+35 1.522019822367698e+00 5.752620000000000e+38 
1.119776604191503e+15 1.589183577553597e+35 1.523221632929771e+00 5.764990000000000e+38 
1.122562660670539e+15 1.598390077780066e+35 1.524423752097371e+00 5.777350000000000e+38 
1.125352234897654e+15 1.607615547443815e+35 1.525625768684487e+00 5.789700000000000e+38 
1.128141809124770e+15 1.616859986544844e+35 1.526827683091586e+00 5.802030000000000e+38 
1.130927865603806e+15 1.626123395083153e+35 1.528029499790321e+00 5.814359999999999e+38 
1.133717439830921e+15 1.635405773058741e+35 1.529231221069062e+00 5.826670000000001e+38 
1.136503496309957e+15 1.644707120471609e+35 1.530432849333015e+00 5.838970000000000e+38 
1.139293070537072e+15 1.654027437321757e+35 1.531634386931205e+00 5.851260000000001e+38 
1.142079127016108e+15 1.663369885182065e+35 1.532836242889569e+00 5.863549999999999e+38 
1.144865183495144e+15 1.672728140906773e+35 1.534037607937101e+00 5.875820000000001e+38 
1.147651239974180e+15 1.682108527641640e+35 1.535239295965692e+00 5.888080000000000e+38 
1.150437296453216e+15 1.691507883813788e+35 1.536440903522622e+00 5.900330000000001e+38 
1.153223352932252e+15 1.700923047850335e+35 1.537642029459535e+00 5.912559999999999e+38 
1.156009409411288e+15 1.710360342897041e+35 1.538843482715225e+00 5.924790000000000e+38 
1.158795465890324e+15 1.719816607381028e+35 1.540044862280885e+00 5.937010000000001e+38 
1.161581522369360e+15 1.729291841302295e+35 1.541246170228399e+00 5.949219999999999e+38 
1.164364061100316e+15 1.738786044660841e+35 1.542447410563959e+00 5.961420000000000e+38 
1.167150117579352e+15 1.748302379029547e+35 1.543648984744730e+00 5.973599999999999e+38 
1.169936174058388e+15 1.757834521262653e+35 1.544850094622491e+00 5.985780000000001e+38 
1.172718712789344e+15 1.767385632933039e+35 1.546051143426881e+00 5.997949999999999e+38 
1.175504769268380e+15 1.776955714040704e+35 1.547252133173824e+00 6.010100000000000e+38 
1.178287307999336e+15 1.786547926158530e+35 1.548453462015743e+00 6.022250000000000e+38 
1.181073364478373e+15 1.796155946140755e+35 1.549654340120467e+00 6.034390000000000e+38 
1.183855903209329e+15 1.805786097133140e+35 1.550855559900787e+00 6.046520000000000e+38 
1.186641959688364e+15 1.815432055989924e+35 1.552056334717702e+00 6.058630000000000e+38 
1.189424498419321e+15 1.825100145856869e+35 1.553257453776242e+00 6.070740000000000e+38 
1.192210554898357e+15 1.834784043588214e+35 1.554458133567044e+00 6.082840000000001e+38 
1.194993093629313e+15 1.844490072329718e+35 1.555659159992337e+00 6.094930000000000e+38 
1.197775632360270e+15 1.854211908935622e+35 1.556859754526733e+00 6.107010000000000e+38 
1.200561688839306e+15 1.863955876551686e+35 1.558060698166041e+00 6.119070000000000e+38 
1.203344227570262e+15 1.873715652032150e+35 1.559261213572493e+00 6.131130000000000e+38 
1.206126766301218e+15 1.883497558522773e+35 1.560462082255418e+00 6.143180000000001e+38 
1.208909305032174e+15 1.893295272877796e+35 1.561662529910919e+00 6.155220000000000e+38 
1.211695361511210e+15 1.903115118242979e+35 1.562863331478295e+00 6.167259999999999e+38 
1.214477900242167e+15 1.912950771472562e+35 1.564063715674746e+00 6.179280000000000e+38 
1.217260438973123e+15 1.922808555712305e+35 1.565264457847971e+00 6.191290000000000e+38 
1.220042977704079e+15 1.932682147816448e+35 1.566464789724227e+00 6.203290000000000e+38 
1.222829034183115e+15 1.942574709357870e+35 1.567665096476780e+00 6.215290000000000e+38 
1.225611572914072e+15 1.952489401909452e+35 1.568865762939547e+00 6.227270000000001e+38 
1.228394111645028e+15 1.962419902325434e+35 1.570066026946968e+00 6.239249999999999e+38 
1.231176650375984e+15 1.972369372178696e+35 1.571266273113351e+00 6.251219999999999e+38 
1.233962706855020e+15 1.982340973042117e+35 1.572466882323198e+00 6.263180000000000e+38 
1.236745245585976e+15 1.992328381769939e+35 1.573667095072629e+00 6.275119999999999e+38 
1.239527784316933e+15 2.002334759935040e+35 1.574867295457901e+00 6.287060000000000e+38 
1.242310323047889e+15 2.012360107537421e+35 1.576067485296706e+00 6.299000000000000e+38 
1.245096379526925e+15 2.022404424577082e+35 1.577267664685186e+00 6.310920000000000e+38 
1.247878918257881e+15 2.032467711054023e+35 1.578467835392306e+00 6.322830000000001e+38 
1.250661456988838e+15 2.042549966968243e+35 1.579668000991570e+00 6.334740000000000e+38 
1.253447513467874e+15 2.052648030746864e+35 1.580867785739324e+00 6.346630000000000e+38 
1.256230052198830e+15 2.062768225535644e+35 1.582067942759589e+00 6.358520000000000e+38 
1.259016108677866e+15 2.072907389761703e+35 1.583268098220715e+00 6.370400000000001e+38 
1.261798647408822e+15 2.083062361852163e+35 1.584467880239347e+00 6.382270000000000e+38 
1.264584703887858e+15 2.093236303379903e+35 1.585667664677698e+00 6.394140000000000e+38 
1.267367242618814e+15 2.103432375917803e+35 1.586867825444701e+00 6.405990000000000e+38 
1.270153299097850e+15 2.113644256320101e+35 1.588067619920587e+00 6.417840000000001e+38 
1.272935837828806e+15 2.123875106159681e+35 1.589267421846227e+00 6.429669999999999e+38 
1.275721894307842e+15 2.134124925436540e+35 1.590467233009859e+00 6.441500000000000e+38 
1.278507950786878e+15 2.144393714150678e+35 1.591667053300234e+00 6.453320000000001e+38 
1.281290489517835e+15 2.154681472302097e+35 1.592866886110652e+00 6.465130000000000e+38 
1.284076545996870e+15 2.164985038317915e+35 1.594066364941982e+00 6.476940000000000e+38 
1.286862602475906e+15 2.175310735343894e+35 1.595266225908218e+00 6.488730000000000e+38 
1.289648658954942e+15 2.185652240234271e+35 1.596465735983196e+00 6.500519999999999e+38 
1.292434715433978e+15 2.196012714561929e+35 1.597665263926027e+00 6.512300000000000e+38 
1.295217254164935e+15 2.206395319899746e+35 1.598865178484597e+00 6.524069999999999e+38 
1.298006828392050e+15 2.216793733101964e+35 1.600064748877144e+00 6.535840000000000e+38 
1.300792884871086e+15 2.227207954168581e+35 1.601263976263106e+00 6.547590000000000e+38 
1.303578941350122e+15 2.237644306245358e+35 1.602463592041660e+00 6.559340000000000e+38 
1.306364997829158e+15 2.248099627759415e+35 1.603663233641121e+00 6.571080000000000e+38 
1.309151054308194e+15 2.258570757137872e+35 1.604862540411307e+00 6.582809999999999e+38 
1.311937110787230e+15 2.269060855953608e+35 1.606061876696589e+00 6.594540000000000e+38 
1.314726685014345e+15 2.279569924206624e+35 1.607261242441832e+00 6.606250000000000e+38 
1.317512741493381e+15 2.290097961896921e+35 1.608460639245130e+00 6.617960000000000e+38 
1.320302315720496e+15 2.300644969024496e+35 1.609660068608021e+00 6.629660000000000e+38 
1.323088372199532e+15 2.311207784016472e+35 1.610859173037313e+00 6.641360000000000e+38 
1.325877946426648e+15 2.321792730018608e+35 1.612058671937635e+00 6.653040000000000e+38 
1.328667520653764e+15 2.332393483885143e+35 1.613257848567655e+00 6.664719999999999e+38 
1.331453577132800e+15 2.343013207188958e+35 1.614457064246901e+00 6.676390000000000e+38 
1.334243151359915e+15 2.353651899930053e+35 1.615656320450213e+00 6.688060000000000e+38 
1.337032725587030e+15 2.364306400535548e+35 1.616855261229179e+00 6.699709999999999e+38 
1.339822299814146e+15 2.374983032151203e+35 1.618054599666896e+00 6.711360000000000e+38 
1.342611874041262e+15 2.385675471631257e+35 1.619253626997672e+00 6.723000000000000e+38 
1.345404966016457e+15 2.396386880548591e+35 1.620452698178057e+00 6.734639999999999e+38 
1.348194540243572e+15 2.407117258903206e+35 1.621651814643544e+00 6.746259999999999e+38 
1.350984114470688e+15 2.417863445122220e+35 1.622850626652248e+00 6.757880000000000e+38 
1.353777206445883e+15 2.428631762351393e+35 1.624049839354137e+00 6.769490000000000e+38 
1.356566780672998e+15 2.439415887444967e+35 1.625248750060160e+00 6.781100000000000e+38 
1.359359872648193e+15 2.450218981975820e+35 1.626447712177781e+00 6.792689999999999e+38 
1.362149446875309e+15 2.461037884371074e+35 1.627646376736135e+00 6.804280000000000e+38 
1.364942538850504e+15 2.471878917776486e+35 1.628845445758030e+00 6.815870000000000e+38 
1.367735630825699e+15 2.482735759046299e+35 1.630044219715048e+00 6.827439999999999e+38 
1.370528722800894e+15 2.493611569753392e+35 1.631243049661602e+00 6.839009999999999e+38 
1.373321814776089e+15 2.504506349897765e+35 1.632441937032296e+00 6.850570000000000e+38 
1.376118424499364e+15 2.515420099479417e+35 1.633640881658136e+00 6.862130000000000e+38 
1.378911516474559e+15 2.526349656925469e+35 1.634839538073056e+00 6.873680000000000e+38 
1.381704608449754e+15 2.537298183808801e+35 1.636038256438250e+00 6.885220000000000e+38 
1.384501218173029e+15 2.548265680129413e+35 1.637237036486239e+00 6.896750000000000e+38 
1.387294310148224e+15 2.559248984314424e+35 1.638435534547071e+00 6.908280000000000e+38 
1.390090919871498e+15 2.570254419509596e+35 1.639634441986756e+00 6.919800000000000e+38 
1.392887529594773e+15 2.581275662569167e+35 1.640833069777923e+00 6.931310000000000e+38 
1.395684139318048e+15 2.592315875066018e+35 1.642031763657749e+00 6.942820000000000e+38 
1.398480749041322e+15 2.603371895427269e+35 1.643230182160670e+00 6.954320000000001e+38 
1.401277358764597e+15 2.614446885225800e+35 1.644428669754708e+00 6.965809999999999e+38 
1.404073968487872e+15 2.625540844461610e+35 1.645627227782394e+00 6.977299999999998e+38 
1.406874095959226e+15 2.636653773134701e+35 1.646825856001927e+00 6.988780000000000e+38 
1.409670705682501e+15 2.647785671245071e+35 1.648024555744726e+00 7.000250000000001e+38 
1.412470833153855e+15 2.658933377219841e+35 1.649222988402713e+00 7.011720000000000e+38 
1.415270960625210e+15 2.670100052631890e+35 1.650421494063203e+00 7.023170000000000e+38 
1.418067570348484e+15 2.681282535908340e+35 1.651619736652118e+00 7.034630000000000e+38 
1.420867697819838e+15 2.692487150194949e+35 1.652818395013149e+00 7.046069999999999e+38 
1.423671343039272e+15 2.703707572345959e+35 1.654016791053118e+00 7.057520000000000e+38 
1.426471470510627e+15 2.714943802361368e+35 1.655214927044928e+00 7.068950000000000e+38 
1.429271597981981e+15 2.726202163386937e+35 1.656413479960078e+00 7.080379999999999e+38 
1.432075243201415e+15 2.737476332276906e+35 1.657611776288421e+00 7.091800000000001e+38 
1.434875370672769e+15 2.748769470604154e+35 1.658810153825492e+00 7.103209999999999e+38 
1.437679015892203e+15 2.760078416795803e+35 1.660008278851812e+00 7.114620000000001e+38 
1.440482661111637e+15 2.771406332424731e+35 1.661206486550882e+00 7.126019999999998e+38 
1.443286306331071e+15 2.782753217490939e+35 1.662404778165973e+00 7.137420000000001e+38 
1.446089951550504e+15 2.794119071994427e+35 1.663603154832351e+00 7.148810000000000e+38 
1.448893596769938e+15 2.805500734362315e+35 1.664801284919804e+00 7.160189999999999e+38 
1.451700759737452e+15 2.816901366167482e+35 1.665999501453324e+00 7.171570000000001e+38 
1.454504404956886e+15 2.828320967409929e+35 1.667197805671270e+00 7.182940000000000e+38 
1.457311567924399e+15 2.839756376516777e+35 1.668395867507772e+00 7.194300000000001e+38 
1.460118730891912e+15 2.851210755060903e+35 1.669594018411889e+00 7.205660000000001e+38 
1.462925893859426e+15 2.862680941469430e+35 1.670791929352405e+00 7.217010000000000e+38 
1.465733056826940e+15 2.874173258888116e+35 1.671990261790548e+00 7.228359999999999e+38 
1.468540219794453e+15 2.885681384171203e+35 1.673188357598537e+00 7.239699999999999e+38 
1.471350900510046e+15 2.897205317318689e+35 1.674386217427216e+00 7.251030000000000e+38 
1.474158063477560e+15 2.908748219903455e+35 1.675584171571925e+00 7.262359999999999e+38 
1.476968744193153e+15 2.920310091925501e+35 1.676782221195154e+00 7.273680000000000e+38 
1.479779424908746e+15 2.931890933384827e+35 1.677980365991288e+00 7.285000000000000e+38 
1.482590105624339e+15 2.943487582708552e+35 1.679178280486264e+00 7.296310000000000e+38 
1.485400786339932e+15 2.955103201469558e+35 1.680376292800456e+00 7.307610000000001e+38 
1.488211467055524e+15 2.966734628094963e+35 1.681574078477003e+00 7.318910000000000e+38 
1.491025665519198e+15 2.978385024157649e+35 1.682771963234289e+00 7.330200000000000e+38 
1.493836346234790e+15 2.990054389657613e+35 1.683969948199816e+00 7.341490000000000e+38 
1.496650544698463e+15 3.001742724594857e+35 1.685168034494114e+00 7.352770000000000e+38 
1.499464743162136e+15 3.013446867396502e+35 1.686365898200038e+00 7.364039999999999e+38 
1.502278941625808e+15 3.025166818062547e+35 1.687563541338876e+00 7.375309999999999e+38 
1.505093140089481e+15 3.036908899738751e+35 1.688761611207618e+00 7.386580000000001e+38 
1.507910856301233e+15 3.048663627706475e+35 1.689959140178857e+00 7.397830000000000e+38 
1.510725054764906e+15 3.060440486684359e+35 1.691157096066210e+00 7.409090000000001e+38 
1.513542770976658e+15 3.072233153526642e+35 1.692354836777393e+00 7.420330000000000e+38 
1.516360487188410e+15 3.084044789806205e+35 1.693552683530537e+00 7.431570000000000e+38 
1.519178203400162e+15 3.095872233950169e+35 1.694750317245189e+00 7.442810000000000e+38 
1.521995919611915e+15 3.107718647531412e+35 1.695948059478464e+00 7.454040000000000e+38 
1.524813635823667e+15 3.119584030549935e+35 1.697145911313187e+00 7.465260000000000e+38 
1.527634869783499e+15 3.131465221432857e+35 1.698343553762604e+00 7.476480000000000e+38 
1.530456103743331e+15 3.143365381753060e+35 1.699541305627885e+00 7.487690000000000e+38 
1.533273819955083e+15 3.155281349937662e+35 1.700738851505983e+00 7.498899999999999e+38 
1.536098571662994e+15 3.167232095423944e+35 1.701938095732684e+00 7.510099999999999e+38 
1.538919805622826e+15 3.179182840910227e+35 1.703135548659463e+00 7.521299999999999e+38 
1.541741039582658e+15 3.191133586396509e+35 1.704331217951884e+00 7.532489999999999e+38 
1.544565791290570e+15 3.203115947611590e+35 1.705528267220739e+00 7.543670000000001e+38 
1.547387025250401e+15 3.215129924555472e+35 1.706726694100385e+00 7.554849999999999e+38 
1.550211776958313e+15 3.227143901499353e+35 1.707923346567639e+00 7.566030000000000e+38 
1.553036528666224e+15 3.239189494172035e+35 1.709121374151730e+00 7.577200000000000e+38 
1.555864798122215e+15 3.251266702573515e+35 1.710320773227207e+00 7.588359999999999e+38 
1.558689549830126e+15 3.263343910974996e+35 1.711518405918169e+00 7.599520000000000e+38 
1.561517819286118e+15 3.275421119376477e+35 1.712714278359505e+00 7.610670000000000e+38 
1.564346088742108e+15 3.287529943506757e+35 1.713911521631905e+00 7.621820000000000e+38 
1.567174358198100e+15 3.299670383365838e+35 1.715110133417520e+00 7.632959999999999e+38 
1.570002627654090e+15 3.311810823224918e+35 1.716306993925205e+00 7.644100000000000e+38 
1.572830897110081e+15 3.323982878812798e+35 1.717505221852060e+00 7.655230000000000e+38 
1.575662684314152e+15 3.336154934400678e+35 1.718701705419459e+00 7.666359999999999e+38 
1.578490953770143e+15 3.348358605717357e+35 1.719899554233263e+00 7.677480000000000e+38 
1.581322740974214e+15 3.360562277034037e+35 1.721095666896749e+00 7.688600000000000e+38 
1.584154528178284e+15 3.372797564079515e+35 1.722293142539998e+00 7.699710000000000e+38 
1.586989833130434e+15 3.385064466853794e+35 1.723491977635858e+00 7.710819999999999e+38 
1.589821620334505e+15 3.397331369628074e+35 1.724689084042456e+00 7.721919999999999e+38 
1.592656925286656e+15 3.409629888131153e+35 1.725887548909082e+00 7.733020000000000e+38 
1.595492230238806e+15 3.421928406634231e+35 1.727084291821058e+00 7.744110000000000e+38 
1.598327535190956e+15 3.434258540866109e+35 1.728282391045947e+00 7.755189999999999e+38 
1.601162840143106e+15 3.446588675097987e+35 1.729478776235692e+00 7.766280000000000e+38 
1.603998145095256e+15 3.458950425058665e+35 1.730676516832022e+00 7.777349999999999e+38 
1.606836967795486e+15 3.471312175019343e+35 1.731872550097520e+00 7.788419999999999e+38 
1.609675790495716e+15 3.483705540708822e+35 1.733069935298774e+00 7.799490000000000e+38 
1.612514613195945e+15 3.496130522127099e+35 1.734268670219528e+00 7.810550000000001e+38 
1.615353435896175e+15 3.508555503545377e+35 1.735465706313280e+00 7.821609999999999e+38 
1.618192258596405e+15 3.520980484963654e+35 1.736661049284045e+00 7.832660000000000e+38 
1.621034599044714e+15 3.533437082110731e+35 1.737857741234672e+00 7.843710000000000e+38 
1.623876939493024e+15 3.545925294986607e+35 1.739055778748123e+00 7.854750000000000e+38 
1.626719279941333e+15 3.558413507862485e+35 1.740252130367884e+00 7.865790000000001e+38 
1.629561620389642e+15 3.570933336467161e+35 1.741449826381932e+00 7.876819999999999e+38 
1.632407478586031e+15 3.583484780800637e+35 1.742648863316562e+00 7.887849999999999e+38 
1.635249819034341e+15 3.596036225134113e+35 1.743846222639632e+00 7.898870000000000e+38 
1.638095677230730e+15 3.608587669467589e+35 1.745041909922930e+00 7.909889999999999e+38 
1.640941535427118e+15 3.621170729529866e+35 1.746238937376884e+00 7.920899999999999e+38 
1.643787393623508e+15 3.633785405320940e+35 1.747437302933711e+00 7.931909999999999e+38 
1.646636769567976e+15 3.646400081112016e+35 1.748634003393534e+00 7.942910000000000e+38 
1.649482627764365e+15 3.659046372631892e+35 1.749832039688154e+00 7.953910000000000e+38 
1.652332003708833e+15 3.671692664151767e+35 1.751028418393810e+00 7.964900000000000e+38 
1.655181379653302e+15 3.684370571400441e+35 1.752226130929087e+00 7.975890000000000e+38 
1.658034273345850e+15 3.697048478649116e+35 1.753422190945441e+00 7.986879999999999e+38 
1.660883649290319e+15 3.709758001626590e+35 1.754619582790632e+00 7.997859999999999e+38 
1.663736542982867e+15 3.722467524604065e+35 1.755815329517207e+00 8.008840000000000e+38 
1.666589436675415e+15 3.735208663310340e+35 1.757012405820150e+00 8.019810000000001e+38 
1.669442330367964e+15 3.747981417745414e+35 1.758210809598164e+00 8.030770000000001e+38 
1.672295224060511e+15 3.760754172180488e+35 1.759407575960641e+00 8.041729999999999e+38 
1.675151635501139e+15 3.773558542344361e+35 1.760605667564475e+00 8.052689999999999e+38 
1.678004529193687e+15 3.786362912508235e+35 1.761802127937715e+00 8.063650000000000e+38 
1.680860940634315e+15 3.799167282672108e+35 1.762996962286759e+00 8.074589999999999e+38 
1.683720869823022e+15 3.812034884293582e+35 1.764196066533600e+00 8.085540000000000e+38 
1.686577281263650e+15 3.824902485915054e+35 1.765393546285132e+00 8.096480000000000e+38 
1.689437210452357e+15 3.837770087536527e+35 1.766589406621454e+00 8.107410000000000e+38 
1.692297139641064e+15 3.850669304886800e+35 1.767786586279887e+00 8.118339999999999e+38 
1.695157068829772e+15 3.863568522237073e+35 1.768982152569347e+00 8.129270000000000e+38 
1.698016998018480e+15 3.876499355316146e+35 1.770179037123629e+00 8.140190000000001e+38 
1.700876927207187e+15 3.889461804124017e+35 1.771377237899360e+00 8.151110000000001e+38 
1.703740374143974e+15 3.902424252931889e+35 1.772573832698230e+00 8.162019999999999e+38 
1.706603821080760e+15 3.915418317468561e+35 1.773771740451955e+00 8.172930000000000e+38 
1.709467268017547e+15 3.928412382005233e+35 1.774968048172344e+00 8.183829999999999e+38 
1.712334232702414e+15 3.941438062270705e+35 1.776165666902902e+00 8.194739999999999e+38 
1.715197679639201e+15 3.954463742536176e+35 1.777361691336598e+00 8.205629999999999e+38 
1.718064644324067e+15 3.967521038530447e+35 1.778559025978284e+00 8.216519999999999e+38 
1.720931609008934e+15 3.980578334524718e+35 1.779754772095540e+00 8.227409999999999e+38 
1.723802091441880e+15 3.993667246247789e+35 1.780951825343398e+00 8.238290000000000e+38 
1.726669056126746e+15 4.006756157970860e+35 1.782147295798970e+00 8.249169999999999e+38 
1.729539538559693e+15 4.019876685422730e+35 1.783344072421967e+00 8.260050000000000e+38 
1.732410020992638e+15 4.033028828603401e+35 1.784542152017522e+00 8.270920000000001e+38 
1.735280503425585e+15 4.046180971784071e+35 1.785738656006483e+00 8.281780000000000e+38 
1.738154503606610e+15 4.059364730693540e+35 1.786936460972651e+00 8.292639999999999e+38 
1.741028503787636e+15 4.072548489603010e+35 1.788132694847710e+00 8.303500000000000e+38 
1.743902503968662e+15 4.085763864241280e+35 1.789330227786115e+00 8.314350000000001e+38 
1.746776504149687e+15 4.098979238879550e+35 1.790526196271109e+00 8.325200000000000e+38 
1.749650504330713e+15 4.112226229246618e+35 1.791723462943981e+00 8.336050000000000e+38 
1.752528022259818e+15 4.125473219613688e+35 1.792919170715489e+00 8.346890000000000e+38 
1.755405540188924e+15 4.138751825709557e+35 1.794116173499500e+00 8.357729999999999e+38 
1.758283058118029e+15 4.152062047534226e+35 1.795314469358405e+00 8.368560000000001e+38 
1.761160576047134e+15 4.165372269358893e+35 1.796511213433803e+00 8.379390000000001e+38 
1.764041611724319e+15 4.178682491183563e+35 1.797706409441393e+00 8.390210000000001e+38 
1.766922647401504e+15 4.192024328737031e+35 1.798902896664213e+00 8.401030000000000e+38 
1.769803683078689e+15 4.205397782019300e+35 1.800100673181886e+00 8.411849999999999e+38 
1.772684718755874e+15 4.218771235301567e+35 1.801296908569356e+00 8.422660000000000e+38 
1.775565754433058e+15 4.232176304312636e+35 1.802494432233530e+00 8.433469999999999e+38 
1.778450307858323e+15 4.245581373323702e+35 1.803690420149563e+00 8.444279999999999e+38 
1.781334861283588e+15 4.259018058063571e+35 1.804887693446081e+00 8.455080000000001e+38 
1.784222932456932e+15 4.272454742803437e+35 1.806083435329682e+00 8.465880000000000e+38 
1.787107485882196e+15 4.285923043272105e+35 1.807280460719299e+00 8.476669999999999e+38 
1.789995557055540e+15 4.299391343740772e+35 1.808475961092573e+00 8.487460000000000e+38 
1.792883628228884e+15 4.312891259938238e+35 1.809672742874594e+00 8.498240000000001e+38 
1.795771699402228e+15 4.326422791864505e+35 1.810870804266482e+00 8.509020000000000e+38 
1.798663288323652e+15 4.339954323790771e+35 1.812067346290063e+00 8.519799999999998e+38 
1.801551359496996e+15 4.353485855717038e+35 1.813262373574726e+00 8.530570000000000e+38 
1.804442948418420e+15 4.367049003372105e+35 1.814458679691961e+00 8.541340000000000e+38 
1.807338055087923e+15 4.380643766755970e+35 1.815656260559791e+00 8.552110000000000e+38 
1.810229644009346e+15 4.394238530139836e+35 1.816852332403851e+00 8.562870000000001e+38 
1.813124750678850e+15 4.407864909252502e+35 1.818049678153036e+00 8.573630000000000e+38 
1.816019857348353e+15 4.421491288365167e+35 1.819245519956261e+00 8.584380000000000e+38 
1.818914964017856e+15 4.435149283206632e+35 1.820442633820511e+00 8.595140000000000e+38 
1.821813588435439e+15 4.448807278048098e+35 1.821638248857095e+00 8.605880000000000e+38 
1.824708695104942e+15 4.462496888618363e+35 1.822835133895674e+00 8.616629999999999e+38 
1.827607319522525e+15 4.476218114917427e+35 1.824033287185931e+00 8.627360000000000e+38 
1.830509461688187e+15 4.489939341216492e+35 1.825229947154254e+00 8.638099999999999e+38 
1.833408086105770e+15 4.503660567515556e+35 1.826425118357475e+00 8.648830000000000e+38 
1.836310228271433e+15 4.517413409543421e+35 1.827621555973396e+00 8.659560000000000e+38 
1.839212370437095e+15 4.531197867300084e+35 1.828819257067696e+00 8.670280000000000e+38 
1.842114512602757e+15 4.544982325056748e+35 1.830015475869450e+00 8.680999999999999e+38 
1.845020172516499e+15 4.558798398542212e+35 1.831212956269782e+00 8.691719999999999e+38 
1.847925832430242e+15 4.572614472027675e+35 1.832408958444339e+00 8.702440000000000e+38 
1.850831492343984e+15 4.586430545513140e+35 1.833603486652663e+00 8.713149999999999e+38 
1.853737152257726e+15 4.600309850456203e+35 1.834802006126138e+00 8.723849999999999e+38 
1.856642812171468e+15 4.614157539670465e+35 1.835996327673158e+00 8.734550000000000e+38 
1.859551989833289e+15 4.628068460342329e+35 1.837194631697035e+00 8.745250000000000e+38 
1.862461167495110e+15 4.641979381014191e+35 1.838391468763382e+00 8.755950000000000e+38 
1.865373862905012e+15 4.655890301686053e+35 1.839586842039244e+00 8.766640000000001e+38 
1.868283040566833e+15 4.669832838086717e+35 1.840783469563783e+00 8.777330000000000e+38 
1.871195735976734e+15 4.683806990216179e+35 1.841981349576691e+00 8.788010000000001e+38 
1.874108431386636e+15 4.697781142345641e+35 1.843177772185447e+00 8.798690000000000e+38 
1.877024644544616e+15 4.711755294475103e+35 1.844372740651999e+00 8.809370000000000e+38 
1.879937339954518e+15 4.725761062333365e+35 1.845568959788039e+00 8.820050000000001e+38 
1.882853553112498e+15 4.739798445920426e+35 1.846766427848364e+00 8.830719999999998e+38 
1.885769766270479e+15 4.753835829507487e+35 1.847962447930281e+00 8.841380000000000e+38 
1.888689497176540e+15 4.767904828823349e+35 1.849159714081719e+00 8.852050000000000e+38 
1.891609228082600e+15 4.781973828139210e+35 1.850355536048248e+00 8.862710000000000e+38 
1.894528958988660e+15 4.796074443183871e+35 1.851552602317324e+00 8.873360000000000e+38 
1.897448689894721e+15 4.810175058228531e+35 1.852748230047903e+00 8.884020000000000e+38 
1.900368420800781e+15 4.824307289001992e+35 1.853945101254687e+00 8.894670000000000e+38 
1.903291669454921e+15 4.838439519775453e+35 1.855140538592691e+00 8.905310000000000e+38 
1.906214918109061e+15 4.852603366277713e+35 1.856337216638775e+00 8.915960000000000e+38 
1.909138166763201e+15 4.866767212779973e+35 1.857532465527190e+00 8.926589999999998e+38 
1.912064933165420e+15 4.880962675011033e+35 1.858728953307957e+00 8.937229999999999e+38 
1.914991699567640e+15 4.895189752970893e+35 1.859926677283075e+00 8.947859999999999e+38 
1.917918465969859e+15 4.909416830930752e+35 1.861122976924200e+00 8.958490000000000e+38 
1.920845232372079e+15 4.923675524619411e+35 1.862320511886705e+00 8.969120000000000e+38 
1.923775516522378e+15 4.937934218308070e+35 1.863516627221957e+00 8.979740000000000e+38 
1.926705800672677e+15 4.952192911996730e+35 1.864711326017642e+00 8.990360000000000e+38 
1.929636084822976e+15 4.966483221414188e+35 1.865907258539863e+00 9.000980000000000e+38 
1.932569886721355e+15 4.980805146560447e+35 1.867104422123489e+00 9.011590000000000e+38 
1.935503688619734e+15 4.995127071706706e+35 1.868300174094115e+00 9.022200000000000e+38 
1.938437490518112e+15 5.009480612581765e+35 1.869497155270039e+00 9.032810000000000e+38 
1.941371292416491e+15 5.023834153456824e+35 1.870692730307918e+00 9.043409999999999e+38 
1.944308612062950e+15 5.038219310060681e+35 1.871889532630240e+00 9.054010000000001e+38 
1.947242413961328e+15 5.052636082393339e+35 1.873087560654932e+00 9.064600000000000e+38 
1.950183251355866e+15 5.067052854725996e+35 1.874284187321316e+00 9.075199999999999e+38 
1.953120571002325e+15 5.081469627058654e+35 1.875479415632765e+00 9.085790000000001e+38 
1.956061408396862e+15 5.095918015120111e+35 1.876675868066892e+00 9.096369999999999e+38 
1.959002245791401e+15 5.110366403181568e+35 1.877870926679381e+00 9.106959999999999e+38 
1.961943083185938e+15 5.124846406971826e+35 1.879067207508035e+00 9.117539999999999e+38 
1.964883920580476e+15 5.139358026490882e+35 1.880264708921066e+00 9.128110000000000e+38 
1.967828275723094e+15 5.153869646009940e+35 1.881460822036792e+00 9.138690000000000e+38 
1.970772630865711e+15 5.168412881257795e+35 1.882658153016489e+00 9.149260000000000e+38 
1.973720503756408e+15 5.182956116505653e+35 1.883854099145380e+00 9.159830000000001e+38 
1.976664858899026e+15 5.197530967482309e+35 1.885051261449426e+00 9.170390000000001e+38 
1.979612731789723e+15 5.212105818458965e+35 1.886247044374190e+00 9.180949999999999e+38 
1.982564122428500e+15 5.226680669435621e+35 1.887441449678960e+00 9.191510000000001e+38 
1.985511995319197e+15 5.241318751869877e+35 1.888639657633716e+00 9.202060000000000e+38 
1.988463385957974e+15 5.255956834304132e+35 1.889836490789746e+00 9.212620000000000e+38 
1.991414776596750e+15 5.270594916738388e+35 1.891031951843078e+00 9.223170000000001e+38 
1.994366167235527e+15 5.285264614901443e+35 1.892228624094763e+00 9.233710000000000e+38 
1.997321075622383e+15 5.299934313064498e+35 1.893423928671652e+00 9.244250000000000e+38 
2.000275984009239e+15 5.314635626956353e+35 1.894620441824164e+00 9.254790000000000e+38 
2.003230892396095e+15 5.329336940848208e+35 1.895815591579223e+00 9.265330000000000e+38 
2.006189318531032e+15 5.344069870468862e+35 1.897011948121349e+00 9.275860000000000e+38 
2.009144226917888e+15 5.358834415818317e+35 1.898209509876194e+00 9.286389999999999e+38 
2.012102653052824e+15 5.373598961167771e+35 1.899405713515642e+00 9.296920000000000e+38 
2.015064596935839e+15 5.388395122246025e+35 1.900603119718630e+00 9.307450000000000e+38 
2.018026540818854e+15 5.403191283324280e+35 1.901799170200760e+00 9.317970000000000e+38 
2.020984966953790e+15 5.417987444402533e+35 1.902993869706678e+00 9.328490000000001e+38 
2.023950428584885e+15 5.432815221209588e+35 1.904189771095000e+00 9.338999999999999e+38 
2.026912372467901e+15 5.447674613745441e+35 1.905386871876017e+00 9.349510000000000e+38 
2.029877834098996e+15 5.462534006281293e+35 1.906582626052564e+00 9.360020000000000e+38 
2.032843295730091e+15 5.477425014545946e+35 1.907779577929053e+00 9.370530000000000e+38 
2.035812275109266e+15 5.492316022810600e+35 1.908975186350558e+00 9.381029999999999e+38 
2.038777736740360e+15 5.507238646804052e+35 1.910171990836979e+00 9.391529999999999e+38 
2.041746716119535e+15 5.522161270797505e+35 1.911367456916467e+00 9.402030000000000e+38 
2.044719213246790e+15 5.537115510519758e+35 1.912564116387092e+00 9.412530000000001e+38 
2.047688192625964e+15 5.552101365970810e+35 1.913761967905547e+00 9.423019999999999e+38 
2.050660689753218e+15 5.567055605693062e+35 1.914955960769112e+00 9.433510000000000e+38 
2.053633186880473e+15 5.582073076872914e+35 1.916153668008746e+00 9.443990000000000e+38 
2.056609201755806e+15 5.597090548052766e+35 1.917350044324205e+00 9.454480000000000e+38 
2.059581698883061e+15 5.612108019232618e+35 1.918545093213446e+00 9.464960000000000e+38 
2.062557713758394e+15 5.627157106141268e+35 1.919741331680344e+00 9.475430000000000e+38 
2.065537246381808e+15 5.642237808778720e+35 1.920938756323471e+00 9.485909999999999e+38 
2.068513261257142e+15 5.657318511416172e+35 1.922134857809517e+00 9.496380000000000e+38 
2.071492793880555e+15 5.672430829782422e+35 1.923332144794632e+00 9.506850000000000e+38 
2.074475844252048e+15 5.687543148148673e+35 1.924528111762092e+00 9.517320000000000e+38 
2.077455376875462e+15 5.702655466514924e+35 1.925722762336118e+00 9.527780000000000e+38 
2.080438427246955e+15 5.717799400609975e+35 1.926918596813713e+00 9.538240000000001e+38 
2.083421477618448e+15 5.732974950433826e+35 1.928115612736282e+00 9.548700000000000e+38 
2.086404527989940e+15 5.748150500257675e+35 1.929311317292266e+00 9.559150000000001e+38 
2.089391096109513e+15 5.763357665810325e+35 1.930508201652993e+00 9.569600000000002e+38 
2.092377664229086e+15 5.778564831362975e+35 1.931703777674299e+00 9.580050000000000e+38 
2.095367750096738e+15 5.793803612644425e+35 1.932900531080238e+00 9.590500000000001e+38 
2.098354318216310e+15 5.809042393925875e+35 1.934095979990487e+00 9.600940000000001e+38 
2.101344404083962e+15 5.824312790936124e+35 1.935292605487038e+00 9.611389999999999e+38 
2.104334489951615e+15 5.839614803675172e+35 1.936490405211802e+00 9.621820000000000e+38 
2.107328093567346e+15 5.854916816414221e+35 1.937686904549005e+00 9.632260000000000e+38 
2.110321697183078e+15 5.870218829153270e+35 1.938882106070529e+00 9.642689999999999e+38 
2.113315300798810e+15 5.885552457621120e+35 1.940078480312280e+00 9.653119999999998e+38 
2.116308904414542e+15 5.900886086088968e+35 1.941273561514436e+00 9.663550000000001e+38 
2.119306025778353e+15 5.916251330285617e+35 1.942469813756854e+00 9.673980000000000e+38 
2.122303147142165e+15 5.931648190211064e+35 1.943667234772116e+00 9.684399999999999e+38 
2.125303786254056e+15 5.947045050136513e+35 1.944863365895831e+00 9.694820000000000e+38 
2.128300907617867e+15 5.962441910061960e+35 1.946058210427257e+00 9.705229999999999e+38 
2.131301546729758e+15 5.977902001445008e+35 1.947256674002025e+00 9.715650000000001e+38 
2.134302185841649e+15 5.993330477099255e+35 1.948451404179871e+00 9.726060000000000e+38 
2.137306342701619e+15 6.008790568482303e+35 1.949647299857041e+00 9.736470000000000e+38 
2.140310499561590e+15 6.024282275594150e+35 1.950844358839532e+00 9.746870000000000e+38 
2.143314656421560e+15 6.039773982705996e+35 1.952040139073947e+00 9.757280000000000e+38 
2.146322331029611e+15 6.055297305546644e+35 1.953237081026304e+00 9.767679999999999e+38 
2.149330005637661e+15 6.070820628387291e+35 1.954432747027975e+00 9.778080000000001e+38 
2.152337680245711e+15 6.086375566956738e+35 1.955629573210275e+00 9.788470000000000e+38 
2.155345354853761e+15 6.101930505526183e+35 1.956825127958358e+00 9.798869999999998e+38 
2.158356547209891e+15 6.117517059824430e+35 1.958021841353588e+00 9.809260000000000e+38 
2.161367739566020e+15 6.133103614122677e+35 1.959217286074360e+00 9.819649999999999e+38 
2.164378931922150e+15 6.148721784149723e+35 1.960413887973625e+00 9.830029999999999e+38 
2.167393642026360e+15 6.164339954176768e+35 1.961609224866888e+00 9.840410000000001e+38 
2.170408352130569e+15 6.179989739932613e+35 1.962805716445643e+00 9.850800000000000e+38 
2.173423062234778e+15 6.195671141417259e+35 1.964003361378984e+00 9.861169999999999e+38 
2.176441290087067e+15 6.211352542901904e+35 1.965199745146332e+00 9.871550000000000e+38 
2.179459517939356e+15 6.227033944386549e+35 1.966394870160738e+00 9.881919999999998e+38 
2.182477745791645e+15 6.242746961599994e+35 1.967591146948919e+00 9.892290000000000e+38 
2.185499491392014e+15 6.258491594542239e+35 1.968788573275867e+00 9.902660000000000e+38 
2.188521236992382e+15 6.274236227484483e+35 1.969984744752804e+00 9.913020000000001e+38 
2.191542982592750e+15 6.289980860426728e+35 1.971179664617967e+00 9.923390000000001e+38 
2.194564728193119e+15 6.305757109097772e+35 1.972375733236444e+00 9.933749999999999e+38 
2.197589991541567e+15 6.321564973497615e+35 1.973572948389747e+00 9.944110000000001e+38 
2.200615254890015e+15 6.337372837897459e+35 1.974768915680239e+00 9.954460000000001e+38 
2.203644035986543e+15 6.353212318026104e+35 1.975966027121147e+00 9.964809999999999e+38 
2.206669299334991e+15 6.369051798154748e+35 1.977161894290182e+00 9.975159999999999e+38 
2.209698080431518e+15 6.384891278283391e+35 1.978356520333168e+00 9.985509999999999e+38 
2.212730379276126e+15 6.400793989869635e+35 1.979554671282171e+00 9.995859999999999e+38 
2.215762678120733e+15 6.416665085727078e+35 1.980749201135319e+00 1.000620000000000e+39 
2.218794976965340e+15 6.432599413042119e+35 1.981947249432973e+00 1.001650000000000e+39 
2.221827275809948e+15 6.448502124628363e+35 1.983141685837817e+00 1.002690000000000e+39 
2.224863092402634e+15 6.464468067672206e+35 1.984339634296816e+00 1.003720000000000e+39 
2.227898908995321e+15 6.480402394987247e+35 1.985533978349731e+00 1.004760000000000e+39 
2.230934725588008e+15 6.496399953759891e+35 1.986731828151211e+00 1.005790000000000e+39 
2.233974059928774e+15 6.512365896803734e+35 1.987926081888150e+00 1.006820000000000e+39 
2.237013394269541e+15 6.528395071305176e+35 1.989123834103932e+00 1.007850000000000e+39 
2.240052728610308e+15 6.544424245806616e+35 1.990320358707227e+00 1.008890000000000e+39 
2.243092062951074e+15 6.560453420308059e+35 1.991515658705045e+00 1.009920000000000e+39 
2.246134915039920e+15 6.576514210538301e+35 1.992712091912278e+00 1.010950000000000e+39 
2.249181284876846e+15 6.592575000768542e+35 1.993907302381358e+00 1.011980000000000e+39 
2.252224136965692e+15 6.608667406727582e+35 1.995103643733460e+00 1.013010000000000e+39 
2.255270506802618e+15 6.624791428415424e+35 1.996301114653136e+00 1.014040000000000e+39 
2.258316876639543e+15 6.640915450103265e+35 1.997497367216875e+00 1.015080000000000e+39 
2.261366764224548e+15 6.657039471791106e+35 1.998692403730062e+00 1.016110000000000e+39 
2.264416651809553e+15 6.673195109207746e+35 1.999888567459102e+00 1.017140000000000e+39 
2.267466539394558e+15 6.689382362353187e+35 2.001085857099749e+00 1.018170000000000e+39 
2.270516426979564e+15 6.705569615498628e+35 2.002281934967293e+00 1.019200000000000e+39 
2.273569832312648e+15 6.721788484372867e+35 2.003479137207398e+00 1.020230000000000e+39 
2.276623237645734e+15 6.738007353247107e+35 2.004675130301918e+00 1.021260000000000e+39 
2.279680160726898e+15 6.754226222121348e+35 2.005869916422854e+00 1.022290000000000e+39 
2.282737083808062e+15 6.770508322453186e+35 2.007068151604257e+00 1.023320000000000e+39 
2.285794006889227e+15 6.786758807056227e+35 2.008262856692634e+00 1.024340000000000e+39 
2.288850929970391e+15 6.803040907388065e+35 2.009458683251577e+00 1.025370000000000e+39 
2.291911370799635e+15 6.819354623448704e+35 2.010655629287866e+00 1.026400000000000e+39 
2.294971811628879e+15 6.835668339509344e+35 2.011851375146929e+00 1.027430000000000e+39 
2.298035770206202e+15 6.852013671298782e+35 2.013048238215700e+00 1.028460000000000e+39 
2.301096211035446e+15 6.868359003088219e+35 2.014243904327496e+00 1.029490000000000e+39 
2.304160169612770e+15 6.884735950606459e+35 2.015440687088272e+00 1.030510000000000e+39 
2.307227645938174e+15 6.901112898124698e+35 2.016636275351534e+00 1.031540000000000e+39 
2.310295122263576e+15 6.917521461371735e+35 2.017832977210565e+00 1.032570000000000e+39 
2.313362598588980e+15 6.933961640347574e+35 2.019030791498425e+00 1.033590000000000e+39 
2.316430074914383e+15 6.950370203594611e+35 2.020225114080926e+00 1.034620000000000e+39 
2.319501068987866e+15 6.966841998299248e+35 2.021422848601464e+00 1.035650000000000e+39 
2.322572063061348e+15 6.983313793003886e+35 2.022619395274068e+00 1.036670000000000e+39 
2.325643057134832e+15 6.999785587708523e+35 2.023814756981909e+00 1.037700000000000e+39 
2.328717568956394e+15 7.016288998141961e+35 2.025011228220226e+00 1.038730000000000e+39 
2.331792080777956e+15 7.032792408575398e+35 2.026206516992536e+00 1.039750000000000e+39 
2.334870110347598e+15 7.049327434737634e+35 2.027402913069383e+00 1.040780000000000e+39 
2.337944622169160e+15 7.065894076628671e+35 2.028600415207940e+00 1.041800000000000e+39 
2.341022651738802e+15 7.082460718519708e+35 2.029796738977876e+00 1.042830000000000e+39 
2.344104199056524e+15 7.099027360410744e+35 2.030991885690999e+00 1.043850000000000e+39 
2.347185746374245e+15 7.115625618030581e+35 2.032188136254518e+00 1.044880000000000e+39 
2.350267293691966e+15 7.132255491379216e+35 2.033385489435178e+00 1.045900000000000e+39 
2.353348841009688e+15 7.148885364727852e+35 2.034581669711367e+00 1.046920000000000e+39 
2.356433906075490e+15 7.165515238076488e+35 2.035776679158899e+00 1.047950000000000e+39 
2.359518971141290e+15 7.182176727153923e+35 2.036972789691151e+00 1.048970000000000e+39 
2.362604036207092e+15 7.198869831960158e+35 2.038170000139418e+00 1.050000000000000e+39 
2.365692619020972e+15 7.215562936766394e+35 2.039366042998764e+00 1.051020000000000e+39 
2.368781201834853e+15 7.232287657301428e+35 2.040563183534213e+00 1.052040000000000e+39 
2.371869784648734e+15 7.249012377836465e+35 2.041759159579331e+00 1.053070000000000e+39 
2.374961885210694e+15 7.265768714100299e+35 2.042956231989131e+00 1.054090000000000e+39 
2.378053985772654e+15 7.282525050364133e+35 2.044152142219964e+00 1.055110000000000e+39 
2.381149604082694e+15 7.299313002356768e+35 2.045349146736570e+00 1.056130000000000e+39 
2.384241704644655e+15 7.316100954349401e+35 2.046544992234667e+00 1.057150000000000e+39 
2.387340840702774e+15 7.332888906342036e+35 2.047739680649747e+00 1.058180000000000e+39 
2.390436459012814e+15 7.349740089792270e+35 2.048937709872598e+00 1.059200000000000e+39 
2.393535595070934e+15 7.366559657513705e+35 2.050132337526481e+00 1.060220000000000e+39 
2.396634731129053e+15 7.383442456692736e+35 2.051330300206048e+00 1.061240000000000e+39 
2.399733867187172e+15 7.400293640142972e+35 2.052524868622087e+00 1.062260000000000e+39 
2.402836520993372e+15 7.417208055050803e+35 2.053722766359875e+00 1.063280000000000e+39 
2.405939174799570e+15 7.434122469958638e+35 2.054919513489271e+00 1.064300000000000e+39 
2.409045346353850e+15 7.451036884866469e+35 2.056115111968961e+00 1.065320000000000e+39 
2.412151517908128e+15 7.467982915503103e+35 2.057311796674816e+00 1.066340000000000e+39 
2.415257689462407e+15 7.484928946139736e+35 2.058507335763760e+00 1.067360000000000e+39 
2.418363861016686e+15 7.501906592505167e+35 2.059703960496080e+00 1.068380000000000e+39 
2.421473550319044e+15 7.518884238870602e+35 2.060899442538410e+00 1.069400000000000e+39 
2.424583239621402e+15 7.535893500964833e+35 2.062096008098622e+00 1.070420000000000e+39 
2.427696446671840e+15 7.552934378787864e+35 2.063293655305240e+00 1.071440000000000e+39 
2.430809653722278e+15 7.569975256610898e+35 2.064490162197641e+00 1.072460000000000e+39 
2.433922860772716e+15 7.587016134433928e+35 2.065685531481976e+00 1.073480000000000e+39 
2.437036067823154e+15 7.604088627985760e+35 2.066881981678244e+00 1.074500000000000e+39 
2.440152792621671e+15 7.621192737266391e+35 2.068079510927546e+00 1.075520000000000e+39 
2.443273035168268e+15 7.638296846547022e+35 2.069275904951929e+00 1.076540000000000e+39 
2.446389759966786e+15 7.655400955827653e+35 2.070471166487604e+00 1.077550000000000e+39 
2.449510002513382e+15 7.672536680837086e+35 2.071667505650012e+00 1.078570000000000e+39 
2.452630245059980e+15 7.689704021575315e+35 2.072864920540333e+00 1.079590000000000e+39 
2.455754005354656e+15 7.706871362313546e+35 2.074061206041493e+00 1.080610000000000e+39 
2.458877765649332e+15 7.724038703051774e+35 2.075256364071117e+00 1.081620000000000e+39 
2.462001525944009e+15 7.741237659518806e+35 2.076452596462569e+00 1.082640000000000e+39 
2.465128803986766e+15 7.758468231714637e+35 2.077649901330577e+00 1.083660000000000e+39 
2.468256082029522e+15 7.775698803910465e+35 2.078846081710786e+00 1.084670000000000e+39 
2.471383360072278e+15 7.792960991835097e+35 2.080043333232136e+00 1.085690000000000e+39 
2.474514155863114e+15 7.810223179759726e+35 2.081239463221976e+00 1.086710000000000e+39 
2.477644951653950e+15 7.827485367684355e+35 2.082434473570355e+00 1.087720000000000e+39 
2.480775747444786e+15 7.844779171337786e+35 2.083630553735392e+00 1.088740000000000e+39 
2.483910060983701e+15 7.862104590720013e+35 2.084827701851399e+00 1.089760000000000e+39 
2.487044374522616e+15 7.879430010102242e+35 2.086023733316221e+00 1.090770000000000e+39 
2.490182205809612e+15 7.896787045213270e+35 2.087220830678387e+00 1.091790000000000e+39 
2.493316519348526e+15 7.914144080324297e+35 2.088416814168384e+00 1.092800000000000e+39 
2.496454350635522e+15 7.931532731164129e+35 2.089613863049750e+00 1.093820000000000e+39 
2.499595699670596e+15 7.948921382003957e+35 2.090809800148433e+00 1.094830000000000e+39 
2.502737048705670e+15 7.966341648572585e+35 2.092006799954256e+00 1.095850000000000e+39 
2.505878397740746e+15 7.983761915141214e+35 2.093202690783239e+00 1.096860000000000e+39 
2.509019746775820e+15 8.001213797438642e+35 2.094399643764953e+00 1.097880000000000e+39 
2.512164613558974e+15 8.018665679736069e+35 2.095595490560513e+00 1.098890000000000e+39 
2.515312998090208e+15 8.036149177762296e+35 2.096792396841159e+00 1.099900000000000e+39 
2.518457864873362e+15 8.053632675788523e+35 2.097988198993997e+00 1.100920000000000e+39 
2.521606249404596e+15 8.071147789543551e+35 2.099185060132551e+00 1.101930000000000e+39 
2.524754633935830e+15 8.088662903298578e+35 2.100380819857862e+00 1.102940000000000e+39 
2.527906536215143e+15 8.106209632782405e+35 2.101577636551562e+00 1.103960000000000e+39 
2.531058438494456e+15 8.123787977995032e+35 2.102775508480771e+00 1.104970000000000e+39 
2.534210340773770e+15 8.141334707478859e+35 2.103970129250456e+00 1.105980000000000e+39 
2.537365760801162e+15 8.158944668420284e+35 2.105167956271901e+00 1.107000000000000e+39 
2.540521180828556e+15 8.176554629361710e+35 2.106364686824745e+00 1.108010000000000e+39 
2.543676600855948e+15 8.194164590303137e+35 2.107560323391876e+00 1.109020000000000e+39 
2.546835538631422e+15 8.211806166973362e+35 2.108757012618373e+00 1.110030000000000e+39 
2.549994476406894e+15 8.229447743643588e+35 2.109952609947106e+00 1.111050000000000e+39 
2.553156931930446e+15 8.247120936042616e+35 2.111149257942395e+00 1.112060000000000e+39 
2.556315869705918e+15 8.264825744170438e+35 2.112346955572237e+00 1.113070000000000e+39 
2.559481842977550e+15 8.282530552298264e+35 2.113543564088706e+00 1.114080000000000e+39 
2.562644298501102e+15 8.300235360426090e+35 2.114739174761671e+00 1.336520000000000e+39 
3.265205427208897e+15 8.321386282993080e+35 2.116041195234064e+00 1.338970000000000e+39 
3.272905777755121e+15 8.343074672949666e+35 2.117258283965227e+00 1.341430000000000e+39 
3.280613163797505e+15 8.364794678635052e+35 2.118475095868863e+00 1.343890000000000e+39 
3.288331103084127e+15 8.386577915778038e+35 2.119693217328529e+00 1.346360000000000e+39 
3.296063113363068e+15 8.408392768649823e+35 2.120910876572490e+00 1.348820000000000e+39 
3.303802159138168e+15 8.430239237250406e+35 2.122128073394475e+00 1.351290000000000e+39 
3.311551758157506e+15 8.452117321579791e+35 2.123344808141736e+00 1.353750000000000e+39 
3.319308392673004e+15 8.474058637366774e+35 2.124562836511589e+00 1.356220000000000e+39 
3.327079098180820e+15 8.496031568882558e+35 2.125780400297924e+00 1.358690000000000e+39 
3.334860356932875e+15 8.518036116127141e+35 2.126997498559555e+00 1.361170000000000e+39 
3.342648651181089e+15 8.540103894829323e+35 2.128215877539616e+00 1.363640000000000e+39 
3.350451016421621e+15 8.562203289260304e+35 2.129433788594302e+00 1.366120000000000e+39 
3.358260417158312e+15 8.584334299420086e+35 2.130651231563153e+00 1.368600000000000e+39 
3.366083888887323e+15 8.606496925308669e+35 2.131868206293483e+00 1.371080000000000e+39 
3.373914396112492e+15 8.628722782654848e+35 2.133086445770165e+00 1.373560000000000e+39 
3.381755456581900e+15 8.650980255729829e+35 2.134304214639531e+00 1.376050000000000e+39 
3.389607070295546e+15 8.673269344533607e+35 2.135521512595524e+00 1.378530000000000e+39 
3.397469237253432e+15 8.695621664794987e+35 2.136740063318557e+00 1.381020000000000e+39 
3.405341957455556e+15 8.718005600785169e+35 2.137958140287253e+00 1.383510000000000e+39 
3.413225230901919e+15 8.740421152504146e+35 2.139175743388255e+00 1.386000000000000e+39 
3.421119057592521e+15 8.762868319951926e+35 2.140392872472523e+00 1.388490000000000e+39 
3.429019919779282e+15 8.785378718857302e+35 2.141611239448587e+00 1.390990000000000e+39 
3.436934852958361e+15 8.807920733491480e+35 2.142829130212815e+00 1.393490000000000e+39 
3.444860339381679e+15 8.830494363854457e+35 2.144046543941101e+00 1.395990000000000e+39 
3.452792861301156e+15 8.853131225675035e+35 2.145265183378277e+00 1.398490000000000e+39 
3.460735936464872e+15 8.875799703224410e+35 2.146483344206701e+00 1.400990000000000e+39 
3.468693082620907e+15 8.898499796502586e+35 2.147701025752967e+00 1.403490000000000e+39 
3.476657264273100e+15 8.921231505509560e+35 2.148918227950780e+00 1.406000000000000e+39 
3.484631999169532e+15 8.944026445974136e+35 2.150136641481988e+00 1.408510000000000e+39 
3.492620805058284e+15 8.966853002167510e+35 2.151354572913994e+00 1.411020000000000e+39 
3.500616646443193e+15 8.989742789818486e+35 2.152573706335350e+00 1.413530000000000e+39 
3.508623041072342e+15 9.012632577469459e+35 2.153790674488565e+00 1.416040000000000e+39 
3.516639988945729e+15 9.035585596578032e+35 2.155008839084901e+00 1.418560000000000e+39 
3.524678043307594e+15 9.058601847144206e+35 2.156228192904855e+00 1.421080000000000e+39 
3.532698508929061e+15 9.081618097710379e+35 2.157445388518845e+00 1.423600000000000e+39 
3.540754152031324e+15 9.104760811191750e+35 2.158667109138163e+00 1.426120000000000e+39 
3.548809795133587e+15 9.127808677486723e+35 2.159881671857128e+00 1.428640000000000e+39 
3.556865438235850e+15 9.150983006696894e+35 2.161100745449557e+00 1.431170000000000e+39 
3.564956258818909e+15 9.174157335907066e+35 2.162317669991801e+00 1.433690000000000e+39 
3.573047079401968e+15 9.197394896574837e+35 2.163535763251690e+00 1.436220000000000e+39 
3.581137899985026e+15 9.220695688700206e+35 2.164755023465958e+00 1.438750000000000e+39 
3.589263898048882e+15 9.244028096554377e+35 2.165973791261772e+00 1.441280000000000e+39 
3.597389896112736e+15 9.267392120137344e+35 2.167192064419539e+00 1.443820000000000e+39 
3.605515894176590e+15 9.290787759449115e+35 2.168409846144506e+00 1.446350000000000e+39 
3.613641892240446e+15 9.314246630218482e+35 2.169628782748482e+00 1.448890000000000e+39 
3.621803067785096e+15 9.337705500987852e+35 2.170845586374849e+00 1.451430000000000e+39 
3.629964243329746e+15 9.361259218943620e+35 2.172065172276862e+00 1.453970000000000e+39 
3.638160596355194e+15 9.384812936899387e+35 2.173282624587948e+00 1.456520000000000e+39 
3.646321771899844e+15 9.408429886312754e+35 2.174501214714487e+00 1.459060000000000e+39 
3.654518124925291e+15 9.432078451454921e+35 2.175719312289411e+00 1.461610000000000e+39 
3.662749655431532e+15 9.455790248054686e+35 2.176938535224513e+00 1.464160000000000e+39 
3.670946008456980e+15 9.479533660383251e+35 2.178157258865139e+00 1.466710000000000e+39 
3.679177538963222e+15 9.503308688440617e+35 2.179375486392899e+00 1.469260000000000e+39 
3.687409069469464e+15 9.527115332226783e+35 2.180593215689952e+00 1.471810000000000e+39 
3.695675777456503e+15 9.550985207470547e+35 2.181812059264459e+00 1.474370000000000e+39 
3.703907307962746e+15 9.574886698443112e+35 2.183030403359625e+00 1.476930000000000e+39 
3.712174015949784e+15 9.598819805144477e+35 2.184248251394718e+00 1.479490000000000e+39 
3.720475901417619e+15 9.622816143303439e+35 2.185467201918014e+00 1.482050000000000e+39 
3.728742609404656e+15 9.646844097191200e+35 2.186685649934702e+00 1.484610000000000e+39 
3.737044494872492e+15 9.670903666807762e+35 2.187903598861937e+00 1.487180000000000e+39 
3.745381557821121e+15 9.695026467881926e+35 2.189122639016905e+00 1.489750000000000e+39 
3.753683443288955e+15 9.719180884684888e+35 2.190341173723104e+00 1.492320000000000e+39 
3.762020506237586e+15 9.743366917216648e+35 2.191559206027377e+00 1.494890000000000e+39 
3.770357569186216e+15 9.767616181206009e+35 2.192778323602402e+00 1.497460000000000e+39 
3.778729809615642e+15 9.791897060924170e+35 2.193996932864629e+00 1.500030000000000e+39 
3.787102050045068e+15 9.816209556371128e+35 2.195215031720877e+00 1.502610000000000e+39 
3.795474290474494e+15 9.840585283275689e+35 2.196434204850902e+00 1.505190000000000e+39 
3.803846530903920e+15 9.864992625909047e+35 2.197652871628629e+00 1.507770000000000e+39 
3.812253948814142e+15 9.889431584271208e+35 2.198871030099830e+00 1.510350000000000e+39 
3.820661366724364e+15 9.913902158362165e+35 2.200088678313389e+00 1.512940000000000e+39 
3.829068784634586e+15 9.938435963910725e+35 2.201307390392916e+00 1.515520000000000e+39 
3.837511380025604e+15 9.963033000916880e+35 2.202527159498791e+00 1.518110000000000e+39 
3.845953975416622e+15 9.987630037923038e+35 2.203744847950099e+00 1.520700000000000e+39 
3.854396570807640e+15 1.001229030638679e+36 2.204963589204763e+00 1.523290000000000e+39 
3.862839166198658e+15 1.003698219057935e+36 2.206181821463650e+00 1.525890000000000e+39 
3.871316939070472e+15 1.006173730622951e+36 2.207401100129696e+00 1.528480000000000e+39 
3.879794711942286e+15 1.008652403760846e+36 2.208619864058714e+00 1.531080000000000e+39 
3.888307662294896e+15 1.011134238471622e+36 2.209838111282361e+00 1.533680000000000e+39 
3.896785435166708e+15 1.013622396328157e+36 2.211057394892074e+00 1.536280000000000e+39 
3.905333563000114e+15 1.016110554184693e+36 2.212274614384920e+00 1.538880000000000e+39 
3.913846513352724e+15 1.018608196759868e+36 2.213494405481885e+00 1.541490000000000e+39 
3.922394641186130e+15 1.021105839335043e+36 2.214712137156841e+00 1.544090000000000e+39 
3.930942769019536e+15 1.023609805055979e+36 2.215930889989643e+00 1.546700000000000e+39 
3.939490896852941e+15 1.026116932349794e+36 2.217149126244720e+00 1.549310000000000e+39 
3.948074202167143e+15 1.028630382789369e+36 2.218368377522851e+00 1.551920000000000e+39 
3.956622330000548e+15 1.031146994801824e+36 2.219587111267602e+00 1.554540000000000e+39 
3.965240812795546e+15 1.033666768387159e+36 2.220805325597510e+00 1.557150000000000e+39 
3.973824118109748e+15 1.036192865118254e+36 2.222024544864898e+00 1.559770000000000e+39 
3.982442600904745e+15 1.038722123422230e+36 2.223243244256812e+00 1.562390000000000e+39 
3.991061083699742e+15 1.041254543299084e+36 2.224461421899232e+00 1.565010000000000e+39 
3.999714743975536e+15 1.043793286321699e+36 2.225680594534679e+00 1.567640000000000e+39 
4.008333226770534e+15 1.046335190917194e+36 2.226899245008945e+00 1.570260000000000e+39 
4.017022064527122e+15 1.048880257085569e+36 2.228117371500937e+00 1.572890000000000e+39 
4.025675724802916e+15 1.051431646399704e+36 2.229336483158394e+00 1.575520000000000e+39 
4.034364562559505e+15 1.053986197286719e+36 2.230555070452747e+00 1.578150000000000e+39 
4.043053400316095e+15 1.056543909746613e+36 2.231773131228130e+00 1.580780000000000e+39 
4.051742238072684e+15 1.059107945352268e+36 2.232992172265526e+00 1.583420000000000e+39 
4.060466253310070e+15 1.061675142530803e+36 2.234210686451478e+00 1.586060000000000e+39 
4.069190268547454e+15 1.064245501282218e+36 2.235428672000301e+00 1.588700000000000e+39 
4.077914283784839e+15 1.066822183179392e+36 2.236647628203895e+00 1.591340000000000e+39 
4.086673476503020e+15 1.069402026649447e+36 2.237866055030116e+00 1.593980000000000e+39 
4.095397491740406e+15 1.071988193265261e+36 2.239085446801951e+00 1.596620000000000e+39 
4.104191861939382e+15 1.074574359881076e+36 2.240302820384882e+00 1.599270000000000e+39 
4.112951054657564e+15 1.077170011215530e+36 2.241522636564866e+00 1.601920000000000e+39 
4.121745424856540e+15 1.079765662549985e+36 2.242740439203272e+00 1.604570000000000e+39 
4.130539795055518e+15 1.082367637030199e+36 2.243959193202345e+00 1.607220000000000e+39 
4.139369342735290e+15 1.084972773083293e+36 2.245177414186586e+00 1.609880000000000e+39 
4.148198890415063e+15 1.087584232282147e+36 2.246396576642705e+00 1.612530000000000e+39 
4.157028438094837e+15 1.090198853053881e+36 2.247615205441524e+00 1.615190000000000e+39 
4.165857985774610e+15 1.092816635398496e+36 2.248833303552543e+00 1.617850000000000e+39 
4.174722710935178e+15 1.095440740888870e+36 2.250052338312722e+00 1.620510000000000e+39 
4.183587436095747e+15 1.098068007952124e+36 2.251270837548164e+00 1.623180000000000e+39 
4.192487338737112e+15 1.100698436588258e+36 2.252488799609617e+00 1.625840000000000e+39 
4.201352063897681e+15 1.103335188370152e+36 2.253707689265196e+00 1.628510000000000e+39 
4.210251966539046e+15 1.105975101724926e+36 2.254926046205743e+00 1.631180000000000e+39 
4.219187046661206e+15 1.108618176652580e+36 2.256143863865704e+00 1.633850000000000e+39 
4.228086949302570e+15 1.111267574725994e+36 2.257362600177617e+00 1.636520000000000e+39 
4.237022029424732e+15 1.113920134372287e+36 2.258580801902520e+00 1.639200000000000e+39 
4.245992287027688e+15 1.116579017164341e+36 2.259799912326820e+00 1.641880000000000e+39 
4.254927367149848e+15 1.119241061529275e+36 2.261018483075751e+00 1.644560000000000e+39 
4.263897624752805e+15 1.121906267467089e+36 2.262236517427407e+00 1.647240000000000e+39 
4.272903059836558e+15 1.124577796550662e+36 2.263455451752040e+00 1.649920000000000e+39 
4.281873317439514e+15 1.127252487207116e+36 2.264673844753857e+00 1.652610000000000e+39 
4.290878752523266e+15 1.129930339436449e+36 2.265891699704169e+00 1.655290000000000e+39 
4.299919365087814e+15 1.132614514811543e+36 2.267110446010779e+00 1.657980000000000e+39 
4.308924800171567e+15 1.135301851759516e+36 2.268328649307930e+00 1.660670000000000e+39 
4.317965412736116e+15 1.137995511853250e+36 2.269547743594558e+00 1.663370000000000e+39 
4.327006025300664e+15 1.140692333519863e+36 2.270766294436724e+00 1.666060000000000e+39 
4.336081815346008e+15 1.143392316759357e+36 2.271984300731205e+00 1.668760000000000e+39 
4.345157605391353e+15 1.146095461571730e+36 2.273201761055215e+00 1.671460000000000e+39 
4.354233395436697e+15 1.148804929529863e+36 2.274420100492800e+00 1.674160000000000e+39 
4.363344362962837e+15 1.151520720633756e+36 2.275639313433296e+00 1.676860000000000e+39 
4.372455330488977e+15 1.154236511737649e+36 2.276856559608964e+00 1.679570000000000e+39 
4.381566298015117e+15 1.156961787560183e+36 2.278076091122061e+00 1.682280000000000e+39 
4.390677265541258e+15 1.159687063382716e+36 2.279293664593350e+00 1.684990000000000e+39 
4.399823410548194e+15 1.162418662351009e+36 2.280512103544350e+00 1.687700000000000e+39 
4.408969555555130e+15 1.165153422892182e+36 2.281729994602964e+00 1.690410000000000e+39 
4.418150878042862e+15 1.167894506579115e+36 2.282948742529150e+00 1.693120000000000e+39 
4.427332200530594e+15 1.170638751838928e+36 2.284166938197208e+00 1.695840000000000e+39 
4.436513523018326e+15 1.173386158671621e+36 2.285384584852412e+00 1.698560000000000e+39 
4.445730022986854e+15 1.176139888650073e+36 2.286603079997058e+00 1.701280000000000e+39 
4.454911345474585e+15 1.178896780201406e+36 2.287821025846334e+00 1.704010000000000e+39 
4.464163022923909e+15 1.181659994898499e+36 2.289039815768851e+00 1.706730000000000e+39 
4.473379522892438e+15 1.184423209595592e+36 2.290256659350826e+00 1.709460000000000e+39 
4.482631200341762e+15 1.187195909011324e+36 2.291475734695457e+00 1.712190000000000e+39 
4.491882877791085e+15 1.189968608427057e+36 2.292692868307242e+00 1.714920000000000e+39 
4.501169732721205e+15 1.192747630988550e+36 2.293910834699902e+00 1.717650000000000e+39 
4.510456587651324e+15 1.195532976695802e+36 2.295129628544361e+00 1.720390000000000e+39 
4.519743442581444e+15 1.198321483975934e+36 2.296347867626257e+00 1.723120000000000e+39 
4.529065474992360e+15 1.201113152828947e+36 2.297565550376482e+00 1.725860000000000e+39 
4.538352329922479e+15 1.203907983254839e+36 2.298782680093623e+00 1.728610000000000e+39 
4.547709539814191e+15 1.206709136826492e+36 2.300000630280664e+00 1.731350000000000e+39 
4.557031572225107e+15 1.209516613543904e+36 2.301219395593715e+00 1.734100000000000e+39 
4.566388782116818e+15 1.212327251834196e+36 2.302437604770298e+00 1.736840000000000e+39 
4.575745992008530e+15 1.215141051697368e+36 2.303655256568694e+00 1.739590000000000e+39 
4.585138379381037e+15 1.217958013133421e+36 2.304872350071944e+00 1.742340000000000e+39 
4.594530766753545e+15 1.220781297715233e+36 2.306090248068385e+00 1.745100000000000e+39 
4.603923154126052e+15 1.223607743869925e+36 2.307307587957142e+00 1.747850000000000e+39 
4.613350718979355e+15 1.226440513170377e+36 2.308525728157477e+00 1.750610000000000e+39 
4.622778283832658e+15 1.229276444043709e+36 2.309743305887411e+00 1.753370000000000e+39 
4.632205848685962e+15 1.232118698062801e+36 2.310961679776177e+00 1.756140000000000e+39 
4.641668591020061e+15 1.234964113654773e+36 2.312179491436308e+00 1.758900000000000e+39 
4.651131333354161e+15 1.237812690819625e+36 2.313396739692435e+00 1.761670000000000e+39 
4.660594075688260e+15 1.240664429557357e+36 2.314613427821486e+00 1.764440000000000e+39 
4.670091995503155e+15 1.243522491440849e+36 2.315830901512856e+00 1.767210000000000e+39 
4.679589915318050e+15 1.246386876470100e+36 2.317049155650057e+00 1.769980000000000e+39 
4.689087835132945e+15 1.249254423072232e+36 2.318266846832250e+00 1.772750000000000e+39 
4.698620932428636e+15 1.252125131247243e+36 2.319483973834811e+00 1.775530000000000e+39 
4.708154029724327e+15 1.255002162568015e+36 2.320701874340133e+00 1.778310000000000e+39 
4.717722304500814e+15 1.257882355461667e+36 2.321919206962256e+00 1.781090000000000e+39 
4.727255401796505e+15 1.260765709928198e+36 2.323135974873095e+00 1.783880000000000e+39 
4.736858854053788e+15 1.263655387540490e+36 2.324353509239931e+00 1.786660000000000e+39 
4.746427128830275e+15 1.266548226725661e+36 2.325570474864374e+00 1.789450000000000e+39 
4.756030581087558e+15 1.269447389056593e+36 2.326788203039848e+00 1.792240000000000e+39 
4.765634033344841e+15 1.272349712960404e+36 2.328005362827402e+00 1.795030000000000e+39 
4.775272663082919e+15 1.275255198437095e+36 2.329221953355942e+00 1.797830000000000e+39 
4.784911292820999e+15 1.278167007059546e+36 2.330439295483997e+00 1.800620000000000e+39 
4.794549922559078e+15 1.281081977254878e+36 2.331656068729839e+00 1.803420000000000e+39 
4.804223729777952e+15 1.284003270595969e+36 2.332873589783595e+00 1.806220000000000e+39 
4.813897536996827e+15 1.286927725509940e+36 2.334090537968415e+00 1.809030000000000e+39 
4.823571344215701e+15 1.289858503569671e+36 2.335308230279244e+00 1.811830000000000e+39 
4.833280328915372e+15 1.292789281629402e+36 2.336524038425606e+00 1.814640000000000e+39 
4.842989313615042e+15 1.295729544407773e+36 2.337741894165479e+00 1.817450000000000e+39 
4.852698298314713e+15 1.298669807186144e+36 2.338957870220307e+00 1.820260000000000e+39 
4.862442460495179e+15 1.301619554683155e+36 2.340175886138695e+00 1.823080000000000e+39 
4.872186622675646e+15 1.304569302180166e+36 2.341392022887410e+00 1.825890000000000e+39 
4.881965962336909e+15 1.307525372822937e+36 2.342608887165607e+00 1.828710000000000e+39 
4.891815656959763e+15 1.310484605038588e+36 2.343825166233347e+00 1.831530000000000e+39 
4.901524641659434e+15 1.313450160399998e+36 2.345042168778352e+00 1.834360000000000e+39 
4.911339158801492e+15 1.316418877334289e+36 2.346258602267689e+00 1.837180000000000e+39 
4.921153675943550e+15 1.319393917414340e+36 2.347475750845287e+00 1.840010000000000e+39 
4.930968193085609e+15 1.322372119067270e+36 2.348692323016627e+00 1.842840000000000e+39 
4.940817887708462e+15 1.325353482293081e+36 2.349908317737135e+00 1.845670000000000e+39 
4.950667582331317e+15 1.328341168664652e+36 2.351125022004654e+00 1.848510000000000e+39 
4.960552454434967e+15 1.331332016609102e+36 2.352341145548268e+00 1.851350000000000e+39 
4.970402149057822e+15 1.334326026126432e+36 2.353556691411739e+00 1.854190000000000e+39 
4.980322198642267e+15 1.337329520362403e+36 2.354774222213145e+00 1.857030000000000e+39 
4.990207070745918e+15 1.340333014598373e+36 2.355989890298805e+00 1.859870000000000e+39 
5.000127120330364e+15 1.343342831980103e+36 2.357206258375822e+00 1.862720000000000e+39 
5.010082347395605e+15 1.346355810934714e+36 2.358422041920954e+00 1.865570000000000e+39 
5.020002396980052e+15 1.349375113035084e+36 2.359638518289983e+00 1.868420000000000e+39 
5.029992801526090e+15 1.352397576708334e+36 2.360854411013325e+00 1.871270000000000e+39 
5.039948028591332e+15 1.355423201954464e+36 2.362069719106378e+00 1.874130000000000e+39 
5.049938433137369e+15 1.358455150346354e+36 2.363285713832367e+00 1.876990000000000e+39 
5.059928837683407e+15 1.361493421884004e+36 2.364502390763214e+00 1.879850000000000e+39 
5.069954419710240e+15 1.364531693421654e+36 2.365717217034741e+00 1.882710000000000e+39 
5.079980001737075e+15 1.367579449677944e+36 2.366933982666660e+00 1.885580000000000e+39 
5.090040761244705e+15 1.370627205934234e+36 2.368148898432748e+00 1.888450000000000e+39 
5.100066343271538e+15 1.373681285336284e+36 2.369364487936520e+00 1.891320000000000e+39 
5.110162280259963e+15 1.376741687884094e+36 2.370580746836823e+00 1.894190000000000e+39 
5.120223039767594e+15 1.379805252004784e+36 2.371796415992065e+00 1.897070000000000e+39 
5.130318976756019e+15 1.382871977698353e+36 2.373011498779748e+00 1.899940000000000e+39 
5.140450091225241e+15 1.385945026537683e+36 2.374227241552718e+00 1.902820000000000e+39 
5.150581205694463e+15 1.389021236949892e+36 2.375442391264011e+00 1.905710000000000e+39 
5.160712320163683e+15 1.392100608934982e+36 2.376656950756926e+00 1.908590000000000e+39 
5.170843434632905e+15 1.395186304065832e+36 2.377872168114690e+00 1.911480000000000e+39 
5.181009726582923e+15 1.398278322342441e+36 2.379088039271459e+00 1.914370000000000e+39 
5.191211196013736e+15 1.401373502191931e+36 2.380303314975228e+00 1.917270000000000e+39 
5.201412665444550e+15 1.404471843614300e+36 2.381517994635281e+00 1.920160000000000e+39 
5.211614134875362e+15 1.407576508182429e+36 2.382733319188589e+00 1.923060000000000e+39 
5.221850781786972e+15 1.410684334323439e+36 2.383948048479251e+00 1.925960000000000e+39 
5.232087428698581e+15 1.413798483610208e+36 2.385163415696115e+00 1.928860000000000e+39 
5.242324075610191e+15 1.416915794469857e+36 2.386378188431483e+00 1.931770000000000e+39 
5.252595900002595e+15 1.420036266902387e+36 2.387592365857157e+00 1.934680000000000e+39 
5.262867724395000e+15 1.423163062480675e+36 2.388807175957172e+00 1.937590000000000e+39 
5.273174726268202e+15 1.426293019631845e+36 2.390021388168714e+00 1.940500000000000e+39 
5.283481728141403e+15 1.429429299928774e+36 2.391236226472276e+00 1.943420000000000e+39 
5.293788730014604e+15 1.432568741798583e+36 2.392450467633617e+00 1.946340000000000e+39 
5.304130909368600e+15 1.435714506814152e+36 2.393665332235629e+00 1.949260000000000e+39 
5.314508266203393e+15 1.438863433402601e+36 2.394879593309732e+00 1.952190000000000e+39 
5.324850445557390e+15 1.442015521563929e+36 2.396093254200760e+00 1.955110000000000e+39 
5.335262979872979e+15 1.445173932871019e+36 2.397307529788952e+00 1.958040000000000e+39 
5.345640336707772e+15 1.448338667323867e+36 2.398522416043157e+00 1.960980000000000e+39 
5.356052871023361e+15 1.451503401776716e+36 2.399735488881630e+00 1.963910000000000e+39 
5.366500582819746e+15 1.454677620948205e+36 2.400950377715897e+00 1.966850000000000e+39 
5.376913117135334e+15 1.457851840119693e+36 2.402163454074798e+00 1.969790000000000e+39 
5.387396006412515e+15 1.461035544009822e+36 2.403378340562429e+00 1.972740000000000e+39 
5.397878895689696e+15 1.464219247899951e+36 2.404591411989710e+00 1.975680000000000e+39 
5.408361784966876e+15 1.467409274935839e+36 2.405805080654264e+00 1.978630000000000e+39 
5.418844674244056e+15 1.470605625117488e+36 2.407019346165435e+00 1.981580000000000e+39 
5.429362741002033e+15 1.473805136872016e+36 2.408233005369084e+00 1.984540000000000e+39 
5.439915985240805e+15 1.477007810199424e+36 2.409446054290299e+00 1.987500000000000e+39 
5.450469229479578e+15 1.480216806672593e+36 2.410659688413665e+00 1.990460000000000e+39 
5.461022473718350e+15 1.483428964718641e+36 2.411872713486863e+00 1.993420000000000e+39 
5.471610895437919e+15 1.486647445910449e+36 2.413086321127540e+00 1.996390000000000e+39 
5.482199317157487e+15 1.489869088675137e+36 2.414299317135781e+00 1.999360000000000e+39 
5.492822916357850e+15 1.493097054585586e+36 2.415512889859726e+00 2.002330000000000e+39 
5.503446515558216e+15 1.496328182068913e+36 2.416725848732040e+00 2.005310000000000e+39 
5.514105292239375e+15 1.499562471125122e+36 2.417938193359063e+00 2.008280000000000e+39 
5.524764068920535e+15 1.502803083327089e+36 2.419151106574340e+00 2.011270000000000e+39 
5.535422845601695e+15 1.506050018674818e+36 2.420364588234733e+00 2.014250000000000e+39 
5.546116799763652e+15 1.509300115595426e+36 2.421577454772429e+00 2.017240000000000e+39 
5.556845931406403e+15 1.512553374088913e+36 2.422789702119351e+00 2.020230000000000e+39 
5.567539885568360e+15 1.515812955728161e+36 2.424002510151297e+00 2.023220000000000e+39 
5.578304194691908e+15 1.519075698940289e+36 2.425214700578015e+00 2.026220000000000e+39 
5.589068503815456e+15 1.522344765298177e+36 2.426427442375077e+00 2.029220000000000e+39 
5.599832812939004e+15 1.525616993228945e+36 2.427639564411952e+00 2.032220000000000e+39 
5.610632299543348e+15 1.528895544305472e+36 2.428852235653770e+00 2.035230000000000e+39 
5.621431786147691e+15 1.532177256954880e+36 2.430064284606314e+00 2.038230000000000e+39 
5.632231272752034e+15 1.535462131177167e+36 2.431275714574884e+00 2.041250000000000e+39 
5.643101114317971e+15 1.538753328545215e+36 2.432487686380175e+00 9.876747755913807e-20 
