        5931
 1.00000065876E+03 3.45915869337E+17 1.00000104365E+00 5.97040375333E+26
 1.00499995613E+03 3.48659565788E+17 1.00000104669E+00 6.00025154588E+26
 1.01002424646E+03 3.51425024382E+17 1.00000104975E+00 6.03024855627E+26
 1.01507365469E+03 3.54212417727E+17 1.00000105281E+00 6.06039553047E+26
 1.02014830642E+03 3.57021919805E+17 1.00000105588E+00 6.09069321821E+26
 1.02524832782E+03 3.59853705974E+17 1.00000105896E+00 6.12114237294E+26
 1.03037384573E+03 3.62707952986E+17 1.00000106205E+00 6.15174375188E+26
 1.03552498763E+03 3.65584838991E+17 1.00000106515E+00 6.18249811606E+26
 1.04070188160E+03 3.68484543556E+17 1.00000106826E+00 6.21340623030E+26
 1.04590465639E+03 3.71407247671E+17 1.00000107138E+00 6.24446886322E+26
 1.05113344139E+03 3.74353133760E+17 1.00000107450E+00 6.27568678732E+26
 1.05638836664E+03 3.77322385696E+17 1.00000107764E+00 6.30706077895E+26
 1.06166956280E+03 3.80315188810E+17 1.00000108078E+00 6.33859161832E+26
 1.06697716122E+03 3.83331729901E+17 1.00000108394E+00 6.37028008957E+26
 1.07231129390E+03 3.86372197253E+17 1.00000108710E+00 6.40212698075E+26
 1.07767209348E+03 3.89436780640E+17 1.00000109027E+00 6.43413308383E+26
 1.08305969328E+03 3.92525671344E+17 1.00000109345E+00 6.46629919478E+26
 1.08847422728E+03 3.95639062163E+17 1.00000109664E+00 6.49862611352E+26
 1.09391583014E+03 3.98777147423E+17 1.00000109984E+00 6.53111464396E+26
 1.09938463718E+03 4.01940122994E+17 1.00000110305E+00 6.56376559406E+26
 1.10488078440E+03 4.05128186298E+17 1.00000110627E+00 6.59657977580E+26
 1.11040440848E+03 4.08341536322E+17 1.00000110950E+00 6.62955800522E+26
 1.11595564679E+03 4.11580373634E+17 1.00000111273E+00 6.66270110244E+26
 1.12153463738E+03 4.14844900389E+17 1.00000111598E+00 6.69600989168E+26
 1.12714151899E+03 4.18135320350E+17 1.00000111924E+00 6.72948520130E+26
 1.13277643106E+03 4.21451838892E+17 1.00000112250E+00 6.76312786377E+26
 1.13843951372E+03 4.24794663022E+17 1.00000112578E+00 6.79693871573E+26
 1.14413090781E+03 4.28164001387E+17 1.00000112906E+00 6.83091859802E+26
 1.14985075485E+03 4.31560064290E+17 1.00000113236E+00 6.86506835568E+26
 1.15559919710E+03 4.34983063701E+17 1.00000113566E+00 6.89938883794E+26
 1.16137637751E+03 4.38433213272E+17 1.00000113898E+00 6.93388089832E+26
 1.16718243976E+03 4.41910728351E+17 1.00000114230E+00 6.96854539459E+26
 1.17301752822E+03 4.45415825991E+17 1.00000114563E+00 7.00338318880E+26
 1.17888178802E+03 4.48948724969E+17 1.00000114897E+00 7.03839514733E+26
 1.18477536498E+03 4.52509645796E+17 1.00000115233E+00 7.07358214086E+26
 1.19069840568E+03 4.56098810733E+17 1.00000115569E+00 7.10894504445E+26
 1.19665105740E+03 4.59716443804E+17 1.00000115906E+00 7.14448473753E+26
 1.20263346819E+03 4.63362770809E+17 1.00000116244E+00 7.18020210392E+26
 1.20864578683E+03 4.67038019338E+17 1.00000116584E+00 7.21609803185E+26
 1.21468816282E+03 4.70742418789E+17 1.00000116924E+00 7.25217341402E+26
 1.22076074643E+03 4.74476200377E+17 1.00000117265E+00 7.28842914756E+26
 1.22686368868E+03 4.78239597153E+17 1.00000117607E+00 7.32486613410E+26
 1.23299714135E+03 4.82032844014E+17 1.00000117950E+00 7.36148527979E+26
 1.23916125695E+03 4.85856177723E+17 1.00000118294E+00 7.39828749528E+26
 1.24535618880E+03 4.89709836919E+17 1.00000118639E+00 7.43527369580E+26
 1.25158209094E+03 4.93594062134E+17 1.00000118986E+00 7.47244480114E+26
 1.25783911820E+03 4.97509095807E+17 1.00000119333E+00 7.50980173569E+26
 1.26412742620E+03 5.01455182304E+17 1.00000119681E+00 7.54734542848E+26
 1.27044717130E+03 5.05432567923E+17 1.00000120030E+00 7.58507681315E+26
 1.27679851068E+03 5.09441500921E+17 1.00000120380E+00 7.62299682803E+26
 1.28318160229E+03 5.13482231522E+17 1.00000120732E+00 7.66110641615E+26
 1.28959660485E+03 5.17555011933E+17 1.00000121084E+00 7.69940652524E+26
 1.29604367791E+03 5.21660096364E+17 1.00000121437E+00 7.73789810776E+26
 1.30252298179E+03 5.25797741041E+17 1.00000121792E+00 7.77658212094E+26
 1.30903467763E+03 5.29968204220E+17 1.00000122147E+00 7.81545952681E+26
 1.31557892737E+03 5.34171746209E+17 1.00000122503E+00 7.85453129218E+26
 1.32215589374E+03 5.38408629378E+17 1.00000122861E+00 7.89379838873E+26
 1.32876574031E+03 5.42679118179E+17 1.00000123219E+00 7.93326179296E+26
 1.33540863146E+03 5.46983479160E+17 1.00000123579E+00 7.97292248628E+26
 1.34208473239E+03 5.51321980986E+17 1.00000123939E+00 8.01278145499E+26
 1.34879420912E+03 5.55694894452E+17 1.00000124301E+00 8.05283969033E+26
 1.35553722852E+03 5.60102492499E+17 1.00000124664E+00 8.09309818849E+26
 1.36231395825E+03 5.64545050234E+17 1.00000125027E+00 8.13355795065E+26
 1.36912456687E+03 5.69022844948E+17 1.00000125392E+00 8.17421998298E+26
 1.37596922373E+03 5.73536156128E+17 1.00000125758E+00 8.21508529668E+26
 1.38284809906E+03 5.78085265481E+17 1.00000126125E+00 8.25615490803E+26
 1.38976136392E+03 5.82670456946E+17 1.00000126493E+00 8.29742983836E+26
 1.39670919023E+03 5.87292016715E+17 1.00000126862E+00 8.33891111412E+26
 1.40369175079E+03 5.91950233250E+17 1.00000127232E+00 8.38059976691E+26
 1.41070921923E+03 5.96645397301E+17 1.00000127604E+00 8.42249683344E+26
 1.41776177007E+03 6.01377801925E+17 1.00000127976E+00 8.46460335565E+26
 1.42484957870E+03 6.06147742501E+17 1.00000128349E+00 8.50692038067E+26
 1.43197282139E+03 6.10955516754E+17 1.00000128724E+00 8.54944896086E+26
 1.43913167527E+03 6.15801424768E+17 1.00000129099E+00 8.59219015384E+26
 1.44632631838E+03 6.20685769008E+17 1.00000129476E+00 8.63514502254E+26
 1.45355692964E+03 6.25608854339E+17 1.00000129854E+00 8.67831463517E+26
 1.46082368886E+03 6.30570988042E+17 1.00000130233E+00 8.72170006530E+26
 1.46812677677E+03 6.35572479837E+17 1.00000130613E+00 8.76530239188E+26
 1.47546637497E+03 6.40613641901E+17 1.00000130994E+00 8.80912269923E+26
 1.48284266600E+03 6.45694788884E+17 1.00000131376E+00 8.85316207709E+26
 1.49025583329E+03 6.50816237936E+17 1.00000131759E+00 8.89742162067E+26
 1.49770606120E+03 6.55978308720E+17 1.00000132144E+00 8.94190243063E+26
 1.50519353500E+03 6.61181323434E+17 1.00000132529E+00 8.98660561316E+26
 1.51271844090E+03 6.66425606833E+17 1.00000132916E+00 9.03153227996E+26
 1.52028096603E+03 6.71711486247E+17 1.00000133304E+00 9.07668354830E+26
 1.52788129847E+03 6.77039291602E+17 1.00000133693E+00 9.12206054101E+26
 1.53551962721E+03 6.82409355443E+17 1.00000134083E+00 9.16766438656E+26
 1.54319614222E+03 6.87822012951E+17 1.00000134474E+00 9.21349621907E+26
 1.55091103441E+03 6.93277601964E+17 1.00000134867E+00 9.25955717829E+26
 1.55866449562E+03 6.98776463002E+17 1.00000135260E+00 9.30584840970E+26
 1.56645671869E+03 7.04318939286E+17 1.00000135655E+00 9.35237106450E+26
 1.57428789738E+03 7.09905376758E+17 1.00000136051E+00 9.39912629965E+26
 1.58215822645E+03 7.15536124104E+17 1.00000136448E+00 9.44611527787E+26
 1.59006790163E+03 7.21211532776E+17 1.00000136846E+00 9.49333916773E+26
 1.59801711962E+03 7.26931957014E+17 1.00000137245E+00 9.54079914360E+26
 1.60600607811E+03 7.32697753868E+17 1.00000137645E+00 9.58849638576E+26
 1.61403497576E+03 7.38509283218E+17 1.00000138047E+00 9.63643208037E+26
 1.62210401225E+03 7.44366907801E+17 1.00000138450E+00 9.68460741952E+26
 1.63021338824E+03 7.50270993229E+17 1.00000138854E+00 9.73302360126E+26
 1.63836330541E+03 7.56221908016E+17 1.00000139259E+00 9.78168182964E+26
 1.64655396643E+03 7.62220023597E+17 1.00000139665E+00 9.83058331472E+26
 1.65478557499E+03 7.68265714354E+17 1.00000140073E+00 9.87972927261E+26
 1.66305833579E+03 7.74359357639E+17 1.00000140481E+00 9.92912092550E+26
 1.67137245458E+03 7.80501333796E+17 1.00000140891E+00 9.97875950169E+26
 1.67972813812E+03 7.86692026187E+17 1.00000141302E+00 1.00286462356E+27
 1.68812559419E+03 7.92931821212E+17 1.00000141715E+00 1.00787823679E+27
 1.69656503163E+03 7.99221108340E+17 1.00000142128E+00 1.01291691454E+27
 1.70504666032E+03 8.05560280125E+17 1.00000142543E+00 1.01798078211E+27
 1.71357069118E+03 8.11949732237E+17 1.00000142959E+00 1.02306996543E+27
 1.72213733620E+03 8.18389863485E+17 1.00000143376E+00 1.02818459106E+27
 1.73074680842E+03 8.24881075839E+17 1.00000143794E+00 1.03332478621E+27
 1.73939932194E+03 8.31423774458E+17 1.00000144214E+00 1.03849067869E+27
 1.74809509194E+03 8.38018367716E+17 1.00000144635E+00 1.04368239698E+27
 1.75683433467E+03 8.44665267225E+17 1.00000145057E+00 1.04890007018E+27
 1.76561726747E+03 8.51364887861E+17 1.00000145480E+00 1.05414382805E+27
 1.77444410875E+03 8.58117647791E+17 1.00000145904E+00 1.05941380101E+27
 1.78331507802E+03 8.64923968501E+17 1.00000146330E+00 1.06471012009E+27
 1.79223039591E+03 8.71784274817E+17 1.00000146757E+00 1.07003291703E+27
 1.80119028410E+03 8.78698994937E+17 1.00000147185E+00 1.07538232418E+27
 1.81019496544E+03 8.85668560453E+17 1.00000147615E+00 1.08075847458E+27
 1.81924466385E+03 8.92693406382E+17 1.00000148046E+00 1.08616150193E+27
 1.82833960438E+03 8.99773971191E+17 1.00000148477E+00 1.09159154058E+27
 1.83748001322E+03 9.06910696826E+17 1.00000148911E+00 1.09704872559E+27
 1.84666611767E+03 9.14104028735E+17 1.00000149345E+00 1.10253319266E+27
 1.85589814618E+03 9.21354415902E+17 1.00000149781E+00 1.10804507819E+27
 1.86517632833E+03 9.28662310872E+17 1.00000150218E+00 1.11358451923E+27
 1.87450089488E+03 9.36028169778E+17 1.00000150656E+00 1.11915165357E+27
 1.88387207769E+03 9.43452452373E+17 1.00000151096E+00 1.12474661963E+27
 1.89329010983E+03 9.50935622055E+17 1.00000151537E+00 1.13036955657E+27
 1.90275522550E+03 9.58478145897E+17 1.00000151979E+00 1.13602060420E+27
 1.91226766010E+03 9.66080494679E+17 1.00000152422E+00 1.14169990308E+27
 1.92182765017E+03 9.73743142913E+17 1.00000152867E+00 1.14740759443E+27
 1.93143543348E+03 9.81466568875E+17 1.00000153313E+00 1.15314382020E+27
 1.94109124894E+03 9.89251254635E+17 1.00000153760E+00 1.15890872303E+27
 1.95079533668E+03 9.97097686088E+17 1.00000154209E+00 1.16470244630E+27
 1.96054793804E+03 1.00500635298E+18 1.00000154659E+00 1.17052513409E+27
 1.97034929555E+03 1.01297774894E+18 1.00000155110E+00 1.17637693119E+27
 1.98019965295E+03 1.02101237153E+18 1.00000155563E+00 1.18225798313E+27
 1.99009925521E+03 1.02911072222E+18 1.00000156017E+00 1.18816843618E+27
 2.00004834852E+03 1.03727330650E+18 1.00000156472E+00 1.19410843730E+27
 2.01004718030E+03 1.04550063384E+18 1.00000156929E+00 1.20007813422E+27
 2.02009599921E+03 1.05379321777E+18 1.00000157386E+00 1.20607767541E+27
 2.03019505514E+03 1.06215157588E+18 1.00000157846E+00 1.21210721005E+27
 2.04034459926E+03 1.07057622988E+18 1.00000158306E+00 1.21816688809E+27
 2.05054488395E+03 1.07906770559E+18 1.00000158768E+00 1.22425686024E+27
 2.06079616290E+03 1.08762653303E+18 1.00000159231E+00 1.23037727794E+27
 2.07109869103E+03 1.09625324641E+18 1.00000159696E+00 1.23652829339E+27
 2.08145272455E+03 1.10494838419E+18 1.00000160162E+00 1.24271005957E+27
 2.09185852097E+03 1.11371248907E+18 1.00000160629E+00 1.24892273020E+27
 2.10231633905E+03 1.12254610810E+18 1.00000161098E+00 1.25516645979E+27
 2.11282643887E+03 1.13144979263E+18 1.00000161568E+00 1.26144140361E+27
 2.12338908179E+03 1.14042409839E+18 1.00000162039E+00 1.26774771770E+27
 2.13400453050E+03 1.14946958555E+18 1.00000162512E+00 1.27408555890E+27
 2.14467304900E+03 1.15858681867E+18 1.00000162986E+00 1.28045508482E+27
 2.15539490258E+03 1.16777636684E+18 1.00000163462E+00 1.28685645386E+27
 2.16617035790E+03 1.17703880363E+18 1.00000163939E+00 1.29328982521E+27
 2.17699968291E+03 1.18637470717E+18 1.00000164417E+00 1.29975535887E+27
 2.18788314694E+03 1.19578466017E+18 1.00000164897E+00 1.30625321562E+27
 2.19882102064E+03 1.20526924998E+18 1.00000165378E+00 1.31278355705E+27
 2.20981357601E+03 1.21482906859E+18 1.00000165861E+00 1.31934654557E+27
 2.22086108643E+03 1.22446471269E+18 1.00000166345E+00 1.32594234438E+27
 2.23196382664E+03 1.23417678370E+18 1.00000166830E+00 1.33257111752E+27
 2.24312207275E+03 1.24396588782E+18 1.00000167317E+00 1.33923302983E+27
 2.25433610224E+03 1.25383263605E+18 1.00000167805E+00 1.34592824699E+27
 2.26560619400E+03 1.26377764425E+18 1.00000168295E+00 1.35265693550E+27
 2.27693262829E+03 1.27380153313E+18 1.00000168786E+00 1.35941926268E+27
 2.28831568680E+03 1.28390492837E+18 1.00000169278E+00 1.36621539671E+27
 2.29975565259E+03 1.29408846058E+18 1.00000169772E+00 1.37304550661E+27
 2.31125281017E+03 1.30435276537E+18 1.00000170267E+00 1.37990976222E+27
 2.32280744546E+03 1.31469848343E+18 1.00000170764E+00 1.38680833424E+27
 2.33441984581E+03 1.32512626048E+18 1.00000171263E+00 1.39374139425E+27
 2.34609029999E+03 1.33563674739E+18 1.00000171762E+00 1.40070911464E+27
 2.35781909825E+03 1.34623060020E+18 1.00000172263E+00 1.40771166871E+27
 2.36960653225E+03 1.35690848014E+18 1.00000172766E+00 1.41474923059E+27
 2.38145289513E+03 1.36767105368E+18 1.00000173270E+00 1.42182197530E+27
 2.39335848151E+03 1.37851899258E+18 1.00000173776E+00 1.42893007872E+27
 2.40532358745E+03 1.38945297395E+18 1.00000174283E+00 1.43607371763E+27
 2.41734851051E+03 1.40047368023E+18 1.00000174791E+00 1.44325306968E+27
 2.42943354974E+03 1.41158179930E+18 1.00000175301E+00 1.45046831340E+27
 2.44157900567E+03 1.42277802451E+18 1.00000175813E+00 1.45771962824E+27
 2.45378518035E+03 1.43406305466E+18 1.00000176326E+00 1.46500719452E+27
 2.46605237732E+03 1.44543759415E+18 1.00000176840E+00 1.47233119347E+27
 2.47838090166E+03 1.45690235292E+18 1.00000177356E+00 1.47969180723E+27
 2.49077105995E+03 1.46845804658E+18 1.00000177874E+00 1.48708921885E+27
 2.50322316033E+03 1.48010539638E+18 1.00000178393E+00 1.49452361230E+27
 2.51573751247E+03 1.49184512931E+18 1.00000178913E+00 1.50199517244E+27
 2.52831442757E+03 1.50367797813E+18 1.00000179435E+00 1.50950408510E+27
 2.54095421841E+03 1.51560468141E+18 1.00000179959E+00 1.51705053701E+27
 2.55365719932E+03 1.52762598357E+18 1.00000180484E+00 1.52463471583E+27
 2.56642368622E+03 1.53974263494E+18 1.00000181011E+00 1.53225681018E+27
 2.57925399657E+03 1.55195539179E+18 1.00000181539E+00 1.53991700961E+27
 2.59214844947E+03 1.56426501641E+18 1.00000182068E+00 1.54761550461E+27
 2.60510736557E+03 1.57667227712E+18 1.00000182600E+00 1.55535248664E+27
 2.61813106715E+03 1.58917794834E+18 1.00000183132E+00 1.56312814810E+27
 2.63121987809E+03 1.60178281063E+18 1.00000183667E+00 1.57094268236E+27
 2.64437412389E+03 1.61448765075E+18 1.00000184203E+00 1.57879628376E+27
 2.65759413168E+03 1.62729326168E+18 1.00000184740E+00 1.58668914761E+27
 2.67088023021E+03 1.64020044272E+18 1.00000185279E+00 1.59462147020E+27
 2.68423274991E+03 1.65320999947E+18 1.00000185820E+00 1.60259344878E+27
 2.69765202283E+03 1.66632274396E+18 1.00000186362E+00 1.61060528161E+27
 2.71113838269E+03 1.67953949464E+18 1.00000186906E+00 1.61865716793E+27
 2.72469216487E+03 1.69286107644E+18 1.00000187451E+00 1.62674930799E+27
 2.73831370645E+03 1.70628832087E+18 1.00000187998E+00 1.63488190301E+27
 2.75200334617E+03 1.71982206600E+18 1.00000188547E+00 1.64305515526E+27
 2.76576142446E+03 1.73346315656E+18 1.00000189097E+00 1.65126926798E+27
 2.77958828349E+03 1.74721244398E+18 1.00000189648E+00 1.65952444545E+27
 2.79348426711E+03 1.76107078645E+18 1.00000190202E+00 1.66782089297E+27
 2.80744972088E+03 1.77503904895E+18 1.00000190757E+00 1.67615881685E+27
 2.82148499211E+03 1.78911810335E+18 1.00000191313E+00 1.68453842444E+27
 2.83559042984E+03 1.80330882840E+18 1.00000191872E+00 1.69295992415E+27
 2.84976638486E+03 1.81761210984E+18 1.00000192431E+00 1.70142352539E+27
 2.86401320970E+03 1.83202884043E+18 1.00000192993E+00 1.70992943864E+27
 2.87833125865E+03 1.84655992002E+18 1.00000193556E+00 1.71847787545E+27
 2.89272088780E+03 1.86120625559E+18 1.00000194121E+00 1.72706904838E+27
 2.90718245499E+03 1.87596876130E+18 1.00000194687E+00 1.73570317110E+27
 2.92171631986E+03 1.89084835860E+18 1.00000195255E+00 1.74438045832E+27
 2.93632284385E+03 1.90584597620E+18 1.00000195825E+00 1.75310112583E+27
 2.95100239021E+03 1.92096255022E+18 1.00000196396E+00 1.76186539051E+27
 2.96575532399E+03 1.93619902417E+18 1.00000196969E+00 1.77067347030E+27
 2.98058201208E+03 1.95155634907E+18 1.00000197544E+00 1.77952558427E+27
 2.99548282320E+03 1.96703548346E+18 1.00000198121E+00 1.78842195253E+27
 3.01045812791E+03 1.98263739350E+18 1.00000198699E+00 1.79736279634E+27
 3.02550829864E+03 1.99836305302E+18 1.00000199278E+00 1.80634833804E+27
 3.04063370965E+03 2.01421344354E+18 1.00000199860E+00 1.81537880108E+27
 3.05583473710E+03 2.03018955440E+18 1.00000200443E+00 1.82445441005E+27
 3.07111175902E+03 2.04629238278E+18 1.00000201028E+00 1.83357539064E+27
 3.08646515532E+03 2.06252293375E+18 1.00000201614E+00 1.84274196968E+27
 3.10189530783E+03 2.07888222038E+18 1.00000202203E+00 1.85195437513E+27
 3.11740260027E+03 2.09537126375E+18 1.00000202793E+00 1.86121283607E+27
 3.13298741829E+03 2.11199109305E+18 1.00000203384E+00 1.87051758278E+27
 3.14865014945E+03 2.12874274564E+18 1.00000203978E+00 1.87986884662E+27
 3.16439118328E+03 2.14562726709E+18 1.00000204573E+00 1.88926686017E+27
 3.18021091123E+03 2.16264571129E+18 1.00000205170E+00 1.89871185713E+27
 3.19610972672E+03 2.17979914046E+18 1.00000205769E+00 1.90820407240E+27
 3.21208802512E+03 2.19708862526E+18 1.00000206369E+00 1.91774374201E+27
 3.22814620381E+03 2.21451524485E+18 1.00000206971E+00 1.92733110323E+27
 3.24428466211E+03 2.23208008694E+18 1.00000207575E+00 1.93696639446E+27
 3.26050380139E+03 2.24978424785E+18 1.00000208181E+00 1.94664985533E+27
 3.27680402498E+03 2.26762883264E+18 1.00000208788E+00 1.95638172665E+27
 3.29318573824E+03 2.28561495508E+18 1.00000209397E+00 1.96616225044E+27
 3.30964934858E+03 2.30374373782E+18 1.00000210008E+00 1.97599166992E+27
 3.32619526542E+03 2.32201631240E+18 1.00000210621E+00 1.98587022954E+27
 3.34282390023E+03 2.34043381932E+18 1.00000211236E+00 1.99579817497E+27
 3.35953566655E+03 2.35899740814E+18 1.00000211852E+00 2.00577575310E+27
 3.37633097997E+03 2.37770823754E+18 1.00000212470E+00 2.01580321206E+27
 3.39321025817E+03 2.39656747538E+18 1.00000213090E+00 2.02588080121E+27
 3.41017392093E+03 2.41557629880E+18 1.00000213712E+00 2.03600877117E+27
 3.42722239009E+03 2.43473589426E+18 1.00000214335E+00 2.04618737382E+27
 3.44435608964E+03 2.45404745764E+18 1.00000214961E+00 2.05641686227E+27
 3.46157544567E+03 2.47351219429E+18 1.00000215588E+00 2.06669749092E+27
 3.47888088640E+03 2.49313131915E+18 1.00000216217E+00 2.07702951544E+27
 3.49627284219E+03 2.51290605677E+18 1.00000216848E+00 2.08741319277E+27
 3.51375174556E+03 2.53283764142E+18 1.00000217481E+00 2.09784878114E+27
 3.53131803119E+03 2.55292731716E+18 1.00000218115E+00 2.10833654006E+27
 3.54897213592E+03 2.57317633792E+18 1.00000218752E+00 2.11887673035E+27
 3.56671449879E+03 2.59358596759E+18 1.00000219390E+00 2.12946961413E+27
 3.58454556103E+03 2.61415748005E+18 1.00000220030E+00 2.14011545484E+27
 3.60246576607E+03 2.63489215931E+18 1.00000220672E+00 2.15081451721E+27
 3.62047555957E+03 2.65579129956E+18 1.00000221316E+00 2.16156706732E+27
 3.63857538941E+03 2.67685620525E+18 1.00000221962E+00 2.17237337256E+27
 3.65676570570E+03 2.69808819118E+18 1.00000222609E+00 2.18323370169E+27
 3.67504696081E+03 2.71948858258E+18 1.00000223259E+00 2.19414832477E+27
 3.69341960938E+03 2.74105871519E+18 1.00000223910E+00 2.20511751324E+27
 3.71188410831E+03 2.76279993535E+18 1.00000224564E+00 2.21614153989E+27
 3.73044091678E+03 2.78471360006E+18 1.00000225219E+00 2.22722067887E+27
 3.74909049629E+03 2.80680107711E+18 1.00000225876E+00 2.23835520570E+27
 3.76783331061E+03 2.82906374511E+18 1.00000226535E+00 2.24954539729E+27
 3.78666982586E+03 2.85150299363E+18 1.00000227196E+00 2.26079153191E+27
 3.80560051048E+03 2.87412022324E+18 1.00000227859E+00 2.27209388924E+27
 3.82462583524E+03 2.89691684565E+18 1.00000228524E+00 2.28345275036E+27
 3.84374627329E+03 2.91989428373E+18 1.00000229191E+00 2.29486839775E+27
 3.86296230013E+03 2.94305397167E+18 1.00000229859E+00 2.30634111529E+27
 3.88227439363E+03 2.96639735500E+18 1.00000230530E+00 2.31787118830E+27
 3.90168303405E+03 2.98992589075E+18 1.00000231203E+00 2.32945890351E+27
 3.92118870407E+03 3.01364104748E+18 1.00000231877E+00 2.34110454909E+27
 3.94079188876E+03 3.03754430541E+18 1.00000232554E+00 2.35280841466E+27
 3.96049307564E+03 3.06163715651E+18 1.00000233232E+00 2.36457079128E+27
 3.98029275463E+03 3.08592110457E+18 1.00000233913E+00 2.37639197144E+27
 4.00019141815E+03 3.11039766530E+18 1.00000234595E+00 2.38827224915E+27
 4.02018956103E+03 3.13506836645E+18 1.00000235280E+00 2.40021191983E+27
 4.04028768061E+03 3.15993474789E+18 1.00000235966E+00 2.41221128041E+27
 4.06048627670E+03 3.18499836169E+18 1.00000236655E+00 2.42427062930E+27
 4.08078585161E+03 3.21026077223E+18 1.00000237345E+00 2.43639026640E+27
 4.10118691016E+03 3.23572355630E+18 1.00000238038E+00 2.44857049311E+27
 4.12168995971E+03 3.26138830322E+18 1.00000238732E+00 2.46081161233E+27
 4.14229551014E+03 3.28725661487E+18 1.00000239429E+00 2.47311392848E+27
 4.16300407388E+03 3.31333010588E+18 1.00000240128E+00 2.48547774750E+27
 4.18381616593E+03 3.33961040367E+18 1.00000240828E+00 2.49790337687E+27
 4.20473230385E+03 3.36609914855E+18 1.00000241531E+00 2.51039112558E+27
 4.22575300780E+03 3.39279799387E+18 1.00000242236E+00 2.52294130420E+27
 4.24687880054E+03 3.41970860608E+18 1.00000242943E+00 2.53555422483E+27
 4.26811020744E+03 3.44683266485E+18 1.00000243651E+00 2.54823020114E+27
 4.28944775650E+03 3.47417186316E+18 1.00000244362E+00 2.56096954835E+27
 4.31089197835E+03 3.50172790744E+18 1.00000245075E+00 2.57377258328E+27
 4.33244340629E+03 3.52950251765E+18 1.00000245790E+00 2.58663962432E+27
 4.35410257626E+03 3.55749742737E+18 1.00000246508E+00 2.59957099147E+27
 4.37587002691E+03 3.58571438396E+18 1.00000247227E+00 2.61256700629E+27
 4.39774629956E+03 3.61415514862E+18 1.00000247948E+00 2.62562799199E+27
 4.41973193825E+03 3.64282149652E+18 1.00000248672E+00 2.63875427337E+27
 4.44182748973E+03 3.67171521693E+18 1.00000249397E+00 2.65194617686E+27
 4.46403350349E+03 3.70083811329E+18 1.00000250125E+00 2.66520403054E+27
 4.48635053176E+03 3.73019200335E+18 1.00000250855E+00 2.67852816410E+27
 4.50877912954E+03 3.75977871929E+18 1.00000251587E+00 2.69191890889E+27
 4.53131985459E+03 3.78960010780E+18 1.00000252321E+00 2.70537659793E+27
 4.55397326748E+03 3.81965803023E+18 1.00000253057E+00 2.71890156589E+27
 4.57673993157E+03 3.84995436270E+18 1.00000253795E+00 2.73249414912E+27
 4.59962041303E+03 3.88049099620E+18 1.00000254536E+00 2.74615468564E+27
 4.62261528088E+03 3.91126983672E+18 1.00000255279E+00 2.75988351517E+27
 4.64572510696E+03 3.94229280538E+18 1.00000256023E+00 2.77368097913E+27
 4.66895046598E+03 3.97356183851E+18 1.00000256770E+00 2.78754742065E+27
 4.69229193553E+03 4.00507888784E+18 1.00000257520E+00 2.80148318456E+27
 4.71575009609E+03 4.03684592054E+18 1.00000258271E+00 2.81548861742E+27
 4.73932553102E+03 4.06886491941E+18 1.00000259025E+00 2.82956406753E+27
 4.76301882661E+03 4.10113788295E+18 1.00000259780E+00 2.84370988493E+27
 4.78683057209E+03 4.13366682555E+18 1.00000260538E+00 2.85792642141E+27
 4.81076135963E+03 4.16645377754E+18 1.00000261299E+00 2.87221403050E+27
 4.83481178434E+03 4.19950078538E+18 1.00000262061E+00 2.88657306752E+27
 4.85898244434E+03 4.23280991174E+18 1.00000262826E+00 2.90100388957E+27
 4.88327394072E+03 4.26638323568E+18 1.00000263593E+00 2.91550685551E+27
 4.90768687757E+03 4.30022285271E+18 1.00000264362E+00 2.93008232601E+27
 4.93222186201E+03 4.33433087500E+18 1.00000265133E+00 2.94473066355E+27
 4.95687950420E+03 4.36870943145E+18 1.00000265907E+00 2.95945223241E+27
 4.98166041734E+03 4.40336066786E+18 1.00000266682E+00 2.97424739869E+27
 5.00656521769E+03 4.43828674703E+18 1.00000267461E+00 2.98911653033E+27
 5.03159452462E+03 4.47348984894E+18 1.00000268241E+00 3.00405999711E+27
 5.05674896055E+03 4.50897217083E+18 1.00000269024E+00 3.01907817064E+27
 5.08202915106E+03 4.54473592741E+18 1.00000269809E+00 3.03417142440E+27
 5.10743572483E+03 4.58078335091E+18 1.00000270596E+00 3.04934013375E+27
 5.13296931368E+03 4.61711669129E+18 1.00000271385E+00 3.06458467591E+27
 5.15863055260E+03 4.65373821637E+18 1.00000272177E+00 3.07990542999E+27
 5.18442007976E+03 4.69065021192E+18 1.00000272971E+00 3.09530277700E+27
 5.21033853651E+03 4.72785498187E+18 1.00000273768E+00 3.11077709984E+27
 5.23638656740E+03 4.76535484842E+18 1.00000274567E+00 3.12632878334E+27
 5.26256482021E+03 4.80315215218E+18 1.00000275368E+00 3.14195821425E+27
 5.28887394597E+03 4.84124925233E+18 1.00000276171E+00 3.15766578125E+27
 5.31531459895E+03 4.87964852675E+18 1.00000276977E+00 3.17345187497E+27
 5.34188743670E+03 4.91835237221E+18 1.00000277785E+00 3.18931688798E+27
 5.36859312003E+03 4.95736320446E+18 1.00000278596E+00 3.20526121483E+27
 5.39543231310E+03 4.99668345842E+18 1.00000279409E+00 3.22128525203E+27
 5.42240568335E+03 5.03631558834E+18 1.00000280224E+00 3.23738939807E+27
 5.44951390159E+03 5.07626206792E+18 1.00000281042E+00 3.25357405343E+27
 5.47675764195E+03 5.11652539047E+18 1.00000281862E+00 3.26983962062E+27
 5.50413758195E+03 5.15710806910E+18 1.00000282684E+00 3.28618650414E+27
 5.53165440249E+03 5.19801263684E+18 1.00000283509E+00 3.30261511049E+27
 5.55930878789E+03 5.23924164681E+18 1.00000284336E+00 3.31912584825E+27
 5.58710142587E+03 5.28079767239E+18 1.00000285166E+00 3.33571912802E+27
 5.61503300760E+03 5.32268330737E+18 1.00000285998E+00 3.35239536243E+27
 5.64310422770E+03 5.36490116610E+18 1.00000286832E+00 3.36915496621E+27
 5.67131578427E+03 5.40745388367E+18 1.00000287669E+00 3.38599835615E+27
 5.69966837889E+03 5.45034411609E+18 1.00000288509E+00 3.40292595112E+27
 5.72816271665E+03 5.49357454041E+18 1.00000289350E+00 3.41993817208E+27
 5.75679950616E+03 5.53714785493E+18 1.00000290195E+00 3.43703544210E+27
 5.78557945960E+03 5.58106677936E+18 1.00000291041E+00 3.45421818636E+27
 5.81450329268E+03 5.62533405494E+18 1.00000291891E+00 3.47148683219E+27
 5.84357172470E+03 5.66995244471E+18 1.00000292742E+00 3.48884180902E+27
 5.87278547856E+03 5.71492473359E+18 1.00000293596E+00 3.50628354845E+27
 5.90214528075E+03 5.76025372859E+18 1.00000294453E+00 3.52381248423E+27
 5.93165186142E+03 5.80594225900E+18 1.00000295312E+00 3.54142905228E+27
 5.96130595437E+03 5.85199317654E+18 1.00000296174E+00 3.55913369071E+27
 5.99110829705E+03 5.89840935555E+18 1.00000297038E+00 3.57692683979E+27
 6.02105963060E+03 5.94519369317E+18 1.00000297905E+00 3.59480894202E+27
 6.05116069988E+03 5.99234910952E+18 1.00000298774E+00 3.61278044211E+27
 6.08141225346E+03 6.03987854787E+18 1.00000299646E+00 3.63084178697E+27
 6.11181504367E+03 6.08778497487E+18 1.00000300520E+00 3.64899342578E+27
 6.14236982657E+03 6.13607138065E+18 1.00000301397E+00 3.66723580993E+27
 6.17307736202E+03 6.18474077910E+18 1.00000302276E+00 3.68556939308E+27
 6.20393841369E+03 6.23379620798E+18 1.00000303158E+00 3.70399463118E+27
 6.23495374905E+03 6.28324072919E+18 1.00000304043E+00 3.72251198242E+27
 6.26612413940E+03 6.33307742886E+18 1.00000304930E+00 3.74112190731E+27
 6.29745035992E+03 6.38330941765E+18 1.00000305820E+00 3.75982486865E+27
 6.32893318965E+03 6.43393983085E+18 1.00000306712E+00 3.77862133157E+27
 6.36057341153E+03 6.48497182865E+18 1.00000307607E+00 3.79751176348E+27
 6.39237181240E+03 6.53640859630E+18 1.00000308505E+00 3.81649663419E+27
 6.42432918305E+03 6.58825334429E+18 1.00000309405E+00 3.83557641581E+27
 6.45644631823E+03 6.64050930860E+18 1.00000310308E+00 3.85475158284E+27
 6.48872401664E+03 6.69317975087E+18 1.00000311213E+00 3.87402261213E+27
 6.52116308099E+03 6.74626795861E+18 1.00000312121E+00 3.89338998292E+27
 6.55376431799E+03 6.79977724541E+18 1.00000313032E+00 3.91285417685E+27
 6.58652853840E+03 6.85371095112E+18 1.00000313945E+00 3.93241567798E+27
 6.61945655702E+03 6.90807244212E+18 1.00000314861E+00 3.95207497277E+27
 6.65254919273E+03 6.96286511146E+18 1.00000315780E+00 3.97183255011E+27
 6.68580726850E+03 7.01809237910E+18 1.00000316701E+00 3.99168890136E+27
 6.71923161141E+03 7.07375769216E+18 1.00000317625E+00 4.01164452031E+27
 6.75282305269E+03 7.12986452506E+18 1.00000318552E+00 4.03169990322E+27
 6.78658242771E+03 7.18641637981E+18 1.00000319482E+00 4.05185554885E+27
 6.82051057603E+03 7.24341678617E+18 1.00000320414E+00 4.07211195845E+27
 6.85460834138E+03 7.30086930193E+18 1.00000321349E+00 4.09246963575E+27
 6.88887657175E+03 7.35877751307E+18 1.00000322286E+00 4.11292908703E+27
 6.92331611934E+03 7.41714503402E+18 1.00000323227E+00 4.13349082109E+27
 6.95792784061E+03 7.47597550788E+18 1.00000324170E+00 4.15415534926E+27
 6.99271259632E+03 7.53527260666E+18 1.00000325116E+00 4.17492318544E+27
 7.02767125152E+03 7.59504003148E+18 1.00000326064E+00 4.19579484610E+27
 7.06280467558E+03 7.65528151280E+18 1.00000327016E+00 4.21677085029E+27
 7.09811374222E+03 7.71600081072E+18 1.00000327970E+00 4.23785171966E+27
 7.13359932955E+03 7.77720171510E+18 1.00000328927E+00 4.25903797845E+27
 7.16926232003E+03 7.83888804591E+18 1.00000329886E+00 4.28033015353E+27
 7.20510360057E+03 7.90106365340E+18 1.00000330849E+00 4.30172877442E+27
 7.24112406248E+03 7.96373241836E+18 1.00000331814E+00 4.32323437327E+27
 7.27732460156E+03 8.02689825235E+18 1.00000332783E+00 4.34484748489E+27
 7.31370611806E+03 8.09056509797E+18 1.00000333754E+00 4.36656864676E+27
 7.35026951674E+03 8.15473692910E+18 1.00000334727E+00 4.38839839907E+27
 7.38701570690E+03 8.21941775111E+18 1.00000335704E+00 4.41033728469E+27
 7.42394560236E+03 8.28461160117E+18 1.00000336684E+00 4.43238584921E+27
 7.46106012151E+03 8.35032254845E+18 1.00000337666E+00 4.45454464095E+27
 7.49836018736E+03 8.41655469440E+18 1.00000338651E+00 4.47681421095E+27
 7.53584672750E+03 8.48331217301E+18 1.00000339639E+00 4.49919511305E+27
 7.57352067419E+03 8.55059915106E+18 1.00000340630E+00 4.52168790381E+27
 7.61138296431E+03 8.61841982837E+18 1.00000341624E+00 4.54429314260E+27
 7.64943453946E+03 8.68677843807E+18 1.00000342621E+00 4.56701139159E+27
 7.68767634593E+03 8.75567924688E+18 1.00000343621E+00 4.58984321573E+27
 7.72610933475E+03 8.82512655534E+18 1.00000344623E+00 4.61278918284E+27
 7.76473446170E+03 8.89512469813E+18 1.00000345629E+00 4.63584986354E+27
 7.80355268733E+03 8.96567804429E+18 1.00000346637E+00 4.65902583133E+27
 7.84256497701E+03 9.03679099751E+18 1.00000347649E+00 4.68231766254E+27
 7.88177230091E+03 9.10846799643E+18 1.00000348663E+00 4.70572593642E+27
 7.92117563409E+03 9.18071351489E+18 1.00000349680E+00 4.72925123511E+27
 7.96077595644E+03 9.25353206219E+18 1.00000350701E+00 4.75289414363E+27
 8.00057425277E+03 9.32692818342E+18 1.00000351724E+00 4.77665524996E+27
 8.04057151283E+03 9.40090645973E+18 1.00000352750E+00 4.80053514500E+27
 8.08076873129E+03 9.47547150858E+18 1.00000353780E+00 4.82453442262E+27
 8.12116690780E+03 9.55062798407E+18 1.00000354812E+00 4.84865367963E+27
 8.16176704702E+03 9.62638057721E+18 1.00000355847E+00 4.87289351586E+27
 8.20257015861E+03 9.70273401622E+18 1.00000356885E+00 4.89725453411E+27
 8.24357725731E+03 9.77969306682E+18 1.00000357927E+00 4.92173734020E+27
 8.28478936291E+03 9.85726253253E+18 1.00000358971E+00 4.94634254300E+27
 8.32620750029E+03 9.93544725497E+18 1.00000360018E+00 4.97107075439E+27
 8.36783269948E+03 1.00142521142E+19 1.00000361069E+00 4.99592258934E+27
 8.40966599564E+03 1.00936820289E+19 1.00000362122E+00 5.02089866587E+27
 8.45170842912E+03 1.01737419568E+19 1.00000363179E+00 5.04599960510E+27
 8.49396104544E+03 1.02544368950E+19 1.00000364239E+00 5.07122603126E+27
 8.53642489539E+03 1.03357718802E+19 1.00000365302E+00 5.09657857169E+27
 8.57910103499E+03 1.04177519891E+19 1.00000366367E+00 5.12205785688E+27
 8.62199052553E+03 1.05003823386E+19 1.00000367436E+00 5.14766452046E+27
 8.66509443363E+03 1.05836680861E+19 1.00000368509E+00 5.17339919923E+27
 8.70841383122E+03 1.06676144301E+19 1.00000369584E+00 5.19926253318E+27
 8.75194979560E+03 1.07522266103E+19 1.00000370662E+00 5.22525516549E+27
 8.79570340947E+03 1.08375099078E+19 1.00000371744E+00 5.25137774257E+27
 8.83967576090E+03 1.09234696457E+19 1.00000372828E+00 5.27763091404E+27
 8.88386794345E+03 1.10101111894E+19 1.00000373916E+00 5.30401533278E+27
 8.92828105611E+03 1.10974399467E+19 1.00000375007E+00 5.33053165494E+27
 8.97291620338E+03 1.11854613684E+19 1.00000376101E+00 5.35718053994E+27
 9.01777449529E+03 1.12741809485E+19 1.00000377199E+00 5.38396265050E+27
 9.06285704739E+03 1.13636042245E+19 1.00000378299E+00 5.41087865265E+27
 9.10816498085E+03 1.14537367780E+19 1.00000379403E+00 5.43792921577E+27
 9.15369942240E+03 1.15445842347E+19 1.00000380510E+00 5.46511501255E+27
 9.19946150444E+03 1.16361522649E+19 1.00000381620E+00 5.49243671907E+27
 9.24545236501E+03 1.17284465842E+19 1.00000382734E+00 5.51989501479E+27
 9.29167314783E+03 1.18214729531E+19 1.00000383851E+00 5.54749058254E+27
 9.33812500238E+03 1.19152371781E+19 1.00000384971E+00 5.57522410860E+27
 9.38480908384E+03 1.20097451116E+19 1.00000386094E+00 5.60309628266E+27
 9.43172655319E+03 1.21050026524E+19 1.00000387221E+00 5.63110779787E+27
 9.47887857720E+03 1.22010157462E+19 1.00000388350E+00 5.65925935081E+27
 9.52626632850E+03 1.22977903859E+19 1.00000389483E+00 5.68755164160E+27
 9.57389098555E+03 1.23953326117E+19 1.00000390620E+00 5.71598537381E+27
 9.62175373271E+03 1.24936485120E+19 1.00000391760E+00 5.74456125456E+27
 9.66985576028E+03 1.25927442232E+19 1.00000392903E+00 5.77327999448E+27
 9.71819826450E+03 1.26926259306E+19 1.00000394049E+00 5.80214230778E+27
 9.76678244757E+03 1.27932998684E+19 1.00000395199E+00 5.83114891221E+27
 9.81560951773E+03 1.28947723204E+19 1.00000396352E+00 5.86030052912E+27
 9.86468068924E+03 1.29970496202E+19 1.00000397509E+00 5.88959788349E+27
 9.91399718245E+03 1.31001381515E+19 1.00000398668E+00 5.91904170389E+27
 9.96356022379E+03 1.32040443487E+19 1.00000399832E+00 5.94863272256E+27
 1.00133710458E+04 1.33087746975E+19 1.00000400998E+00 5.97837167536E+27
 1.00634308873E+04 1.34143357346E+19 1.00000402168E+00 6.00825930189E+27
 1.01137409931E+04 1.35207340488E+19 1.00000403342E+00 6.03829634538E+27
 1.01643026145E+04 1.36279762811E+19 1.00000404519E+00 6.06848355284E+27
 1.02151170088E+04 1.37360691253E+19 1.00000405699E+00 6.09882167496E+27
 1.02661854396E+04 1.38450193281E+19 1.00000406883E+00 6.12931146622E+27
 1.03175091771E+04 1.39548336898E+19 1.00000408070E+00 6.15995368485E+27
 1.03690894976E+04 1.40655190647E+19 1.00000409261E+00 6.19074909288E+27
 1.04209276837E+04 1.41770823614E+19 1.00000410455E+00 6.22169845616E+27
 1.04730250248E+04 1.42895305432E+19 1.00000411652E+00 6.25280254434E+27
 1.05253828162E+04 1.44028706288E+19 1.00000412853E+00 6.28406213095E+27
 1.05780023602E+04 1.45171096925E+19 1.00000414058E+00 6.31547799336E+27
 1.06308849654E+04 1.46322548647E+19 1.00000415266E+00 6.34705091285E+27
 1.06840319467E+04 1.47483133325E+19 1.00000416478E+00 6.37878167459E+27
 1.07374446260E+04 1.48652923396E+19 1.00000417693E+00 6.41067106767E+27
 1.07911243315E+04 1.49831991877E+19 1.00000418912E+00 6.44271988514E+27
 1.08450723983E+04 1.51020412359E+19 1.00000420134E+00 6.47492892402E+27
 1.08992901678E+04 1.52218259022E+19 1.00000421360E+00 6.50729898529E+27
 1.09537789884E+04 1.53425606629E+19 1.00000422589E+00 6.53983087396E+27
 1.10085402153E+04 1.54642530540E+19 1.00000423822E+00 6.57252539904E+27
 1.10635752102E+04 1.55869106710E+19 1.00000425059E+00 6.60538337360E+27
 1.11188853419E+04 1.57105411699E+19 1.00000426299E+00 6.63840561477E+27
 1.11744719857E+04 1.58351522672E+19 1.00000427543E+00 6.67159294378E+27
 1.12303365241E+04 1.59607517408E+19 1.00000428791E+00 6.70494618594E+27
 1.12864803463E+04 1.60873474301E+19 1.00000430042E+00 6.73846617070E+27
 1.13429048486E+04 1.62149472368E+19 1.00000431297E+00 6.77215373166E+27
 1.13996114342E+04 1.63435591252E+19 1.00000432555E+00 6.80600970657E+27
 1.14566015133E+04 1.64731911229E+19 1.00000433817E+00 6.84003493740E+27
 1.15138765032E+04 1.66038513211E+19 1.00000435083E+00 6.87423027029E+27
 1.15714378282E+04 1.67355478750E+19 1.00000436352E+00 6.90859655564E+27
 1.16292869198E+04 1.68682890048E+19 1.00000437626E+00 6.94313464810E+27
 1.16874252167E+04 1.70020829958E+19 1.00000438903E+00 6.97784540657E+27
 1.17458541647E+04 1.71369381988E+19 1.00000440183E+00 7.01272969425E+27
 1.18045752168E+04 1.72728630311E+19 1.00000441468E+00 7.04778837869E+27
 1.18635898333E+04 1.74098659766E+19 1.00000442756E+00 7.08302233173E+27
 1.19228994820E+04 1.75479555867E+19 1.00000444048E+00 7.11843242959E+27
 1.19825056376E+04 1.76871404803E+19 1.00000445343E+00 7.15401955288E+27
 1.20424097826E+04 1.78274293449E+19 1.00000446643E+00 7.18978458660E+27
 1.21026134067E+04 1.79688309370E+19 1.00000447946E+00 7.22572842016E+27
 1.21631180072E+04 1.81113540822E+19 1.00000449253E+00 7.26185194745E+27
 1.22239250885E+04 1.82550076764E+19 1.00000450564E+00 7.29815606681E+27
 1.22850361631E+04 1.83998006860E+19 1.00000451878E+00 7.33464168106E+27
 1.23464527506E+04 1.85457421484E+19 1.00000453197E+00 7.37130969756E+27
 1.24081763783E+04 1.86928411729E+19 1.00000454519E+00 7.40816102819E+27
 1.24702085813E+04 1.88411069408E+19 1.00000455845E+00 7.44519658938E+27
 1.25325509023E+04 1.89905487064E+19 1.00000457175E+00 7.48241730217E+27
 1.25952048915E+04 1.91411757973E+19 1.00000458509E+00 7.51982409217E+27
 1.26581721072E+04 1.92929976152E+19 1.00000459847E+00 7.55741788964E+27
 1.27214541153E+04 1.94460236362E+19 1.00000461189E+00 7.59519962949E+27
 1.27850524894E+04 1.96002634118E+19 1.00000462535E+00 7.63317025129E+27
 1.28489688113E+04 1.97557265690E+19 1.00000463884E+00 7.67133069932E+27
 1.29132046704E+04 1.99124228113E+19 1.00000465238E+00 7.70968192259E+27
 1.29777616642E+04 2.00703619192E+19 1.00000466595E+00 7.74822487482E+27
 1.30426413982E+04 2.02295537507E+19 1.00000467957E+00 7.78696051453E+27
 1.31078454858E+04 2.03900082419E+19 1.00000469322E+00 7.82588980501E+27
 1.31733755485E+04 2.05517354081E+19 1.00000470691E+00 7.86501371440E+27
 1.32392332161E+04 2.07147453435E+19 1.00000472065E+00 7.90433321564E+27
 1.33054201263E+04 2.08790482227E+19 1.00000473442E+00 7.94384928655E+27
 1.33719379252E+04 2.10446543009E+19 1.00000474824E+00 7.98356290984E+27
 1.34387882669E+04 2.12115739147E+19 1.00000476209E+00 8.02347507314E+27
 1.35059728139E+04 2.13798174827E+19 1.00000477599E+00 8.06358676900E+27
 1.35734932370E+04 2.15493955061E+19 1.00000478992E+00 8.10389899495E+27
 1.36413512154E+04 2.17203185692E+19 1.00000480390E+00 8.14441275349E+27
 1.37095484366E+04 2.18925973406E+19 1.00000481791E+00 8.18512905214E+27
 1.37780865965E+04 2.20662425734E+19 1.00000483197E+00 8.22604890347E+27
 1.38469673998E+04 2.22412651058E+19 1.00000484607E+00 8.26717332509E+27
 1.39161925593E+04 2.24176758622E+19 1.00000486021E+00 8.30850333971E+27
 1.39857637965E+04 2.25954858534E+19 1.00000487439E+00 8.35003997514E+27
 1.40556828417E+04 2.27747061780E+19 1.00000488861E+00 8.39178426435E+27
 1.41259514336E+04 2.29553480220E+19 1.00000490288E+00 8.43373724546E+27
 1.41965713198E+04 2.31374226607E+19 1.00000491718E+00 8.47589996177E+27
 1.42675442564E+04 2.33209414584E+19 1.00000493153E+00 8.51827346182E+27
 1.43388720085E+04 2.35059158698E+19 1.00000494592E+00 8.56085879938E+27
 1.44105563499E+04 2.36923574404E+19 1.00000496035E+00 8.60365703348E+27
 1.44825990633E+04 2.38802778071E+19 1.00000497483E+00 8.64666922846E+27
 1.45550019403E+04 2.40696886995E+19 1.00000498934E+00 8.68989645396E+27
 1.46277667815E+04 2.42606019397E+19 1.00000500390E+00 8.73333978499E+27
 1.47008953964E+04 2.44530294441E+19 1.00000501850E+00 8.77700030193E+27
 1.47743896038E+04 2.46469832232E+19 1.00000503314E+00 8.82087909054E+27
 1.48482512312E+04 2.48424753830E+19 1.00000504783E+00 8.86497724204E+27
 1.49224821156E+04 2.50395181255E+19 1.00000506256E+00 8.90929585308E+27
 1.49970841030E+04 2.52381237494E+19 1.00000507733E+00 8.95383602580E+27
 1.50720590486E+04 2.54383046509E+19 1.00000509214E+00 8.99859886786E+27
 1.51474088170E+04 2.56400733247E+19 1.00000510700E+00 9.04358549245E+27
 1.52231352820E+04 2.58434423645E+19 1.00000512190E+00 9.08879701831E+27
 1.52992403269E+04 2.60484244639E+19 1.00000513685E+00 9.13423456980E+27
 1.53757258442E+04 2.62550324172E+19 1.00000515184E+00 9.17989927688E+27
 1.54525937362E+04 2.64632791201E+19 1.00000516687E+00 9.22579227517E+27
 1.55298459144E+04 2.66731775707E+19 1.00000518194E+00 9.27191470597E+27
 1.56074842999E+04 2.68847408702E+19 1.00000519706E+00 9.31826771628E+27
 1.56855108237E+04 2.70979822235E+19 1.00000521223E+00 9.36485245882E+27
 1.57639274259E+04 2.73129149406E+19 1.00000522744E+00 9.41167009210E+27
 1.58427360569E+04 2.75295524367E+19 1.00000524269E+00 9.45872178041E+27
 1.59219386765E+04 2.77479082337E+19 1.00000525799E+00 9.50600869385E+27
 1.60015372543E+04 2.79679959605E+19 1.00000527333E+00 9.55353200839E+27
 1.60815337699E+04 2.81898293544E+19 1.00000528871E+00 9.60129290586E+27
 1.61619302127E+04 2.84134222613E+19 1.00000530414E+00 9.64929257401E+27
 1.62427285821E+04 2.86387886372E+19 1.00000531962E+00 9.69753220652E+27
 1.63239308873E+04 2.88659425486E+19 1.00000533514E+00 9.74601300305E+27
 1.64055391479E+04 2.90948981739E+19 1.00000535071E+00 9.79473616925E+27
 1.64875553933E+04 2.93256698035E+19 1.00000536632E+00 9.84370291678E+27
 1.65699816631E+04 2.95582718415E+19 1.00000538198E+00 9.89291446340E+27
 1.66528200072E+04 2.97927188061E+19 1.00000539768E+00 9.94237203291E+27
 1.67360724858E+04 3.00290253306E+19 1.00000541343E+00 9.99207685525E+27
 1.68197411691E+04 3.02672061646E+19 1.00000542923E+00 1.00420301665E+28
 1.69038281379E+04 3.05072761744E+19 1.00000544507E+00 1.00922332090E+28
 1.69883354834E+04 3.07492503445E+19 1.00000546096E+00 1.01426872312E+28
 1.70732653072E+04 3.09931437779E+19 1.00000547689E+00 1.01933934877E+28
 1.71586197213E+04 3.12389716978E+19 1.00000549287E+00 1.02443532396E+28
 1.72444008484E+04 3.14867494478E+19 1.00000550890E+00 1.02955677543E+28
 1.73306108219E+04 3.17364924934E+19 1.00000552497E+00 1.03470383052E+28
 1.74172517856E+04 3.19882164227E+19 1.00000554109E+00 1.03987661725E+28
 1.75043258941E+04 3.22419369475E+19 1.00000555726E+00 1.04507526424E+28
 1.75918353130E+04 3.24976699041E+19 1.00000557348E+00 1.05029990080E+28
 1.76797822185E+04 3.27554312544E+19 1.00000558974E+00 1.05555065684E+28
 1.77681687977E+04 3.30152370872E+19 1.00000560605E+00 1.06082766294E+28
 1.78569972487E+04 3.32771036186E+19 1.00000562241E+00 1.06613105033E+28
 1.79462697805E+04 3.35410471933E+19 1.00000563881E+00 1.07146095091E+28
 1.80359886132E+04 3.38070842859E+19 1.00000565526E+00 1.07681749722E+28
 1.81261559781E+04 3.40752315015E+19 1.00000567177E+00 1.08220082247E+28
 1.82167741175E+04 3.43455055769E+19 1.00000568831E+00 1.08761106054E+28
 1.83078452850E+04 3.46179233818E+19 1.00000570491E+00 1.09304834596E+28
 1.83993717453E+04 3.48925019194E+19 1.00000572156E+00 1.09851281396E+28
 1.84913557747E+04 3.51692583281E+19 1.00000573825E+00 1.10400460044E+28
 1.85837996607E+04 3.54482098820E+19 1.00000575500E+00 1.10952384196E+28
 1.86767057022E+04 3.57293739924E+19 1.00000577179E+00 1.11507067578E+28
 1.87700762097E+04 3.60127682085E+19 1.00000578863E+00 1.12064523985E+28
 1.88639135053E+04 3.62984102189E+19 1.00000580552E+00 1.12624767278E+28
 1.89582199225E+04 3.65863178524E+19 1.00000582246E+00 1.13187811392E+28
 1.90529978066E+04 3.68765090791E+19 1.00000583945E+00 1.13753670328E+28
 1.91482495147E+04 3.71690020119E+19 1.00000585648E+00 1.14322358158E+28
 1.92439774156E+04 3.74638149070E+19 1.00000587357E+00 1.14893889024E+28
 1.93401838898E+04 3.77609661659E+19 1.00000589071E+00 1.15468277140E+28
 1.94368713300E+04 3.80604743355E+19 1.00000590790E+00 1.16045536791E+28
 1.95340421406E+04 3.83623581103E+19 1.00000592514E+00 1.16625682331E+28
 1.96316987381E+04 3.86666363327E+19 1.00000594243E+00 1.17208728187E+28
 1.97298435512E+04 3.89733279947E+19 1.00000595976E+00 1.17794688861E+28
 1.98284790206E+04 3.92824522391E+19 1.00000597715E+00 1.18383578923E+28
 1.99276075993E+04 3.95940283603E+19 1.00000599459E+00 1.18975413018E+28
 2.00272317524E+04 3.99080758057E+19 1.00000601209E+00 1.19570205866E+28
 2.01273539576E+04 4.02246141773E+19 1.00000602963E+00 1.20167972256E+28
 2.02279767046E+04 4.05436632322E+19 1.00000604722E+00 1.20768727055E+28
 2.03291024960E+04 4.08652428844E+19 1.00000606487E+00 1.21372485203E+28
 2.04307338465E+04 4.11893732057E+19 1.00000608256E+00 1.21979261714E+28
 2.05328732836E+04 4.15160744274E+19 1.00000610031E+00 1.22589071678E+28
 2.06355233475E+04 4.18453669410E+19 1.00000611811E+00 1.23201930260E+28
 2.07386865908E+04 4.21772712997E+19 1.00000613596E+00 1.23817852702E+28
 2.08423655792E+04 4.25118082200E+19 1.00000615386E+00 1.24436854320E+28
 2.09465628910E+04 4.28489985824E+19 1.00000617182E+00 1.25058950507E+28
 2.10512811175E+04 4.31888634334E+19 1.00000618983E+00 1.25684156735E+28
 2.11565228629E+04 4.35314239859E+19 1.00000620789E+00 1.26312488552E+28
 2.12622907444E+04 4.38767016217E+19 1.00000622600E+00 1.26943961583E+28
 2.13685873925E+04 4.42247178916E+19 1.00000624417E+00 1.27578591533E+28
 2.14754154504E+04 4.45754945176E+19 1.00000626239E+00 1.28216394182E+28
 2.15827775750E+04 4.49290533942E+19 1.00000628066E+00 1.28857385394E+28
 2.16906764362E+04 4.52854165891E+19 1.00000629899E+00 1.29501581108E+28
 2.17991147173E+04 4.56446063454E+19 1.00000631736E+00 1.30148997344E+28
 2.19080951150E+04 4.60066450824E+19 1.00000633580E+00 1.30799650204E+28
 2.20176203396E+04 4.63715553975E+19 1.00000635428E+00 1.31453555867E+28
 2.21276931149E+04 4.67393600670E+19 1.00000637282E+00 1.32110730595E+28
 2.22383161781E+04 4.71100820481E+19 1.00000639142E+00 1.32771190732E+28
 2.23494922805E+04 4.74837444799E+19 1.00000641007E+00 1.33434952702E+28
 2.24612241867E+04 4.78603706852E+19 1.00000642877E+00 1.34102033012E+28
 2.25735146755E+04 4.82399841718E+19 1.00000644753E+00 1.34772448252E+28
 2.26863665394E+04 4.86226086338E+19 1.00000646634E+00 1.35446215093E+28
 2.27997825848E+04 4.90082679533E+19 1.00000648521E+00 1.36123350291E+28
 2.29137656323E+04 4.93969862019E+19 1.00000650413E+00 1.36803870686E+28
 2.30283185166E+04 4.97887876420E+19 1.00000652311E+00 1.37487793202E+28
 2.31434440864E+04 5.01836967285E+19 1.00000654214E+00 1.38175134846E+28
 2.32591452047E+04 5.05817381104E+19 1.00000656123E+00 1.38865912711E+28
 2.33754247490E+04 5.09829366320E+19 1.00000658038E+00 1.39560143977E+28
 2.34922856109E+04 5.13873173347E+19 1.00000659958E+00 1.40257845908E+28
 2.36097306966E+04 5.17949054587E+19 1.00000661883E+00 1.40959035854E+28
 2.37277629270E+04 5.22057264441E+19 1.00000663815E+00 1.41663731254E+28
 2.38463852372E+04 5.26198059330E+19 1.00000665751E+00 1.42371949632E+28
 2.39656005773E+04 5.30371697710E+19 1.00000667694E+00 1.43083708601E+28
 2.40854119121E+04 5.34578440083E+19 1.00000669642E+00 1.43799025860E+28
 2.42058222210E+04 5.38818549020E+19 1.00000671596E+00 1.44517919200E+28
 2.43268344987E+04 5.43092289175E+19 1.00000673556E+00 1.45240406497E+28
 2.44484517545E+04 5.47399927299E+19 1.00000675521E+00 1.45966505720E+28
 2.45706770128E+04 5.51741732262E+19 1.00000677492E+00 1.46696234924E+28
 2.46935133134E+04 5.56117975063E+19 1.00000679469E+00 1.47429612259E+28
 2.48169637110E+04 5.60528928853E+19 1.00000681451E+00 1.48166655960E+28
 2.49410312756E+04 5.64974868948E+19 1.00000683440E+00 1.48907384359E+28
 2.50657190927E+04 5.69456072850E+19 1.00000685434E+00 1.49651815875E+28
 2.51910302631E+04 5.73972820258E+19 1.00000687434E+00 1.50399969021E+28
 2.53169679032E+04 5.78525393094E+19 1.00000689440E+00 1.51151862404E+28
 2.54435351449E+04 5.83114075513E+19 1.00000691451E+00 1.51907514722E+28
 2.55707351358E+04 5.87739153926E+19 1.00000693469E+00 1.52666944766E+28
 2.56985710392E+04 5.92400917014E+19 1.00000695492E+00 1.53430171423E+28
 2.58270460342E+04 5.97099655747E+19 1.00000697521E+00 1.54197213673E+28
 2.59561633159E+04 6.01835663407E+19 1.00000699557E+00 1.54968090591E+28
 2.60859260952E+04 6.06609235597E+19 1.00000701598E+00 1.55742821348E+28
 2.62163375992E+04 6.11420670269E+19 1.00000703645E+00 1.56521425211E+28
 2.63474010711E+04 6.16270267735E+19 1.00000705698E+00 1.57303921541E+28
 2.64791197703E+04 6.21158330691E+19 1.00000707757E+00 1.58090329800E+28
 2.66114969726E+04 6.26085164233E+19 1.00000709822E+00 1.58880669543E+28
 2.67445359698E+04 6.31051075878E+19 1.00000711893E+00 1.59674960425E+28
 2.68782400707E+04 6.36056375579E+19 1.00000713971E+00 1.60473222199E+28
 2.70126126002E+04 6.41101375752E+19 1.00000716054E+00 1.61275474718E+28
 2.71476569000E+04 6.46186391289E+19 1.00000718143E+00 1.62081737931E+28
 2.72833763286E+04 6.51311739577E+19 1.00000720239E+00 1.62892031889E+28
 2.74197742611E+04 6.56477740524E+19 1.00000722340E+00 1.63706376744E+28
 2.75568540897E+04 6.61684716575E+19 1.00000724448E+00 1.64524792746E+28
 2.76946192232E+04 6.66932992731E+19 1.00000726562E+00 1.65347300249E+28
 2.78330730878E+04 6.72222896571E+19 1.00000728681E+00 1.66173919707E+28
 2.79722191267E+04 6.77554758274E+19 1.00000730808E+00 1.67004671678E+28
 2.81120608003E+04 6.82928910635E+19 1.00000732940E+00 1.67839576820E+28
 2.82526015863E+04 6.88345689091E+19 1.00000735079E+00 1.68678655897E+28
 2.83938449797E+04 6.93805431740E+19 1.00000737223E+00 1.69521929776E+28
 2.85357944932E+04 6.99308479359E+19 1.00000739374E+00 1.70369419427E+28
 2.86784536568E+04 7.04855175430E+19 1.00000741532E+00 1.71221145926E+28
 2.88218260183E+04 7.10445866159E+19 1.00000743695E+00 1.72077130455E+28
 2.89659151433E+04 7.16080900498E+19 1.00000745865E+00 1.72937394301E+28
 2.91107246151E+04 7.21760630166E+19 1.00000748042E+00 1.73801958856E+28
 2.92562580349E+04 7.27485409673E+19 1.00000750224E+00 1.74670845623E+28
 2.94025190220E+04 7.33255596340E+19 1.00000752413E+00 1.75544076209E+28
 2.95495112137E+04 7.39071550322E+19 1.00000754609E+00 1.76421672329E+28
 2.96972382655E+04 7.44933634631E+19 1.00000756811E+00 1.77303655808E+28
 2.98457038514E+04 7.50842215160E+19 1.00000759019E+00 1.78190048581E+28
 2.99949116633E+04 7.56797660700E+19 1.00000761233E+00 1.79080872690E+28
 3.01448654120E+04 7.62800342971E+19 1.00000763455E+00 1.79976150289E+28
 3.02955688267E+04 7.68850636641E+19 1.00000765682E+00 1.80875903643E+28
 3.04470256552E+04 7.74948919346E+19 1.00000767916E+00 1.81780155126E+28
 3.05992396640E+04 7.81095571722E+19 1.00000770157E+00 1.82688927227E+28
 3.07522146385E+04 7.87290977422E+19 1.00000772404E+00 1.83602242544E+28
 3.09059543830E+04 7.93535523141E+19 1.00000774658E+00 1.84520123792E+28
 3.10604627210E+04 7.99829598643E+19 1.00000776918E+00 1.85442593797E+28
 3.12157434948E+04 8.06173596783E+19 1.00000779185E+00 1.86369675498E+28
 3.13718005660E+04 8.12567913532E+19 1.00000781459E+00 1.87301391952E+28
 3.15286378158E+04 8.19012948000E+19 1.00000783739E+00 1.88237766328E+28
 3.16862591443E+04 8.25509102465E+19 1.00000786026E+00 1.89178821914E+28
 3.18446684716E+04 8.32056782396E+19 1.00000788319E+00 1.90124582111E+28
 3.20038697370E+04 8.38656396474E+19 1.00000790619E+00 1.91075070440E+28
 3.21638668998E+04 8.45308356627E+19 1.00000792926E+00 1.92030310538E+28
 3.23246639388E+04 8.52013078047E+19 1.00000795240E+00 1.92990326159E+28
 3.24862648529E+04 8.58770979219E+19 1.00000797560E+00 1.93955141180E+28
 3.26486736610E+04 8.65582481950E+19 1.00000799887E+00 1.94924779593E+28
 3.28118944020E+04 8.72448011388E+19 1.00000802221E+00 1.95899265511E+28
 3.29759311350E+04 8.79367996059E+19 1.00000804562E+00 1.96878623169E+28
 3.31407879393E+04 8.86342867882E+19 1.00000806909E+00 1.97862876922E+28
 3.33064689150E+04 8.93373062207E+19 1.00000809264E+00 1.98852051248E+28
 3.34729781821E+04 9.00459017834E+19 1.00000811625E+00 1.99846170744E+28
 3.36403198816E+04 9.07601177044E+19 1.00000813993E+00 2.00845260135E+28
 3.38084981752E+04 9.14799985626E+19 1.00000816368E+00 2.01849344265E+28
 3.39775172453E+04 9.22055892906E+19 1.00000818750E+00 2.02858448105E+28
 3.41473812951E+04 9.29369351772E+19 1.00000821139E+00 2.03872596750E+28
 3.43180945489E+04 9.36740818706E+19 1.00000823535E+00 2.04891815420E+28
 3.44896612524E+04 9.44170753809E+19 1.00000825938E+00 2.05916129462E+28
 3.46620856720E+04 9.51659620833E+19 1.00000828348E+00 2.06945564350E+28
 3.48353720959E+04 9.59207887207E+19 1.00000830765E+00 2.07980145683E+28
 3.50095248335E+04 9.66816024068E+19 1.00000833189E+00 2.09019899190E+28
 3.51845482157E+04 9.74484506291E+19 1.00000835620E+00 2.10064850729E+28
 3.53604465952E+04 9.82213812515E+19 1.00000838058E+00 2.11115026286E+28
 3.55372243464E+04 9.90004425179E+19 1.00000840504E+00 2.12170451977E+28
 3.57148858656E+04 9.97856830544E+19 1.00000842956E+00 2.13231154050E+28
 3.58934355710E+04 1.00577151873E+20 1.00000845416E+00 2.14297158882E+28
 3.60728779030E+04 1.01374898375E+20 1.00000847882E+00 2.15368492984E+28
 3.62532173240E+04 1.02178972353E+20 1.00000850356E+00 2.16445182998E+28
 3.64344583190E+04 1.02989423993E+20 1.00000852837E+00 2.17527255700E+28
 3.66166053952E+04 1.03806303883E+20 1.00000855326E+00 2.18614738000E+28
 3.67996630824E+04 1.04629663008E+20 1.00000857822E+00 2.19707656941E+28
 3.69836359331E+04 1.05459552761E+20 1.00000860324E+00 2.20806039703E+28
 3.71685285225E+04 1.06296024939E+20 1.00000862835E+00 2.21909913602E+28
 3.73543454485E+04 1.07139131753E+20 1.00000865352E+00 2.23019306088E+28
 3.75410913324E+04 1.07988925826E+20 1.00000867877E+00 2.24134244752E+28
 3.77287708183E+04 1.08845460200E+20 1.00000870410E+00 2.25254757320E+28
 3.79173885735E+04 1.09708788337E+20 1.00000872949E+00 2.26380871658E+28
 3.81069492888E+04 1.10578964122E+20 1.00000875496E+00 2.27512615770E+28
 3.82974576783E+04 1.11456041869E+20 1.00000878051E+00 2.28650017801E+28
 3.84889184799E+04 1.12340076323E+20 1.00000880613E+00 2.29793106038E+28
 3.86813364548E+04 1.13231122662E+20 1.00000883182E+00 2.30941908907E+28
 3.88747163884E+04 1.14129236501E+20 1.00000885759E+00 2.32096454976E+28
 3.90690630898E+04 1.15034473898E+20 1.00000888344E+00 2.33256772959E+28
 3.92643813922E+04 1.15946891355E+20 1.00000890936E+00 2.34422891711E+28
 3.94606761530E+04 1.16866545822E+20 1.00000893535E+00 2.35594840231E+28
 3.96579522537E+04 1.17793494700E+20 1.00000896143E+00 2.36772647663E+28
 3.98562146005E+04 1.18727795847E+20 1.00000898757E+00 2.37956343300E+28
 4.00554681239E+04 1.19669507578E+20 1.00000901380E+00 2.39145956576E+28
 4.02557177791E+04 1.20618688672E+20 1.00000904010E+00 2.40341517077E+28
 4.04569685461E+04 1.21575398374E+20 1.00000906647E+00 2.41543054534E+28
 4.06592254299E+04 1.22539696397E+20 1.00000909293E+00 2.42750598828E+28
 4.08624934603E+04 1.23511642931E+20 1.00000911946E+00 2.43964179988E+28
 4.10667776924E+04 1.24491298641E+20 1.00000914607E+00 2.45183828195E+28
 4.12720832065E+04 1.25478724673E+20 1.00000917276E+00 2.46409573780E+28
 4.14784151084E+04 1.26473982659E+20 1.00000919952E+00 2.47641447226E+28
 4.16857785293E+04 1.27477134721E+20 1.00000922636E+00 2.48879479166E+28
 4.18941786261E+04 1.28488243471E+20 1.00000925328E+00 2.50123700390E+28
 4.21036205815E+04 1.29507372019E+20 1.00000928028E+00 2.51374141839E+28
 4.23141096041E+04 1.30534583976E+20 1.00000930736E+00 2.52630834610E+28
 4.25256509286E+04 1.31569943457E+20 1.00000933452E+00 2.53893809956E+28
 4.27382498157E+04 1.32613515085E+20 1.00000936175E+00 2.55163099284E+28
 4.29519115527E+04 1.33665363997E+20 1.00000938907E+00 2.56438734161E+28
 4.31666414529E+04 1.34725555845E+20 1.00000941647E+00 2.57720746308E+28
 4.33824448566E+04 1.35794156803E+20 1.00000944394E+00 2.59009167610E+28
 4.35993271305E+04 1.36871233570E+20 1.00000947150E+00 2.60304030105E+28
 4.38172936682E+04 1.37956853373E+20 1.00000949913E+00 2.61605365997E+28
 4.40363498904E+04 1.39051083973E+20 1.00000952685E+00 2.62913207646E+28
 4.42565012448E+04 1.40153993667E+20 1.00000955465E+00 2.64227587579E+28
 4.44777532063E+04 1.41265651296E+20 1.00000958253E+00 2.65548538480E+28
 4.47001112771E+04 1.42386126245E+20 1.00000961049E+00 2.66876093201E+28
 4.49235809872E+04 1.43515488451E+20 1.00000963853E+00 2.68210284756E+28
 4.51481678939E+04 1.44653808405E+20 1.00000966665E+00 2.69551146324E+28
 4.53738775826E+04 1.45801157157E+20 1.00000969486E+00 2.70898711251E+28
 4.56007156664E+04 1.46957606320E+20 1.00000972314E+00 2.72253013049E+28
 4.58286877864E+04 1.48123228075E+20 1.00000975151E+00 2.73614085397E+28
 4.60577996122E+04 1.49298095178E+20 1.00000977997E+00 2.74981962143E+28
 4.62880568415E+04 1.50482280960E+20 1.00000980850E+00 2.76356677305E+28
 4.65194652006E+04 1.51675859332E+20 1.00000983712E+00 2.77738265069E+28
 4.67520304443E+04 1.52878904795E+20 1.00000986582E+00 2.79126759795E+28
 4.69857583563E+04 1.54091492437E+20 1.00000989461E+00 2.80522196011E+28
 4.72206547493E+04 1.55313697946E+20 1.00000992348E+00 2.81924608420E+28
 4.74567254647E+04 1.56545597606E+20 1.00000995244E+00 2.83334031899E+28
 4.76939763735E+04 1.57787268309E+20 1.00000998148E+00 2.84750501497E+28
 4.79324133758E+04 1.59038787556E+20 1.00001001060E+00 2.86174052441E+28
 4.81720424014E+04 1.60300233462E+20 1.00001003981E+00 2.87604720132E+28
 4.84128694095E+04 1.61571684761E+20 1.00001006910E+00 2.89042540148E+28
 4.86549003892E+04 1.62853220815E+20 1.00001009848E+00 2.90487548247E+28
 4.88981413597E+04 1.64144921612E+20 1.00001012795E+00 2.91939780364E+28
 4.91425983701E+04 1.65446867776E+20 1.00001015750E+00 2.93399272613E+28
 4.93882774998E+04 1.66759140569E+20 1.00001018714E+00 2.94866061290E+28
 4.96351848585E+04 1.68081821899E+20 1.00001021686E+00 2.96340182872E+28
 4.98833265866E+04 1.69414994324E+20 1.00001024667E+00 2.97821674019E+28
 5.01327088552E+04 1.70758741055E+20 1.00001027657E+00 2.99310571573E+28
 5.03833378661E+04 1.72113145966E+20 1.00001030656E+00 3.00806912560E+28
 5.06352198522E+04 1.73478293592E+20 1.00001033663E+00 3.02310734194E+28
 5.08883610776E+04 1.74854269142E+20 1.00001036679E+00 3.03822073871E+28
 5.11427678375E+04 1.76241158499E+20 1.00001039704E+00 3.05340969176E+28
 5.13984464590E+04 1.77639048229E+20 1.00001042737E+00 3.06867457883E+28
 5.16554033003E+04 1.79048025583E+20 1.00001045780E+00 3.08401577953E+28
 5.19136447519E+04 1.80468178505E+20 1.00001048831E+00 3.09943367538E+28
 5.21731772358E+04 1.81899595635E+20 1.00001051891E+00 3.11492864979E+28
 5.24340072065E+04 1.83342366318E+20 1.00001054961E+00 3.13050108810E+28
 5.26961411504E+04 1.84796580607E+20 1.00001058039E+00 3.14615137758E+28
 5.29595855866E+04 1.86262329268E+20 1.00001061126E+00 3.16187990743E+28
 5.32243470667E+04 1.87739703790E+20 1.00001064222E+00 3.17768706880E+28
 5.34904321750E+04 1.89228796383E+20 1.00001067327E+00 3.19357325478E+28
 5.37578475289E+04 1.90729699994E+20 1.00001070442E+00 3.20953886045E+28
 5.40265997786E+04 1.92242508302E+20 1.00001073565E+00 3.22558428285E+28
 5.42966956077E+04 1.93767315732E+20 1.00001076697E+00 3.24170992099E+28
 5.45681417333E+04 1.95304217458E+20 1.00001079839E+00 3.25791617592E+28
 5.48409449060E+04 1.96853309408E+20 1.00001082990E+00 3.27420345065E+28
 5.51151119101E+04 1.98414688270E+20 1.00001086150E+00 3.29057215022E+28
 5.53906495639E+04 1.99988451501E+20 1.00001089319E+00 3.30702268171E+28
 5.56675647197E+04 2.01574697330E+20 1.00001092497E+00 3.32355545420E+28
 5.59458642641E+04 2.03173524764E+20 1.00001095685E+00 3.34017087886E+28
 5.62255551181E+04 2.04785033597E+20 1.00001098882E+00 3.35686936888E+28
 5.65066442374E+04 2.06409324414E+20 1.00001102088E+00 3.37365133952E+28
 5.67891386125E+04 2.08046498597E+20 1.00001105304E+00 3.39051720815E+28
 5.70730452686E+04 2.09696658334E+20 1.00001108529E+00 3.40746739417E+28
 5.73583712662E+04 2.11359906622E+20 1.00001111764E+00 3.42450231913E+28
 5.76451237011E+04 2.13036347275E+20 1.00001115008E+00 3.44162240665E+28
 5.79333097046E+04 2.14726084930E+20 1.00001118261E+00 3.45882808250E+28
 5.82229364435E+04 2.16429225056E+20 1.00001121524E+00 3.47611977454E+28
 5.85140111206E+04 2.18145873957E+20 1.00001124796E+00 3.49349791281E+28
 5.88065409747E+04 2.19876138780E+20 1.00001128078E+00 3.51096292946E+28
 5.91005332806E+04 2.21620127522E+20 1.00001131370E+00 3.52851525883E+28
 5.93959953497E+04 2.23377949036E+20 1.00001134671E+00 3.54615533743E+28
 5.96929345298E+04 2.25149713042E+20 1.00001137981E+00 3.56388360393E+28
 5.99913582055E+04 2.26935530125E+20 1.00001141302E+00 3.58170049922E+28
 6.02912737983E+04 2.28735511750E+20 1.00001144632E+00 3.59960646637E+28
 6.05926887668E+04 2.30549770267E+20 1.00001147972E+00 3.61760195068E+28
 6.08956106070E+04 2.32378418914E+20 1.00001151321E+00 3.63568739967E+28
 6.12000468521E+04 2.34221571830E+20 1.00001154681E+00 3.65386326311E+28
 6.15060050732E+04 2.36079344059E+20 1.00001158050E+00 3.67212999300E+28
 6.18134928793E+04 2.37951851556E+20 1.00001161429E+00 3.69048804361E+28
 6.21225179172E+04 2.39839211196E+20 1.00001164818E+00 3.70893787148E+28
 6.24330878720E+04 2.41741540783E+20 1.00001168216E+00 3.72747993542E+28
 6.27452104675E+04 2.43658959053E+20 1.00001171625E+00 3.74611469656E+28
 6.30588934656E+04 2.45591585684E+20 1.00001175044E+00 3.76484261832E+28
 6.33741446675E+04 2.47539541305E+20 1.00001178472E+00 3.78366416642E+28
 6.36909719132E+04 2.49502947501E+20 1.00001181911E+00 3.80257980895E+28
 6.40093830817E+04 2.51481926821E+20 1.00001185359E+00 3.82159001629E+28
 6.43293860918E+04 2.53476602785E+20 1.00001188818E+00 3.84069526122E+28
 6.46509889015E+04 2.55487099895E+20 1.00001192287E+00 3.85989601885E+28
 6.49741995089E+04 2.57513543639E+20 1.00001195765E+00 3.87919276667E+28
 6.52990259518E+04 2.59556060501E+20 1.00001199255E+00 3.89858598458E+28
 6.56254763085E+04 2.61614777968E+20 1.00001202754E+00 3.91807615485E+28
 6.59535586973E+04 2.63689824537E+20 1.00001206263E+00 3.93766376217E+28
 6.62832812774E+04 2.65781329727E+20 1.00001209783E+00 3.95734929366E+28
 6.66146522487E+04 2.67889424081E+20 1.00001213313E+00 3.97713323888E+28
 6.69476798520E+04 2.70014239181E+20 1.00001216853E+00 3.99701608981E+28
 6.72823723695E+04 2.72155907649E+20 1.00001220403E+00 4.01699834093E+28
 6.76187381247E+04 2.74314563161E+20 1.00001223964E+00 4.03708048916E+28
 6.79567854826E+04 2.76490340453E+20 1.00001227536E+00 4.05726303391E+28
 6.82965228501E+04 2.78683375330E+20 1.00001231117E+00 4.07754647711E+28
 6.86379586762E+04 2.80893804674E+20 1.00001234709E+00 4.09793132316E+28
 6.89811014521E+04 2.83121766452E+20 1.00001238312E+00 4.11841807901E+28
 6.93259597114E+04 2.85367399725E+20 1.00001241925E+00 4.13900725414E+28
 6.96725420305E+04 2.87630844659E+20 1.00001245549E+00 4.15969936056E+28
 7.00208570284E+04 2.89912242530E+20 1.00001249183E+00 4.18049491288E+28
 7.03709133675E+04 2.92211735735E+20 1.00001252828E+00 4.20139442823E+28
 7.07227197534E+04 2.94529467801E+20 1.00001256484E+00 4.22239842637E+28
 7.10762849351E+04 2.96865583392E+20 1.00001260150E+00 4.24350742963E+28
 7.14316177055E+04 2.99220228322E+20 1.00001263827E+00 4.26472196297E+28
 7.17887269014E+04 3.01593549558E+20 1.00001267514E+00 4.28604255396E+28
 7.21476214037E+04 3.03985695236E+20 1.00001271213E+00 4.30746973280E+28
 7.25083101379E+04 3.06396814665E+20 1.00001274922E+00 4.32900403238E+28
 7.28708020738E+04 3.08827058339E+20 1.00001278642E+00 4.35064598821E+28
 7.32351062264E+04 3.11276577945E+20 1.00001282373E+00 4.37239613850E+28
 7.36012316556E+04 3.13745526375E+20 1.00001286114E+00 4.39425502414E+28
 7.39691874666E+04 3.16234057731E+20 1.00001289867E+00 4.41622318874E+28
 7.43389828100E+04 3.18742327339E+20 1.00001293631E+00 4.43830117861E+28
 7.47106268824E+04 3.21270491757E+20 1.00001297405E+00 4.46048954281E+28
 7.50841289262E+04 3.23818708785E+20 1.00001301191E+00 4.48278883311E+28
 7.54594982301E+04 3.26387137472E+20 1.00001304987E+00 4.50519960409E+28
 7.58367441291E+04 3.28975938132E+20 1.00001308795E+00 4.52772241306E+28
 7.62158760051E+04 3.31585272349E+20 1.00001312614E+00 4.55035782012E+28
 7.65969032866E+04 3.34215302989E+20 1.00001316444E+00 4.57310638820E+28
 7.69798354495E+04 3.36866194209E+20 1.00001320285E+00 4.59596868302E+28
 7.73646820170E+04 3.39538111469E+20 1.00001324137E+00 4.61894527313E+28
 7.77514525598E+04 3.42231221540E+20 1.00001328001E+00 4.64203672993E+28
 7.81401566965E+04 3.44945692518E+20 1.00001331876E+00 4.66524362766E+28
 7.85308040940E+04 3.47681693831E+20 1.00001335762E+00 4.68856654345E+28
 7.89234044672E+04 3.50439396250E+20 1.00001339659E+00 4.71200605732E+28
 7.93179675798E+04 3.53218971902E+20 1.00001343568E+00 4.73556275216E+28
 7.97145032441E+04 3.56020594278E+20 1.00001347489E+00 4.75923721380E+28
 8.01130213218E+04 3.58844438246E+20 1.00001351420E+00 4.78303003099E+28
 8.05135317234E+04 3.61690680062E+20 1.00001355363E+00 4.80694179543E+28
 8.09160444095E+04 3.64559497377E+20 1.00001359318E+00 4.83097310176E+28
 8.13205693902E+04 3.67451069253E+20 1.00001363284E+00 4.85512454761E+28
 8.17271167255E+04 3.70365576173E+20 1.00001367262E+00 4.87939673360E+28
 8.21356965260E+04 3.73303200050E+20 1.00001371252E+00 4.90379026333E+28
 8.25463189527E+04 3.76264124240E+20 1.00001375253E+00 4.92830574345E+28
 8.29589942174E+04 3.79248533555E+20 1.00001379265E+00 4.95294378361E+28
 8.33737325829E+04 3.82256614270E+20 1.00001383290E+00 4.97770499653E+28
 8.37905443636E+04 3.85288554141E+20 1.00001387326E+00 5.00258999799E+28
 8.42094399250E+04 3.88344542410E+20 1.00001391374E+00 5.02759940685E+28
 8.46304296847E+04 3.91424769822E+20 1.00001395434E+00 5.05273384504E+28
 8.50535241125E+04 3.94529428634E+20 1.00001399505E+00 5.07799393763E+28
 8.54787337302E+04 3.97658712629E+20 1.00001403589E+00 5.10338031281E+28
 8.59060691125E+04 4.00812817125E+20 1.00001407684E+00 5.12889360189E+28
 8.63355408869E+04 4.03991938991E+20 1.00001411791E+00 5.15453443935E+28
 8.67671597339E+04 4.07196276658E+20 1.00001415911E+00 5.18030346286E+28
 8.72009363874E+04 4.10426030128E+20 1.00001420042E+00 5.20620131324E+28
 8.76368816352E+04 4.13681400992E+20 1.00001424186E+00 5.23222863454E+28
 8.80750063189E+04 4.16962592439E+20 1.00001428341E+00 5.25838607402E+28
 8.85153213342E+04 4.20269809271E+20 1.00001432509E+00 5.28467428219E+28
 8.89578376313E+04 4.23603257911E+20 1.00001436688E+00 5.31109391278E+28
 8.94025662153E+04 4.26963146424E+20 1.00001440880E+00 5.33764562283E+28
 8.98495181461E+04 4.30349684520E+20 1.00001445085E+00 5.36433007263E+28
 9.02987045392E+04 4.33763083578E+20 1.00001449301E+00 5.39114792580E+28
 9.07501365653E+04 4.37203556649E+20 1.00001453530E+00 5.41809984924E+28
 9.12038254512E+04 4.40671318476E+20 1.00001457771E+00 5.44518651323E+28
 9.16597824798E+04 4.44166585504E+20 1.00001462025E+00 5.47240859136E+28
 9.21180189902E+04 4.47689575898E+20 1.00001466290E+00 5.49976676061E+28
 9.25785463786E+04 4.51240509549E+20 1.00001470569E+00 5.52726170135E+28
 9.30413760977E+04 4.54819608094E+20 1.00001474860E+00 5.55489409732E+28
 9.35065196577E+04 4.58427094930E+20 1.00001479163E+00 5.58266463572E+28
 9.39739886265E+04 4.62063195222E+20 1.00001483479E+00 5.61057400715E+28
 9.44437946295E+04 4.65728135925E+20 1.00001487807E+00 5.63862290568E+28
 9.49159493504E+04 4.69422145790E+20 1.00001492149E+00 5.66681202884E+28
 9.53904645314E+04 4.73145455386E+20 1.00001496502E+00 5.69514207767E+28
 9.58673519731E+04 4.76898297109E+20 1.00001500869E+00 5.72361375669E+28
 9.63466235355E+04 4.80680905198E+20 1.00001505248E+00 5.75222777396E+28
 9.68282911375E+04 4.84493515751E+20 1.00001509640E+00 5.78098484105E+28
 9.73123667579E+04 4.88336366738E+20 1.00001514045E+00 5.80988567312E+28
 9.77988624351E+04 4.92209698017E+20 1.00001518463E+00 5.83893098890E+28
 9.82877902681E+04 4.96113751348E+20 1.00001522893E+00 5.86812151069E+28
 9.87791624159E+04 5.00048770409E+20 1.00001527337E+00 5.89745796443E+28
 9.92729910986E+04 5.04015000809E+20 1.00001531793E+00 5.92694107967E+28
 9.97692885972E+04 5.08012690108E+20 1.00001536263E+00 5.95657158962E+28
 1.00268067254E+05 5.12042087828E+20 1.00001540745E+00 5.98635023115E+28
 1.00769339474E+05 5.16103445470E+20 1.00001545241E+00 6.01627774480E+28
 1.01273117723E+05 5.20197016530E+20 1.00001549750E+00 6.04635487483E+28
 1.01779414530E+05 5.24323056516E+20 1.00001554271E+00 6.07658236923E+28
 1.02288242485E+05 5.28481822959E+20 1.00001558807E+00 6.10696097970E+28
 1.02799614243E+05 5.32673575437E+20 1.00001563355E+00 6.13749146172E+28
 1.03313542521E+05 5.36898575584E+20 1.00001567916E+00 6.16817457454E+28
 1.03830040100E+05 5.41157087110E+20 1.00001572491E+00 6.19901108120E+28
 1.04349119825E+05 5.45449375817E+20 1.00001577079E+00 6.23000174857E+28
 1.04870794606E+05 5.49775709616E+20 1.00001581681E+00 6.26114734734E+28
 1.05395077415E+05 5.54136358540E+20 1.00001586296E+00 6.29244865206E+28
 1.05921981292E+05 5.58531594768E+20 1.00001590925E+00 6.32390644114E+28
 1.06451519339E+05 5.62961692634E+20 1.00001595567E+00 6.35552149690E+28
 1.06983704727E+05 5.67426928651E+20 1.00001600222E+00 6.38729460556E+28
 1.07518550690E+05 5.71927581522E+20 1.00001604891E+00 6.41922655727E+28
 1.08056070529E+05 5.76463932165E+20 1.00001609574E+00 6.45131814614E+28
 1.08596277612E+05 5.81036263721E+20 1.00001614271E+00 6.48357017023E+28
 1.09139185374E+05 5.85644861580E+20 1.00001618981E+00 6.51598343162E+28
 1.09684807316E+05 5.90290013396E+20 1.00001623705E+00 6.54855873637E+28
 1.10233157007E+05 5.94972009103E+20 1.00001628442E+00 6.58129689458E+28
 1.10784248085E+05 5.99691140935E+20 1.00001633194E+00 6.61419872041E+28
 1.11338094255E+05 6.04447703444E+20 1.00001637959E+00 6.64726503208E+28
 1.11894709290E+05 6.09241993519E+20 1.00001642738E+00 6.68049665190E+28
 1.12454107033E+05 6.14074310403E+20 1.00001647531E+00 6.71389440630E+28
 1.13016301395E+05 6.18944955712E+20 1.00001652339E+00 6.74745912583E+28
 1.13581306359E+05 6.23854233456E+20 1.00001657160E+00 6.78119164520E+28
 1.14149135975E+05 6.28802450056E+20 1.00001661995E+00 6.81509280328E+28
 1.14719804365E+05 6.33789914361E+20 1.00001666845E+00 6.84916344316E+28
 1.15293325720E+05 6.38816937673E+20 1.00001671708E+00 6.88340441212E+28
 1.15869714305E+05 6.43883833761E+20 1.00001676586E+00 6.91781656169E+28
 1.16448984452E+05 6.48990918883E+20 1.00001681478E+00 6.95240074765E+28
 1.17031150569E+05 6.54138511807E+20 1.00001686384E+00 6.98715783005E+28
 1.17616227133E+05 6.59326933828E+20 1.00001691305E+00 7.02208867327E+28
 1.18204228695E+05 6.64556508788E+20 1.00001696239E+00 7.05719414597E+28
 1.18795169877E+05 6.69827563101E+20 1.00001701189E+00 7.09247512119E+28
 1.19389065377E+05 6.75140425768E+20 1.00001706152E+00 7.12793247631E+28
 1.19985929963E+05 6.80495428399E+20 1.00001711131E+00 7.16356709311E+28
 1.20585778480E+05 6.85892905236E+20 1.00001716123E+00 7.19937985777E+28
 1.21188625845E+05 6.91333193171E+20 1.00001721131E+00 7.23537166090E+28
 1.21794487050E+05 6.96816631767E+20 1.00001726153E+00 7.27154339756E+28
 1.22403377163E+05 7.02343563282E+20 1.00001731189E+00 7.30789596731E+28
 1.23015311327E+05 7.07914332690E+20 1.00001736241E+00 7.34443027417E+28
 1.23630304759E+05 7.13529287697E+20 1.00001741307E+00 7.38114722671E+28
 1.24248372754E+05 7.19188778770E+20 1.00001746387E+00 7.41804773802E+28
 1.24869530684E+05 7.24893159157E+20 1.00001751483E+00 7.45513272576E+28
 1.25493793995E+05 7.30642784903E+20 1.00001756593E+00 7.49240311220E+28
 1.26121178213E+05 7.36438014883E+20 1.00001761719E+00 7.52985982418E+28
 1.26751698941E+05 7.42279210813E+20 1.00001766859E+00 7.56750379321E+28
 1.27385371858E+05 7.48166737282E+20 1.00001772015E+00 7.60533595543E+28
 1.28022212724E+05 7.54100961769E+20 1.00001777185E+00 7.64335725169E+28
 1.28662237377E+05 7.60082254668E+20 1.00001782370E+00 7.68156862751E+28
 1.29305461734E+05 7.66110989311E+20 1.00001787571E+00 7.71997103317E+28
 1.29951901791E+05 7.72187541991E+20 1.00001792787E+00 7.75856542367E+28
 1.30601573624E+05 7.78312291986E+20 1.00001798018E+00 7.79735275880E+28
 1.31254493391E+05 7.84485621582E+20 1.00001803264E+00 7.83633400316E+28
 1.31910677329E+05 7.90707916096E+20 1.00001808526E+00 7.87551012614E+28
 1.32570141757E+05 7.96979563904E+20 1.00001813803E+00 7.91488210200E+28
 1.33232903075E+05 8.03300956460E+20 1.00001819095E+00 7.95445090988E+28
 1.33898977766E+05 8.09672488324E+20 1.00001824403E+00 7.99421753378E+28
 1.34568382395E+05 8.16094557186E+20 1.00001829726E+00 8.03418296266E+28
 1.35241133608E+05 8.22567563888E+20 1.00001835065E+00 8.07434819039E+28
 1.35917248138E+05 8.29091912455E+20 1.00001840419E+00 8.11471421583E+28
 1.36596742798E+05 8.35668010113E+20 1.00001845789E+00 8.15528204282E+28
 1.37279634488E+05 8.42296267320E+20 1.00001851175E+00 8.19605268023E+28
 1.37965940189E+05 8.48977097790E+20 1.00001856576E+00 8.23702714196E+28
 1.38655676970E+05 8.55710918516E+20 1.00001861993E+00 8.27820644700E+28
 1.39348861985E+05 8.62498149803E+20 1.00001867426E+00 8.31959161942E+28
 1.40045512472E+05 8.69339215284E+20 1.00001872875E+00 8.36118368840E+28
 1.40745645756E+05 8.76234541956E+20 1.00001878340E+00 8.40298368829E+28
 1.41449279250E+05 8.83184560202E+20 1.00001883820E+00 8.44499265859E+28
 1.42156430452E+05 8.90189703819E+20 1.00001889317E+00 8.48721164400E+28
 1.42867116948E+05 8.97250410042E+20 1.00001894830E+00 8.52964169446E+28
 1.43581356414E+05 9.04367119579E+20 1.00001900358E+00 8.57228386513E+28
 1.44299166611E+05 9.11540276629E+20 1.00001905903E+00 8.61513921647E+28
 1.45020565390E+05 9.18770328917E+20 1.00001911464E+00 8.65820881424E+28
 1.45745570694E+05 9.26057727718E+20 1.00001917042E+00 8.70149372950E+28
 1.46474200551E+05 9.33402927885E+20 1.00001922635E+00 8.74499503870E+28
 1.47206473083E+05 9.40806387883E+20 1.00001928245E+00 8.78871382365E+28
 1.47942406501E+05 9.48268569809E+20 1.00001933871E+00 8.83265117159E+28
 1.48682019106E+05 9.55789939427E+20 1.00001939514E+00 8.87680817516E+28
 1.49425329293E+05 9.63370966196E+20 1.00001945173E+00 8.92118593249E+28
 1.50172355547E+05 9.71012123298E+20 1.00001950849E+00 8.96578554719E+28
 1.50923116447E+05 9.78713887667E+20 1.00001956541E+00 9.01060812840E+28
 1.51677630662E+05 9.86476740021E+20 1.00001962250E+00 9.05565479078E+28
 1.52435916957E+05 9.94301164892E+20 1.00001967975E+00 9.10092665459E+28
 1.53197994191E+05 1.00218765065E+21 1.00001973717E+00 9.14642484568E+28
 1.53963881316E+05 1.01013668955E+21 1.00001979476E+00 9.19215049551E+28
 1.54733597379E+05 1.01814877774E+21 1.00001985252E+00 9.23810474122E+28
 1.55507161522E+05 1.02622441530E+21 1.00001991045E+00 9.28428872564E+28
 1.56284592983E+05 1.03436410630E+21 1.00001996854E+00 9.33070359728E+28
 1.57065911096E+05 1.04256835878E+21 1.00002002681E+00 9.37735051043E+28
 1.57851135293E+05 1.05083768482E+21 1.00002008524E+00 9.42423062512E+28
 1.58640285102E+05 1.05917260057E+21 1.00002014385E+00 9.47134510720E+28
 1.59433380147E+05 1.06757362626E+21 1.00002020262E+00 9.51869512834E+28
 1.60230440153E+05 1.07604128626E+21 1.00002026157E+00 9.56628186607E+28
 1.61031484942E+05 1.08457610909E+21 1.00002032069E+00 9.61410650381E+28
 1.61836534435E+05 1.09317862746E+21 1.00002037998E+00 9.66217023088E+28
 1.62645608655E+05 1.10184937832E+21 1.00002043944E+00 9.71047424256E+28
 1.63458727721E+05 1.11058890286E+21 1.00002049908E+00 9.75901974011E+28
 1.64275911855E+05 1.11939774658E+21 1.00002055890E+00 9.80780793078E+28
 1.65097181381E+05 1.12827645929E+21 1.00002061888E+00 9.85684002787E+28
 1.65922556723E+05 1.13722559517E+21 1.00002067904E+00 9.90611725074E+28
 1.66752058408E+05 1.14624571279E+21 1.00002073938E+00 9.95564082484E+28
 1.67585707063E+05 1.15533737517E+21 1.00002079990E+00 1.00054119818E+29
 1.68423523423E+05 1.16450114977E+21 1.00002086059E+00 1.00554319592E+29
 1.69265528323E+05 1.17373760856E+21 1.00002092145E+00 1.01057020012E+29
 1.70111742703E+05 1.18304732805E+21 1.00002098250E+00 1.01562233577E+29
 1.70962187608E+05 1.19243088933E+21 1.00002104372E+00 1.02069972853E+29
 1.71816884188E+05 1.20188887808E+21 1.00002110512E+00 1.02580250466E+29
 1.72675853698E+05 1.21142188463E+21 1.00002116670E+00 1.03093079106E+29
 1.73539117501E+05 1.22103050401E+21 1.00002122846E+00 1.03608471526E+29
 1.74406697066E+05 1.23071533596E+21 1.00002129040E+00 1.04126440543E+29
 1.75278613968E+05 1.24047698496E+21 1.00002135252E+00 1.04646999039E+29
 1.76154889893E+05 1.25031606030E+21 1.00002141483E+00 1.05170159959E+29
 1.77035546632E+05 1.26023317612E+21 1.00002147731E+00 1.05695936313E+29
 1.77920606086E+05 1.27022895139E+21 1.00002153998E+00 1.06224341176E+29
 1.78810090267E+05 1.28030401003E+21 1.00002160283E+00 1.06755387690E+29
 1.79704021295E+05 1.29045898088E+21 1.00002166586E+00 1.07289089061E+29
 1.80602421403E+05 1.30069449778E+21 1.00002172908E+00 1.07825458560E+29
 1.81505312932E+05 1.31101119959E+21 1.00002179248E+00 1.08364509528E+29
 1.82412718338E+05 1.32140973026E+21 1.00002185607E+00 1.08906255368E+29
 1.83324660186E+05 1.33189073883E+21 1.00002191984E+00 1.09450709555E+29
 1.84241161156E+05 1.34245487947E+21 1.00002198379E+00 1.09997885626E+29
 1.85162244042E+05 1.35310281157E+21 1.00002204794E+00 1.10547797191E+29
 1.86087931750E+05 1.36383519973E+21 1.00002211227E+00 1.11100457925E+29
 1.87018247300E+05 1.37465271385E+21 1.00002217679E+00 1.11655881571E+29
 1.87953213831E+05 1.38555602910E+21 1.00002224150E+00 1.12214081942E+29
 1.88892854593E+05 1.39654582603E+21 1.00002230639E+00 1.12775072920E+29
 1.89837192955E+05 1.40762279060E+21 1.00002237148E+00 1.13338868455E+29
 1.90786252402E+05 1.41878761418E+21 1.00002243676E+00 1.13905482569E+29
 1.91740056537E+05 1.43004099365E+21 1.00002250222E+00 1.14474929353E+29
 1.92698629080E+05 1.44138363141E+21 1.00002256788E+00 1.15047222967E+29
 1.93661993871E+05 1.45281623542E+21 1.00002263373E+00 1.15622377645E+29
 1.94630174868E+05 1.46433951926E+21 1.00002269977E+00 1.16200407688E+29
 1.95603196149E+05 1.47595420219E+21 1.00002276600E+00 1.16781327473E+29
 1.96581081912E+05 1.48766100916E+21 1.00002283243E+00 1.17365151446E+29
 1.97563856478E+05 1.49946067085E+21 1.00002289905E+00 1.17951894125E+29
 1.98551544286E+05 1.51135392376E+21 1.00002296586E+00 1.18541570102E+29
 1.99544169901E+05 1.52334151024E+21 1.00002303287E+00 1.19134194041E+29
 2.00541758008E+05 1.53542417850E+21 1.00002310008E+00 1.19729780681E+29
 2.01544333417E+05 1.54760268271E+21 1.00002316748E+00 1.20328344832E+29
 2.02551921061E+05 1.55987778301E+21 1.00002323508E+00 1.20929901381E+29
 2.03564545999E+05 1.57225024555E+21 1.00002330288E+00 1.21534465286E+29
 2.04582233414E+05 1.58472084260E+21 1.00002337087E+00 1.22142051583E+29
 2.05605008615E+05 1.59729035253E+21 1.00002343906E+00 1.22752675382E+29
 2.06632897038E+05 1.60995955987E+21 1.00002350745E+00 1.23366351867E+29
 2.07665924247E+05 1.62272925541E+21 1.00002357604E+00 1.23983096300E+29
 2.08704115932E+05 1.63560023617E+21 1.00002364483E+00 1.24602924018E+29
 2.09747497912E+05 1.64857330552E+21 1.00002371382E+00 1.25225850437E+29
 2.10796096136E+05 1.66164927321E+21 1.00002378302E+00 1.25851891047E+29
 2.11849936681E+05 1.67482895538E+21 1.00002385241E+00 1.26481061416E+29
 2.12909045758E+05 1.68811317466E+21 1.00002392201E+00 1.27113377192E+29
 2.13973449704E+05 1.70150276021E+21 1.00002399181E+00 1.27748854100E+29
 2.15043174991E+05 1.71499854777E+21 1.00002406181E+00 1.28387507942E+29
 2.16118248222E+05 1.72860137969E+21 1.00002413202E+00 1.29029354601E+29
 2.17198696135E+05 1.74231210502E+21 1.00002420243E+00 1.29674410039E+29
 2.18284545599E+05 1.75613157954E+21 1.00002427305E+00 1.30322690298E+29
 2.19375823619E+05 1.77006066580E+21 1.00002434387E+00 1.30974211499E+29
 2.20472557335E+05 1.78410023321E+21 1.00002441490E+00 1.31628989845E+29
 2.21574774021E+05 1.79825115809E+21 1.00002448614E+00 1.32287041619E+29
 2.22682501089E+05 1.81251432367E+21 1.00002455759E+00 1.32948383187E+29
 2.23795766088E+05 1.82689062022E+21 1.00002462924E+00 1.33613030994E+29
 2.24914596705E+05 1.84138094505E+21 1.00002470110E+00 1.34281001569E+29
 2.26039020763E+05 1.85598620261E+21 1.00002477318E+00 1.34952311525E+29
 2.27169066227E+05 1.87070730450E+21 1.00002484546E+00 1.35626977555E+29
 2.28304761201E+05 1.88554516957E+21 1.00002491796E+00 1.36305016438E+29
 2.29446133929E+05 1.90050072393E+21 1.00002499066E+00 1.36986445035E+29
 2.30593212796E+05 1.91557490108E+21 1.00002506358E+00 1.37671280293E+29
 2.31746026330E+05 1.93076864189E+21 1.00002513671E+00 1.38359539242E+29
 2.32904603200E+05 1.94608289469E+21 1.00002521005E+00 1.39051238999E+29
 2.34068972220E+05 1.96151861535E+21 1.00002528361E+00 1.39746396765E+29
 2.35239162346E+05 1.97707676733E+21 1.00002535738E+00 1.40445029828E+29
 2.36415202683E+05 1.99275832169E+21 1.00002543137E+00 1.41147155561E+29
 2.37597122475E+05 2.00856425724E+21 1.00002550558E+00 1.41852791427E+29
 2.38784951119E+05 2.02449556053E+21 1.00002558000E+00 1.42561954972E+29
 2.39978718154E+05 2.04055322592E+21 1.00002565463E+00 1.43274663833E+29
 2.41178453268E+05 2.05673825570E+21 1.00002572949E+00 1.43990935733E+29
 2.42384186300E+05 2.07305166007E+21 1.00002580456E+00 1.44710788486E+29
 2.43595947234E+05 2.08949445726E+21 1.00002587986E+00 1.45434239994E+29
 2.44813766207E+05 2.10606767357E+21 1.00002595537E+00 1.46161308247E+29
 2.46037673505E+05 2.12277234344E+21 1.00002603110E+00 1.46892011326E+29
 2.47267699567E+05 2.13960950954E+21 1.00002610706E+00 1.47626367403E+29
 2.48503874982E+05 2.15658022276E+21 1.00002618323E+00 1.48364394741E+29
 2.49746230494E+05 2.17368554238E+21 1.00002625963E+00 1.49106111694E+29
 2.50994797000E+05 2.19092653604E+21 1.00002633625E+00 1.49851536706E+29
 2.52249605551E+05 2.20830427986E+21 1.00002641309E+00 1.50600688315E+29
 2.53510687353E+05 2.22581985852E+21 1.00002649016E+00 1.51353585153E+29
 2.54778073769E+05 2.24347436526E+21 1.00002656745E+00 1.52110245941E+29
 2.56051796319E+05 2.26126890203E+21 1.00002664497E+00 1.52870689498E+29
 2.57331886680E+05 2.27920457949E+21 1.00002672272E+00 1.53634934734E+29
 2.58618376686E+05 2.29728251714E+21 1.00002680069E+00 1.54403000656E+29
 2.59911298333E+05 2.31550384333E+21 1.00002687889E+00 1.55174906363E+29
 2.61210683775E+05 2.33386969538E+21 1.00002695732E+00 1.55950671053E+29
 2.62516565326E+05 2.35238121963E+21 1.00002703597E+00 1.56730314017E+29
 2.63828975464E+05 2.37103957149E+21 1.00002711486E+00 1.57513854644E+29
 2.65147946829E+05 2.38984591556E+21 1.00002719397E+00 1.58301312419E+29
 2.66473512221E+05 2.40880142567E+21 1.00002727332E+00 1.59092706926E+29
 2.67805704608E+05 2.42790728496E+21 1.00002735290E+00 1.59888057845E+29
 2.69144557120E+05 2.44716468594E+21 1.00002743271E+00 1.60687384956E+29
 2.70490103055E+05 2.46657483060E+21 1.00002751275E+00 1.61490708136E+29
 2.71842375875E+05 2.48613893046E+21 1.00002759303E+00 1.62298047364E+29
 2.73201409212E+05 2.50585820664E+21 1.00002767354E+00 1.63109422716E+29
 2.74567236863E+05 2.52573388995E+21 1.00002775429E+00 1.63924854371E+29
 2.75939892797E+05 2.54576722096E+21 1.00002783527E+00 1.64744362607E+29
 2.77319411151E+05 2.56595945008E+21 1.00002791649E+00 1.65567967804E+29
 2.78705826233E+05 2.58631183764E+21 1.00002799794E+00 1.66395690444E+29
 2.80099172522E+05 2.60682565398E+21 1.00002807964E+00 1.67227551111E+29
 2.81499484671E+05 2.62750217949E+21 1.00002816157E+00 1.68063570493E+29
 2.82906797505E+05 2.64834270473E+21 1.00002824374E+00 1.68903769379E+29
 2.84321146024E+05 2.66934853050E+21 1.00002832615E+00 1.69748168666E+29
 2.85742565401E+05 2.69052096791E+21 1.00002840880E+00 1.70596789351E+29
 2.87171090987E+05 2.71186133846E+21 1.00002849169E+00 1.71449652539E+29
 2.88606758309E+05 2.73337097416E+21 1.00002857482E+00 1.72306779439E+29
 2.90049603072E+05 2.75505121756E+21 1.00002865820E+00 1.73168191367E+29
 2.91499661158E+05 2.77690342186E+21 1.00002874182E+00 1.74033909745E+29
 2.92956968630E+05 2.79892895102E+21 1.00002882568E+00 1.74903956102E+29
 2.94421561731E+05 2.82112917978E+21 1.00002890979E+00 1.75778352075E+29
 2.95893476885E+05 2.84350549381E+21 1.00002899414E+00 1.76657119409E+29
 2.97372750697E+05 2.86605928976E+21 1.00002907874E+00 1.77540279957E+29
 2.98859419958E+05 2.88879197536E+21 1.00002916359E+00 1.78427855683E+29
 3.00353521639E+05 2.91170496952E+21 1.00002924868E+00 1.79319868659E+29
 3.01855092899E+05 2.93479970237E+21 1.00002933402E+00 1.80216341069E+29
 3.03364171081E+05 2.95807761543E+21 1.00002941961E+00 1.81117295206E+29
 3.04880793716E+05 2.98154016160E+21 1.00002950545E+00 1.82022753477E+29
 3.06404998522E+05 3.00518880535E+21 1.00002959154E+00 1.82932738397E+29
 3.07936823405E+05 3.02902502274E+21 1.00002967789E+00 1.83847272598E+29
 3.09476306461E+05 3.05305030156E+21 1.00002976448E+00 1.84766378823E+29
 3.11023485977E+05 3.07726614137E+21 1.00002985133E+00 1.85690079928E+29
 3.12578400430E+05 3.10167405364E+21 1.00002993843E+00 1.86618398885E+29
 3.14141088492E+05 3.12627556184E+21 1.00003002578E+00 1.87551358780E+29
 3.15711589025E+05 3.15107220150E+21 1.00003011339E+00 1.88488982813E+29
 3.17289941087E+05 3.17606552035E+21 1.00003020126E+00 1.89431294303E+29
 3.18876183932E+05 3.20125707839E+21 1.00003028938E+00 1.90378316684E+29
 3.20470357009E+05 3.22664844798E+21 1.00003037776E+00 1.91330073506E+29
 3.22072499965E+05 3.25224121397E+21 1.00003046639E+00 1.92286588439E+29
 3.23682652644E+05 3.27803697378E+21 1.00003055529E+00 1.93247885269E+29
 3.25300855091E+05 3.30403733748E+21 1.00003064444E+00 1.94213987902E+29
 3.26927147550E+05 3.33024392793E+21 1.00003073386E+00 1.95184920365E+29
 3.28561570467E+05 3.35665838086E+21 1.00003082353E+00 1.96160706803E+29
 3.30204164488E+05 3.38328234497E+21 1.00003091347E+00 1.97141371483E+29
 3.31854970466E+05 3.41011748203E+21 1.00003100367E+00 1.98126938792E+29
 3.33514029455E+05 3.43716546700E+21 1.00003109413E+00 1.99117433239E+29
 3.35181382716E+05 3.46442798812E+21 1.00003118486E+00 2.00112879458E+29
 3.36857071714E+05 3.49190674704E+21 1.00003127585E+00 2.01113302203E+29
 3.38541138125E+05 3.51960345887E+21 1.00003136711E+00 2.02118726354E+29
 3.40233623831E+05 3.54751985235E+21 1.00003145863E+00 2.03129176914E+29
 3.41934570923E+05 3.57565766994E+21 1.00003155042E+00 2.04144679011E+29
 3.43644021704E+05 3.60401866789E+21 1.00003164248E+00 2.05165257900E+29
 3.45362018687E+05 3.63260461640E+21 1.00003173481E+00 2.06190938961E+29
 3.47088604598E+05 3.66141729971E+21 1.00003182740E+00 2.07221747702E+29
 3.48823822378E+05 3.69045851621E+21 1.00003192027E+00 2.08257709756E+29
 3.50567715180E+05 3.71973007856E+21 1.00003201341E+00 2.09298850887E+29
 3.52320326376E+05 3.74923381378E+21 1.00003210682E+00 2.10345196987E+29
 3.54081699551E+05 3.77897156340E+21 1.00003220050E+00 2.11396774077E+29
 3.55851878512E+05 3.80894518354E+21 1.00003229445E+00 2.12453608308E+29
 3.57630907282E+05 3.83915654506E+21 1.00003238868E+00 2.13515725962E+29
 3.59418830105E+05 3.86960753365E+21 1.00003248318E+00 2.14583153452E+29
 3.61215691447E+05 3.90030004995E+21 1.00003257796E+00 2.15655917325E+29
 3.63021535995E+05 3.93123600969E+21 1.00003267302E+00 2.16734044257E+29
 3.64836408660E+05 3.96241734378E+21 1.00003276835E+00 2.17817561061E+29
 3.66660354578E+05 3.99384599847E+21 1.00003286397E+00 2.18906494681E+29
 3.68493419110E+05 4.02552393540E+21 1.00003295986E+00 2.20000872199E+29
 3.70335647844E+05 4.05745313182E+21 1.00003305603E+00 2.21100720830E+29
 3.72187086596E+05 4.08963558064E+21 1.00003315248E+00 2.22206067926E+29
 3.74047781410E+05 4.12207329057E+21 1.00003324921E+00 2.23316940975E+29
 3.75917778563E+05 4.15476828627E+21 1.00003334623E+00 2.24433367602E+29
 3.77797124561E+05 4.18772260845E+21 1.00003344352E+00 2.25555375573E+29
 3.79685866142E+05 4.22093831400E+21 1.00003354111E+00 2.26682992789E+29
 3.81584050280E+05 4.25441747614E+21 1.00003363897E+00 2.27816247293E+29
 3.83491724182E+05 4.28816218451E+21 1.00003373712E+00 2.28955167267E+29
 3.85408935291E+05 4.32217454535E+21 1.00003383556E+00 2.30099781035E+29
 3.87335731288E+05 4.35645668160E+21 1.00003393429E+00 2.31250117061E+29
 3.89272160094E+05 4.39101073303E+21 1.00003403330E+00 2.32406203954E+29
 3.91218269865E+05 4.42583885638E+21 1.00003413260E+00 2.33568070462E+29
 3.93174109002E+05 4.46094322551E+21 1.00003423220E+00 2.34735745481E+29
 3.95139726147E+05 4.49632603152E+21 1.00003433208E+00 2.35909258048E+29
 3.97115170183E+05 4.53198948287E+21 1.00003443225E+00 2.37088637347E+29
 3.99100490241E+05 4.56793580556E+21 1.00003453272E+00 2.38273912708E+29
 4.01095735694E+05 4.60416724323E+21 1.00003463348E+00 2.39465113607E+29
 4.03100956164E+05 4.64068605734E+21 1.00003473453E+00 2.40662269667E+29
 4.05116201521E+05 4.67749452725E+21 1.00003483588E+00 2.41865410660E+29
 4.07141521884E+05 4.71459495043E+21 1.00003493753E+00 2.43074566506E+29
 4.09176967623E+05 4.75198964256E+21 1.00003503947E+00 2.44289767276E+29
 4.11222589358E+05 4.78968093768E+21 1.00003514171E+00 2.45511043189E+29
 4.13278437964E+05 4.82767118837E+21 1.00003524424E+00 2.46738424617E+29
 4.15344564570E+05 4.86596276584E+21 1.00003534708E+00 2.47971942084E+29
 4.17421020561E+05 4.90455806012E+21 1.00003545022E+00 2.49211626265E+29
 4.19507857577E+05 4.94345948021E+21 1.00003555365E+00 2.50457507989E+29
 4.21605127518E+05 4.98266945418E+21 1.00003565739E+00 2.51709618240E+29
 4.23712882544E+05 5.02219042940E+21 1.00003576143E+00 2.52967988156E+29
 4.25831175073E+05 5.06202487264E+21 1.00003586578E+00 2.54232649030E+29
 4.27960057788E+05 5.10217527021E+21 1.00003597043E+00 2.55503632314E+29
 4.30099583634E+05 5.14264412817E+21 1.00003607538E+00 2.56780969615E+29
 4.32249805820E+05 5.18343397246E+21 1.00003618064E+00 2.58064692698E+29
 4.34410777823E+05 5.22454734903E+21 1.00003628621E+00 2.59354833487E+29
 4.36582553386E+05 5.26598682404E+21 1.00003639209E+00 2.60651424067E+29
 4.38765186521E+05 5.30775498400E+21 1.00003649827E+00 2.61954496683E+29
 4.40958731510E+05 5.34985443593E+21 1.00003660477E+00 2.63264083739E+29
 4.43163242907E+05 5.39228780755E+21 1.00003671157E+00 2.64580217803E+29
 4.45378775536E+05 5.43505774740E+21 1.00003681869E+00 2.65902931606E+29
 4.47605384500E+05 5.47816692503E+21 1.00003692612E+00 2.67232258042E+29
 4.49843125173E+05 5.52161803117E+21 1.00003703386E+00 2.68568230169E+29
 4.52092053207E+05 5.56541377788E+21 1.00003714192E+00 2.69910881211E+29
 4.54352224535E+05 5.60955689876E+21 1.00003725029E+00 2.71260244558E+29
 4.56623695366E+05 5.65405014906E+21 1.00003735898E+00 2.72616353766E+29
 4.58906522192E+05 5.69889630591E+21 1.00003746799E+00 2.73979242560E+29
 4.61200761786E+05 5.74409816844E+21 1.00003757731E+00 2.75348944834E+29
 4.63506471207E+05 5.78965855800E+21 1.00003768696E+00 2.76725494649E+29
 4.65823707797E+05 5.83558031832E+21 1.00003779692E+00 2.78108926240E+29
 4.68152529186E+05 5.88186631567E+21 1.00003790721E+00 2.79499274008E+29
 4.70492993293E+05 5.92851943907E+21 1.00003801781E+00 2.80896572532E+29
 4.72845158323E+05 5.97554260045E+21 1.00003812874E+00 2.82300856559E+29
 4.75209082776E+05 6.02293873484E+21 1.00003823999E+00 2.83712161012E+29
 4.77584825443E+05 6.07071080053E+21 1.00003835157E+00 2.85130520988E+29
 4.79972445409E+05 6.11886177930E+21 1.00003846347E+00 2.86555971760E+29
 4.82372002053E+05 6.16739467658E+21 1.00003857570E+00 2.87988548777E+29
 4.84783555052E+05 6.21631252161E+21 1.00003868826E+00 2.89428287665E+29
 4.87207164383E+05 6.26561836768E+21 1.00003880114E+00 2.90875224229E+29
 4.89642890320E+05 6.31531529230E+21 1.00003891436E+00 2.92329394451E+29
 4.92090793441E+05 6.36540639737E+21 1.00003902790E+00 2.93790834495E+29
 4.94550934624E+05 6.41589480942E+21 1.00003914178E+00 2.95259580704E+29
 4.97023375053E+05 6.46678367976E+21 1.00003925599E+00 2.96735669605E+29
 4.99508176218E+05 6.51807618469E+21 1.00003937053E+00 2.98219137905E+29
 5.02005399917E+05 6.56977552573E+21 1.00003948540E+00 2.99710022497E+29
 5.04515108255E+05 6.62188492977E+21 1.00003960061E+00 3.01208360457E+29
 5.07037363650E+05 6.67440764929E+21 1.00003971616E+00 3.02714189045E+29
 5.09572228829E+05 6.72734696260E+21 1.00003983204E+00 3.04227545711E+29
 5.12119766836E+05 6.78070617397E+21 1.00003994827E+00 3.05748468089E+29
 5.14680041027E+05 6.83448861392E+21 1.00004006483E+00 3.07276994002E+29
 5.17253115078E+05 6.88869763935E+21 1.00004018173E+00 3.08813161462E+29
 5.19839052980E+05 6.94333663381E+21 1.00004029897E+00 3.10357008673E+29
 5.22437919046E+05 6.99840900768E+21 1.00004041656E+00 3.11908574027E+29
 5.25049777910E+05 7.05391819839E+21 1.00004053448E+00 3.13467896109E+29
 5.27674694530E+05 7.10986767064E+21 1.00004065276E+00 3.15035013698E+29
 5.30312734187E+05 7.16626091659E+21 1.00004077137E+00 3.16609965766E+29
 5.32963962490E+05 7.22310145613E+21 1.00004089034E+00 3.18192791479E+29
 5.35628445376E+05 7.28039283705E+21 1.00004100965E+00 3.19783530200E+29
 5.38306249109E+05 7.33813863527E+21 1.00004112930E+00 3.21382221489E+29
 5.40997440288E+05 7.39634245510E+21 1.00004124931E+00 3.22988905102E+29
 5.43702085844E+05 7.45500792942E+21 1.00004136967E+00 3.24603620996E+29
 5.46420253040E+05 7.51413871992E+21 1.00004149038E+00 3.26226409327E+29
 5.49152009478E+05 7.57373851736E+21 1.00004161144E+00 3.27857310451E+29
 5.51897423098E+05 7.63381104174E+21 1.00004173285E+00 3.29496364926E+29
 5.54656562177E+05 7.69436004259E+21 1.00004185462E+00 3.31143613513E+29
 5.57429495337E+05 7.75538929918E+21 1.00004197675E+00 3.32799097177E+29
 5.60216291541E+05 7.81690262073E+21 1.00004209923E+00 3.34462857087E+29
 5.63017020097E+05 7.87890384670E+21 1.00004222206E+00 3.36134934620E+29
 5.65831750660E+05 7.94139684700E+21 1.00004234526E+00 3.37815371356E+29
 5.68660553231E+05 8.00438552223E+21 1.00004246881E+00 3.39504209086E+29
 5.71503498165E+05 8.06787380392E+21 1.00004259273E+00 3.41201489810E+29
 5.74360656166E+05 8.13186565480E+21 1.00004271701E+00 3.42907255736E+29
 5.77232098291E+05 8.19636506902E+21 1.00004284165E+00 3.44621549284E+29
 5.80117895955E+05 8.26137607242E+21 1.00004296665E+00 3.46344413086E+29
 5.83018120928E+05 8.32690272275E+21 1.00004309202E+00 3.48075889988E+29
 5.85932845338E+05 8.39294910998E+21 1.00004321775E+00 3.49816023049E+29
 5.88862141676E+05 8.45951935648E+21 1.00004334386E+00 3.51564855543E+29
 5.91806082794E+05 8.52661761735E+21 1.00004347032E+00 3.53322430962E+29
 5.94764741908E+05 8.59424808064E+21 1.00004359716E+00 3.55088793013E+29
 5.97738192602E+05 8.66241496760E+21 1.00004372437E+00 3.56863985625E+29
 6.00726508824E+05 8.73112253298E+21 1.00004385195E+00 3.58648052943E+29
 6.03729764896E+05 8.80037506527E+21 1.00004397990E+00 3.60441039335E+29
 6.06748035510E+05 8.87017688698E+21 1.00004410823E+00 3.62242989389E+29
 6.09781395729E+05 8.94053235491E+21 1.00004423693E+00 3.64053947919E+29
 6.12829920996E+05 9.01144586039E+21 1.00004436600E+00 3.65873959959E+29
 6.15893687126E+05 9.08292182962E+21 1.00004449545E+00 3.67703070771E+29
 6.18972770318E+05 9.15496472387E+21 1.00004462528E+00 3.69541325842E+29
 6.22067247149E+05 9.22757903981E+21 1.00004475549E+00 3.71388770887E+29
 6.25177194579E+05 9.30076930980E+21 1.00004488608E+00 3.73245451850E+29
 6.28302689953E+05 9.37454010210E+21 1.00004501705E+00 3.75111414904E+29
 6.31443811004E+05 9.44889602125E+21 1.00004514840E+00 3.76986706451E+29
 6.34600635852E+05 9.52384170829E+21 1.00004528013E+00 3.78871373130E+29
 6.37773243008E+05 9.59938184107E+21 1.00004541225E+00 3.80765461807E+29
 6.40961711376E+05 9.67552113455E+21 1.00004554475E+00 3.82669019587E+29
 6.44166120254E+05 9.75226434109E+21 1.00004567765E+00 3.84582093809E+29
 6.47386549336E+05 9.82961625072E+21 1.00004581092E+00 3.86504732047E+29
 6.50623078716E+05 9.90758169151E+21 1.00004594459E+00 3.88436982116E+29
 6.53875788888E+05 9.98616552978E+21 1.00004607865E+00 3.90378892067E+29
 6.57144760747E+05 1.00653726705E+22 1.00004621310E+00 3.92330510193E+29
 6.60430075593E+05 1.01452080574E+22 1.00004634794E+00 3.94291885029E+29
 6.63731815135E+05 1.02256766737E+22 1.00004648317E+00 3.96263065350E+29
 6.67050061485E+05 1.03067835418E+22 1.00004661880E+00 3.98244100178E+29
 6.70384897172E+05 1.03885337243E+22 1.00004675483E+00 4.00235038777E+29
 6.73736405133E+05 1.04709323236E+22 1.00004689125E+00 4.02235930661E+29
 6.77104668722E+05 1.05539844828E+22 1.00004702807E+00 4.04246825587E+29
 6.80489771708E+05 1.06376953858E+22 1.00004716529E+00 4.06267773564E+29
 6.83891798281E+05 1.07220702575E+22 1.00004730291E+00 4.08298824851E+29
 6.87310833049E+05 1.08071143642E+22 1.00004744093E+00 4.10340029956E+29
 6.90746961046E+05 1.08928330142E+22 1.00004757935E+00 4.12391439643E+29
 6.94200267729E+05 1.09792315577E+22 1.00004771818E+00 4.14453104925E+29
 6.97670838984E+05 1.10663153875E+22 1.00004785741E+00 4.16525077075E+29
 7.01158761124E+05 1.11540899389E+22 1.00004799705E+00 4.18607407618E+29
 7.04664120897E+05 1.12425606906E+22 1.00004813710E+00 4.20700148340E+29
 7.08187005481E+05 1.13317331646E+22 1.00004827755E+00 4.22803351285E+29
 7.11727502492E+05 1.14216129268E+22 1.00004841841E+00 4.24917068755E+29
 7.15285699985E+05 1.15122055871E+22 1.00004855969E+00 4.27041353317E+29
 7.18861686451E+05 1.16035168001E+22 1.00004870138E+00 4.29176257798E+29
 7.22455550829E+05 1.16955522651E+22 1.00004884348E+00 4.31321835290E+29
 7.26067382499E+05 1.17883177266E+22 1.00004898600E+00 4.33478139150E+29
 7.29697271288E+05 1.18818189746E+22 1.00004912893E+00 4.35645223004E+29
 7.33345307474E+05 1.19760618454E+22 1.00004927228E+00 4.37823140743E+29
 7.37011581785E+05 1.20710522211E+22 1.00004941604E+00 4.40011946529E+29
 7.40696185403E+05 1.21667960307E+22 1.00004956023E+00 4.42211694794E+29
 7.44399209965E+05 1.22632992503E+22 1.00004970484E+00 4.44422440244E+29
 7.48120747568E+05 1.23605679032E+22 1.00004984987E+00 4.46644237856E+29
 7.51860890768E+05 1.24586080607E+22 1.00004999532E+00 4.48877142883E+29
 7.55619732584E+05 1.25574258420E+22 1.00005014119E+00 4.51121210855E+29
 7.59397366500E+05 1.26570274150E+22 1.00005028750E+00 4.53376497578E+29
 7.63193886467E+05 1.27574189966E+22 1.00005043423E+00 4.55643059138E+29
 7.67009386908E+05 1.28586068527E+22 1.00005058138E+00 4.57920951902E+29
 7.70843962715E+05 1.29605972993E+22 1.00005072897E+00 4.60210232517E+29
 7.74697709257E+05 1.30633967022E+22 1.00005087699E+00 4.62510957915E+29
 7.78570722377E+05 1.31670114778E+22 1.00005102544E+00 4.64823185311E+29
 7.82463098400E+05 1.32714480934E+22 1.00005117432E+00 4.67146972208E+29
 7.86374934131E+05 1.33767130676E+22 1.00005132364E+00 4.69482376394E+29
 7.90306326860E+05 1.34828129705E+22 1.00005147339E+00 4.71829455947E+29
 7.94257374361E+05 1.35897544248E+22 1.00005162358E+00 4.74188269238E+29
 7.98228174901E+05 1.36975441051E+22 1.00005177421E+00 4.76558874925E+29
 8.02218827235E+05 1.38061887395E+22 1.00005192527E+00 4.78941331962E+29
 8.06229430612E+05 1.39156951092E+22 1.00005207678E+00 4.81335699598E+29
 8.10260084779E+05 1.40260700491E+22 1.00005222873E+00 4.83742037377E+29
 8.14310889979E+05 1.41373204485E+22 1.00005238112E+00 4.86160405142E+29
 8.18381946960E+05 1.42494532513E+22 1.00005253396E+00 4.88590863034E+29
 8.22473356970E+05 1.43624754563E+22 1.00005268725E+00 4.91033471494E+29
 8.26585221765E+05 1.44763941182E+22 1.00005284098E+00 4.93488291269E+29
 8.30717643610E+05 1.45912163472E+22 1.00005299516E+00 4.95955383404E+29
 8.34870725279E+05 1.47069493102E+22 1.00005314979E+00 4.98434809254E+29
 8.39044570064E+05 1.48236002309E+22 1.00005330487E+00 5.00926630477E+29
 8.43239281770E+05 1.49411763902E+22 1.00005346040E+00 5.03430909043E+29
 8.47454964721E+05 1.50596851268E+22 1.00005361639E+00 5.05947707230E+29
 8.51691723765E+05 1.51791338376E+22 1.00005377283E+00 5.08477087625E+29
 8.55949664272E+05 1.52995299782E+22 1.00005392973E+00 5.11019113132E+29
 8.60228892140E+05 1.54208810634E+22 1.00005408709E+00 5.13573846967E+29
 8.64529513796E+05 1.55431946674E+22 1.00005424490E+00 5.16141352663E+29
 8.68851636199E+05 1.56664784246E+22 1.00005440318E+00 5.18721694071E+29
 8.73195366843E+05 1.57907400300E+22 1.00005456192E+00 5.21314935358E+29
 8.77560813759E+05 1.59159872396E+22 1.00005472112E+00 5.23921141016E+29
 8.81948085520E+05 1.60422278709E+22 1.00005488078E+00 5.26540375858E+29
 8.86357291238E+05 1.61694698033E+22 1.00005504092E+00 5.29172705020E+29
 8.90788540575E+05 1.62977209790E+22 1.00005520151E+00 5.31818193965E+29
 8.95241943737E+05 1.64269894029E+22 1.00005536258E+00 5.34476908481E+29
 8.99717611485E+05 1.65572831434E+22 1.00005552412E+00 5.37148914688E+29
 9.04215655132E+05 1.66886103332E+22 1.00005568613E+00 5.39834279035E+29
 9.08736186546E+05 1.68209791691E+22 1.00005584861E+00 5.42533068303E+29
 9.13279318156E+05 1.69543979132E+22 1.00005601156E+00 5.45245349606E+29
 9.17845162953E+05 1.70888748931E+22 1.00005617500E+00 5.47971190397E+29
 9.22433834494E+05 1.72244185023E+22 1.00005633890E+00 5.50710658461E+29
 9.27045446901E+05 1.73610372009E+22 1.00005650329E+00 5.53463821927E+29
 9.31680114869E+05 1.74987395164E+22 1.00005666816E+00 5.56230749261E+29
 9.36337953664E+05 1.76375340436E+22 1.00005683350E+00 5.59011509274E+29
 9.41019079132E+05 1.77774294455E+22 1.00005699933E+00 5.61806171118E+29
 9.45723607695E+05 1.79184344540E+22 1.00005716564E+00 5.64614804293E+29
 9.50451656358E+05 1.80605578700E+22 1.00005733244E+00 5.67437478645E+29
 9.55203342711E+05 1.82038085646E+22 1.00005749973E+00 5.70274264372E+29
 9.59978784932E+05 1.83481954788E+22 1.00005766750E+00 5.73125232019E+29
 9.64778101790E+05 1.84937276249E+22 1.00005783576E+00 5.75990452486E+29
 9.69601412648E+05 1.86404140865E+22 1.00005800452E+00 5.78869997027E+29
 9.74448837465E+05 1.87882640191E+22 1.00005817376E+00 5.81763937253E+29
 9.79320496801E+05 1.89372866512E+22 1.00005834350E+00 5.84672345131E+29
 9.84216511817E+05 1.90874912841E+22 1.00005851374E+00 5.87595292990E+29
 9.89137004282E+05 1.92388872932E+22 1.00005868447E+00 5.90532853520E+29
 9.94082096571E+05 1.93914841281E+22 1.00005885570E+00 5.93485099772E+29
 9.99051911673E+05 1.95452913134E+22 1.00005902743E+00 5.96452105166E+29
 1.00404657319E+06 1.97003184491E+22 1.00005919966E+00 5.99433943487E+29
 1.00906620535E+06 1.98565752115E+22 1.00005937239E+00 6.02430688888E+29
 1.01411093299E+06 2.00140713537E+22 1.00005954563E+00 6.05442415896E+29
 1.01918088157E+06 2.01728167061E+22 1.00005971937E+00 6.08469199406E+29
 1.02427617719E+06 2.03328211769E+22 1.00005989362E+00 6.11511114692E+29
 1.02939694658E+06 2.04940947531E+22 1.00006006838E+00 6.14568237401E+29
 1.03454331709E+06 2.06566475008E+22 1.00006024365E+00 6.17640643559E+29
 1.03971541672E+06 2.08204895661E+22 1.00006041943E+00 6.20728409573E+29
 1.04491337410E+06 2.09856311754E+22 1.00006059572E+00 6.23831612231E+29
 1.05013731852E+06 2.11520826363E+22 1.00006077253E+00 6.26950328707E+29
 1.05538737988E+06 2.13198543381E+22 1.00006094985E+00 6.30084636557E+29
 1.06066368877E+06 2.14889567525E+22 1.00006112769E+00 6.33234613727E+29
 1.06596637642E+06 2.16594004344E+22 1.00006130605E+00 6.36400338554E+29
 1.07129557470E+06 2.18311960222E+22 1.00006148493E+00 6.39581889764E+29
 1.07665141616E+06 2.20043542389E+22 1.00006166433E+00 6.42779346477E+29
 1.08203403401E+06 2.21788858924E+22 1.00006184425E+00 6.45992788211E+29
 1.08744356210E+06 2.23548018764E+22 1.00006202470E+00 6.49222294880E+29
 1.09288013500E+06 2.25321131709E+22 1.00006220568E+00 6.52467946795E+29
 1.09834388789E+06 2.27108308431E+22 1.00006238718E+00 6.55729824672E+29
 1.10383495669E+06 2.28909660480E+22 1.00006256922E+00 6.59008009630E+29
 1.10935347794E+06 2.30725300290E+22 1.00006275178E+00 6.62302583192E+29
 1.11489958891E+06 2.32555341186E+22 1.00006293488E+00 6.65613627290E+29
 1.12047342753E+06 2.34399897395E+22 1.00006311851E+00 6.68941224265E+29
 1.12607513243E+06 2.36259084046E+22 1.00006330268E+00 6.72285456869E+29
 1.13170484293E+06 2.38133017184E+22 1.00006348739E+00 6.75646408269E+29
 1.13736269904E+06 2.40021813774E+22 1.00006367263E+00 6.79024162046E+29
 1.14304884148E+06 2.41925591707E+22 1.00006385841E+00 6.82418802202E+29
 1.14876341167E+06 2.43844469811E+22 1.00006404474E+00 6.85830413156E+29
 1.15450655174E+06 2.45778567856E+22 1.00006423161E+00 6.89259079749E+29
 1.16027840452E+06 2.47728006561E+22 1.00006441903E+00 6.92704887248E+29
 1.16607911357E+06 2.49692907604E+22 1.00006460699E+00 6.96167921346E+29
 1.17190882316E+06 2.51673393628E+22 1.00006479550E+00 6.99648268162E+29
 1.17776767827E+06 2.53669588247E+22 1.00006498456E+00 7.03146014250E+29
 1.18365582463E+06 2.55681616058E+22 1.00006517417E+00 7.06661246591E+29
 1.18957340867E+06 2.57709602643E+22 1.00006536434E+00 7.10194052606E+29
 1.19552057758E+06 2.59753674584E+22 1.00006555506E+00 7.13744520151E+29
 1.20149747926E+06 2.61813959463E+22 1.00006574634E+00 7.17312737520E+29
 1.20750426238E+06 2.63890585878E+22 1.00006593817E+00 7.20898793450E+29
 1.21354107631E+06 2.65983683444E+22 1.00006613057E+00 7.24502777121E+29
 1.21960807121E+06 2.68093382805E+22 1.00006632352E+00 7.28124778159E+29
 1.22570539797E+06 2.70219815641E+22 1.00006651704E+00 7.31764886639E+29
 1.23183320824E+06 2.72363114677E+22 1.00006671113E+00 7.35423193085E+29
 1.23799165441E+06 2.74523413690E+22 1.00006690578E+00 7.39099788473E+29
 1.24418088967E+06 2.76700847520E+22 1.00006710099E+00 7.42794764235E+29
 1.25040106793E+06 2.78895552073E+22 1.00006729678E+00 7.46508212261E+29
 1.25665234391E+06 2.81107664336E+22 1.00006749314E+00 7.50240224899E+29
 1.26293487308E+06 2.83337322382E+22 1.00006769007E+00 7.53990894957E+29
 1.26924881169E+06 2.85584665377E+22 1.00006788758E+00 7.57760315712E+29
 1.27559431678E+06 2.87849833595E+22 1.00006808566E+00 7.61548580901E+29
 1.28197154617E+06 2.90132968417E+22 1.00006828432E+00 7.65355784735E+29
 1.28838065847E+06 2.92434212351E+22 1.00006848356E+00 7.69182021894E+29
 1.29482181307E+06 2.94753709032E+22 1.00006868339E+00 7.73027387529E+29
 1.30129517019E+06 2.97091603235E+22 1.00006888379E+00 7.76891977271E+29
 1.30780089082E+06 2.99448040883E+22 1.00006908478E+00 7.80775887226E+29
 1.31433913676E+06 3.01823169057E+22 1.00006928636E+00 7.84679213981E+29
 1.32091007062E+06 3.04217136005E+22 1.00006948852E+00 7.88602054608E+29
 1.32751385584E+06 3.06630091150E+22 1.00006969128E+00 7.92544506660E+29
 1.33415065666E+06 3.09062185100E+22 1.00006989462E+00 7.96506668182E+29
 1.34082063815E+06 3.11513569658E+22 1.00007009856E+00 8.00488637707E+29
 1.34752396619E+06 3.13984397832E+22 1.00007030309E+00 8.04490514261E+29
 1.35426080751E+06 3.16474823842E+22 1.00007050823E+00 8.08512397365E+29
 1.36103132965E+06 3.18985003131E+22 1.00007071396E+00 8.12554387038E+29
 1.36783570101E+06 3.21515092378E+22 1.00007092028E+00 8.16616583798E+29
 1.37467409083E+06 3.24065249501E+22 1.00007112722E+00 8.20699088666E+29
 1.38154666918E+06 3.26635633672E+22 1.00007133475E+00 8.24802003168E+29
 1.38845360699E+06 3.29226405326E+22 1.00007154289E+00 8.28925429339E+29
 1.39539507605E+06 3.31837726171E+22 1.00007175164E+00 8.33069469722E+29
 1.40237124900E+06 3.34469759195E+22 1.00007196100E+00 8.37234227373E+29
 1.40938229934E+06 3.37122668682E+22 1.00007217097E+00 8.41419805865E+29
 1.41642840146E+06 3.39796620217E+22 1.00007238155E+00 8.45626309286E+29
 1.42350973059E+06 3.42491780699E+22 1.00007259274E+00 8.49853842247E+29
 1.43062646286E+06 3.45208318351E+22 1.00007280456E+00 8.54102509879E+29
 1.43777877527E+06 3.47946402730E+22 1.00007301699E+00 8.58372417843E+29
 1.44496684571E+06 3.50706204737E+22 1.00007323004E+00 8.62663672324E+29
 1.45219085296E+06 3.53487896630E+22 1.00007344371E+00 8.66976380040E+29
 1.45945097668E+06 3.56291652033E+22 1.00007365800E+00 8.71310648241E+29
 1.46674739744E+06 3.59117645947E+22 1.00007387292E+00 8.75666584716E+29
 1.47408029672E+06 3.61966054760E+22 1.00007408847E+00 8.80044297789E+29
 1.48144985690E+06 3.64837056261E+22 1.00007430464E+00 8.84443896330E+29
 1.48885626127E+06 3.67730829647E+22 1.00007452145E+00 8.88865489748E+29
 1.49629969403E+06 3.70647555539E+22 1.00007473889E+00 8.93309188004E+29
 1.50378034032E+06 3.73587415988E+22 1.00007495696E+00 8.97775101605E+29
 1.51129838618E+06 3.76550594490E+22 1.00007517567E+00 9.02263341613E+29
 1.51885401860E+06 3.79537275997E+22 1.00007539502E+00 9.06774019644E+29
 1.52644742551E+06 3.82547646928E+22 1.00007561501E+00 9.11307247873E+29
 1.53407879576E+06 3.85581895178E+22 1.00007583564E+00 9.15863139033E+29
 1.54174831915E+06 3.88640210137E+22 1.00007605691E+00 9.20441806425E+29
 1.54945618644E+06 3.91722782693E+22 1.00007627883E+00 9.25043363912E+29
 1.55720258933E+06 3.94829805250E+22 1.00007650140E+00 9.29667925930E+29
 1.56498772048E+06 3.97961471738E+22 1.00007672462E+00 9.34315607484E+29
 1.57281177353E+06 4.01117977625E+22 1.00007694848E+00 9.38986524156E+29
 1.58067494307E+06 4.04299519929E+22 1.00007717301E+00 9.43680792105E+29
 1.58857742467E+06 4.07506297231E+22 1.00007739818E+00 9.48398528071E+29
 1.59651941487E+06 4.10738509687E+22 1.00007762401E+00 9.53139849377E+29
 1.60450111121E+06 4.13996359041E+22 1.00007785051E+00 9.57904873934E+29
 1.61252271220E+06 4.17280048637E+22 1.00007807766E+00 9.62693720240E+29
 1.62058441735E+06 4.20589783432E+22 1.00007830547E+00 9.67506507388E+29
 1.62868642716E+06 4.23925770007E+22 1.00007853396E+00 9.72343355065E+29
 1.63682894315E+06 4.27288216585E+22 1.00007876310E+00 9.77204383556E+29
 1.64501216784E+06 4.30677333036E+22 1.00007899292E+00 9.82089713749E+29
 1.65323630475E+06 4.34093330899E+22 1.00007922340E+00 9.86999467135E+29
 1.66150155843E+06 4.37536423389E+22 1.00007945456E+00 9.91933765813E+29
 1.66980813445E+06 4.41006825410E+22 1.00007968640E+00 9.96892732491E+29
 1.67815623941E+06 4.44504753575E+22 1.00007991891E+00 1.00187649049E+30
 1.68654608094E+06 4.48030426212E+22 1.00008015209E+00 1.00688516376E+30
 1.69497786771E+06 4.51584063381E+22 1.00008038596E+00 1.01191887684E+30
 1.70345180942E+06 4.55165886888E+22 1.00008062051E+00 1.01697775493E+30
 1.71196811685E+06 4.58776120298E+22 1.00008085575E+00 1.02206192382E+30
 1.72052700180E+06 4.62414988951E+22 1.00008109167E+00 1.02717150996E+30
 1.72912867715E+06 4.66082719971E+22 1.00008132828E+00 1.03230664042E+30
 1.73777335684E+06 4.69779542286E+22 1.00008156558E+00 1.03746744289E+30
 1.74646125587E+06 4.73505686639E+22 1.00008180357E+00 1.04265404572E+30
 1.75519259032E+06 4.77261385604E+22 1.00008204226E+00 1.04786657790E+30
 1.76396757737E+06 4.81046873597E+22 1.00008228164E+00 1.05310516904E+30
 1.77278643525E+06 4.84862386897E+22 1.00008252173E+00 1.05836994944E+30
 1.78164938331E+06 4.88708163655E+22 1.00008276251E+00 1.06366105001E+30
 1.79055664199E+06 4.92584443911E+22 1.00008300399E+00 1.06897860233E+30
 1.79950843281E+06 4.96491469609E+22 1.00008324618E+00 1.07432273865E+30
 1.80850497844E+06 5.00429484612E+22 1.00008348908E+00 1.07969359188E+30
 1.81754650263E+06 5.04398734719E+22 1.00008373268E+00 1.08509129556E+30
 1.82663323025E+06 5.08399467675E+22 1.00008397700E+00 1.09051598395E+30
 1.83576538731E+06 5.12431933194E+22 1.00008422203E+00 1.09596779193E+30
 1.84494320095E+06 5.16496382968E+22 1.00008446777E+00 1.10144685510E+30
 1.85416689943E+06 5.20593070685E+22 1.00008471423E+00 1.10695330971E+30
 1.86343671216E+06 5.24722252048E+22 1.00008496141E+00 1.11248729268E+30
 1.87275286969E+06 5.28884184785E+22 1.00008520931E+00 1.11804894166E+30
 1.88211560375E+06 5.33079128671E+22 1.00008545794E+00 1.12363839495E+30
 1.89152514719E+06 5.37307345539E+22 1.00008570729E+00 1.12925579154E+30
 1.90098173404E+06 5.41569099301E+22 1.00008595737E+00 1.13490127114E+30
 1.91048559952E+06 5.45864655960E+22 1.00008620817E+00 1.14057497415E+30
 1.92003698000E+06 5.50194283631E+22 1.00008645971E+00 1.14627704165E+30
 1.92963611303E+06 5.54558252554E+22 1.00008671198E+00 1.15200761545E+30
 1.93928323738E+06 5.58956835113E+22 1.00008696499E+00 1.15776683807E+30
 1.94897859297E+06 5.63390305852E+22 1.00008721874E+00 1.16355485272E+30
 1.95872242095E+06 5.67858941495E+22 1.00008747323E+00 1.16937180335E+30
 1.96851496367E+06 5.72363020957E+22 1.00008772846E+00 1.17521783462E+30
 1.97835646469E+06 5.76902825369E+22 1.00008798443E+00 1.18109309190E+30
 1.98824716878E+06 5.81478638088E+22 1.00008824115E+00 1.18699772131E+30
 1.99818732195E+06 5.86090744723E+22 1.00008849863E+00 1.19293186968E+30
 2.00817717142E+06 5.90739433144E+22 1.00008875685E+00 1.19889568460E+30
 2.01821696567E+06 5.95424993508E+22 1.00008901582E+00 1.20488931438E+30
 2.02830695439E+06 6.00147718271E+22 1.00008927555E+00 1.21091290805E+30
 2.03844738856E+06 6.04907902208E+22 1.00008953604E+00 1.21696661544E+30
 2.04863852037E+06 6.09705842436E+22 1.00008979729E+00 1.22305058707E+30
 2.05888060331E+06 6.14541838424E+22 1.00009005930E+00 1.22916497426E+30
 2.06917389211E+06 6.19416192020E+22 1.00009032208E+00 1.23530992905E+30
 2.07951864280E+06 6.24329207463E+22 1.00009058562E+00 1.24148560427E+30
 2.08991511266E+06 6.29281191407E+22 1.00009084993E+00 1.24769215349E+30
 2.10036356027E+06 6.34272452939E+22 1.00009111502E+00 1.25392973106E+30
 2.11086424552E+06 6.39303303596E+22 1.00009138087E+00 1.26019849211E+30
 2.12141742956E+06 6.44374057386E+22 1.00009164750E+00 1.26649859253E+30
 2.13202337489E+06 6.49485030809E+22 1.00009191491E+00 1.27283018898E+30
 2.14268234530E+06 6.54636542874E+22 1.00009218310E+00 1.27919343894E+30
 2.15339460588E+06 6.59828915121E+22 1.00009245208E+00 1.28558850065E+30
 2.16416042309E+06 6.65062471641E+22 1.00009272183E+00 1.29201553313E+30
 2.17498006468E+06 6.70337539093E+22 1.00009299238E+00 1.29847469623E+30
 2.18585379977E+06 6.75654446730E+22 1.00009326371E+00 1.30496615057E+30
 2.19678189880E+06 6.81013526414E+22 1.00009353584E+00 1.31149005759E+30
 2.20776463359E+06 6.86415112642E+22 1.00009380876E+00 1.31804657953E+30
 2.21880227730E+06 6.91859542563E+22 1.00009408247E+00 1.32463587943E+30
 2.22989510445E+06 6.97347155997E+22 1.00009435699E+00 1.33125812117E+30
 2.24104339095E+06 7.02878295465E+22 1.00009463230E+00 1.33791346943E+30
 2.25224741407E+06 7.08453306201E+22 1.00009490842E+00 1.34460208972E+30
 2.26350745250E+06 7.14072536177E+22 1.00009518535E+00 1.35132414838E+30
 2.27482378629E+06 7.19736336128E+22 1.00009546308E+00 1.35807981257E+30
 2.28619669690E+06 7.25445059568E+22 1.00009574162E+00 1.36486925030E+30
 2.29762646719E+06 7.31199062816E+22 1.00009602098E+00 1.37169263042E+30
 2.30911338147E+06 7.36998705018E+22 1.00009630115E+00 1.37855012260E+30
 2.32065772542E+06 7.42844348167E+22 1.00009658214E+00 1.38544189739E+30
 2.33225978618E+06 7.48736357129E+22 1.00009686394E+00 1.39236812618E+30
 2.34391985233E+06 7.54675099662E+22 1.00009714658E+00 1.39932898121E+30
 2.35563821387E+06 7.60660946443E+22 1.00009743003E+00 1.40632463558E+30
 2.36741516226E+06 7.66694271088E+22 1.00009771431E+00 1.41335526328E+30
 2.37925099043E+06 7.72775450177E+22 1.00009799942E+00 1.42042103914E+30
 2.39114599276E+06 7.78904863275E+22 1.00009828537E+00 1.42752213887E+30
 2.40310046510E+06 7.85082892961E+22 1.00009857215E+00 1.43465873908E+30
 2.41511470479E+06 7.91309924845E+22 1.00009885976E+00 1.44183101723E+30
 2.42718901066E+06 7.97586347598E+22 1.00009914821E+00 1.44903915171E+30
 2.43932368301E+06 8.03912552973E+22 1.00009943751E+00 1.45628332175E+30
 2.45151902366E+06 8.10288935829E+22 1.00009972765E+00 1.46356370751E+30
 2.46377533595E+06 8.16715894159E+22 1.00010001863E+00 1.47088049005E+30
 2.47609292471E+06 8.23193829112E+22 1.00010031047E+00 1.47823385132E+30
 2.48847209632E+06 8.29723145018E+22 1.00010060316E+00 1.48562397419E+30
 2.50091315867E+06 8.36304249416E+22 1.00010089670E+00 1.49305104245E+30
 2.51341642119E+06 8.42937553074E+22 1.00010119109E+00 1.50051524079E+30
 2.52598219489E+06 8.49623470022E+22 1.00010148635E+00 1.50801675483E+30
 2.53861079229E+06 8.56362417571E+22 1.00010178247E+00 1.51555577114E+30
 2.55130252750E+06 8.63154816344E+22 1.00010207945E+00 1.52313247720E+30
 2.56405771620E+06 8.70001090298E+22 1.00010237730E+00 1.53074706142E+30
 2.57687667563E+06 8.76901666756E+22 1.00010267602E+00 1.53839971317E+30
 2.58975972464E+06 8.83856976427E+22 1.00010297560E+00 1.54609062276E+30
 2.60270718366E+06 8.90867453439E+22 1.00010327607E+00 1.55381998146E+30
 2.61571937473E+06 8.97933535361E+22 1.00010357741E+00 1.56158798148E+30
 2.62879662149E+06 9.05055663234E+22 1.00010387963E+00 1.56939481600E+30
 2.64193924920E+06 9.12234281597E+22 1.00010418273E+00 1.57724067916E+30
 2.65514758475E+06 9.19469838515E+22 1.00010448671E+00 1.58512576609E+30
 2.66842195668E+06 9.26762785607E+22 1.00010479158E+00 1.59305027287E+30
 2.68176269514E+06 9.34113578073E+22 1.00010509735E+00 1.60101439658E+30
 2.69517013195E+06 9.41522674726E+22 1.00010540400E+00 1.60901833527E+30
 2.70864460060E+06 9.48990538015E+22 1.00010571155E+00 1.61706228798E+30
 2.72218643622E+06 9.56517634059E+22 1.00010601999E+00 1.62514645477E+30
 2.73579597564E+06 9.64104432674E+22 1.00010632934E+00 1.63327103666E+30
 2.74947355735E+06 9.71751407402E+22 1.00010663959E+00 1.64143623572E+30
 2.76321952157E+06 9.79459035541E+22 1.00010695074E+00 1.64964225499E+30
 2.77703421018E+06 9.87227798176E+22 1.00010726281E+00 1.65788929855E+30
 2.79091796679E+06 9.95058180204E+22 1.00010757578E+00 1.66617757148E+30
 2.80487113673E+06 1.00295067037E+23 1.00010788966E+00 1.67450727992E+30
 2.81889406705E+06 1.01090576131E+23 1.00010820446E+00 1.68287863100E+30
 2.83298710654E+06 1.01892394953E+23 1.00010852018E+00 1.69129183291E+30
 2.84715060573E+06 1.02700573552E+23 1.00010883683E+00 1.69974709488E+30
 2.86138491690E+06 1.03515162370E+23 1.00010915439E+00 1.70824462717E+30
 2.87569039410E+06 1.04336212252E+23 1.00010947288E+00 1.71678464110E+30
 2.89006739314E+06 1.05163774444E+23 1.00010979230E+00 1.72536734907E+30
 2.90451627163E+06 1.05997900602E+23 1.00011011266E+00 1.73399296449E+30
 2.91903738893E+06 1.06838642786E+23 1.00011043394E+00 1.74266170189E+30
 2.93363110624E+06 1.07686053475E+23 1.00011075617E+00 1.75137377683E+30
 2.94829778654E+06 1.08540185560E+23 1.00011107933E+00 1.76012940599E+30
 2.96303779463E+06 1.09401092354E+23 1.00011140344E+00 1.76892880709E+30
 2.97785149713E+06 1.10268827591E+23 1.00011172850E+00 1.77777219897E+30
 2.99273926251E+06 1.11143445433E+23 1.00011205450E+00 1.78665980155E+30
 3.00770146105E+06 1.12025000469E+23 1.00011238145E+00 1.79559183585E+30
 3.02273846493E+06 1.12913547725E+23 1.00011270936E+00 1.80456852400E+30
 3.03785064814E+06 1.13809142659E+23 1.00011303822E+00 1.81359008924E+30
 3.05303838657E+06 1.14711841172E+23 1.00011336805E+00 1.82265675592E+30
 3.06830205798E+06 1.15621699607E+23 1.00011369883E+00 1.83176874951E+30
 3.08364204202E+06 1.16538774755E+23 1.00011403058E+00 1.84092629662E+30
 3.09905872025E+06 1.17463123855E+23 1.00011436330E+00 1.85012962498E+30
 3.11455247612E+06 1.18394804604E+23 1.00011469699E+00 1.85937896347E+30
 3.13012369500E+06 1.19333875153E+23 1.00011503166E+00 1.86867454211E+30
 3.14577276420E+06 1.20280394116E+23 1.00011536730E+00 1.87801659206E+30
 3.16150007296E+06 1.21234420571E+23 1.00011570392E+00 1.88740534564E+30
 3.17730601245E+06 1.22196014065E+23 1.00011604152E+00 1.89684103635E+30
 3.19319097582E+06 1.23165234618E+23 1.00011638011E+00 1.90632389883E+30
 3.20915535818E+06 1.24142142725E+23 1.00011671968E+00 1.91585416892E+30
 3.22519955661E+06 1.25126799362E+23 1.00011706025E+00 1.92543208360E+30
 3.24132397016E+06 1.26119265987E+23 1.00011740181E+00 1.93505788108E+30
 3.25752899992E+06 1.27119604547E+23 1.00011774436E+00 1.94473180074E+30
 3.27381504894E+06 1.28127877479E+23 1.00011808792E+00 1.95445408314E+30
 3.29018252230E+06 1.29144147717E+23 1.00011843248E+00 1.96422497008E+30
 3.30663182712E+06 1.30168478692E+23 1.00011877804E+00 1.97404470453E+30
 3.32316337255E+06 1.31200934341E+23 1.00011912461E+00 1.98391353070E+30
 3.33977756976E+06 1.32241579104E+23 1.00011947219E+00 1.99383169402E+30
 3.35647483201E+06 1.33290477936E+23 1.00011982079E+00 2.00379944114E+30
 3.37325557461E+06 1.34347696305E+23 1.00012017040E+00 2.01381701993E+30
 3.39012021495E+06 1.35413300200E+23 1.00012052104E+00 2.02388467953E+30
 3.40706917251E+06 1.36487356132E+23 1.00012087270E+00 2.03400267030E+30
 3.42410286885E+06 1.37569931139E+23 1.00012122538E+00 2.04417124386E+30
 3.44122172766E+06 1.38661092792E+23 1.00012157909E+00 2.05439065309E+30
 3.45842617474E+06 1.39760909198E+23 1.00012193384E+00 2.06466115213E+30
 3.47571663802E+06 1.40869449004E+23 1.00012228961E+00 2.07498299640E+30
 3.49309354757E+06 1.41986781401E+23 1.00012264643E+00 2.08535644258E+30
 3.51055733560E+06 1.43112976129E+23 1.00012300429E+00 2.09578174865E+30
 3.52810843651E+06 1.44248103481E+23 1.00012336319E+00 2.10625917387E+30
 3.54574728683E+06 1.45392234308E+23 1.00012372314E+00 2.11678897880E+30
 3.56347432531E+06 1.46545440023E+23 1.00012408414E+00 2.12737142531E+30
 3.58128999287E+06 1.47707792604E+23 1.00012444620E+00 2.13800677655E+30
 3.59919473265E+06 1.48879364603E+23 1.00012480931E+00 2.14869529702E+30
 3.61718899000E+06 1.50060229144E+23 1.00012517348E+00 2.15943725253E+30
 3.63527321249E+06 1.51250459934E+23 1.00012553871E+00 2.17023291021E+30
 3.65344784994E+06 1.52450131261E+23 1.00012590501E+00 2.18108253854E+30
 3.67171335441E+06 1.53659318007E+23 1.00012627237E+00 2.19198640733E+30
 3.69007018023E+06 1.54878095643E+23 1.00012664081E+00 2.20294478774E+30
 3.70851878398E+06 1.56106540242E+23 1.00012701033E+00 2.21395795230E+30
 3.72705962456E+06 1.57344728479E+23 1.00012738092E+00 2.22502617489E+30
 3.74569316313E+06 1.58592737638E+23 1.00012775259E+00 2.23614973076E+30
 3.76441986317E+06 1.59850645616E+23 1.00012812535E+00 2.24732889653E+30
 3.78324019049E+06 1.61118530926E+23 1.00012849919E+00 2.25856395021E+30
 3.80215461319E+06 1.62396472705E+23 1.00012887413E+00 2.26985517122E+30
 3.82116360176E+06 1.63684550719E+23 1.00012925016E+00 2.28120284033E+30
 3.84026762901E+06 1.64982845364E+23 1.00012962729E+00 2.29260723976E+30
 3.85946717012E+06 1.66291437677E+23 1.00013000551E+00 2.30406865311E+30
 3.87876270266E+06 1.67610409334E+23 1.00013038485E+00 2.31558736542E+30
 3.89815470657E+06 1.68939842662E+23 1.00013076528E+00 2.32716366313E+30
 3.91764366419E+06 1.70279820639E+23 1.00013114683E+00 2.33879783414E+30
 3.93723006029E+06 1.71630426902E+23 1.00013152949E+00 2.35049016776E+30
 3.95691438204E+06 1.72991745752E+23 1.00013191327E+00 2.36224095478E+30
 3.97669711907E+06 1.74363862157E+23 1.00013229817E+00 2.37405048742E+30
 3.99657876345E+06 1.75746861759E+23 1.00013268419E+00 2.38591905936E+30
 4.01655980970E+06 1.77140830882E+23 1.00013307134E+00 2.39784696576E+30
 4.03664075482E+06 1.78545856532E+23 1.00013345961E+00 2.40983450324E+30
 4.05682209830E+06 1.79962026406E+23 1.00013384902E+00 2.42188196993E+30
 4.07710434212E+06 1.81389428896E+23 1.00013423957E+00 2.43398966543E+30
 4.09748799078E+06 1.82828153096E+23 1.00013463125E+00 2.44615789083E+30
 4.11797355128E+06 1.84278288807E+23 1.00013502408E+00 2.45838694874E+30
 4.13856153318E+06 1.85739926540E+23 1.00013541806E+00 2.47067714329E+30
 4.15925244858E+06 1.87213157526E+23 1.00013581318E+00 2.48302878011E+30
 4.18004681214E+06 1.88698073719E+23 1.00013620946E+00 2.49544216637E+30
 4.20094514109E+06 1.90194767804E+23 1.00013660689E+00 2.50791761078E+30
 4.22194795524E+06 1.91703333197E+23 1.00013700548E+00 2.52045542358E+30
 4.24305577703E+06 1.93223864059E+23 1.00013740524E+00 2.53305591656E+30
 4.26426913148E+06 1.94756455297E+23 1.00013780616E+00 2.54571940309E+30
 4.28558854624E+06 1.96301202568E+23 1.00013820825E+00 2.55844619809E+30
 4.30701455161E+06 1.97858202292E+23 1.00013861152E+00 2.57123661806E+30
 4.32854768053E+06 1.99427551650E+23 1.00013901596E+00 2.58409098107E+30
 4.35018846863E+06 2.01009348596E+23 1.00013942158E+00 2.59700960680E+30
 4.37193745417E+06 2.02603691861E+23 1.00013982839E+00 2.60999281651E+30
 4.39379517815E+06 2.04210680958E+23 1.00014023638E+00 2.62304093308E+30
 4.41576218426E+06 2.05830416189E+23 1.00014064556E+00 2.63615428100E+30
 4.43783901889E+06 2.07462998654E+23 1.00014105594E+00 2.64933318638E+30
 4.46002623118E+06 2.09108530252E+23 1.00014146751E+00 2.66257797695E+30
 4.48232437302E+06 2.10767113692E+23 1.00014188029E+00 2.67588898210E+30
 4.50473399905E+06 2.12438852497E+23 1.00014229427E+00 2.68926653285E+30
 4.52725566668E+06 2.14123851011E+23 1.00014270945E+00 2.70271096189E+30
 4.54988993612E+06 2.15822214405E+23 1.00014312585E+00 2.71622260356E+30
 4.57263737036E+06 2.17534048688E+23 1.00014354347E+00 2.72980179387E+30
 4.59549853524E+06 2.19259460704E+23 1.00014396230E+00 2.74344887052E+30
 4.61847399939E+06 2.20998558148E+23 1.00014438235E+00 2.75716417289E+30
 4.64156433431E+06 2.22751449569E+23 1.00014480363E+00 2.77094804206E+30
 4.66477011435E+06 2.24518244376E+23 1.00014522614E+00 2.78480082083E+30
 4.68809191673E+06 2.26299052848E+23 1.00014564988E+00 2.79872285368E+30
 4.71153032156E+06 2.28093986134E+23 1.00014607486E+00 2.81271448684E+30
 4.73508591184E+06 2.29903156270E+23 1.00014650108E+00 2.82677606827E+30
 4.75875927351E+06 2.31726676178E+23 1.00014692854E+00 2.84090794765E+30
 4.78255099541E+06 2.33564659675E+23 1.00014735725E+00 2.85511047642E+30
 4.80646166934E+06 2.35417221482E+23 1.00014778721E+00 2.86938400778E+30
 4.83049189006E+06 2.37284477229E+23 1.00014821843E+00 2.88372889669E+30
 4.85464225531E+06 2.39166543465E+23 1.00014865090E+00 2.89814549990E+30
 4.87891336579E+06 2.41063537662E+23 1.00014908464E+00 2.91263417591E+30
 4.90330582524E+06 2.42975578223E+23 1.00014951964E+00 2.92719528505E+30
 4.92782024040E+06 2.44902784492E+23 1.00014995591E+00 2.94182918943E+30
 4.95245722105E+06 2.46845276758E+23 1.00015039345E+00 2.95653625297E+30
 4.97721738000E+06 2.48803176264E+23 1.00015083227E+00 2.97131684142E+30
 5.00210133316E+06 2.50776605217E+23 1.00015127237E+00 2.98617132235E+30
 5.02710969949E+06 2.52765686791E+23 1.00015171375E+00 3.00110006517E+30
 5.05224310106E+06 2.54770545138E+23 1.00015215642E+00 3.01610344113E+30
 5.07750216304E+06 2.56791305394E+23 1.00015260039E+00 3.03118182335E+30
 5.10288751373E+06 2.58828093688E+23 1.00015304564E+00 3.04633558682E+30
 5.12839978458E+06 2.60881037150E+23 1.00015349220E+00 3.06156510837E+30
 5.15403961020E+06 2.62950263917E+23 1.00015394006E+00 3.07687076675E+30
 5.17980762834E+06 2.65035903143E+23 1.00015438923E+00 3.09225294259E+30
 5.20570447999E+06 2.67138085007E+23 1.00015483971E+00 3.10771201841E+30
 5.23173080930E+06 2.69256940720E+23 1.00015529150E+00 3.12324837868E+30
 5.25788726367E+06 2.71392602533E+23 1.00015574461E+00 3.13886240975E+30
 5.28417449372E+06 2.73545203748E+23 1.00015619904E+00 3.15455449992E+30
 5.31059315333E+06 2.75714878722E+23 1.00015665480E+00 3.17032503943E+30
 5.33714389966E+06 2.77901762879E+23 1.00015711189E+00 3.18617442048E+30
 5.36382739314E+06 2.80105992718E+23 1.00015757031E+00 3.20210303721E+30
 5.39064429751E+06 2.82327705817E+23 1.00015803007E+00 3.21811128576E+30
 5.41759527982E+06 2.84567040850E+23 1.00015849118E+00 3.23419956421E+30
 5.44468101048E+06 2.86824137588E+23 1.00015895362E+00 3.25036827267E+30
 5.47190216321E+06 2.89099136911E+23 1.00015941742E+00 3.26661781322E+30
 5.49925941515E+06 2.91392180816E+23 1.00015988257E+00 3.28294858998E+30
 5.52675344679E+06 2.93703412429E+23 1.00016034907E+00 3.29936100906E+30
 5.55438494203E+06 2.96032976008E+23 1.00016081694E+00 3.31585547861E+30
 5.58215458820E+06 2.98381016956E+23 1.00016128618E+00 3.33243240884E+30
 5.61006307605E+06 3.00747681830E+23 1.00016175678E+00 3.34909221199E+30
 5.63811109981E+06 3.03133118350E+23 1.00016222875E+00 3.36583530236E+30
 5.66629935715E+06 3.05537475406E+23 1.00016270211E+00 3.38266209633E+30
 5.69462854925E+06 3.07960903070E+23 1.00016317684E+00 3.39957301235E+30
 5.72309938079E+06 3.10403552603E+23 1.00016365296E+00 3.41656847099E+30
 5.75171255998E+06 3.12865576469E+23 1.00016413047E+00 3.43364889489E+30
 5.78046879855E+06 3.15347128338E+23 1.00016460937E+00 3.45081470882E+30
 5.80936881183E+06 3.17848363100E+23 1.00016508966E+00 3.46806633967E+30
 5.83841331868E+06 3.20369436873E+23 1.00016557136E+00 3.48540421646E+30
 5.86760304158E+06 3.22910507015E+23 1.00016605447E+00 3.50282877036E+30
 5.89693870663E+06 3.25471732130E+23 1.00016653899E+00 3.52034043469E+30
 5.92642104354E+06 3.28053272081E+23 1.00016702491E+00 3.53793964496E+30
 5.95605078568E+06 3.30655288000E+23 1.00016751226E+00 3.55562683881E+30
 5.98582867009E+06 3.33277942295E+23 1.00016800103E+00 3.57340245612E+30
 6.01575543749E+06 3.35921398663E+23 1.00016849122E+00 3.59126693893E+30
 6.04583183230E+06 3.38585822100E+23 1.00016898285E+00 3.60922073150E+30
 6.07605860268E+06 3.41271378910E+23 1.00016947591E+00 3.62726428034E+30
 6.10643650051E+06 3.43978236717E+23 1.00016997041E+00 3.64539803414E+30
 6.13696628144E+06 3.46706564473E+23 1.00017046635E+00 3.66362244388E+30
 6.16764870491E+06 3.49456532471E+23 1.00017096374E+00 3.68193796276E+30
 6.19848453413E+06 3.52228312355E+23 1.00017146258E+00 3.70034504627E+30
 6.22947453614E+06 3.55022077129E+23 1.00017196287E+00 3.71884415218E+30
 6.26061948183E+06 3.57838001172E+23 1.00017246462E+00 3.73743574051E+30
 6.29192014593E+06 3.60676260244E+23 1.00017296784E+00 3.75612027363E+30
 6.32337730705E+06 3.63537031498E+23 1.00017347253E+00 3.77489821619E+30
 6.35499174767E+06 3.66420493495E+23 1.00017397869E+00 3.79377003517E+30
 6.38676425423E+06 3.69326826210E+23 1.00017448633E+00 3.81273619988E+30
 6.41869561706E+06 3.72256211047E+23 1.00017499544E+00 3.83179718199E+30
 6.45078663045E+06 3.75208830848E+23 1.00017550605E+00 3.85095345552E+30
 6.48303809269E+06 3.78184869906E+23 1.00017601814E+00 3.87020549686E+30
 6.51545080603E+06 3.81184513974E+23 1.00017653173E+00 3.88955378478E+30
 6.54802557674E+06 3.84207950281E+23 1.00017704681E+00 3.90899880044E+30
 6.58076321514E+06 3.87255367538E+23 1.00017756340E+00 3.92854102742E+30
 6.61366453556E+06 3.90326955956E+23 1.00017808150E+00 3.94818095169E+30
 6.64673035646E+06 3.93422907252E+23 1.00017860111E+00 3.96791906169E+30
 6.67996150034E+06 3.96543414665E+23 1.00017912223E+00 3.98775584826E+30
 6.71335879385E+06 3.99688672967E+23 1.00017964487E+00 4.00769180473E+30
 6.74692306774E+06 4.02858878473E+23 1.00018016904E+00 4.02772742686E+30
 6.78065515696E+06 4.06054229058E+23 1.00018069474E+00 4.04786321293E+30
 6.81455590058E+06 4.09274924164E+23 1.00018122197E+00 4.06809966367E+30
 6.84862614191E+06 4.12521164816E+23 1.00018175074E+00 4.08843728234E+30
 6.88286672846E+06 4.15793153633E+23 1.00018228106E+00 4.10887657470E+30
 6.91727851198E+06 4.19091094841E+23 1.00018281292E+00 4.12941804907E+30
 6.95186234847E+06 4.22415194288E+23 1.00018334633E+00 4.15006221626E+30
 6.98661909823E+06 4.25765659451E+23 1.00018388130E+00 4.17080958967E+30
 7.02154962584E+06 4.29142699456E+23 1.00018441783E+00 4.19166068527E+30
 7.05665480023E+06 4.32546525086E+23 1.00018495593E+00 4.21261602158E+30
 7.09193549465E+06 4.35977348795E+23 1.00018549559E+00 4.23367611974E+30
 7.12739258672E+06 4.39435384725E+23 1.00018603683E+00 4.25484150349E+30
 7.16302695847E+06 4.42920848714E+23 1.00018657965E+00 4.27611269917E+30
 7.19883949631E+06 4.46433958313E+23 1.00018712406E+00 4.29749023577E+30
 7.23483109112E+06 4.49974932798E+23 1.00018767005E+00 4.31897464493E+30
 7.27100263819E+06 4.53543993185E+23 1.00018821764E+00 4.34056646092E+30
 7.30735503733E+06 4.57141362242E+23 1.00018876682E+00 4.36226622071E+30
 7.34388919282E+06 4.60767264505E+23 1.00018931760E+00 4.38407446393E+30
 7.38060601348E+06 4.64421926290E+23 1.00018987000E+00 4.40599173294E+30
 7.41750641266E+06 4.68105575709E+23 1.00019042400E+00 4.42801857277E+30
 7.45459130828E+06 4.71818442683E+23 1.00019097962E+00 4.45015553122E+30
 7.49186162287E+06 4.75560758957E+23 1.00019153686E+00 4.47240315878E+30
 7.52931828354E+06 4.79332758112E+23 1.00019209573E+00 4.49476200874E+30
 7.56696222207E+06 4.83134675584E+23 1.00019265623E+00 4.51723263711E+30
 7.60479437488E+06 4.86966748676E+23 1.00019321836E+00 4.53981560273E+30
 7.64281568307E+06 4.90829216573E+23 1.00019378214E+00 4.56251146718E+30
 7.68102709246E+06 4.94722320357E+23 1.00019434756E+00 4.58532079490E+30
 7.71942955359E+06 4.98646303022E+23 1.00019491462E+00 4.60824415310E+30
 7.75802402176E+06 5.02601409490E+23 1.00019548335E+00 4.63128211187E+30
 7.79681145703E+06 5.06587886625E+23 1.00019605373E+00 4.65443524413E+30
 7.83579282428E+06 5.10605983250E+23 1.00019662578E+00 4.67770412565E+30
 7.87496909322E+06 5.14655950160E+23 1.00019719949E+00 4.70108933512E+30
 7.91434123839E+06 5.18738040140E+23 1.00019777488E+00 4.72459145408E+30
 7.95391023921E+06 5.22852507981E+23 1.00019835195E+00 4.74821106699E+30
 7.99367708000E+06 5.26999610493E+23 1.00019893071E+00 4.77194876126E+30
 8.03364275000E+06 5.31179606525E+23 1.00019951115E+00 4.79580512719E+30
 8.07380824341E+06 5.35392756978E+23 1.00020009328E+00 4.81978075806E+30
 8.11417455938E+06 5.39639324822E+23 1.00020067712E+00 4.84387625012E+30
 8.15474270208E+06 5.43919575114E+23 1.00020126265E+00 4.86809220258E+30
 8.19551368067E+06 5.48233775012E+23 1.00020184990E+00 4.89242921766E+30
 8.23648850939E+06 5.52582193794E+23 1.00020243886E+00 4.91688790059E+30
 8.27766820753E+06 5.56965102873E+23 1.00020302954E+00 4.94146885962E+30
 8.31905379948E+06 5.61382775816E+23 1.00020362194E+00 4.96617270604E+30
 8.36064631478E+06 5.65835488358E+23 1.00020421607E+00 4.99100005421E+30
 8.40244678807E+06 5.70323518423E+23 1.00020481193E+00 5.01595152155E+30
 8.44445625921E+06 5.74847146139E+23 1.00020540953E+00 5.04102772856E+30
 8.48667577322E+06 5.79406653854E+23 1.00020600888E+00 5.06622929886E+30
 8.52910638038E+06 5.84002326158E+23 1.00020660997E+00 5.09155685917E+30
 8.57174913621E+06 5.88634449896E+23 1.00020721282E+00 5.11701103935E+30
 8.61460510150E+06 5.93303314192E+23 1.00020781743E+00 5.14259247242E+30
 8.65767534236E+06 5.98009210458E+23 1.00020842380E+00 5.16830179454E+30
 8.70096093021E+06 6.02752432420E+23 1.00020903194E+00 5.19413964507E+30
 8.74446294184E+06 6.07533276136E+23 1.00020964186E+00 5.22010666657E+30
 8.78818245944E+06 6.12352040008E+23 1.00021025355E+00 5.24620350479E+30
 8.83212057060E+06 6.17209024808E+23 1.00021086703E+00 5.27243080874E+30
 8.87627836832E+06 6.22104533691E+23 1.00021148230E+00 5.29878923063E+30
 8.92065695112E+06 6.27038872219E+23 1.00021209936E+00 5.32527942598E+30
 8.96525742298E+06 6.32012348377E+23 1.00021271823E+00 5.35190205355E+30
 9.01008089340E+06 6.37025272591E+23 1.00021333890E+00 5.37865777542E+30
 9.05512847743E+06 6.42077957752E+23 1.00021396138E+00 5.40554725696E+30
 9.10040129572E+06 6.47170719231E+23 1.00021458568E+00 5.43257116686E+30
 9.14590047449E+06 6.52303874901E+23 1.00021521180E+00 5.45973017719E+30
 9.19162714561E+06 6.57477745156E+23 1.00021583975E+00 5.48702496335E+30
 9.23758244661E+06 6.62692652930E+23 1.00021646953E+00 5.51445620412E+30
 9.28376752071E+06 6.67948923722E+23 1.00021710114E+00 5.54202458167E+30
 9.33018351684E+06 6.73246885609E+23 1.00021773460E+00 5.56973078160E+30
 9.37683158969E+06 6.78586869272E+23 1.00021836991E+00 5.59757549291E+30
 9.42371289970E+06 6.83969208015E+23 1.00021900707E+00 5.62555940807E+30
 9.47082861313E+06 6.89394237785E+23 1.00021964609E+00 5.65368322300E+30
 9.51817990207E+06 6.94862297193E+23 1.00022028698E+00 5.68194763709E+30
 9.56576794447E+06 7.00373727539E+23 1.00022092973E+00 5.71035335325E+30
 9.61359392418E+06 7.05928872825E+23 1.00022157436E+00 5.73890107788E+30
 9.66165903096E+06 7.11528079786E+23 1.00022222087E+00 5.76759152093E+30
 9.70996446051E+06 7.17171697904E+23 1.00022286927E+00 5.79642539588E+30
 9.75851141454E+06 7.22860079436E+23 1.00022351956E+00 5.82540341979E+30
 9.80730110074E+06 7.28593579431E+23 1.00022417175E+00 5.85452631332E+30
 9.85633473285E+06 7.34372555753E+23 1.00022482584E+00 5.88379480070E+30
 9.90561353069E+06 7.40197369108E+23 1.00022548184E+00 5.91320960979E+30
 9.95513872016E+06 7.46068383060E+23 1.00022613975E+00 5.94277147211E+30
 1.00049115333E+07 7.51985964058E+23 1.00022679958E+00 5.97248112282E+30
 1.00549332083E+07 7.57950481457E+23 1.00022746134E+00 6.00233930074E+30
 1.01052049896E+07 7.63962307542E+23 1.00022812503E+00 6.03234674843E+30
 1.01557281278E+07 7.70021817550E+23 1.00022879065E+00 6.06250421211E+30
 1.02065038798E+07 7.76129389696E+23 1.00022945822E+00 6.09281244176E+30
 1.02575335087E+07 7.82285405194E+23 1.00023012774E+00 6.12327219110E+30
 1.03088182840E+07 7.88490248280E+23 1.00023079921E+00 6.15388421763E+30
 1.03603594815E+07 7.94744306241E+23 1.00023147263E+00 6.18464928263E+30
 1.04121583834E+07 8.01047969432E+23 1.00023214803E+00 6.21556815117E+30
 1.04642162784E+07 8.07401631308E+23 1.00023282539E+00 6.24664159217E+30
 1.05165344615E+07 8.13805688442E+23 1.00023350473E+00 6.27787037838E+30
 1.05691142343E+07 8.20260540554E+23 1.00023418605E+00 6.30925528641E+30
 1.06219569047E+07 8.26766590533E+23 1.00023486936E+00 6.34079709677E+30
 1.06750637874E+07 8.33324244465E+23 1.00023555466E+00 6.37249659385E+30
 1.07284362036E+07 8.39933911657E+23 1.00023624197E+00 6.40435456598E+30
 1.07820754809E+07 8.46596004660E+23 1.00023693128E+00 6.43637180542E+30
 1.08359829539E+07 8.53310939302E+23 1.00023762260E+00 6.46854910839E+30
 1.08901599636E+07 8.60079134703E+23 1.00023831593E+00 6.50088727510E+30
 1.09446078578E+07 8.66901013314E+23 1.00023901129E+00 6.53338710975E+30
 1.09993279910E+07 8.73777000931E+23 1.00023970868E+00 6.56604942057E+30
 1.10543217246E+07 8.80707526730E+23 1.00024040811E+00 6.59887501982E+30
 1.11095904266E+07 8.87693023292E+23 1.00024110957E+00 6.63186472384E+30
 1.11651354720E+07 8.94733926627E+23 1.00024181308E+00 6.66501935302E+30
 1.12209582426E+07 9.01830676205E+23 1.00024251865E+00 6.69833973188E+30
 1.12770601272E+07 9.08983714980E+23 1.00024322627E+00 6.73182668904E+30
 1.13334425214E+07 9.16193489420E+23 1.00024393596E+00 6.76548105729E+30
 1.13901068280E+07 9.23460449536E+23 1.00024464772E+00 6.79930367356E+30
 1.14470544565E+07 9.30785048906E+23 1.00024536155E+00 6.83329537897E+30
 1.15042868239E+07 9.38167744706E+23 1.00024607747E+00 6.86745701884E+30
 1.15618053537E+07 9.45608997740E+23 1.00024679548E+00 6.90178944273E+30
 1.16196114771E+07 9.53109272465E+23 1.00024751558E+00 6.93629350444E+30
 1.16777066320E+07 9.60669037022E+23 1.00024823778E+00 6.97097006203E+30
 1.17360922638E+07 9.68288763267E+23 1.00024896209E+00 7.00581997786E+30
 1.17947698250E+07 9.75968926796E+23 1.00024968851E+00 7.04084411860E+30
 1.18537407753E+07 9.83710006980E+23 1.00025041706E+00 7.07604335526E+30
 1.19130065819E+07 9.91512486989E+23 1.00025114773E+00 7.11141856318E+30
 1.19725687191E+07 9.99376853829E+23 1.00025188053E+00 7.14697062210E+30
 1.20324286688E+07 1.00730359837E+24 1.00025261547E+00 7.18270041615E+30
 1.20925879201E+07 1.01529321536E+24 1.00025335255E+00 7.21860883388E+30
 1.21530479697E+07 1.02334620350E+24 1.00025409178E+00 7.25469676828E+30
 1.22138103218E+07 1.03146306542E+24 1.00025483317E+00 7.29096511680E+30
 1.22748764879E+07 1.03964430775E+24 1.00025557673E+00 7.32741478140E+30
 1.23362479873E+07 1.04789044113E+24 1.00025632245E+00 7.36404666852E+30
 1.23979263468E+07 1.05620198027E+24 1.00025707035E+00 7.40086168914E+30
 1.24599131009E+07 1.06457944393E+24 1.00025782043E+00 7.43786075880E+30
 1.25222097916E+07 1.07302335501E+24 1.00025857270E+00 7.47504479763E+30
 1.25848179688E+07 1.08153424055E+24 1.00025932717E+00 7.51241473033E+30
 1.26477391902E+07 1.09011263178E+24 1.00026008384E+00 7.54997148623E+30
 1.27109750210E+07 1.09875906412E+24 1.00026084271E+00 7.58771599933E+30
 1.27745270345E+07 1.10747407725E+24 1.00026160380E+00 7.62564920828E+30
 1.28383968118E+07 1.11625821515E+24 1.00026236711E+00 7.66377205643E+30
 1.29025859417E+07 1.12511202608E+24 1.00026313265E+00 7.70208549182E+30
 1.29670960214E+07 1.13403606266E+24 1.00026390042E+00 7.74059046728E+30
 1.30319286556E+07 1.14303088191E+24 1.00026467043E+00 7.77928794035E+30
 1.30970854573E+07 1.15209704526E+24 1.00026544269E+00 7.81817887340E+30
 1.31625680475E+07 1.16123511857E+24 1.00026621720E+00 7.85726423359E+30
 1.32283780554E+07 1.17044567223E+24 1.00026699397E+00 7.89654499291E+30
 1.32945171181E+07 1.17972928111E+24 1.00026777300E+00 7.93602212821E+30
 1.33609868812E+07 1.18908652468E+24 1.00026855431E+00 7.97569662126E+30
 1.34277889983E+07 1.19851798697E+24 1.00026933790E+00 8.01556945868E+30
 1.34949251314E+07 1.20802425667E+24 1.00027012378E+00 8.05564163207E+30
 1.35623969507E+07 1.21760592713E+24 1.00027091195E+00 8.09591413795E+30
 1.36302061349E+07 1.22726359640E+24 1.00027170242E+00 8.13638797786E+30
 1.36983543709E+07 1.23699786728E+24 1.00027249519E+00 8.17706415832E+30
 1.37668433542E+07 1.24680934736E+24 1.00027329028E+00 8.21794369089E+30
 1.38356747887E+07 1.25669864902E+24 1.00027408769E+00 8.25902759218E+30
 1.39048503869E+07 1.26666638953E+24 1.00027488743E+00 8.30031688390E+30
 1.39743718698E+07 1.27671319104E+24 1.00027568950E+00 8.34181259285E+30
 1.40442409670E+07 1.28683968064E+24 1.00027649391E+00 8.38351575097E+30
 1.41144594168E+07 1.29704649038E+24 1.00027730066E+00 8.42542739536E+30
 1.41850289662E+07 1.30733425735E+24 1.00027810977E+00 8.46754856831E+30
 1.42559513708E+07 1.31770362366E+24 1.00027892124E+00 8.50988031731E+30
 1.43272283951E+07 1.32815523654E+24 1.00027973508E+00 8.55242369508E+30
 1.43988618124E+07 1.33868974835E+24 1.00028055129E+00 8.59517975963E+30
 1.44708534050E+07 1.34930781661E+24 1.00028136989E+00 8.63814957424E+30
 1.45432049638E+07 1.36001010406E+24 1.00028219087E+00 8.68133420750E+30
 1.46159182890E+07 1.37079727871E+24 1.00028301425E+00 8.72473473336E+30
 1.46889951896E+07 1.38167001385E+24 1.00028384003E+00 8.76835223113E+30
 1.47624374837E+07 1.39262898813E+24 1.00028466822E+00 8.81218778551E+30
 1.48362469984E+07 1.40367488557E+24 1.00028549883E+00 8.85624248664E+30
 1.49104255702E+07 1.41480839560E+24 1.00028633186E+00 8.90051743008E+30
 1.49849750445E+07 1.42603021315E+24 1.00028716732E+00 8.94501371691E+30
 1.50598972761E+07 1.43734103865E+24 1.00028800522E+00 8.98973245367E+30
 1.51351941290E+07 1.44874157808E+24 1.00028884557E+00 9.03467475246E+30
 1.52108674765E+07 1.46023254302E+24 1.00028968836E+00 9.07984173092E+30
 1.52869192013E+07 1.47181465070E+24 1.00029053362E+00 9.12523451231E+30
 1.53633511956E+07 1.48348862404E+24 1.00029138134E+00 9.17085422548E+30
 1.54401653610E+07 1.49525519168E+24 1.00029223153E+00 9.21670200492E+30
 1.55173636085E+07 1.50711508805E+24 1.00029308421E+00 9.26277899080E+30
 1.55949478589E+07 1.51906905341E+24 1.00029393937E+00 9.30908632900E+30
 1.56729200423E+07 1.53111783388E+24 1.00029479703E+00 9.35562517110E+30
 1.57512820988E+07 1.54326218151E+24 1.00029565719E+00 9.40239667448E+30
 1.58300359779E+07 1.55550285430E+24 1.00029651986E+00 9.44940200226E+30
 1.59091836389E+07 1.56784061629E+24 1.00029738505E+00 9.49664232341E+30
 1.59887270512E+07 1.58027623754E+24 1.00029825276E+00 9.54411881273E+30
 1.60686681937E+07 1.59281049424E+24 1.00029912301E+00 9.59183265088E+30
 1.61490090553E+07 1.60544416875E+24 1.00029999579E+00 9.63978502445E+30
 1.62297516349E+07 1.61817804962E+24 1.00030087112E+00 9.68797712595E+30
 1.63108979413E+07 1.63101293164E+24 1.00030174901E+00 9.73641015384E+30
 1.63924499935E+07 1.64394961593E+24 1.00030262945E+00 9.78508531259E+30
 1.64744098205E+07 1.65698890996E+24 1.00030351247E+00 9.83400381267E+30
 1.65567794615E+07 1.67013162758E+24 1.00030439806E+00 9.88316687063E+30
 1.66395609657E+07 1.68337858913E+24 1.00030528623E+00 9.93257570907E+30
 1.67227563928E+07 1.69673062143E+24 1.00030617700E+00 9.98223155674E+30
 1.68063678127E+07 1.71018855788E+24 1.00030707036E+00 1.00321356485E+31
 1.68903973057E+07 1.72375323847E+24 1.00030796634E+00 1.00822892254E+31
 1.69748469625E+07 1.73742550986E+24 1.00030886492E+00 1.01326935346E+31
 1.70597188841E+07 1.75120622543E+24 1.00030976613E+00 1.01833498298E+31
 1.71450151821E+07 1.76509624532E+24 1.00031066997E+00 1.02342593705E+31
 1.72307379789E+07 1.77909643651E+24 1.00031157644E+00 1.02854234230E+31
 1.73168894071E+07 1.79320767283E+24 1.00031248557E+00 1.03368432594E+31
 1.74034716104E+07 1.80743083506E+24 1.00031339734E+00 1.03885201587E+31
 1.74904867427E+07 1.82176681097E+24 1.00031431177E+00 1.04404554058E+31
 1.75779369692E+07 1.83621649535E+24 1.00031522887E+00 1.04926502925E+31
 1.76658244656E+07 1.85078079011E+24 1.00031614865E+00 1.05451061166E+31
 1.77541514187E+07 1.86546060430E+24 1.00031707111E+00 1.05978241827E+31
 1.78429200259E+07 1.88025685418E+24 1.00031799626E+00 1.06508058019E+31
 1.79321324960E+07 1.89517046329E+24 1.00031892412E+00 1.07040522916E+31
 1.80217910485E+07 1.91020236247E+24 1.00031985468E+00 1.07575649760E+31
 1.81118979143E+07 1.92535348998E+24 1.00032078795E+00 1.08113451861E+31
 1.82024553353E+07 1.94062479149E+24 1.00032172395E+00 1.08653942591E+31
 1.82934655645E+07 1.95601722019E+24 1.00032266268E+00 1.09197135392E+31
 1.83849308665E+07 1.97153173682E+24 1.00032360414E+00 1.09743043772E+31
 1.84768535168E+07 1.98716930974E+24 1.00032454836E+00 1.10291681308E+31
 1.85692358026E+07 2.00293091499E+24 1.00032549533E+00 1.10843061644E+31
 1.86620800225E+07 2.01881753637E+24 1.00032644506E+00 1.11397198491E+31
 1.87553884865E+07 2.03483016546E+24 1.00032739757E+00 1.11954105629E+31
 1.88491635162E+07 2.05096980171E+24 1.00032835285E+00 1.12513796910E+31
 1.89434074448E+07 2.06723745250E+24 1.00032931092E+00 1.13076286250E+31
 1.90381226171E+07 2.08363413322E+24 1.00033027179E+00 1.13641587639E+31
 1.91333113899E+07 2.10016086727E+24 1.00033123545E+00 1.14209715135E+31
 1.92289761314E+07 2.11681868621E+24 1.00033220194E+00 1.14780682866E+31
 1.93251192220E+07 2.13360862975E+24 1.00033317124E+00 1.15354505031E+31
 1.94217430537E+07 2.15053174588E+24 1.00033414337E+00 1.15931195902E+31
 1.95188500306E+07 2.16758909087E+24 1.00033511833E+00 1.16510769818E+31
 1.96164425690E+07 2.18478172938E+24 1.00033609614E+00 1.17093241194E+31
 1.97145230970E+07 2.20211073452E+24 1.00033707681E+00 1.17678624514E+31
 1.98130940550E+07 2.21957718791E+24 1.00033806033E+00 1.18266934336E+31
 1.99121578955E+07 2.23718217974E+24 1.00033904673E+00 1.18858185292E+31
 2.00117170834E+07 2.25492680886E+24 1.00034003600E+00 1.19452392083E+31
 2.01117740959E+07 2.27281218283E+24 1.00034102816E+00 1.20049569488E+31
 2.02123314225E+07 2.29083941799E+24 1.00034202322E+00 1.20649732357E+31
 2.03133915653E+07 2.30900963953E+24 1.00034302118E+00 1.21252895615E+31
 2.04149570386E+07 2.32732398159E+24 1.00034402205E+00 1.21859074263E+31
 2.05170303698E+07 2.34578358728E+24 1.00034502584E+00 1.22468283375E+31
 2.06196140984E+07 2.36438960879E+24 1.00034603255E+00 1.23080538102E+31
 2.07227107769E+07 2.38314320744E+24 1.00034704221E+00 1.23695853668E+31
 2.08263229706E+07 2.40204555377E+24 1.00034805481E+00 1.24314245377E+31
 2.09304532575E+07 2.42109782759E+24 1.00034907037E+00 1.24935728607E+31
 2.10351042285E+07 2.44030121809E+24 1.00035008889E+00 1.25560318813E+31
 2.11402784875E+07 2.45965692387E+24 1.00035111038E+00 1.26188031528E+31
 2.12459786515E+07 2.47916615306E+24 1.00035213486E+00 1.26818882362E+31
 2.13522073504E+07 2.49883012335E+24 1.00035316232E+00 1.27452887003E+31
 2.14589672274E+07 2.51865006209E+24 1.00035419278E+00 1.28090061219E+31
 2.15662609389E+07 2.53862720640E+24 1.00035522624E+00 1.28730420856E+31
 2.16740911546E+07 2.55876280316E+24 1.00035626273E+00 1.29373981837E+31
 2.17824605575E+07 2.57905810917E+24 1.00035730223E+00 1.30020760167E+31
 2.18913718440E+07 2.59951439120E+24 1.00035834477E+00 1.30670771931E+31
 2.20008277241E+07 2.62013292607E+24 1.00035939035E+00 1.31324033294E+31
 2.21108309212E+07 2.64091500069E+24 1.00036043899E+00 1.31980560502E+31
 2.22213841726E+07 2.66186191224E+24 1.00036149068E+00 1.32640369880E+31
 2.23324902289E+07 2.68297496813E+24 1.00036254544E+00 1.33303477839E+31
 2.24441518548E+07 2.70425548617E+24 1.00036360328E+00 1.33969900867E+31
 2.25563718285E+07 2.72570479463E+24 1.00036466420E+00 1.34639655540E+31
 2.26691529425E+07 2.74732423229E+24 1.00036572822E+00 1.35312758511E+31
 2.27824980030E+07 2.76911514857E+24 1.00036679534E+00 1.35989226521E+31
 2.28964098302E+07 2.79107890358E+24 1.00036786558E+00 1.36669076392E+31
 2.30108912586E+07 2.81321686822E+24 1.00036893894E+00 1.37352325032E+31
 2.31259451368E+07 2.83553042427E+24 1.00037001544E+00 1.38038989431E+31
 2.32415743274E+07 2.85802096446E+24 1.00037109507E+00 1.38729086665E+31
 2.33577817078E+07 2.88068989258E+24 1.00037217786E+00 1.39422633898E+31
 2.34745701694E+07 2.90353862355E+24 1.00037326380E+00 1.40119648375E+31
 2.35919426183E+07 2.92656858351E+24 1.00037435291E+00 1.40820147432E+31
 2.37099019749E+07 2.94978120990E+24 1.00037544520E+00 1.41524148488E+31
 2.38284511745E+07 2.97317795158E+24 1.00037654068E+00 1.42231669051E+31
 2.39475931668E+07 2.99676026890E+24 1.00037763935E+00 1.42942726716E+31
 2.40673309164E+07 3.02052963378E+24 1.00037874123E+00 1.43657339166E+31
 2.41876674027E+07 3.04448752982E+24 1.00037984632E+00 1.44375524173E+31
 2.43086056201E+07 3.06863545240E+24 1.00038095464E+00 1.45097299596E+31
 2.44301485775E+07 3.09223863149E+24 1.00038203264E+00 1.45822683385E+31
 2.45522992829E+07 3.11215374827E+24 1.00038293762E+00 1.46551693580E+31
 2.46750607666E+07 3.13219712549E+24 1.00038384389E+00 1.47284348309E+31
 2.47984360827E+07 3.15236958918E+24 1.00038475146E+00 1.48020665794E+31
 2.49224283005E+07 3.17267197072E+24 1.00038566033E+00 1.48760664345E+31
 2.50470405050E+07 3.19310510682E+24 1.00038657051E+00 1.49504362365E+31
 2.51722757963E+07 3.21366983958E+24 1.00038748199E+00 1.50251778349E+31
 2.52981372902E+07 3.23436701653E+24 1.00038839478E+00 1.51002930883E+31
 2.54246281180E+07 3.25519749067E+24 1.00038930888E+00 1.51757838648E+31
 2.55517514266E+07 3.27616212047E+24 1.00039022429E+00 1.52516520418E+31
 2.56795103787E+07 3.29726176995E+24 1.00039114101E+00 1.53278995060E+31
 2.58079081530E+07 3.31849730867E+24 1.00039205904E+00 1.54045281535E+31
 2.59369479437E+07 3.33986961181E+24 1.00039297839E+00 1.54815398900E+31
 2.60666329612E+07 3.36137956020E+24 1.00039389906E+00 1.55589366307E+31
 2.61969664321E+07 3.38302804030E+24 1.00039482105E+00 1.56367203003E+31
 2.63279515989E+07 3.40481594431E+24 1.00039574437E+00 1.57148928331E+31
 2.64595917204E+07 3.42674417018E+24 1.00039666900E+00 1.57934561733E+31
 2.65918900717E+07 3.44881362162E+24 1.00039759496E+00 1.58724122746E+31
 2.67248499443E+07 3.47102520817E+24 1.00039852225E+00 1.59517631006E+31
 2.68584746460E+07 3.49337984525E+24 1.00039945087E+00 1.60315106244E+31
 2.69927675015E+07 3.51587845414E+24 1.00040038082E+00 1.61116568295E+31
 2.71277318516E+07 3.53852196208E+24 1.00040131211E+00 1.61922037088E+31
 2.72633710544E+07 3.56131130226E+24 1.00040224473E+00 1.62731532655E+31
 2.73996884843E+07 3.58424741391E+24 1.00040317868E+00 1.63545075127E+31
 2.75366875329E+07 3.60733124226E+24 1.00040411398E+00 1.64362684736E+31
 2.76743716086E+07 3.63056373869E+24 1.00040505062E+00 1.65184381813E+31
 2.78127441368E+07 3.65394586065E+24 1.00040598860E+00 1.66010186795E+31
 2.79518085602E+07 3.67747857180E+24 1.00040692792E+00 1.66840120217E+31
 2.80915683386E+07 3.70116284198E+24 1.00040786859E+00 1.67674202718E+31
 2.82320269491E+07 3.72499964729E+24 1.00040881061E+00 1.68512455042E+31
 2.83731878863E+07 3.74898997010E+24 1.00040975399E+00 1.69354898034E+31
 2.85150546621E+07 3.77313479912E+24 1.00041069871E+00 1.70201552644E+31
 2.86576308061E+07 3.79743512944E+24 1.00041164479E+00 1.71052439928E+31
 2.88009198655E+07 3.82189196252E+24 1.00041259222E+00 1.71907581047E+31
 2.89449254052E+07 3.84650630631E+24 1.00041354102E+00 1.72766997265E+31
 2.90896510081E+07 3.87127917522E+24 1.00041449117E+00 1.73630709957E+31
 2.92351002747E+07 3.89621159023E+24 1.00041544269E+00 1.74498740600E+31
 2.93812768239E+07 3.92130457886E+24 1.00041639557E+00 1.75371110782E+31
 2.95281842924E+07 3.94655917526E+24 1.00041734982E+00 1.76247842198E+31
 2.96758263352E+07 3.97197642025E+24 1.00041830543E+00 1.77128956650E+31
 2.98242066255E+07 3.99755736133E+24 1.00041926242E+00 1.78014476050E+31
 2.99733288549E+07 4.02330305278E+24 1.00042022078E+00 1.78904422421E+31
 3.01231967337E+07 4.04921455563E+24 1.00042118051E+00 1.79798817894E+31
 3.02738139903E+07 4.07529293779E+24 1.00042214162E+00 1.80697684711E+31
 3.04251843721E+07 4.10153927400E+24 1.00042310411E+00 1.81601045226E+31
 3.05773116452E+07 4.12795464595E+24 1.00042406797E+00 1.82508921903E+31
 3.07301995943E+07 4.15454014229E+24 1.00042503322E+00 1.83421337322E+31
 3.08838520233E+07 4.18129685869E+24 1.00042599986E+00 1.84338314172E+31
 3.10382727550E+07 4.20822589786E+24 1.00042696788E+00 1.85259875257E+31
 3.11934656314E+07 4.23532836962E+24 1.00042793728E+00 1.86186043495E+31
 3.13494345135E+07 4.26260539094E+24 1.00042890808E+00 1.87116841919E+31
 3.15061832818E+07 4.29005808598E+24 1.00042988027E+00 1.88052293675E+31
 3.16637158362E+07 4.31768758614E+24 1.00043085385E+00 1.88992422029E+31
 3.18220360960E+07 4.34549503012E+24 1.00043182883E+00 1.89937250359E+31
 3.19811480003E+07 4.37348156392E+24 1.00043280521E+00 1.90886802161E+31
 3.21410555076E+07 4.40164834095E+24 1.00043378299E+00 1.91841101051E+31
 3.23017625964E+07 4.42999652205E+24 1.00043476217E+00 1.92800170759E+31
 3.24632732652E+07 4.45852727553E+24 1.00043574275E+00 1.93764035138E+31
 3.26255915321E+07 4.48724177720E+24 1.00043672474E+00 1.94732718155E+31
 3.27887214357E+07 4.51614121048E+24 1.00043770814E+00 1.95706243902E+31
 3.29526670347E+07 4.54522676638E+24 1.00043869294E+00 1.96684636589E+31
 3.31174324078E+07 4.57449964362E+24 1.00043967916E+00 1.97667920547E+31
 3.32830216546E+07 4.60396104859E+24 1.00044066680E+00 1.98656120228E+31
 3.34494388948E+07 4.63361219550E+24 1.00044165585E+00 1.99649260208E+31
 3.36166882689E+07 4.66345430634E+24 1.00044264632E+00 2.00647365185E+31
 3.37847739379E+07 4.69348861099E+24 1.00044363820E+00 2.01650459981E+31
 3.39537000840E+07 4.72371634724E+24 1.00044463152E+00 2.02658569540E+31
 3.41234709099E+07 4.75413876087E+24 1.00044562625E+00 2.03671718934E+31
 3.42940906394E+07 4.78475710567E+24 1.00044662241E+00 2.04689933357E+31
 3.44655635178E+07 4.81557264349E+24 1.00044762000E+00 2.05713238132E+31
 3.46378938111E+07 4.84658664435E+24 1.00044861902E+00 2.06741658707E+31
 3.48110858069E+07 4.87780038640E+24 1.00044961947E+00 2.07775220656E+31
 3.49851438143E+07 4.90921515605E+24 1.00045062136E+00 2.08813949683E+31
 3.51600721639E+07 4.94083224799E+24 1.00045162469E+00 2.09857871620E+31
 3.53358752078E+07 4.97265296526E+24 1.00045262945E+00 2.10907012428E+31
 3.55125573201E+07 5.00467861926E+24 1.00045363565E+00 2.11961398198E+31
 3.56901228965E+07 5.03691052987E+24 1.00045464330E+00 2.13021055149E+31
 3.58685763550E+07 5.06935002544E+24 1.00045565239E+00 2.14086009636E+31
 3.60479221356E+07 5.10199844291E+24 1.00045666293E+00 2.15156288141E+31
 3.62281647002E+07 5.13485712780E+24 1.00045767491E+00 2.16231917281E+31
 3.64093085335E+07 5.16792743431E+24 1.00045868835E+00 2.17312923805E+31
 3.65913581422E+07 5.20121072536E+24 1.00045970324E+00 2.18399334597E+31
 3.67743180559E+07 5.23470837264E+24 1.00046071959E+00 2.19491176674E+31
 3.69581928265E+07 5.26842175668E+24 1.00046173739E+00 2.20588477188E+31
 3.71429870290E+07 5.30235226692E+24 1.00046275665E+00 2.21691263428E+31
 3.73287052610E+07 5.33650130170E+24 1.00046377738E+00 2.22799562818E+31
 3.75153521432E+07 5.37087026842E+24 1.00046479957E+00 2.23913402921E+31
 3.77029323196E+07 5.40546058352E+24 1.00046582322E+00 2.25032811436E+31
 3.78914504571E+07 5.44027367254E+24 1.00046684834E+00 2.26157816202E+31
 3.80809112461E+07 5.47531097024E+24 1.00046787493E+00 2.27288445194E+31
 3.82713194004E+07 5.51057392061E+24 1.00046890300E+00 2.28424726532E+31
 3.84626796575E+07 5.54606397691E+24 1.00046993254E+00 2.29566688471E+31
 3.86549967785E+07 5.58178260181E+24 1.00047096355E+00 2.30714359413E+31
 3.88482755483E+07 5.61773126735E+24 1.00047199604E+00 2.31867767896E+31
 3.90425207757E+07 5.65391145509E+24 1.00047303001E+00 2.33026942605E+31
 3.92377372937E+07 5.69032465611E+24 1.00047406547E+00 2.34191912368E+31
 3.94339299592E+07 5.72697237110E+24 1.00047510241E+00 2.35362706154E+31
 3.96311036538E+07 5.76385611041E+24 1.00047614084E+00 2.36539353081E+31
 3.98292632830E+07 5.80097739412E+24 1.00047718075E+00 2.37721882409E+31
 4.00284137773E+07 5.83833775210E+24 1.00047822216E+00 2.38910323547E+31
 4.02285600915E+07 5.87593872407E+24 1.00047926506E+00 2.40104706050E+31
 4.04297072055E+07 5.91378185969E+24 1.00048030946E+00 2.41305059619E+31
 4.06318601238E+07 5.95186871855E+24 1.00048135535E+00 2.42511414107E+31
 4.08350238762E+07 5.99020087034E+24 1.00048240274E+00 2.43723799513E+31
 4.10392035174E+07 6.02877989482E+24 1.00048345164E+00 2.44942245988E+31
 4.12444041276E+07 6.06760738194E+24 1.00048450204E+00 2.46166783833E+31
 4.14506308123E+07 6.10668493189E+24 1.00048555394E+00 2.47397443501E+31
 4.16578887024E+07 6.14601415517E+24 1.00048660736E+00 2.48634255595E+31
 4.18661829548E+07 6.18559667263E+24 1.00048766228E+00 2.49877250875E+31
 4.20755187519E+07 6.22543411558E+24 1.00048871872E+00 2.51126460251E+31
 4.22859013021E+07 6.26552812584E+24 1.00048977667E+00 2.52381914789E+31
 4.24973358398E+07 6.30588035579E+24 1.00049083614E+00 2.53643645712E+31
 4.27098276258E+07 6.34649246845E+24 1.00049189712E+00 2.54911684396E+31
 4.29233819469E+07 6.38736613756E+24 1.00049295963E+00 2.56186062376E+31
 4.31380041165E+07 6.42850304765E+24 1.00049402367E+00 2.57466811344E+31
 4.33536994747E+07 6.46990489406E+24 1.00049508922E+00 2.58753963150E+31
 4.35704733879E+07 6.51157338310E+24 1.00049615631E+00 2.60047549804E+31
 4.37883312498E+07 6.55351023203E+24 1.00049722493E+00 2.61347603476E+31
 4.40072784809E+07 6.59571716918E+24 1.00049829507E+00 2.62654156495E+31
 4.42273205286E+07 6.63819593403E+24 1.00049936676E+00 2.63967241355E+31
 4.44484628678E+07 6.68094827723E+24 1.00050043998E+00 2.65286890710E+31
 4.46707110008E+07 6.72397596072E+24 1.00050151474E+00 2.66613137377E+31
 4.48940704572E+07 6.76728075781E+24 1.00050259104E+00 2.67946014339E+31
 4.51185467945E+07 6.81086445319E+24 1.00050366888E+00 2.69285554742E+31
 4.53441455978E+07 6.85472884308E+24 1.00050474827E+00 2.70631791899E+31
 4.55708724801E+07 6.89887573524E+24 1.00050582920E+00 2.71984759289E+31
 4.57987330828E+07 6.94330694909E+24 1.00050691169E+00 2.73344490558E+31
 4.60277330751E+07 6.98802431576E+24 1.00050799573E+00 2.74711019521E+31
 4.62578781548E+07 7.03302967818E+24 1.00050908132E+00 2.76084380161E+31
 4.64891740481E+07 7.07832489115E+24 1.00051016847E+00 2.77464606633E+31
 4.67216265100E+07 7.12391182140E+24 1.00051125718E+00 2.78851733260E+31
 4.69552413239E+07 7.16979234769E+24 1.00051234745E+00 2.80245794538E+31
 4.71900243027E+07 7.21596836090E+24 1.00051343928E+00 2.81646825136E+31
 4.74259812878E+07 7.26244176406E+24 1.00051453268E+00 2.83054859894E+31
 4.76631181501E+07 7.30921447246E+24 1.00051562764E+00 2.84469933830E+31
 4.79014407899E+07 7.35628841375E+24 1.00051672418E+00 2.85892082134E+31
 4.81409551369E+07 7.40366552796E+24 1.00051782229E+00 2.87321340173E+31
 4.83816671505E+07 7.45134776765E+24 1.00051892197E+00 2.88757743491E+31
 4.86235828198E+07 7.49933709791E+24 1.00052002323E+00 2.90201327808E+31
 4.88667081640E+07 7.54763549654E+24 1.00052112607E+00 2.91652129025E+31
 4.91110492324E+07 7.59624495403E+24 1.00052223049E+00 2.93110183221E+31
 4.93566121044E+07 7.64516747373E+24 1.00052333649E+00 2.94575526656E+31
 4.96034028900E+07 7.69440507185E+24 1.00052444408E+00 2.96048195770E+31
 4.98514277295E+07 7.74395977762E+24 1.00052555326E+00 2.97528227188E+31
 5.01006927942E+07 7.79383363332E+24 1.00052666403E+00 2.99015657716E+31
 5.03512042861E+07 7.84402869439E+24 1.00052777639E+00 3.00510524343E+31
 5.06029684382E+07 7.89454702952E+24 1.00052889035E+00 3.02012864245E+31
 5.08559915148E+07 7.94539072069E+24 1.00053000590E+00 3.03522714783E+31
 5.11102798114E+07 7.99656186332E+24 1.00053112305E+00 3.05040113505E+31
 5.13658396551E+07 8.04806256631E+24 1.00053224181E+00 3.06565098147E+31
 5.16226774044E+07 8.09989495215E+24 1.00053336217E+00 3.08097706632E+31
 5.18807994499E+07 8.15206115699E+24 1.00053448413E+00 3.09637977075E+31
 5.21402122141E+07 8.20456333075E+24 1.00053560771E+00 3.11185947780E+31
 5.24009221514E+07 8.25740363718E+24 1.00053673289E+00 3.12741657242E+31
 5.26629357487E+07 8.31058425398E+24 1.00053785969E+00 3.14305144151E+31
 5.29262595253E+07 8.36410737288E+24 1.00053898810E+00 3.15876447387E+31
 5.31909000331E+07 8.41797519970E+24 1.00054011814E+00 3.17455606028E+31
 5.34568638567E+07 8.47218995448E+24 1.00054124979E+00 3.19042659343E+31
 5.37241576136E+07 8.52675387157E+24 1.00054238306E+00 3.20637646802E+31
 5.39927879547E+07 8.58166919970E+24 1.00054351796E+00 3.22240608069E+31
 5.42627615637E+07 8.63693820208E+24 1.00054465449E+00 3.23851583008E+31
 5.45340851581E+07 8.69256315649E+24 1.00054579265E+00 3.25470611681E+31
 5.48067654888E+07 8.74854635540E+24 1.00054693244E+00 3.27097734352E+31
 5.50808093405E+07 8.80489010602E+24 1.00054807386E+00 3.28732991484E+31
 5.53562235320E+07 8.86159673044E+24 1.00054921692E+00 3.30376423744E+31
 5.56330149159E+07 8.91866856569E+24 1.00055036162E+00 3.32028072002E+31
 5.59111903792E+07 8.97610796386E+24 1.00055150796E+00 3.33687977333E+31
 5.61907568435E+07 9.03391729219E+24 1.00055265595E+00 3.35356181015E+31
 5.64717212648E+07 9.09209893316E+24 1.00055380558E+00 3.37032724534E+31
 5.67540906341E+07 9.15065528459E+24 1.00055495686E+00 3.38717649585E+31
 5.70378719770E+07 9.20958875976E+24 1.00055610979E+00 3.40410998068E+31
 5.73230723546E+07 9.26890178747E+24 1.00055726437E+00 3.42112812094E+31
 5.76096988633E+07 9.32859681218E+24 1.00055842061E+00 3.43823133987E+31
 5.78977586347E+07 9.38867629408E+24 1.00055957851E+00 3.45542006278E+31
 5.81872588363E+07 9.44914270922E+24 1.00056073806E+00 3.47269471713E+31
 5.84782066715E+07 9.50999854958E+24 1.00056189928E+00 3.49005573253E+31
 5.87706093794E+07 9.57124632320E+24 1.00056306217E+00 3.50750354072E+31
 5.90644742357E+07 9.63288855427E+24 1.00056422672E+00 3.52503857560E+31
 5.93598085523E+07 9.69492778324E+24 1.00056539294E+00 3.54266127324E+31
 5.96566196776E+07 9.75736656691E+24 1.00056656084E+00 3.56037207190E+31
 5.99549149968E+07 9.82020747855E+24 1.00056773041E+00 3.57817141201E+31
 6.02547019321E+07 9.88345310803E+24 1.00056890165E+00 3.59605973622E+31
 6.05559879429E+07 9.94710606185E+24 1.00057007458E+00 3.61403748939E+31
 6.08587805256E+07 1.00111689633E+25 1.00057124918E+00 3.63210511860E+31
 6.11630872144E+07 1.00756444527E+25 1.00057242548E+00 3.65026307317E+31
 6.14689155811E+07 1.01405351872E+25 1.00057360345E+00 3.66851180466E+31
 6.17762732352E+07 1.02058438410E+25 1.00057478312E+00 3.68685176689E+31
 6.20851678245E+07 1.02715731059E+25 1.00057596448E+00 3.70528341594E+31
 6.23956070348E+07 1.03377256905E+25 1.00057714753E+00 3.72380721020E+31
 6.27075985906E+07 1.04043043214E+25 1.00057833228E+00 3.74242361031E+31
 6.30211502549E+07 1.04713117423E+25 1.00057951873E+00 3.76113307925E+31
 6.33362698294E+07 1.05387507149E+25 1.00058070688E+00 3.77993608229E+31
 6.36529651551E+07 1.06066240184E+25 1.00058189673E+00 3.79883308703E+31
 6.39712441120E+07 1.06749344501E+25 1.00058308829E+00 3.81782456342E+31
 6.42911146196E+07 1.07436848253E+25 1.00058428156E+00 3.83691098375E+31
 6.46125846370E+07 1.08128779774E+25 1.00058547654E+00 3.85609282267E+31
 6.49356621630E+07 1.08825167580E+25 1.00058667323E+00 3.87537055720E+31
 6.52603552365E+07 1.09526040372E+25 1.00058787164E+00 3.89474466677E+31
 6.55866719367E+07 1.10231427033E+25 1.00058907176E+00 3.91421563316E+31
 6.59146203831E+07 1.10941356635E+25 1.00059027361E+00 3.93378394061E+31
 6.62442087357E+07 1.11655858437E+25 1.00059147718E+00 3.95345007574E+31
 6.65754451954E+07 1.12374961884E+25 1.00059268248E+00 3.97321452763E+31
 6.69083380043E+07 1.13098696613E+25 1.00059388950E+00 3.99307778778E+31
 6.72428954455E+07 1.13827092452E+25 1.00059509826E+00 4.01304035018E+31
 6.75791258435E+07 1.14560179419E+25 1.00059630875E+00 4.03310271125E+31
 6.79170375646E+07 1.15297987726E+25 1.00059752097E+00 4.05326536993E+31
 6.82566390168E+07 1.16040547782E+25 1.00059873493E+00 4.07352882764E+31
 6.85979386503E+07 1.16787890188E+25 1.00059995064E+00 4.09389358828E+31
 6.89409449573E+07 1.17540045746E+25 1.00060116808E+00 4.11436015832E+31
 6.92856664729E+07 1.18297045452E+25 1.00060238727E+00 4.13492904671E+31
 6.96321117744E+07 1.19058920506E+25 1.00060360821E+00 4.15560076499E+31
 6.99802894824E+07 1.19825702307E+25 1.00060483090E+00 4.17637582723E+31
 7.03302082603E+07 1.20597422455E+25 1.00060605535E+00 4.19725475007E+31
 7.06818768151E+07 1.21374112755E+25 1.00060728155E+00 4.21823805275E+31
 7.10353038971E+07 1.22155805218E+25 1.00060850951E+00 4.23932625709E+31
 7.13904983006E+07 1.22942532057E+25 1.00060973923E+00 4.26051988752E+31
 7.17474688637E+07 1.23734325698E+25 1.00061097071E+00 4.28181947111E+31
 7.21062244687E+07 1.24531218771E+25 1.00061220396E+00 4.30322553753E+31
 7.24667740426E+07 1.25333244119E+25 1.00061343897E+00 4.32473861913E+31
 7.28291265566E+07 1.26140434795E+25 1.00061467576E+00 4.34635925091E+31
 7.31932910272E+07 1.26952824067E+25 1.00061591432E+00 4.36808797055E+31
 7.35592765156E+07 1.27770445414E+25 1.00061715466E+00 4.38992531841E+31
 7.39270921287E+07 1.28593332534E+25 1.00061839677E+00 4.41187183754E+31
 7.42967470188E+07 1.29421519340E+25 1.00061964067E+00 4.43392807374E+31
 7.46682503837E+07 1.30255039963E+25 1.00062088635E+00 4.45609457550E+31
 7.50416114676E+07 1.31093928756E+25 1.00062213381E+00 4.47837189408E+31
 7.54168395608E+07 1.31938220291E+25 1.00062338307E+00 4.50076058349E+31
 7.57939440000E+07 1.32787949363E+25 1.00062463411E+00 4.52326120050E+31
 7.61729341687E+07 1.33643150993E+25 1.00062588695E+00 4.54587430466E+31
 7.65538194971E+07 1.34503860426E+25 1.00062714159E+00 4.56860045834E+31
 7.69366094629E+07 1.35370113134E+25 1.00062839803E+00 4.59144022669E+31
 7.73213135909E+07 1.36241944817E+25 1.00062965626E+00 4.61439417773E+31
 7.77079414538E+07 1.37119391407E+25 1.00063091630E+00 4.63746288227E+31
 7.80965026719E+07 1.38002489065E+25 1.00063217815E+00 4.66064691400E+31
 7.84870069139E+07 1.38891274185E+25 1.00063344181E+00 4.68394684948E+31
 7.88794638967E+07 1.39785783398E+25 1.00063470728E+00 4.70736326814E+31
 7.92738833857E+07 1.40686053569E+25 1.00063597456E+00 4.73089675233E+31
 7.96702751954E+07 1.41592121800E+25 1.00063724366E+00 4.75454788727E+31
 8.00686491891E+07 1.42504025432E+25 1.00063851458E+00 4.77831726115E+31
 8.04690152797E+07 1.43421802049E+25 1.00063978733E+00 4.80220546507E+31
 8.08713834295E+07 1.44345489473E+25 1.00064106189E+00 4.82621309310E+31
 8.12757636507E+07 1.45275125773E+25 1.00064233829E+00 4.85034074228E+31
 8.16821660054E+07 1.46210749261E+25 1.00064361652E+00 4.87458901263E+31
 8.20906006064E+07 1.47152398497E+25 1.00064489657E+00 4.89895850716E+31
 8.25010776168E+07 1.48100112289E+25 1.00064617847E+00 4.92344983192E+31
 8.29136072505E+07 1.49053929696E+25 1.00064746220E+00 4.94806359596E+31
 8.33281997726E+07 1.50013890026E+25 1.00064874777E+00 4.97280041140E+31
 8.37448654996E+07 1.50980032841E+25 1.00065003519E+00 4.99766089340E+31
 8.41636147994E+07 1.51952397960E+25 1.00065132445E+00 5.02264566022E+31
 8.45844580919E+07 1.52931025457E+25 1.00065261556E+00 5.04775533319E+31
 8.50074058490E+07 1.53915955662E+25 1.00065390853E+00 5.07299053675E+31
 8.54324685952E+07 1.54907229169E+25 1.00065520334E+00 5.09835189846E+31
 8.58596569074E+07 1.55904886829E+25 1.00065650001E+00 5.12384004903E+31
 8.62889814155E+07 1.56908969760E+25 1.00065779855E+00 5.14945562231E+31
 8.67204528025E+07 1.57919519342E+25 1.00065909894E+00 5.17519925532E+31
 8.71540818050E+07 1.58936577223E+25 1.00066040120E+00 5.20107158828E+31
 8.75898792131E+07 1.59960185318E+25 1.00066170533E+00 5.22707326458E+31
 8.80278558709E+07 1.60990385814E+25 1.00066301132E+00 5.25320493086E+31
 8.84680226769E+07 1.62027221167E+25 1.00066431919E+00 5.27946723698E+31
 8.89103905840E+07 1.63070734109E+25 1.00066562893E+00 5.30586083604E+31
 8.93549705997E+07 1.64120967645E+25 1.00066694056E+00 5.33238638441E+31
 8.98017737870E+07 1.65177965059E+25 1.00066825406E+00 5.35904454174E+31
 9.02508112637E+07 1.66241769912E+25 1.00066956945E+00 5.38583597099E+31
 9.07020942035E+07 1.67312426047E+25 1.00067088672E+00 5.41276133842E+31
 9.11556338361E+07 1.68389977588E+25 1.00067220588E+00 5.43982131363E+31
 9.16114414471E+07 1.69474468945E+25 1.00067352693E+00 5.46701656957E+31
 9.20695283788E+07 1.70565944811E+25 1.00067484988E+00 5.49434778253E+31
 9.25299060298E+07 1.71664450171E+25 1.00067617472E+00 5.52181563221E+31
 9.29925858563E+07 1.72770030296E+25 1.00067750147E+00 5.54942080169E+31
 9.34575793713E+07 1.73882730750E+25 1.00067883011E+00 5.57716397748E+31
 9.39248981457E+07 1.75002597390E+25 1.00068016066E+00 5.60504584951E+31
 9.43945538081E+07 1.76129676371E+25 1.00068149312E+00 5.63306711117E+31
 9.48665580453E+07 1.77264014141E+25 1.00068282749E+00 5.66122845930E+31
 9.53409226026E+07 1.78405657449E+25 1.00068416378E+00 5.68953059423E+31
 9.58176592839E+07 1.79554653347E+25 1.00068550198E+00 5.71797421980E+31
 9.62967799524E+07 1.80711049187E+25 1.00068684209E+00 5.74656004337E+31
 9.67782965303E+07 1.81874892627E+25 1.00068818413E+00 5.77528877583E+31
 9.72622209998E+07 1.83046231634E+25 1.00068952810E+00 5.80416113160E+31
 9.77485654027E+07 1.84225114480E+25 1.00069087399E+00 5.83317782872E+31
 9.82373418412E+07 1.85411589751E+25 1.00069222181E+00 5.86233958879E+31
 9.87285624781E+07 1.86605706345E+25 1.00069357156E+00 5.89164713701E+31
 9.92222395367E+07 1.87807513474E+25 1.00069492325E+00 5.92110120223E+31
 9.97183853019E+07 1.89017060669E+25 1.00069627688E+00 5.95070251693E+31
 1.00217012120E+08 1.90234397778E+25 1.00069763245E+00 5.98045181724E+31
 1.00718132398E+08 1.91459574972E+25 1.00069898996E+00 6.01034984300E+31
 1.01221758606E+08 1.92692642742E+25 1.00070034942E+00 6.04039733772E+31
 1.01727903277E+08 1.93933651907E+25 1.00070171082E+00 6.07059504865E+31
 1.02236579006E+08 1.95182653613E+25 1.00070307418E+00 6.10094372676E+31
 1.02747798451E+08 1.96439699334E+25 1.00070443950E+00 6.13144412677E+31
 1.03261574332E+08 1.97704840876E+25 1.00070580677E+00 6.16209700720E+31
 1.03777919435E+08 1.98978130380E+25 1.00070717600E+00 6.19290313033E+31
 1.04296846608E+08 2.00259620322E+25 1.00070854720E+00 6.22386326226E+31
 1.04818368765E+08 2.01549363514E+25 1.00070992036E+00 6.25497817295E+31
 1.05342498884E+08 2.02847413112E+25 1.00071129549E+00 6.28624863616E+31
 1.05869250006E+08 2.04153822611E+25 1.00071267260E+00 6.31767542955E+31
 1.06398635240E+08 2.05468645851E+25 1.00071405168E+00 6.34925933466E+31
 1.06930667759E+08 2.06791937021E+25 1.00071543273E+00 6.38100113694E+31
 1.07465360803E+08 2.08123750657E+25 1.00071681577E+00 6.41290162577E+31
 1.08002727677E+08 2.09464141647E+25 1.00071820078E+00 6.44496159445E+31
 1.08542781752E+08 2.10813165231E+25 1.00071958779E+00 6.47718184029E+31
 1.09085536469E+08 2.12170877007E+25 1.00072097678E+00 6.50956316455E+31
 1.09631005332E+08 2.13537332930E+25 1.00072236777E+00 6.54210637251E+31
 1.10179201917E+08 2.14912589315E+25 1.00072376075E+00 6.57481227347E+31
 1.10730139863E+08 2.16296702840E+25 1.00072515572E+00 6.60768168078E+31
 1.11283832882E+08 2.17689730549E+25 1.00072655270E+00 6.64071541187E+31
 1.11840294751E+08 2.19091729852E+25 1.00072795168E+00 6.67391428822E+31
 1.12399539318E+08 2.20502758529E+25 1.00072935267E+00 6.70727913546E+31
 1.12961580500E+08 2.21922874732E+25 1.00073075566E+00 6.74081078332E+31
 1.13526432281E+08 2.23352136990E+25 1.00073216067E+00 6.77451006568E+31
 1.14094108720E+08 2.24790604204E+25 1.00073356769E+00 6.80837782060E+31
 1.14664623942E+08 2.26238335659E+25 1.00073497673E+00 6.84241489032E+31
 1.15237992144E+08 2.27695391020E+25 1.00073638779E+00 6.87662212129E+31
 1.15814227594E+08 2.29161830335E+25 1.00073780087E+00 6.91100036421E+31
 1.16393344631E+08 2.30637714042E+25 1.00073921598E+00 6.94555047400E+31
 1.16975357668E+08 2.32123102964E+25 1.00074063312E+00 6.98027330989E+31
 1.17560281187E+08 2.33618058320E+25 1.00074205229E+00 7.01516973537E+31
 1.18148129743E+08 2.35122641720E+25 1.00074347350E+00 7.05024061829E+31
 1.18738917966E+08 2.36636915172E+25 1.00074489674E+00 7.08548683079E+31
 1.19332660556E+08 2.38160941084E+25 1.00074632202E+00 7.12090924940E+31
 1.19929372290E+08 2.39694782264E+25 1.00074774935E+00 7.15650875504E+31
 1.20529068016E+08 2.41238501928E+25 1.00074917873E+00 7.19228623300E+31
 1.21131762658E+08 2.42792163695E+25 1.00075061015E+00 7.22824257303E+31
 1.21737471213E+08 2.44355831597E+25 1.00075204363E+00 7.26437866930E+31
 1.22346208755E+08 2.45929570077E+25 1.00075347916E+00 7.30069542048E+31
 1.22957990431E+08 2.47513443992E+25 1.00075491675E+00 7.33719372971E+31
 1.23572831467E+08 2.49107518618E+25 1.00075635640E+00 7.37387450464E+31
 1.24190747163E+08 2.50711859652E+25 1.00075779812E+00 7.41073865749E+31
 1.24811752895E+08 2.52326533213E+25 1.00075924190E+00 7.44778710500E+31
 1.25435864117E+08 2.53951605847E+25 1.00076068775E+00 7.48502076853E+31
 1.26063096360E+08 2.55587144526E+25 1.00076213568E+00 7.52244057402E+31
 1.26693465233E+08 2.57233216656E+25 1.00076358568E+00 7.56004745205E+31
 1.27326986422E+08 2.58889890076E+25 1.00076503776E+00 7.59784233785E+31
 1.27963675694E+08 2.60557233062E+25 1.00076649193E+00 7.63582617132E+31
 1.28603548892E+08 2.62235314330E+25 1.00076794818E+00 7.67399989708E+31
 1.29246621939E+08 2.63924203038E+25 1.00076940651E+00 7.71236446444E+31
 1.29892910839E+08 2.65623968791E+25 1.00077086694E+00 7.75092082748E+31
 1.30542431674E+08 2.67334681639E+25 1.00077232946E+00 7.78966994505E+31
 1.31195200609E+08 2.69056412087E+25 1.00077379408E+00 7.82861278077E+31
 1.31851233886E+08 2.70789231092E+25 1.00077526080E+00 7.86775030310E+31
 1.32510547833E+08 2.72533210067E+25 1.00077672963E+00 7.90708348535E+31
 1.33173158856E+08 2.74288420887E+25 1.00077820055E+00 7.94661330566E+31
 1.33839083445E+08 2.76054935889E+25 1.00077967359E+00 7.98634074709E+31
 1.34508338170E+08 2.77832827877E+25 1.00078114874E+00 8.02626679761E+31
 1.35180939688E+08 2.79622170121E+25 1.00078262601E+00 8.06639245012E+31
 1.35856904736E+08 2.81423036366E+25 1.00078410539E+00 8.10671870248E+31
 1.36536250136E+08 2.83235500829E+25 1.00078558690E+00 8.14724655757E+31
 1.37218992793E+08 2.85059638209E+25 1.00078707053E+00 8.18797702324E+31
 1.37905149698E+08 2.86895523683E+25 1.00078855628E+00 8.22891111241E+31
 1.38594737926E+08 2.88743232912E+25 1.00079004417E+00 8.27004984304E+31
 1.39287774638E+08 2.90602842045E+25 1.00079153419E+00 8.31139423821E+31
 1.39984277081E+08 2.92474427723E+25 1.00079302635E+00 8.35294532609E+31
 1.40684262588E+08 2.94358067079E+25 1.00079452064E+00 8.39470414000E+31
 1.41387748578E+08 2.96253837742E+25 1.00079601708E+00 8.43667171842E+31
 1.42094752558E+08 2.98161817842E+25 1.00079751567E+00 8.47884910502E+31
 1.42805292122E+08 3.00082086013E+25 1.00079901640E+00 8.52123734870E+31
 1.43519384952E+08 3.02014721395E+25 1.00080051929E+00 8.56383750360E+31
 1.44237048820E+08 3.03959803635E+25 1.00080202433E+00 8.60665062911E+31
 1.44958301584E+08 3.05917412897E+25 1.00080353153E+00 8.64967778994E+31
 1.45683161194E+08 3.07887629859E+25 1.00080504089E+00 8.69292005612E+31
 1.46411645688E+08 3.09870535719E+25 1.00080655241E+00 8.73637850303E+31
 1.47143773196E+08 3.11866212199E+25 1.00080806610E+00 8.78005421140E+31
 1.47879561937E+08 3.13874741544E+25 1.00080958197E+00 8.82394826740E+31
 1.48619030221E+08 3.15896206534E+25 1.00081110000E+00 8.86806176261E+31
 1.49362196451E+08 3.17930690477E+25 1.00081262021E+00 8.91239579407E+31
 1.50109079122E+08 3.19978277220E+25 1.00081414261E+00 8.95695146431E+31
 1.50859696820E+08 3.22039051150E+25 1.00081566718E+00 9.00172988135E+31
 1.51614068225E+08 3.24113097197E+25 1.00081719394E+00 9.04673215879E+31
 1.52372212111E+08 3.26200500839E+25 1.00081872289E+00 9.09195941575E+31
 1.53134147344E+08 3.28301348103E+25 1.00082025404E+00 9.13741277699E+31
 1.53899892887E+08 3.30415725570E+25 1.00082178737E+00 9.18309337286E+31
 1.54669467794E+08 3.32543720380E+25 1.00082332291E+00 9.22900233937E+31
 1.55442891220E+08 3.34685420234E+25 1.00082486065E+00 9.27514081822E+31
 1.56220182410E+08 3.36840913397E+25 1.00082640059E+00 9.32150995680E+31
 1.57001360708E+08 3.39010288703E+25 1.00082794274E+00 9.36811090825E+31
 1.57786445556E+08 3.41193635557E+25 1.00082948711E+00 9.41494483147E+31
 1.58575456491E+08 3.43391043942E+25 1.00083103369E+00 9.46201289116E+31
 1.59368413148E+08 3.45602604418E+25 1.00083258248E+00 9.50931625783E+31
 1.60165335261E+08 3.47828408131E+25 1.00083413350E+00 9.55685610784E+31
 1.60966242662E+08 3.50068546811E+25 1.00083568674E+00 9.60463362346E+31
 1.61771155284E+08 3.52323112781E+25 1.00083724220E+00 9.65264999283E+31
 1.62580093157E+08 3.54592198958E+25 1.00083879990E+00 9.70090641006E+31
 1.63393076414E+08 3.56875898858E+25 1.00084035983E+00 9.74940407522E+31
 1.64210125285E+08 3.59174306597E+25 1.00084192200E+00 9.79814419438E+31
 1.65031260105E+08 3.61487516899E+25 1.00084348641E+00 9.84712797963E+31
 1.65856501309E+08 3.63815625099E+25 1.00084505306E+00 9.89635664913E+31
 1.66685869434E+08 3.66158727143E+25 1.00084662196E+00 9.94583142713E+31
 1.67519385119E+08 3.68516919599E+25 1.00084819310E+00 9.99555354400E+31
 1.68357069110E+08 3.70890299652E+25 1.00084976650E+00 1.00455242363E+32
 1.69198942251E+08 3.73278965118E+25 1.00085134216E+00 1.00957447466E+32
 1.70045025495E+08 3.75683014438E+25 1.00085292008E+00 1.01462163240E+32
 1.70895339899E+08 3.78102546692E+25 1.00085450025E+00 1.01969402235E+32
 1.71749906622E+08 3.80537661594E+25 1.00085608270E+00 1.02479177066E+32
 1.72608746933E+08 3.82988459502E+25 1.00085766741E+00 1.02991500410E+32
 1.73471882206E+08 3.85455041420E+25 1.00085925440E+00 1.03506385008E+32
 1.74339333920E+08 3.87937509004E+25 1.00086084366E+00 1.04023843665E+32
 1.75211123664E+08 3.90435964561E+25 1.00086243520E+00 1.04543889249E+32
 1.76087273133E+08 3.92950511062E+25 1.00086402902E+00 1.05066534693E+32
 1.76967804134E+08 3.95481252136E+25 1.00086562512E+00 1.05591792994E+32
 1.77852738578E+08 3.98028292083E+25 1.00086722352E+00 1.06119677215E+32
 1.78742098489E+08 4.00591735873E+25 1.00086882421E+00 1.06650200483E+32
 1.79635906001E+08 4.03171689154E+25 1.00087042719E+00 1.07183375992E+32
 1.80534183357E+08 4.05768258251E+25 1.00087203247E+00 1.07719217001E+32
 1.81436952913E+08 4.08381550177E+25 1.00087364006E+00 1.08257736836E+32
 1.82344237136E+08 4.11011672632E+25 1.00087524994E+00 1.08798948888E+32
 1.83256058606E+08 4.13658734012E+25 1.00087686214E+00 1.09342866618E+32
 1.84172440015E+08 4.16322843408E+25 1.00087847665E+00 1.09889503552E+32
 1.85093404169E+08 4.19004110617E+25 1.00088009347E+00 1.10438873283E+32
 1.86018973988E+08 4.21702646140E+25 1.00088171261E+00 1.10990989474E+32
 1.86949172507E+08 4.24418561192E+25 1.00088333408E+00 1.11545865855E+32
 1.87884022876E+08 4.27151967704E+25 1.00088495787E+00 1.12103516226E+32
 1.88823548360E+08 4.29902978325E+25 1.00088658398E+00 1.12663954453E+32
 1.89767772341E+08 4.32671706433E+25 1.00088821243E+00 1.13227194475E+32
 1.90716718319E+08 4.35458266136E+25 1.00088984321E+00 1.13793250298E+32
 1.91670409910E+08 4.38262772274E+25 1.00089147634E+00 1.14362136000E+32
 1.92628870850E+08 4.41085340429E+25 1.00089311180E+00 1.14933865727E+32
 1.93592124990E+08 4.43926086927E+25 1.00089474961E+00 1.15508453699E+32
 1.94560196305E+08 4.46785128844E+25 1.00089638977E+00 1.16085914203E+32
 1.95533108886E+08 4.49662584007E+25 1.00089803228E+00 1.16666261602E+32
 1.96510886947E+08 4.52558571005E+25 1.00089967714E+00 1.17249510326E+32
 1.97493554823E+08 4.55473209189E+25 1.00090132436E+00 1.17835674882E+32
 1.98481136968E+08 4.58406618681E+25 1.00090297395E+00 1.18424769845E+32
 1.99473657963E+08 4.61358920372E+25 1.00090462590E+00 1.19016809866E+32
 2.00471142507E+08 4.64330235937E+25 1.00090628022E+00 1.19611809668E+32
 2.01473615426E+08 4.67320687832E+25 1.00090793691E+00 1.20209784048E+32
 2.02481101669E+08 4.70330399300E+25 1.00090959597E+00 1.20810747876E+32
 2.03493626309E+08 4.73359494380E+25 1.00091125742E+00 1.21414716098E+32
 2.04511214546E+08 4.76408097911E+25 1.00091292125E+00 1.22021703734E+32
 2.05533891705E+08 4.79476335532E+25 1.00091458746E+00 1.22631725878E+32
 2.06561683238E+08 4.82564333696E+25 1.00091625606E+00 1.23244797701E+32
 2.07594614725E+08 4.85672219666E+25 1.00091792706E+00 1.23860934450E+32
 2.08632711872E+08 4.88800121527E+25 1.00091960045E+00 1.24480151446E+32
 2.09676000516E+08 4.91948168189E+25 1.00092127624E+00 1.25102464088E+32
 2.10724506621E+08 4.95116489392E+25 1.00092295443E+00 1.25727887854E+32
 2.11778256282E+08 4.98305215709E+25 1.00092463503E+00 1.26356438295E+32
 2.12837275725E+08 5.01514478559E+25 1.00092631804E+00 1.26988131044E+32
 2.13901591307E+08 5.04744410203E+25 1.00092800346E+00 1.27622981809E+32
 2.14971229515E+08 5.07995143756E+25 1.00092969130E+00 1.28261006379E+32
 2.16046216972E+08 5.11266813189E+25 1.00093138156E+00 1.28902220620E+32
 2.17126580430E+08 5.14559553338E+25 1.00093307425E+00 1.29546640478E+32
 2.18212346779E+08 5.17873499904E+25 1.00093476936E+00 1.30194281979E+32
 2.19303543040E+08 5.21208789465E+25 1.00093646690E+00 1.30845161230E+32
 2.20400196371E+08 5.24565559477E+25 1.00093816687E+00 1.31499294416E+32
 2.21502334066E+08 5.27943948282E+25 1.00093986929E+00 1.32156697805E+32
 2.22609983554E+08 5.31344095113E+25 1.00094157414E+00 1.32817387745E+32
 2.23723172403E+08 5.34766140098E+25 1.00094328144E+00 1.33481380668E+32
 2.24841928318E+08 5.38210224271E+25 1.00094499119E+00 1.34148693085E+32
 2.25966279142E+08 5.41676489571E+25 1.00094670339E+00 1.34819341592E+32
 2.27096252859E+08 5.45165078853E+25 1.00094841804E+00 1.35493342866E+32
 2.28231877591E+08 5.48676135891E+25 1.00095013515E+00 1.36170713670E+32
 2.29373181603E+08 5.52209805385E+25 1.00095185473E+00 1.36851470849E+32
 2.30520193299E+08 5.55766232967E+25 1.00095357676E+00 1.37535631331E+32
 2.31672941225E+08 5.59345565209E+25 1.00095530127E+00 1.38223212132E+32
 2.32831454073E+08 5.62947949623E+25 1.00095702826E+00 1.38914230349E+32
 2.33995760675E+08 5.66573534674E+25 1.00095875771E+00 1.39608703169E+32
 2.35165890010E+08 5.70222469783E+25 1.00096048965E+00 1.40306647861E+32
 2.36341871199E+08 5.73894905332E+25 1.00096222407E+00 1.41008081783E+32
 2.37523733510E+08 5.77590992672E+25 1.00096396098E+00 1.41713022378E+32
 2.38711506360E+08 5.81310884129E+25 1.00096570038E+00 1.42421487177E+32
 2.39905219308E+08 5.85054733011E+25 1.00096744227E+00 1.43133493798E+32
 2.41104902066E+08 5.88822693611E+25 1.00096918667E+00 1.43849059949E+32
 2.42310584490E+08 5.92614921218E+25 1.00097093356E+00 1.44568203423E+32
 2.43522296590E+08 5.96431572120E+25 1.00097268295E+00 1.45290942106E+32
 2.44740068522E+08 6.00272803611E+25 1.00097443486E+00 1.46017293971E+32
 2.45963930596E+08 6.04138773999E+25 1.00097618928E+00 1.46747277081E+32
 2.47193913270E+08 6.08029642612E+25 1.00097794621E+00 1.47480909590E+32
 2.48430047159E+08 6.11945569803E+25 1.00097970566E+00 1.48218209742E+32
 2.49672363027E+08 6.15886716958E+25 1.00098146764E+00 1.48959195872E+32
 2.50920891795E+08 6.19853246503E+25 1.00098323214E+00 1.49703886409E+32
 2.52175664536E+08 6.23845321908E+25 1.00098499917E+00 1.50452299872E+32
 2.53436712480E+08 6.27863107700E+25 1.00098676874E+00 1.51204454872E+32
 2.54704067014E+08 6.31906769461E+25 1.00098854084E+00 1.51960370115E+32
 2.55977759680E+08 6.35976473843E+25 1.00099031548E+00 1.52720064398E+32
 2.57257822178E+08 6.40072388568E+25 1.00099209267E+00 1.53483556616E+32
 2.58544286368E+08 6.44194682442E+25 1.00099387241E+00 1.54250865754E+32
 2.59837184269E+08 6.48343525354E+25 1.00099565470E+00 1.55022010894E+32
 2.61136548060E+08 6.52519088290E+25 1.00099743954E+00 1.55797011215E+32
 2.62442410080E+08 6.56721543338E+25 1.00099922695E+00 1.56575885988E+32
 2.63754802830E+08 6.60951063690E+25 1.00100101691E+00 1.57358654584E+32
 2.65073758976E+08 6.65207823658E+25 1.00100280945E+00 1.58145336469E+32
 2.66399311344E+08 6.69491998675E+25 1.00100460455E+00 1.58935951207E+32
 2.67731492927E+08 6.73803765303E+25 1.00100640223E+00 1.59730518458E+32
 2.69070336880E+08 6.78143301241E+25 1.00100820248E+00 1.60529057984E+32
 2.70415876527E+08 6.82510785335E+25 1.00101000532E+00 1.61331589641E+32
 2.71768145357E+08 6.86906397580E+25 1.00101181074E+00 1.62138133389E+32
 2.73127177027E+08 6.91330319131E+25 1.00101361875E+00 1.62948709285E+32
 2.74493005362E+08 6.95782732311E+25 1.00101542935E+00 1.63763337486E+32
 2.75865664357E+08 7.00263820616E+25 1.00101724255E+00 1.64582038252E+32
 2.77245188175E+08 7.04773768723E+25 1.00101905835E+00 1.65404831942E+32
 2.78631611153E+08 7.09312762501E+25 1.00102087676E+00 1.66231739018E+32
 2.80024967797E+08 7.13880989013E+25 1.00102269777E+00 1.67062780044E+32
 2.81425292787E+08 7.18478636529E+25 1.00102452139E+00 1.67897975687E+32
 2.82832620976E+08 7.23105894530E+25 1.00102634762E+00 1.68737346717E+32
 2.84246987393E+08 7.27762953719E+25 1.00102817648E+00 1.69580914008E+32
 2.85668427239E+08 7.32450006026E+25 1.00103000796E+00 1.70428698539E+32
 2.87096975894E+08 7.37167244617E+25 1.00103184206E+00 1.71280721392E+32
 2.88532668913E+08 7.41914863902E+25 1.00103367879E+00 1.72137003756E+32
 2.89975542030E+08 7.46693059545E+25 1.00103551816E+00 1.72997566925E+32
 2.91425631158E+08 7.51502028467E+25 1.00103736016E+00 1.73862432302E+32
 2.92882972389E+08 7.56341968860E+25 1.00103920481E+00 1.74731621393E+32
 2.94347601995E+08 7.61213080191E+25 1.00104105210E+00 1.75605155814E+32
 2.95819556431E+08 7.66115563211E+25 1.00104290204E+00 1.76483057289E+32
 2.97298872333E+08 7.71049619966E+25 1.00104475463E+00 1.77365347650E+32
 2.98785586520E+08 7.76015453801E+25 1.00104660988E+00 1.78252048839E+32
 3.00279735997E+08 7.81013269373E+25 1.00104846779E+00 1.79143182905E+32
 3.01781357953E+08 7.86043272656E+25 1.00105032836E+00 1.80038772011E+32
 3.03290489762E+08 7.91105670948E+25 1.00105219160E+00 1.80938838429E+32
 3.04807168987E+08 7.96200672887E+25 1.00105405752E+00 1.81843404542E+32
 3.06331433378E+08 8.01328488450E+25 1.00105592610E+00 1.82752492844E+32
 3.07863320874E+08 8.06489328970E+25 1.00105779737E+00 1.83666125945E+32
 3.09402869602E+08 8.11683407138E+25 1.00105967132E+00 1.84584326565E+32
 3.10950117883E+08 8.16910937018E+25 1.00106154796E+00 1.85507117538E+32
 3.12505104227E+08 8.22172134049E+25 1.00106342729E+00 1.86434521812E+32
 3.14067867338E+08 8.27467215061E+25 1.00106530931E+00 1.87366562452E+32
 3.15638446114E+08 8.32796398278E+25 1.00106719403E+00 1.88303262634E+32
 3.17216879645E+08 8.38159903331E+25 1.00106908146E+00 1.89244645655E+32
 3.18803207220E+08 8.43557951265E+25 1.00107097159E+00 1.90190734924E+32
 3.20397468321E+08 8.48990764547E+25 1.00107286443E+00 1.91141553971E+32
 3.21999702632E+08 8.54458567079E+25 1.00107475998E+00 1.92097126439E+32
 3.23609950031E+08 8.59961584205E+25 1.00107665826E+00 1.93057476093E+32
 3.25228250598E+08 8.65500042719E+25 1.00107855925E+00 1.94022626816E+32
 3.26854644614E+08 8.71074170876E+25 1.00108046297E+00 1.94992602609E+32
 3.28489172558E+08 8.76684198401E+25 1.00108236942E+00 1.95967427594E+32
 3.30131875116E+08 8.82330356498E+25 1.00108427861E+00 1.96947126014E+32
 3.31782793174E+08 8.88012877863E+25 1.00108619053E+00 1.97931722233E+32
 3.33441967826E+08 8.93731996686E+25 1.00108810519E+00 1.98921240736E+32
 3.35109440367E+08 8.99487948669E+25 1.00109002260E+00 1.99915706131E+32
 3.36785252303E+08 9.05280971031E+25 1.00109194276E+00 2.00915143150E+32
 3.38469445345E+08 9.11111302517E+25 1.00109386567E+00 2.01919576645E+32
 3.40162061414E+08 9.16979183412E+25 1.00109579134E+00 2.02929031598E+32
 3.41863142639E+08 9.22884855547E+25 1.00109771977E+00 2.03943533110E+32
 3.43572731362E+08 9.28828562312E+25 1.00109965097E+00 2.04963106412E+32
 3.45290870135E+08 9.34810548662E+25 1.00110158493E+00 2.05987776859E+32
 3.47017601724E+08 9.40831061133E+25 1.00110352167E+00 2.07017569932E+32
 3.48752969108E+08 9.46890347845E+25 1.00110546118E+00 2.08052511242E+32
 3.50497015482E+08 9.52988658520E+25 1.00110740348E+00 2.09092626526E+32
 3.52249784257E+08 9.59126244484E+25 1.00110934856E+00 2.10137941650E+32
 3.54011319059E+08 9.65303358686E+25 1.00111129643E+00 2.11188482610E+32
 3.55781663736E+08 9.71520255700E+25 1.00111324709E+00 2.12244275531E+32
 3.57560862352E+08 9.77777191743E+25 1.00111520055E+00 2.13305346670E+32
 3.59348959194E+08 9.84074424679E+25 1.00111715681E+00 2.14371722412E+32
 3.61145998768E+08 9.90412214036E+25 1.00111911588E+00 2.15443429279E+32
 3.62952025804E+08 9.96790821010E+25 1.00112107775E+00 2.16520493921E+32
 3.64767085257E+08 1.00321050848E+26 1.00112304244E+00 2.17602943125E+32
 3.66591222304E+08 1.00967154103E+26 1.00112500994E+00 2.18690803808E+32
 3.68424482351E+08 1.01617418492E+26 1.00112698027E+00 2.19784103024E+32
 3.70266911030E+08 1.02271870815E+26 1.00112895342E+00 2.20882867963E+32
 3.72118554199E+08 1.02930538044E+26 1.00113092940E+00 2.21987125948E+32
 3.73979457950E+08 1.03593447324E+26 1.00113290822E+00 2.23096904442E+32
 3.75849668601E+08 1.04260625976E+26 1.00113488987E+00 2.24212231043E+32
 3.77729232704E+08 1.04932101495E+26 1.00113687436E+00 2.25333133487E+32
 3.79618197045E+08 1.05607901556E+26 1.00113886170E+00 2.26459639650E+32
 3.81516608641E+08 1.06288054010E+26 1.00114085189E+00 2.27591777546E+32
 3.83424514747E+08 1.06972586887E+26 1.00114284493E+00 2.28729575330E+32
 3.85341962853E+08 1.07661528400E+26 1.00114484083E+00 2.29873061298E+32
 3.87269000687E+08 1.08354906941E+26 1.00114683959E+00 2.31022263887E+32
 3.89205676215E+08 1.09052751086E+26 1.00114884122E+00 2.32177211674E+32
 3.91152037645E+08 1.09755089596E+26 1.00115084572E+00 2.33337933384E+32
 3.93108133422E+08 1.10461951416E+26 1.00115285309E+00 2.34504457880E+32
 3.95074012239E+08 1.11173365677E+26 1.00115486334E+00 2.35676814173E+32
 3.97049723028E+08 1.11889361699E+26 1.00115687647E+00 2.36855031417E+32
 3.99035314968E+08 1.12609968991E+26 1.00115889249E+00 2.38039138914E+32
 4.01030837483E+08 1.13335217250E+26 1.00116091140E+00 2.39229166110E+32
 4.03036340246E+08 1.14065136365E+26 1.00116293321E+00 2.40425142599E+32
 4.05051873176E+08 1.14799756419E+26 1.00116495791E+00 2.41627098125E+32
 4.07077486443E+08 1.15539107688E+26 1.00116698552E+00 2.42835062577E+32
 4.09113230469E+08 1.16283220642E+26 1.00116901604E+00 2.44049065997E+32
 4.11159155926E+08 1.17032125948E+26 1.00117104946E+00 2.45269138574E+32
 4.13215313741E+08 1.17785854470E+26 1.00117308580E+00 2.46495310650E+32
 4.15281755096E+08 1.18544437273E+26 1.00117512507E+00 2.47727612719E+32
 4.17358531428E+08 1.19307905618E+26 1.00117716725E+00 2.48966075426E+32
 4.19445694432E+08 1.20076290971E+26 1.00117921237E+00 2.50210729570E+32
 4.21543296062E+08 1.20849625000E+26 1.00118126041E+00 2.51461606103E+32
 4.23651388530E+08 1.21627939574E+26 1.00118331140E+00 2.52718736134E+32
 4.25770024312E+08 1.22411266771E+26 1.00118536532E+00 2.53982150925E+32
 4.27899256144E+08 1.23199638874E+26 1.00118742219E+00 2.55251881896E+32
 4.30039137028E+08 1.23993088374E+26 1.00118948201E+00 2.56527960622E+32
 4.32189720229E+08 1.24791647971E+26 1.00119154478E+00 2.57810418839E+32
 4.34351059280E+08 1.25595350576E+26 1.00119361051E+00 2.59099288440E+32
 4.36523207981E+08 1.26404229311E+26 1.00119567921E+00 2.60394601476E+32
 4.38706220402E+08 1.27218317513E+26 1.00119775086E+00 2.61696390160E+32
 4.40900150882E+08 1.28037648733E+26 1.00119982549E+00 2.63004686866E+32
 4.43105054034E+08 1.28862256737E+26 1.00120190310E+00 2.64319524130E+32
 4.45320984743E+08 1.29692175510E+26 1.00120398368E+00 2.65640934649E+32
 4.47547998168E+08 1.30527439255E+26 1.00120606725E+00 2.66968951285E+32
 4.49786149745E+08 1.31368082396E+26 1.00120815380E+00 2.68303607065E+32
 4.52035495186E+08 1.32214139578E+26 1.00121024335E+00 2.69644935178E+32
 4.54296090484E+08 1.33065645669E+26 1.00121233589E+00 2.70992968983E+32
 4.56567991910E+08 1.33922635762E+26 1.00121443143E+00 2.72347742003E+32
 4.58851256016E+08 1.34785145176E+26 1.00121652998E+00 2.73709287929E+32
 4.61145939641E+08 1.35653209458E+26 1.00121863153E+00 2.75077640620E+32
 4.63452099903E+08 1.36526864382E+26 1.00122073610E+00 2.76452834106E+32
 4.65769794209E+08 1.37406145955E+26 1.00122284369E+00 2.77834902587E+32
 4.68099080253E+08 1.38291090414E+26 1.00122495430E+00 2.79223880431E+32
 4.70440016017E+08 1.39181734230E+26 1.00122706794E+00 2.80619802182E+32
 4.72792659772E+08 1.40078114110E+26 1.00122918460E+00 2.82022702553E+32
 4.75157070083E+08 1.40980266994E+26 1.00123130431E+00 2.83432616433E+32
 4.77533305807E+08 1.41888230064E+26 1.00123342705E+00 2.84849578884E+32
 4.79921426093E+08 1.42802040739E+26 1.00123555283E+00 2.86273625145E+32
 4.82321490390E+08 1.43721736680E+26 1.00123768167E+00 2.87704790629E+32
 4.84733558442E+08 1.44647355790E+26 1.00123981355E+00 2.89143110927E+32
 4.87157690292E+08 1.45578936216E+26 1.00124194849E+00 2.90588621808E+32
 4.89593946283E+08 1.46516516352E+26 1.00124408650E+00 2.92041359221E+32
 4.92042387063E+08 1.47460134837E+26 1.00124622757E+00 2.93501359293E+32
 4.94503073578E+08 1.48409830561E+26 1.00124837171E+00 2.94968658331E+32
 4.96976067084E+08 1.49365642663E+26 1.00125051892E+00 2.96443292826E+32
 4.99461429141E+08 1.50327610535E+26 1.00125266921E+00 2.97925299449E+32
 5.01959221617E+08 1.51295773822E+26 1.00125482259E+00 2.99414715057E+32
 5.04469506689E+08 1.52270172426E+26 1.00125697906E+00 3.00911576688E+32
 5.06992346848E+08 1.53250846503E+26 1.00125913861E+00 3.02415921568E+32
 5.09527804894E+08 1.54237836470E+26 1.00126130126E+00 3.03927787108E+32
 5.12075943944E+08 1.55231183003E+26 1.00126346702E+00 3.05447210905E+32
 5.14636827428E+08 1.56230927041E+26 1.00126563588E+00 3.06974230745E+32
 5.17210519095E+08 1.57237109787E+26 1.00126780785E+00 3.08508884604E+32
 5.19797083014E+08 1.58249772708E+26 1.00126998293E+00 3.10051210645E+32
 5.22396583573E+08 1.59268957537E+26 1.00127216113E+00 3.11601247225E+32
 5.25009085482E+08 1.60294706280E+26 1.00127434246E+00 3.13159032891E+32
 5.27634653775E+08 1.61327061210E+26 1.00127652691E+00 3.14724606383E+32
 5.30273353812E+08 1.62366064872E+26 1.00127871450E+00 3.16298006633E+32
 5.32925251279E+08 1.63411760088E+26 1.00128090522E+00 3.17879272772E+32
 5.35590412192E+08 1.64464189953E+26 1.00128309908E+00 3.19468444121E+32
 5.38268902896E+08 1.65523397841E+26 1.00128529609E+00 3.21065560203E+32
 5.40960790068E+08 1.66589427404E+26 1.00128749625E+00 3.22670660734E+32
 5.43666140719E+08 1.67662322577E+26 1.00128969957E+00 3.24283785632E+32
 5.46385022195E+08 1.68742127576E+26 1.00129190604E+00 3.25904975012E+32
 5.49117502180E+08 1.69828886904E+26 1.00129411568E+00 3.27534269192E+32
 5.51863648696E+08 1.70922645348E+26 1.00129632849E+00 3.29171708689E+32
 5.54623530103E+08 1.72023447986E+26 1.00129854446E+00 3.30817334225E+32
 5.57397215107E+08 1.73131340184E+26 1.00130076362E+00 3.32471186723E+32
 5.60184772754E+08 1.74246367603E+26 1.00130298596E+00 3.34133307313E+32
 5.62986272439E+08 1.75368576194E+26 1.00130521149E+00 3.35803737330E+32
 5.65801783902E+08 1.76498012208E+26 1.00130744020E+00 3.37482518314E+32
 5.68631377232E+08 1.77634722192E+26 1.00130967211E+00 3.39169692015E+32
 5.71475122868E+08 1.78778752992E+26 1.00131190723E+00 3.40865300390E+32
 5.74333091604E+08 1.79930151758E+26 1.00131414554E+00 3.42569385607E+32
 5.77205354586E+08 1.81088965941E+26 1.00131638707E+00 3.44281990044E+32
 5.80091983316E+08 1.82255243300E+26 1.00131863181E+00 3.46003156290E+32
 5.82993049654E+08 1.83429031900E+26 1.00132087977E+00 3.47732927150E+32
 5.85908625821E+08 1.84610380116E+26 1.00132313095E+00 3.49471345639E+32
 5.88838784397E+08 1.85799336635E+26 1.00132538537E+00 3.51218454990E+32
 5.91783598327E+08 1.86995950456E+26 1.00132764301E+00 3.52974298651E+32
 5.94743140919E+08 1.88200270897E+26 1.00132990389E+00 3.54738920288E+32
 5.97717485850E+08 1.89412347589E+26 1.00133216801E+00 3.56512363783E+32
 6.00706707164E+08 1.90632230487E+26 1.00133443538E+00 3.58294673241E+32
 6.03710879276E+08 1.91859969864E+26 1.00133670600E+00 3.60085892984E+32
 6.06730076973E+08 1.93095616320E+26 1.00133897988E+00 3.61886067559E+32
 6.09764375417E+08 1.94339220778E+26 1.00134125702E+00 3.63695241731E+32
 6.12813850144E+08 1.95590834492E+26 1.00134353742E+00 3.65513460495E+32
 6.15878577072E+08 1.96850509043E+26 1.00134582109E+00 3.67340769064E+32
 6.18958632494E+08 1.98118296346E+26 1.00134810804E+00 3.69177212883E+32
 6.22054093087E+08 1.99394248650E+26 1.00135039826E+00 3.71022837622E+32
 6.25165035913E+08 2.00678418542E+26 1.00135269177E+00 3.72877689177E+32
 6.28291538416E+08 2.01970858944E+26 1.00135498857E+00 3.74741813678E+32
 6.31433678432E+08 2.03271623122E+26 1.00135728866E+00 3.76615257481E+32
 6.34591534182E+08 2.04580764684E+26 1.00135959205E+00 3.78498067177E+32
 6.37765184280E+08 2.05898337583E+26 1.00136189874E+00 3.80390289589E+32
 6.40954707736E+08 2.07224396121E+26 1.00136420874E+00 3.82291971774E+32
 6.44160183950E+08 2.08558994947E+26 1.00136652206E+00 3.84203161023E+32
 6.47381692725E+08 2.09902189065E+26 1.00136883868E+00 3.86123904866E+32
 6.50619314258E+08 2.11254033830E+26 1.00137115864E+00 3.88054251068E+32
 6.53873129151E+08 2.12614584957E+26 1.00137348191E+00 3.89994247635E+32
 6.57143218407E+08 2.13983898517E+26 1.00137580852E+00 3.91943942812E+32
 6.60429663436E+08 2.15362030943E+26 1.00137813847E+00 3.93903385084E+32
 6.63732546055E+08 2.16749039032E+26 1.00138047175E+00 3.95872623181E+32
 6.67051948488E+08 2.18144979947E+26 1.00138280839E+00 3.97851706074E+32
 6.70387953374E+08 2.19549911218E+26 1.00138514837E+00 3.99840682980E+32
 6.73740643763E+08 2.20963890746E+26 1.00138749171E+00 4.01839603364E+32
 6.77110103121E+08 2.22386976805E+26 1.00138983840E+00 4.03848516934E+32
 6.80496415332E+08 2.23819228045E+26 1.00139218847E+00 4.05867473650E+32
 6.83899664699E+08 2.25260703492E+26 1.00139454190E+00 4.07896523721E+32
 6.87319935948E+08 2.26711462554E+26 1.00139689870E+00 4.09935717605E+32
 6.90757314228E+08 2.28171565020E+26 1.00139925889E+00 4.11985106016E+32
 6.94211885114E+08 2.29641071065E+26 1.00140162246E+00 4.14044739918E+32
 6.97683734610E+08 2.31120041252E+26 1.00140398942E+00 4.16114670531E+32
 7.01172949149E+08 2.32608536534E+26 1.00140635978E+00 4.18194949333E+32
 7.04679615596E+08 2.34106618254E+26 1.00140873353E+00 4.20285628056E+32
 7.08203821254E+08 2.35614348154E+26 1.00141111068E+00 4.22386758692E+32
 7.11745653859E+08 2.37131788370E+26 1.00141349125E+00 4.24498393495E+32
 7.15305201587E+08 2.38659001441E+26 1.00141587523E+00 4.26620584976E+32
 7.18882553057E+08 2.40196050308E+26 1.00141826262E+00 4.28753385913E+32
 7.22477797330E+08 2.41742998316E+26 1.00142065344E+00 4.30896849345E+32
 7.26091023911E+08 2.43299909220E+26 1.00142304769E+00 4.33051028577E+32
 7.29722322755E+08 2.44866847183E+26 1.00142544537E+00 4.35215977180E+32
 7.33371784268E+08 2.46443876785E+26 1.00142784649E+00 4.37391748993E+32
 7.37039499305E+08 2.48031063018E+26 1.00143025105E+00 4.39578398126E+32
 7.40725559178E+08 2.49628471295E+26 1.00143265906E+00 4.41775978956E+32
 7.44430055655E+08 2.51236167450E+26 1.00143507053E+00 4.43984546135E+32
 7.48153080964E+08 2.52854217740E+26 1.00143748545E+00 4.46204154586E+32
 7.51894727793E+08 2.54482688849E+26 1.00143990383E+00 4.48434859509E+32
 7.55655089295E+08 2.56121647892E+26 1.00144232568E+00 4.50676716377E+32
 7.59434259089E+08 2.57771162413E+26 1.00144475101E+00 4.52929780942E+32
 7.63232331262E+08 2.59431300395E+26 1.00144717981E+00 4.55194109236E+32
 7.67049400371E+08 2.61102130257E+26 1.00144961209E+00 4.57469757568E+32
 7.70885561447E+08 2.62783720857E+26 1.00145204786E+00 4.59756782531E+32
 7.74740909998E+08 2.64476141498E+26 1.00145448713E+00 4.62055241000E+32
 7.78615542006E+08 2.66179461931E+26 1.00145692989E+00 4.64365190134E+32
 7.82509553936E+08 2.67893752353E+26 1.00145937615E+00 4.66686687379E+32
 7.86423042737E+08 2.69619083415E+26 1.00146182593E+00 4.69019790466E+32
 7.90356105839E+08 2.71355526223E+26 1.00146427921E+00 4.71364557418E+32
 7.94308841162E+08 2.73103152340E+26 1.00146673602E+00 4.73721046544E+32
 7.98281347116E+08 2.74862033791E+26 1.00146919634E+00 4.76089316448E+32
 8.02273722604E+08 2.76632243065E+26 1.00147166019E+00 4.78469426026E+32
 8.06286067021E+08 2.78413853115E+26 1.00147412758E+00 4.80861434466E+32
 8.10318480262E+08 2.80206937369E+26 1.00147659851E+00 4.83265401255E+32
 8.14371062720E+08 2.82011569723E+26 1.00147907297E+00 4.85681386177E+32
 8.18443915293E+08 2.83827824551E+26 1.00148155099E+00 4.88109449313E+32
 8.22537139381E+08 2.85655776706E+26 1.00148403256E+00 4.90549651046E+32
 8.26650836893E+08 2.87495501523E+26 1.00148651768E+00 4.93002052060E+32
 8.30785110246E+08 2.89347074823E+26 1.00148900637E+00 4.95466713344E+32
 8.34940062373E+08 2.91210572913E+26 1.00149149863E+00 4.97943696189E+32
 8.39115796717E+08 2.93086072594E+26 1.00149399447E+00 5.00433062195E+32
 8.43312417244E+08 2.94973651161E+26 1.00149649388E+00 5.02934873269E+32
 8.47530028436E+08 2.96873386404E+26 1.00149899687E+00 5.05449191628E+32
 8.51768735299E+08 2.98785356618E+26 1.00150150346E+00 5.07976079798E+32
 8.56028643366E+08 3.00709640601E+26 1.00150401364E+00 5.10515600621E+32
 8.60309858696E+08 3.02646317657E+26 1.00150652741E+00 5.13067817250E+32
 8.64612487879E+08 3.04595467602E+26 1.00150904480E+00 5.15632793155E+32
 8.68936638040E+08 3.06557170766E+26 1.00151156579E+00 5.18210592125E+32
 8.73282416837E+08 3.08531507996E+26 1.00151409039E+00 5.20801278265E+32
 8.77649932470E+08 3.10518560661E+26 1.00151661862E+00 5.23404916001E+32
 8.82039293678E+08 3.12518410651E+26 1.00151915047E+00 5.26021570083E+32
 8.86450609744E+08 3.14531140387E+26 1.00152168596E+00 5.28651305584E+32
 8.90883990500E+08 3.16556832818E+26 1.00152422507E+00 5.31294187900E+32
 8.95339546326E+08 3.18595571429E+26 1.00152676783E+00 5.33950282757E+32
 8.99817388154E+08 3.20647440242E+26 1.00152931424E+00 5.36619656208E+32
 9.04317627471E+08 3.22712523821E+26 1.00153186429E+00 5.39302374637E+32
 9.08840376323E+08 3.24790907271E+26 1.00153441801E+00 5.41998504760E+32
 9.13385747316E+08 3.26882676251E+26 1.00153697538E+00 5.44708113624E+32
 9.17953853619E+08 3.28987916967E+26 1.00153953642E+00 5.47431268614E+32
 9.22544808968E+08 3.31106716182E+26 1.00154210114E+00 5.50168037452E+32
 9.27158727668E+08 3.33239161218E+26 1.00154466953E+00 5.52918488197E+32
 9.31795724595E+08 3.35385339958E+26 1.00154724160E+00 5.55682689249E+32
 9.36455915201E+08 3.37545340853E+26 1.00154981737E+00 5.58460709349E+32
 9.41139415515E+08 3.39719252922E+26 1.00155239682E+00 5.61252617583E+32
 9.45846342146E+08 3.41907165758E+26 1.00155497998E+00 5.64058483382E+32
 9.50576812287E+08 3.44109169531E+26 1.00155756683E+00 5.66878376524E+32
 9.55330943719E+08 3.46325354992E+26 1.00156015740E+00 5.69712367136E+32
 9.60108854810E+08 3.48555813475E+26 1.00156275168E+00 5.72560525695E+32
 9.64910664521E+08 3.50800636905E+26 1.00156534969E+00 5.75422923030E+32
 9.69736492408E+08 3.53059917796E+26 1.00156795141E+00 5.78299630326E+32
 9.74586458626E+08 3.55333749259E+26 1.00157055687E+00 5.81190719122E+32
 9.79460683931E+08 3.57622225006E+26 1.00157316606E+00 5.84096261315E+32
 9.84359289683E+08 3.59925439351E+26 1.00157577900E+00 5.87016329163E+32
 9.89282397848E+08 3.62243487216E+26 1.00157839568E+00 5.89950995283E+32
 9.94230131005E+08 3.64576464133E+26 1.00158101612E+00 5.92900332656E+32
 9.99202612345E+08 3.66924466252E+26 1.00158364031E+00 5.95864414628E+32
 1.00419996567E+09 3.69287590339E+26 1.00158626826E+00 5.98843314912E+32
 1.00922231542E+09 3.71665933786E+26 1.00158889998E+00 6.01837107589E+32
 1.01426978663E+09 3.74059594612E+26 1.00159153548E+00 6.04845867110E+32
 1.01934250498E+09 3.76468671464E+26 1.00159417475E+00 6.07869668299E+32
 1.02444059678E+09 3.78893263628E+26 1.00159681781E+00 6.10908586353E+32
 1.02956418895E+09 3.81333471028E+26 1.00159946466E+00 6.13962696847E+32
 1.03471340908E+09 3.83789394232E+26 1.00160211531E+00 6.17032075731E+32
 1.03988838537E+09 3.86261134455E+26 1.00160476975E+00 6.20116799337E+32
 1.04508924667E+09 3.88748793565E+26 1.00160742800E+00 6.23216944377E+32
 1.05031612247E+09 3.91252474084E+26 1.00161009007E+00 6.26332587948E+32
 1.05556914293E+09 3.93772279196E+26 1.00161275595E+00 6.29463807532E+32
 1.06084843883E+09 3.96308312749E+26 1.00161542565E+00 6.32610680996E+32
 1.06615414163E+09 3.98860679261E+26 1.00161809918E+00 6.35773286601E+32
 1.07148638343E+09 4.01429483921E+26 1.00162077655E+00 6.38951702995E+32
 1.07684529699E+09 4.04014832596E+26 1.00162345775E+00 6.42146009221E+32
 1.08223101576E+09 4.06616831837E+26 1.00162614280E+00 6.45356284717E+32
 1.08764367383E+09 4.09235588879E+26 1.00162883170E+00 6.48582609318E+32
 1.09308340598E+09 4.11871211647E+26 1.00163152445E+00 6.51825063259E+32
 1.09855034764E+09 4.14523808764E+26 1.00163422107E+00 6.55083727174E+32
 1.10404463494E+09 4.17193489549E+26 1.00163692155E+00 6.58358682101E+32
 1.10956640468E+09 4.19880364029E+26 1.00163962590E+00 6.61650009485E+32
 1.11511579436E+09 4.22584542936E+26 1.00164233413E+00 6.64957791177E+32
 1.12069294216E+09 4.25306137717E+26 1.00164504625E+00 6.68282109435E+32
 1.12629798692E+09 4.28045260537E+26 1.00164776225E+00 6.71623046931E+32
 1.13193106824E+09 4.30802024282E+26 1.00165048215E+00 6.74980686750E+32
 1.13759232635E+09 4.33576542566E+26 1.00165320595E+00 6.78355112392E+32
 1.14328190223E+09 4.36368929735E+26 1.00165593365E+00 6.81746407773E+32
 1.14899993754E+09 4.39179300871E+26 1.00165866527E+00 6.85154657230E+32
 1.15474657467E+09 4.42007771796E+26 1.00166140080E+00 6.88579945522E+32
 1.16052195670E+09 4.44854459081E+26 1.00166414025E+00 6.92022357831E+32
 1.16632622743E+09 4.47719480044E+26 1.00166688364E+00 6.95481979764E+32
 1.17215953140E+09 4.50602952761E+26 1.00166963095E+00 6.98958897359E+32
 1.17802201385E+09 4.53504996068E+26 1.00167238221E+00 7.02453197080E+32
 1.18391382075E+09 4.56425729567E+26 1.00167513741E+00 7.05964965826E+32
 1.18983509882E+09 4.59365273628E+26 1.00167789656E+00 7.09494290930E+32
 1.19578599549E+09 4.62323749399E+26 1.00168065967E+00 7.13041260162E+32
 1.20176665894E+09 4.65301278806E+26 1.00168342674E+00 7.16605961729E+32
 1.20777723810E+09 4.68297984562E+26 1.00168619778E+00 7.20188484280E+32
 1.21381788261E+09 4.71313990169E+26 1.00168897279E+00 7.23788916908E+32
 1.21988874290E+09 4.74349419924E+26 1.00169175178E+00 7.27407349151E+32
 1.22598997014E+09 4.77404398927E+26 1.00169453475E+00 7.31043870993E+32
 1.23212171624E+09 4.80479053082E+26 1.00169732172E+00 7.34698572871E+32
 1.23828413388E+09 4.83573509103E+26 1.00170011268E+00 7.38371545671E+32
 1.24447737652E+09 4.86687894522E+26 1.00170290764E+00 7.42062880735E+32
 1.25070159837E+09 4.89822337691E+26 1.00170570661E+00 7.45772669862E+32
 1.25695695442E+09 4.92976967788E+26 1.00170850960E+00 7.49501005308E+32
 1.26324360042E+09 4.96151914826E+26 1.00171131660E+00 7.53247979792E+32
 1.26956169292E+09 4.99347309652E+26 1.00171412763E+00 7.57013686496E+32
 1.27591138924E+09 5.02563283957E+26 1.00171694269E+00 7.60798219068E+32
 1.28229284749E+09 5.05799970281E+26 1.00171976178E+00 7.64601671624E+32
 1.28870622658E+09 5.09057502016E+26 1.00172258492E+00 7.68424138751E+32
 1.29515168620E+09 5.12336013415E+26 1.00172541211E+00 7.72265715507E+32
 1.30162938686E+09 5.15635639593E+26 1.00172824335E+00 7.76126497428E+32
 1.30813948984E+09 5.18956516537E+26 1.00173107865E+00 7.80006580526E+32
 1.31468215726E+09 5.22298781111E+26 1.00173391801E+00 7.83906061292E+32
 1.32125755204E+09 5.25662571057E+26 1.00173676145E+00 7.87825036702E+32
 1.32786583791E+09 5.29048025006E+26 1.00173960896E+00 7.91763604215E+32
 1.33450717943E+09 5.32455282484E+26 1.00174246056E+00 7.95721861778E+32
 1.34118174196E+09 5.35884483912E+26 1.00174531625E+00 7.99699907826E+32
 1.34788969172E+09 5.39335770617E+26 1.00174817603E+00 8.03697841289E+32
 1.35463119573E+09 5.42809284836E+26 1.00175103991E+00 8.07715761589E+32
 1.36140642188E+09 5.46305169722E+26 1.00175390790E+00 8.11753768647E+32
 1.36821553888E+09 5.49823569350E+26 1.00175678000E+00 8.15811962881E+32
 1.37505871627E+09 5.53364628724E+26 1.00175965621E+00 8.19890445214E+32
 1.38193612446E+09 5.56928493780E+26 1.00176253656E+00 8.23989317072E+32
 1.38884793472E+09 5.60515311394E+26 1.00176542103E+00 8.28108680388E+32
 1.39579431914E+09 5.64125229390E+26 1.00176830964E+00 8.32248637604E+32
 1.40277545072E+09 5.67758396541E+26 1.00177120239E+00 8.36409291676E+32
 1.40979150329E+09 5.71414962582E+26 1.00177409929E+00 8.40590746073E+32
 1.41684265156E+09 5.75095078209E+26 1.00177700034E+00 8.44793104782E+32
 1.42392907112E+09 5.78798895089E+26 1.00177990555E+00 8.49016472310E+32
 1.43105093843E+09 5.82526565868E+26 1.00178281493E+00 8.53260953686E+32
 1.43820843083E+09 5.86278244172E+26 1.00178572848E+00 8.57526654464E+32
 1.44540172657E+09 5.90054084620E+26 1.00178864621E+00 8.61813680727E+32
 1.45263100476E+09 5.93854242823E+26 1.00179156812E+00 8.66122139087E+32
 1.45989644543E+09 5.97678875396E+26 1.00179449422E+00 8.70452136688E+32
 1.46719822951E+09 6.01528139964E+26 1.00179742452E+00 8.74803781212E+32
 1.47453653881E+09 6.05402195165E+26 1.00180035901E+00 8.79177180879E+32
 1.48191155609E+09 6.09301200660E+26 1.00180329772E+00 8.83572444448E+32
 1.48932346499E+09 6.13225317137E+26 1.00180624064E+00 8.87989681224E+32
 1.49677245009E+09 6.17174706320E+26 1.00180918778E+00 8.92429001057E+32
 1.50425869688E+09 6.21149530974E+26 1.00181213914E+00 8.96890514347E+32
 1.51178239178E+09 6.25149954913E+26 1.00181509474E+00 9.01374332045E+32
 1.51934372216E+09 6.29176143006E+26 1.00181805458E+00 9.05880565658E+32
 1.52694287630E+09 6.33228261182E+26 1.00182101866E+00 9.10409327249E+32
 1.53458004345E+09 6.37306476440E+26 1.00182398699E+00 9.14960729442E+32
 1.54225541379E+09 6.41410956855E+26 1.00182695957E+00 9.19534885424E+32
 1.54996917845E+09 6.45541871584E+26 1.00182993642E+00 9.24131908949E+32
 1.55772152952E+09 6.49699390874E+26 1.00183291754E+00 9.28751914336E+32
 1.56551266006E+09 6.53883686067E+26 1.00183590293E+00 9.33395016481E+32
 1.57334276409E+09 6.58094929609E+26 1.00183889260E+00 9.38061330850E+32
 1.58121203660E+09 6.62333295058E+26 1.00184188656E+00 9.42750973487E+32
 1.58912067355E+09 6.66598957087E+26 1.00184488481E+00 9.47464061018E+32
 1.59706887189E+09 6.70892091498E+26 1.00184788737E+00 9.52200710650E+32
 1.60505682955E+09 6.75212875222E+26 1.00185089422E+00 9.56961040178E+32
 1.61308474546E+09 6.79561486330E+26 1.00185390539E+00 9.61745167984E+32
 1.62115281953E+09 6.83938104040E+26 1.00185692088E+00 9.66553213042E+32
 1.62926125269E+09 6.88342908725E+26 1.00185994069E+00 9.71385294922E+32
 1.63741024685E+09 6.92776081919E+26 1.00186296483E+00 9.76241533791E+32
 1.64560000495E+09 6.97237806326E+26 1.00186599330E+00 9.81122050417E+32
 1.65383073094E+09 7.01728265825E+26 1.00186902612E+00 9.86026966171E+32
 1.66210262980E+09 7.06247645480E+26 1.00187206329E+00 9.90956403032E+32
 1.67041590751E+09 7.10796131548E+26 1.00187510481E+00 9.95910483588E+32
 1.67877077111E+09 7.15373911485E+26 1.00187815070E+00 1.00088933104E+33
 1.68716742866E+09 7.19981173952E+26 1.00188120095E+00 1.00589306920E+33
 1.69560608927E+09 7.24618108829E+26 1.00188425557E+00 1.01092182252E+33
 1.70408696308E+09 7.29284907216E+26 1.00188731458E+00 1.01597571604E+33
 1.71261026129E+09 7.33981761445E+26 1.00189037797E+00 1.02105487545E+33
 1.72117619618E+09 7.38708865086E+26 1.00189344575E+00 1.02615942706E+33
 1.72978498105E+09 7.43466412955E+26 1.00189651793E+00 1.03128949782E+33
 1.73843683031E+09 7.48254601126E+26 1.00189959452E+00 1.03644521530E+33
 1.74713195940E+09 7.53073626931E+26 1.00190267552E+00 1.04162670772E+33
 1.75587058488E+09 7.57923688977E+26 1.00190576094E+00 1.04683410393E+33
 1.76465292437E+09 7.62804987148E+26 1.00190885078E+00 1.05206753343E+33
 1.77347919657E+09 7.67717722615E+26 1.00191194505E+00 1.05732712638E+33
 1.78234962130E+09 7.72662097847E+26 1.00191504376E+00 1.06261301358E+33
 1.79126441947E+09 7.77638316614E+26 1.00191814691E+00 1.06792532646E+33
 1.80022381309E+09 7.82646583999E+26 1.00192125451E+00 1.07326419715E+33
 1.80922802528E+09 7.87687106409E+26 1.00192436657E+00 1.07862975842E+33
 1.81827728029E+09 7.92760091575E+26 1.00192748309E+00 1.08402214369E+33
 1.82737180348E+09 7.97865748571E+26 1.00193060408E+00 1.08944148707E+33
 1.83651182133E+09 8.03004287814E+26 1.00193372954E+00 1.09488792333E+33
 1.84569756148E+09 8.08175921078E+26 1.00193685949E+00 1.10036158792E+33
 1.85492925269E+09 8.13380861500E+26 1.00193999392E+00 1.10586261696E+33
 1.86420712486E+09 8.18619323589E+26 1.00194313285E+00 1.11139114724E+33
 1.87353140906E+09 8.23891523238E+26 1.00194627628E+00 1.11694731627E+33
 1.88290233750E+09 8.29197677728E+26 1.00194942422E+00 1.12253126221E+33
 1.89232014356E+09 8.34538005740E+26 1.00195257667E+00 1.12814312392E+33
 1.90178506179E+09 8.39912727365E+26 1.00195573364E+00 1.13378304098E+33
 1.91129732790E+09 8.45322064108E+26 1.00195889513E+00 1.13945115362E+33
 1.92085717879E+09 8.50766238905E+26 1.00196206116E+00 1.14514760281E+33
 1.93046485255E+09 8.56245476124E+26 1.00196523173E+00 1.15087253022E+33
 1.94012058845E+09 8.61760001580E+26 1.00196840685E+00 1.15662607822E+33
 1.94982462697E+09 8.67310042541E+26 1.00197158652E+00 1.16240838988E+33
 1.95957720979E+09 8.72895827740E+26 1.00197477075E+00 1.16821960900E+33
 1.96937857979E+09 8.78517587383E+26 1.00197795954E+00 1.17405988011E+33
 1.97922898107E+09 8.84175553158E+26 1.00198115291E+00 1.17992934844E+33
 1.98912865896E+09 8.89869958246E+26 1.00198435085E+00 1.18582815996E+33
 1.99907786000E+09 8.95601037328E+26 1.00198755338E+00 1.19175646136E+33
 2.00907683199E+09 9.01369026597E+26 1.00199076051E+00 1.19771440007E+33
 2.01912582395E+09 9.07174163770E+26 1.00199397223E+00 1.20370212425E+33
 2.02922508615E+09 9.13016688091E+26 1.00199718856E+00 1.20971978282E+33
 2.03937487012E+09 9.18896840346E+26 1.00200040949E+00 1.21576752542E+33
 2.04957542863E+09 9.24814862874E+26 1.00200363505E+00 1.22184550245E+33
 2.05982701574E+09 9.30770999573E+26 1.00200686523E+00 1.22795386507E+33
 2.07012988677E+09 9.36765495910E+26 1.00201010005E+00 1.23409276517E+33
 2.08048429831E+09 9.42798598937E+26 1.00201333950E+00 1.24026235543E+33
 2.09089050825E+09 9.48870557292E+26 1.00201658360E+00 1.24646278928E+33
 2.10134877575E+09 9.54981621220E+26 1.00201983235E+00 1.25269422090E+33
 2.11185936129E+09 9.61132042573E+26 1.00202308576E+00 1.25895680527E+33
 2.12242252664E+09 9.67322074828E+26 1.00202634383E+00 1.26525069813E+33
 2.13303853488E+09 9.73551973092E+26 1.00202960657E+00 1.27157605600E+33
 2.14370765041E+09 9.79821994118E+26 1.00203287400E+00 1.27793303618E+33
 2.15443013895E+09 9.86132396309E+26 1.00203614611E+00 1.28432179676E+33
 2.16520626757E+09 9.92483439735E+26 1.00203942291E+00 1.29074249663E+33
 2.17603630464E+09 9.98875386140E+26 1.00204270440E+00 1.29719529544E+33
 2.18692051989E+09 1.00530849895E+27 1.00204599061E+00 1.30368035369E+33
 2.19785918442E+09 1.01178304330E+27 1.00204928152E+00 1.31019783263E+33
 2.20885257066E+09 1.01829928602E+27 1.00205257716E+00 1.31674789436E+33
 2.21990095241E+09 1.02485749566E+27 1.00205587752E+00 1.32333070176E+33
 2.23100460484E+09 1.03145794250E+27 1.00205918261E+00 1.32994641853E+33
 2.24216380451E+09 1.03810089857E+27 1.00206249244E+00 1.33659520921E+33
 2.25337882935E+09 1.04478663763E+27 1.00206580702E+00 1.34327723913E+33
 2.26464995869E+09 1.05151543524E+27 1.00206912635E+00 1.34999267447E+33
 2.27597747324E+09 1.05828756869E+27 1.00207245044E+00 1.35674168224E+33
 2.28736165513E+09 1.06510331710E+27 1.00207577930E+00 1.36352443026E+33
 2.29880278792E+09 1.07196296134E+27 1.00207911293E+00 1.37034108723E+33
 2.31030115654E+09 1.07886678414E+27 1.00208245134E+00 1.37719182265E+33
 2.32185704740E+09 1.08581507001E+27 1.00208579454E+00 1.38407680691E+33
 2.33347074830E+09 1.09280810532E+27 1.00208914253E+00 1.39099621121E+33
 2.34514254851E+09 1.09984617826E+27 1.00209249532E+00 1.39795020763E+33
 2.35687273873E+09 1.10692957889E+27 1.00209585292E+00 1.40493896912E+33
 2.36866161113E+09 1.11405859914E+27 1.00209921533E+00 1.41196266946E+33
 2.38050945933E+09 1.12123353282E+27 1.00210258257E+00 1.41902148333E+33
 2.39241657843E+09 1.12845467563E+27 1.00210595463E+00 1.42611558628E+33
 2.40438326498E+09 1.13572232516E+27 1.00210933153E+00 1.43324515472E+33
 2.41640981706E+09 1.14303678094E+27 1.00211271327E+00 1.44041036596E+33
 2.42849653419E+09 1.15039834442E+27 1.00211609986E+00 1.44761139818E+33
 2.44064371744E+09 1.15780731898E+27 1.00211949130E+00 1.45484843046E+33
 2.45285166935E+09 1.16526400998E+27 1.00212288761E+00 1.46212164278E+33
 2.46512069399E+09 1.17276872472E+27 1.00212628879E+00 1.46943121602E+33
 2.47745109695E+09 1.18032177249E+27 1.00212969484E+00 1.47677733194E+33
 2.48984318534E+09 1.18792346458E+27 1.00213310578E+00 1.48416017325E+33
 2.50229726782E+09 1.19557411427E+27 1.00213652161E+00 1.49157992354E+33
 2.51481365459E+09 1.20327403686E+27 1.00213994234E+00 1.49903676733E+33
 2.52739265741E+09 1.21102354970E+27 1.00214336797E+00 1.50653089005E+33
 2.54003458958E+09 1.21882297215E+27 1.00214679852E+00 1.51406247809E+33
 2.55273976598E+09 1.22667262566E+27 1.00215023398E+00 1.52163171873E+33
 2.56550850308E+09 1.23457283373E+27 1.00215367437E+00 1.52923880022E+33
 2.57834111891E+09 1.24252392195E+27 1.00215711970E+00 1.53688391174E+33
 2.59123793310E+09 1.25052621800E+27 1.00216056996E+00 1.54456724340E+33
 2.60419926689E+09 1.25858005169E+27 1.00216402517E+00 1.55228898627E+33
 2.61722544312E+09 1.26668575494E+27 1.00216748533E+00 1.56004933240E+33
 2.63031678625E+09 1.27484366179E+27 1.00217095046E+00 1.56784847476E+33
 2.64347362234E+09 1.28305410847E+27 1.00217442056E+00 1.57568660732E+33
 2.65669627912E+09 1.29131743335E+27 1.00217789563E+00 1.58356392499E+33
 2.66998508594E+09 1.29963397697E+27 1.00218137568E+00 1.59148062367E+33
 2.68334037379E+09 1.30800408210E+27 1.00218486073E+00 1.59943690024E+33
 2.69676247533E+09 1.31642809368E+27 1.00218835077E+00 1.60743295257E+33
 2.71025172489E+09 1.32490635889E+27 1.00219184581E+00 1.61546897949E+33
 2.72380845847E+09 1.33343922715E+27 1.00219534587E+00 1.62354518086E+33
 2.73743301373E+09 1.34202705011E+27 1.00219885095E+00 1.63166175752E+33
 2.75112573004E+09 1.35067018171E+27 1.00220236105E+00 1.63981891132E+33
 2.76488694848E+09 1.35936897815E+27 1.00220587618E+00 1.64801684511E+33
 2.77871701181E+09 1.36812379793E+27 1.00220939636E+00 1.65625576277E+33
 2.79261626452E+09 1.37693500187E+27 1.00221292158E+00 1.66453586919E+33
 2.80658505282E+09 1.38580295309E+27 1.00221645186E+00 1.67285737027E+33
 2.82062372467E+09 1.39472801708E+27 1.00221998720E+00 1.68122047297E+33
 2.83473262974E+09 1.40371056165E+27 1.00222352761E+00 1.68962538527E+33
 2.84891211948E+09 1.41275095701E+27 1.00222707309E+00 1.69807231617E+33
 2.86316254707E+09 1.42184957572E+27 1.00223062366E+00 1.70656147576E+33
 2.87748426749E+09 1.43100679278E+27 1.00223417932E+00 1.71509307513E+33
 2.89187763748E+09 1.44022298557E+27 1.00223774008E+00 1.72366732645E+33
 2.90634301555E+09 1.44949853393E+27 1.00224130594E+00 1.73228444297E+33
 2.92088076204E+09 1.45883382011E+27 1.00224487692E+00 1.74094463897E+33
 2.93549123906E+09 1.46822922886E+27 1.00224845302E+00 1.74964812982E+33
 2.95017481056E+09 1.47768514738E+27 1.00225203425E+00 1.75839513196E+33
 2.96493184228E+09 1.48720196538E+27 1.00225562061E+00 1.76718586292E+33
 2.97976270183E+09 1.49678007508E+27 1.00225921211E+00 1.77602054131E+33
 2.99466775862E+09 1.50641987121E+27 1.00226280876E+00 1.78489938684E+33
 3.00964738395E+09 1.51612175105E+27 1.00226641057E+00 1.79382262032E+33
 3.02470195093E+09 1.52588611445E+27 1.00227001755E+00 1.80279046364E+33
 3.03983183458E+09 1.53571336383E+27 1.00227362970E+00 1.81180313984E+33
 3.05503741178E+09 1.54560390418E+27 1.00227724702E+00 1.82086087303E+33
 3.07031906129E+09 1.55555814314E+27 1.00228086954E+00 1.82996388848E+33
 3.08567716379E+09 1.56557649094E+27 1.00228449724E+00 1.83911241256E+33
 3.10111210182E+09 1.57565936046E+27 1.00228813015E+00 1.84830667279E+33
 3.11662425989E+09 1.58580716724E+27 1.00229176827E+00 1.85754689781E+33
 3.13221402440E+09 1.59602032951E+27 1.00229541161E+00 1.86683331741E+33
 3.14788178369E+09 1.60629926818E+27 1.00229906017E+00 1.87616616254E+33
 3.16362792804E+09 1.61664440687E+27 1.00230271396E+00 1.88554566529E+33
 3.17945284970E+09 1.62705617194E+27 1.00230637299E+00 1.89497205891E+33
 3.19535694287E+09 1.63753499247E+27 1.00231003727E+00 1.90444557783E+33
 3.21134060372E+09 1.64808130034E+27 1.00231370680E+00 1.91396645764E+33
 3.22740423041E+09 1.65869553018E+27 1.00231738159E+00 1.92353493510E+33
 3.24354822309E+09 1.66937811944E+27 1.00232106165E+00 1.93315124818E+33
 3.25977298393E+09 1.68012950837E+27 1.00232474699E+00 1.94281563602E+33
 3.27607891708E+09 1.69095014007E+27 1.00232843761E+00 1.95252833896E+33
 3.29246642873E+09 1.70184046049E+27 1.00233213353E+00 1.96228959854E+33
 3.30893592712E+09 1.71280091844E+27 1.00233583475E+00 1.97209965750E+33
 3.32548782250E+09 1.72383196565E+27 1.00233954127E+00 1.98195875982E+33
 3.34212252720E+09 1.73493405672E+27 1.00234325310E+00 1.99186715067E+33
 3.35884045560E+09 1.74610764921E+27 1.00234697026E+00 2.00182507645E+33
 3.37564202416E+09 1.75735320360E+27 1.00235069275E+00 2.01183278482E+33
 3.39252765143E+09 1.76867118337E+27 1.00235442058E+00 2.02189052465E+33
 3.40949775804E+09 1.78006205496E+27 1.00235815375E+00 2.03199854605E+33
 3.42655276673E+09 1.79152628781E+27 1.00236189228E+00 2.04215710041E+33
 3.44369310237E+09 1.80306435440E+27 1.00236563616E+00 2.05236644035E+33
 3.46091919194E+09 1.81467673024E+27 1.00236938542E+00 2.06262681976E+33
 3.47823146456E+09 1.82636389391E+27 1.00237314005E+00 2.07293849381E+33
 3.49563035151E+09 1.83812632707E+27 1.00237690006E+00 2.08330171893E+33
 3.51311628622E+09 1.84996451449E+27 1.00238066547E+00 2.09371675283E+33
 3.53068970429E+09 1.86187894404E+27 1.00238443627E+00 2.10418385454E+33
 3.54835104349E+09 1.87387010676E+27 1.00238821248E+00 2.11470328434E+33
 3.56610074380E+09 1.88593849684E+27 1.00239199411E+00 2.12527530385E+33
 3.58393924740E+09 1.89808461164E+27 1.00239578116E+00 2.13590017597E+33
 3.60186699867E+09 1.91030895173E+27 1.00239957364E+00 2.14657816493E+33
 3.61988444421E+09 1.92261202093E+27 1.00240337155E+00 2.15730953627E+33
 3.63799203289E+09 1.93499432627E+27 1.00240717492E+00 2.16809455688E+33
 3.65619021579E+09 1.94745637806E+27 1.00241098373E+00 2.17893349495E+33
 3.67447944626E+09 1.95999868990E+27 1.00241479801E+00 2.18982662005E+33
 3.69286017994E+09 1.97262177869E+27 1.00241861776E+00 2.20077420306E+33
 3.71133287471E+09 1.98532616466E+27 1.00242244298E+00 2.21177651623E+33
 3.72989799077E+09 1.99811237139E+27 1.00242627369E+00 2.22283383318E+33
 3.74855599062E+09 2.01098092584E+27 1.00243010989E+00 2.23394642889E+33
 3.76730733908E+09 2.02393235837E+27 1.00243395160E+00 2.24511457971E+33
 3.78615250328E+09 2.03696720272E+27 1.00243779881E+00 2.25633856338E+33
 3.80509195269E+09 2.05008599611E+27 1.00244165154E+00 2.26761865902E+33
 3.82412615916E+09 2.06328927920E+27 1.00244550979E+00 2.27895514716E+33
 3.84325559686E+09 2.07657759612E+27 1.00244937357E+00 2.29034830971E+33
 3.86248074237E+09 2.08995149453E+27 1.00245324290E+00 2.30179843001E+33
 3.88180207462E+09 2.10341152561E+27 1.00245711777E+00 2.31330579281E+33
 3.90122007497E+09 2.11695824408E+27 1.00246099820E+00 2.32487068428E+33
 3.92073522718E+09 2.13059220823E+27 1.00246488419E+00 2.33649339201E+33
 3.94034801741E+09 2.14431397996E+27 1.00246877576E+00 2.34817420506E+33
 3.96005893428E+09 2.15812412478E+27 1.00247267290E+00 2.35991341390E+33
 3.97986846885E+09 2.17202321184E+27 1.00247657564E+00 2.37171131048E+33
 3.99977711463E+09 2.18601181397E+27 1.00248048397E+00 2.38356818819E+33
 4.01978536761E+09 2.20009050768E+27 1.00248439790E+00 2.39548434190E+33
 4.03989372625E+09 2.21425987318E+27 1.00248831745E+00 2.40746006794E+33
 4.06010269153E+09 2.22852049444E+27 1.00249224261E+00 2.41949566413E+33
 4.08041276690E+09 2.24287295916E+27 1.00249617341E+00 2.43159142979E+33
 4.10082445836E+09 2.25731785887E+27 1.00250010984E+00 2.44374766571E+33
 4.12133827445E+09 2.27185578887E+27 1.00250405192E+00 2.45596467420E+33
 4.14195472621E+09 2.28648734831E+27 1.00250799964E+00 2.46824275909E+33
 4.16267432730E+09 2.30121314020E+27 1.00251195303E+00 2.48058222572E+33
 4.18349759389E+09 2.31603377142E+27 1.00251591209E+00 2.49298338094E+33
 4.20442504478E+09 2.33094985279E+27 1.00251987682E+00 2.50544653316E+33
 4.22545720135E+09 2.34596199902E+27 1.00252384724E+00 2.51797199232E+33
 4.24659458759E+09 2.36107082882E+27 1.00252782335E+00 2.53056006990E+33
 4.26783773011E+09 2.37627696485E+27 1.00253180517E+00 2.54321107897E+33
 4.28918715816E+09 2.39158103381E+27 1.00253579269E+00 2.55592533412E+33
 4.31064340364E+09 2.40698366642E+27 1.00253978593E+00 2.56870315156E+33
 4.33220700111E+09 2.42248549746E+27 1.00254378490E+00 2.58154484903E+33
 4.35387848782E+09 2.43808716580E+27 1.00254778960E+00 2.59445074590E+33
 4.37565840367E+09 2.45378931445E+27 1.00255180004E+00 2.60742116312E+33
 4.39754729131E+09 2.46959259051E+27 1.00255581624E+00 2.62045642324E+33
 4.41954569609E+09 2.48549764529E+27 1.00255983819E+00 2.63355685044E+33
 4.44165416607E+09 2.50150513429E+27 1.00256386591E+00 2.64672277050E+33
 4.46387325208E+09 2.51761571720E+27 1.00256789940E+00 2.65995451084E+33
 4.48620350769E+09 2.53383005801E+27 1.00257193868E+00 2.67325240052E+33
 4.50864548925E+09 2.55014882493E+27 1.00257598375E+00 2.68661677023E+33
 4.53119975591E+09 2.56657269052E+27 1.00258003462E+00 2.70004795233E+33
 4.55386686958E+09 2.58310233164E+27 1.00258409130E+00 2.71354628083E+33
 4.57664739501E+09 2.59973842954E+27 1.00258815380E+00 2.72711209143E+33
 4.59954189978E+09 2.61648166982E+27 1.00259222212E+00 2.74074572147E+33
 4.62255095431E+09 2.63333274253E+27 1.00259629627E+00 2.75444751001E+33
 4.64567513185E+09 2.65029234214E+27 1.00260037627E+00 2.76821779779E+33
 4.66891500855E+09 2.66736116760E+27 1.00260446212E+00 2.78205692727E+33
 4.69227116344E+09 2.68453992237E+27 1.00260855382E+00 2.79596524260E+33
 4.71574417843E+09 2.70182931444E+27 1.00261265140E+00 2.80994308965E+33
 4.73933463835E+09 2.71923005633E+27 1.00261675484E+00 2.82399081605E+33
 4.76304313099E+09 2.73674286520E+27 1.00262086418E+00 2.83810877114E+33
 4.78687024703E+09 2.75436846278E+27 1.00262497940E+00 2.85229730601E+33
 4.81081658014E+09 2.77210757549E+27 1.00262910053E+00 2.86655677351E+33
 4.83488272696E+09 2.78996093439E+27 1.00263322756E+00 2.88088752826E+33
 4.85906928710E+09 2.80792927527E+27 1.00263736051E+00 2.89528992663E+33
 4.88337686319E+09 2.82601333866E+27 1.00264149939E+00 2.90976432680E+33
 4.90780606087E+09 2.84421386985E+27 1.00264564420E+00 2.92431108873E+33
 4.93235748882E+09 2.86253161893E+27 1.00264979496E+00 2.93893057416E+33
 4.95703175874E+09 2.88096734084E+27 1.00265395167E+00 2.95362314668E+33
 4.98182948543E+09 2.89952179535E+27 1.00265811434E+00 2.96838917166E+33
 5.00675128673E+09 2.91819574715E+27 1.00266228297E+00 2.98322901631E+33
 5.03179778361E+09 2.93698996584E+27 1.00266645759E+00 2.99814304968E+33
 5.05696960012E+09 2.95590522599E+27 1.00267063819E+00 3.01313164266E+33
 5.08226736345E+09 2.97494230714E+27 1.00267482478E+00 3.02819516800E+33
 5.10769170392E+09 2.99410199386E+27 1.00267901738E+00 3.04333400030E+33
 5.13324325501E+09 3.01338507578E+27 1.00268321599E+00 3.05854851604E+33
 5.15892265338E+09 3.03279234761E+27 1.00268742062E+00 3.07383909360E+33
 5.18473053886E+09 3.05232460918E+27 1.00269163128E+00 3.08920611321E+33
 5.21066755450E+09 3.07198266546E+27 1.00269584798E+00 3.10464995705E+33
 5.23673434655E+09 3.09176732661E+27 1.00270007072E+00 3.12017100918E+33
 5.26293156452E+09 3.11167940802E+27 1.00270429952E+00 3.13576965558E+33
 5.28925986115E+09 3.13171973031E+27 1.00270853438E+00 3.15144628416E+33
 5.31571989246E+09 3.15188911941E+27 1.00271277532E+00 3.16720128480E+33
 5.34231231775E+09 3.17218840655E+27 1.00271702233E+00 3.18303504929E+33
 5.36903779962E+09 3.19261842832E+27 1.00272127544E+00 3.19894797139E+33
 5.39589700398E+09 3.21318002670E+27 1.00272553464E+00 3.21494044683E+33
 5.42289060010E+09 3.23387404909E+27 1.00272979995E+00 3.23101287334E+33
 5.45001926057E+09 3.25470134834E+27 1.00273407138E+00 3.24716565060E+33
 5.47728366136E+09 3.27566278281E+27 1.00273834893E+00 3.26339918031E+33
 5.50468448182E+09 3.29675921637E+27 1.00274263262E+00 3.27971386618E+33
 5.53222240472E+09 3.31799151847E+27 1.00274692244E+00 3.29611011393E+33
 5.55989811622E+09 3.33936056415E+27 1.00275121842E+00 3.31258833131E+33
 5.58771230594E+09 3.36086723408E+27 1.00275552056E+00 3.32914892811E+33
 5.61566566693E+09 3.38251241462E+27 1.00275982887E+00 3.34579231618E+33
 5.64375889573E+09 3.40429699782E+27 1.00276414335E+00 3.36251890941E+33
 5.67199269235E+09 3.42622188148E+27 1.00276846403E+00 3.37932912376E+33
 5.70036776031E+09 3.44828796920E+27 1.00277279089E+00 3.39622337728E+33
 5.72888480667E+09 3.47049617037E+27 1.00277712396E+00 3.41320209011E+33
 5.75754454200E+09 3.49284740026E+27 1.00278146325E+00 3.43026568449E+33
 5.78634768045E+09 3.51534258001E+27 1.00278580876E+00 3.44741458476E+33
 5.81529493973E+09 3.53798263673E+27 1.00279016049E+00 3.46464921740E+33
 5.84438704116E+09 3.56076850347E+27 1.00279451847E+00 3.48197001100E+33
 5.87362470966E+09 3.58370111929E+27 1.00279888270E+00 3.49937739630E+33
 5.90300867377E+09 3.60678142932E+27 1.00280325318E+00 3.51687180621E+33
 5.93253966570E+09 3.63001038475E+27 1.00280762993E+00 3.53445367579E+33
 5.96221842131E+09 3.65338894292E+27 1.00281201296E+00 3.55212344226E+33
 5.99204568015E+09 3.67691806732E+27 1.00281640227E+00 3.56988154506E+33
 6.02202218547E+09 3.70059872765E+27 1.00282079788E+00 3.58772842581E+33
 6.05214868425E+09 3.72443189986E+27 1.00282519979E+00 3.60566452833E+33
 6.08242592719E+09 3.74841856618E+27 1.00282960801E+00 3.62369029866E+33
 6.11285466877E+09 3.77255971515E+27 1.00283402255E+00 3.64180618509E+33
 6.14343566723E+09 3.79685634172E+27 1.00283844342E+00 3.66001263812E+33
 6.17416968462E+09 3.82130944721E+27 1.00284287063E+00 3.67831011053E+33
 6.20505748680E+09 3.84592003939E+27 1.00284730419E+00 3.69669905735E+33
 6.23609984346E+09 3.87068913254E+27 1.00285174410E+00 3.71517993589E+33
 6.26729752815E+09 3.89561774746E+27 1.00285619038E+00 3.73375320574E+33
 6.29865131829E+09 3.92070691153E+27 1.00286064304E+00 3.75241932879E+33
 6.33016199519E+09 3.94595765874E+27 1.00286510208E+00 3.77117876924E+33
 6.36183034408E+09 3.97137102975E+27 1.00286956752E+00 3.79003199362E+33
 6.39365715412E+09 3.99694807190E+27 1.00287403936E+00 3.80897947077E+33
 6.42564321840E+09 4.02268983930E+27 1.00287851761E+00 3.82802167190E+33
 6.45778933401E+09 4.04859739285E+27 1.00288300228E+00 3.84715907055E+33
 6.49009630202E+09 4.07467180025E+27 1.00288749339E+00 3.86639214265E+33
 6.52256492750E+09 4.10091413612E+27 1.00289199093E+00 3.88572136650E+33
 6.55519601957E+09 4.12732548196E+27 1.00289649492E+00 3.90514722278E+33
 6.58799039138E+09 4.15390692626E+27 1.00290100537E+00 3.92467019459E+33
 6.62094886017E+09 4.18065956452E+27 1.00290552229E+00 3.94429076744E+33
 6.65407224727E+09 4.20758449929E+27 1.00291004568E+00 3.96400942927E+33
 6.68736137810E+09 4.23468284022E+27 1.00291457556E+00 3.98382667045E+33
 6.72081708225E+09 4.26195570410E+27 1.00291911194E+00 4.00374298381E+33
 6.75444019342E+09 4.28940421493E+27 1.00292365482E+00 4.02375886463E+33
 6.78823154952E+09 4.31702950393E+27 1.00292820421E+00 4.04387481070E+33
 6.82219199264E+09 4.34483270962E+27 1.00293276013E+00 4.06409132225E+33
 6.85632236909E+09 4.37281497784E+27 1.00293732258E+00 4.08440890205E+33
 6.89062352941E+09 4.40097746182E+27 1.00294189157E+00 4.10482805537E+33
 6.92509632841E+09 4.42932132222E+27 1.00294646712E+00 4.12534929000E+33
 6.95974162516E+09 4.45784772717E+27 1.00295104922E+00 4.14597311627E+33
 6.99456028307E+09 4.48655785231E+27 1.00295563790E+00 4.16670004708E+33
 7.02955316983E+09 4.51545288086E+27 1.00296023315E+00 4.18753059787E+33
 7.06472115750E+09 4.54453400368E+27 1.00296483500E+00 4.20846528667E+33
 7.10006512250E+09 4.57380241928E+27 1.00296944344E+00 4.22950463410E+33
 7.13558594563E+09 4.60325933389E+27 1.00297405849E+00 4.25064916337E+33
 7.17128451211E+09 4.63290596150E+27 1.00297868016E+00 4.27189940032E+33
 7.20716171159E+09 4.66274352394E+27 1.00298330845E+00 4.29325587341E+33
 7.24321843818E+09 4.69277325090E+27 1.00298794338E+00 4.31471911375E+33
 7.27945559046E+09 4.72299637998E+27 1.00299258496E+00 4.33628965510E+33
 7.31587407150E+09 4.75341415676E+27 1.00299723319E+00 4.35796803388E+33
 7.35247478890E+09 4.78402783485E+27 1.00300188809E+00 4.37975478922E+33
 7.38925865482E+09 4.81483867591E+27 1.00300654966E+00 4.40165046291E+33
 7.42622658597E+09 4.84584794975E+27 1.00301121792E+00 4.42365559946E+33
 7.46337950365E+09 4.87705693435E+27 1.00301589287E+00 4.44577074613E+33
 7.50071833377E+09 4.90846691590E+27 1.00302057453E+00 4.46799645287E+33
 7.53824400689E+09 4.94007918891E+27 1.00302526289E+00 4.49033327242E+33
 7.57595745823E+09 4.97189505621E+27 1.00302995798E+00 4.51278176025E+33
 7.61385962766E+09 5.00391582901E+27 1.00303465981E+00 4.53534247463E+33
 7.65195145980E+09 5.03614282697E+27 1.00303936837E+00 4.55801597661E+33
 7.69023390398E+09 5.06857737827E+27 1.00304408369E+00 4.58080283005E+33
 7.72870791427E+09 5.10122081962E+27 1.00304880576E+00 4.60370360163E+33
 7.76737444954E+09 5.13407449634E+27 1.00305353461E+00 4.62671886086E+33
 7.80623447346E+09 5.16713976242E+27 1.00305827024E+00 4.64984918009E+33
 7.84528895450E+09 5.20041798058E+27 1.00306301266E+00 4.67309513454E+33
 7.88453886600E+09 5.23391052230E+27 1.00306776188E+00 4.69645730232E+33
 7.92398518618E+09 5.26761876791E+27 1.00307251790E+00 4.71993626439E+33
 7.96362889814E+09 5.30154410661E+27 1.00307728075E+00 4.74353260465E+33
 8.00347098991E+09 5.33568793656E+27 1.00308205043E+00 4.76724690991E+33
 8.04351245447E+09 5.37005166491E+27 1.00308682695E+00 4.79107976992E+33
 8.08375428978E+09 5.40463670791E+27 1.00309161031E+00 4.81503177735E+33
 8.12419749877E+09 5.43944449088E+27 1.00309640054E+00 4.83910352786E+33
 8.16484308941E+09 5.47447644836E+27 1.00310119763E+00 4.86329562009E+33
 8.20569207473E+09 5.50973402410E+27 1.00310600161E+00 4.88760865565E+33
 8.24674547281E+09 5.54521867118E+27 1.00311081247E+00 4.91204323919E+33
 8.28800430683E+09 5.58093185201E+27 1.00311563023E+00 4.93659997834E+33
 8.32946960512E+09 5.61687503842E+27 1.00312045489E+00 4.96127948380E+33
 8.37114240111E+09 5.65304971174E+27 1.00312528648E+00 4.98608236933E+33
 8.41302373346E+09 5.68945736283E+27 1.00313012499E+00 5.01100925172E+33
 8.45511464599E+09 5.72609949213E+27 1.00313497044E+00 5.03606075088E+33
 8.49741618776E+09 5.76297760979E+27 1.00313982284E+00 5.06123748981E+33
 8.53992941309E+09 5.80009323564E+27 1.00314468220E+00 5.08654009460E+33
 8.58265538157E+09 5.83744789933E+27 1.00314954852E+00 5.11196919451E+33
 8.62559515810E+09 5.87504314034E+27 1.00315442182E+00 5.13752542192E+33
 8.66874981291E+09 5.91288050807E+27 1.00315930211E+00 5.16320941238E+33
 8.71212042159E+09 5.95096156192E+27 1.00316418940E+00 5.18902180461E+33
 8.75570806513E+09 5.98928787129E+27 1.00316908370E+00 5.21496324053E+33
 8.79951382990E+09 6.02786101573E+27 1.00317398501E+00 5.24103436526E+33
 8.84353880773E+09 6.06668258495E+27 1.00317889335E+00 5.26723582716E+33
 8.88778409593E+09 6.10575417887E+27 1.00318380873E+00 5.29356827783E+33
 8.93225079729E+09 6.14507740777E+27 1.00318873116E+00 5.32003237211E+33
 8.97694002011E+09 6.18465389224E+27 1.00319366065E+00 5.34662876813E+33
 9.02185287826E+09 6.22448526335E+27 1.00319859720E+00 5.37335812730E+33
 9.06699049118E+09 6.26457316267E+27 1.00320354083E+00 5.40022111435E+33
 9.11235398393E+09 6.30491924231E+27 1.00320849156E+00 5.42721839731E+33
 9.15794448716E+09 6.34552516506E+27 1.00321344938E+00 5.45435064758E+33
 9.20376313724E+09 6.38639260440E+27 1.00321841431E+00 5.48161853990E+33
 9.24981107619E+09 6.42752324458E+27 1.00322338635E+00 5.50902275238E+33
 9.29608945176E+09 6.46891878072E+27 1.00322836553E+00 5.53656396652E+33
 9.34259941746E+09 6.51058091883E+27 1.00323335185E+00 5.56424286723E+33
 9.38934213254E+09 6.55251137594E+27 1.00323834532E+00 5.59206014286E+33
 9.43631876210E+09 6.59471188011E+27 1.00324334595E+00 5.62001648517E+33
 9.48353047705E+09 6.63718417053E+27 1.00324835374E+00 5.64811258941E+33
 9.53097845417E+09 6.67992999761E+27 1.00325336872E+00 5.67634915428E+33
 9.57866387612E+09 6.72295112303E+27 1.00325839089E+00 5.70472688198E+33
 9.62658793149E+09 6.76624931979E+27 1.00326342026E+00 5.73324647824E+33
 9.67475181484E+09 6.80982637235E+27 1.00326845684E+00 5.76190865229E+33
 9.72315672669E+09 6.85368407662E+27 1.00327350065E+00 5.79071411692E+33
 9.77180387358E+09 6.89782424012E+27 1.00327855169E+00 5.81966358849E+33
 9.82069446808E+09 6.94224868196E+27 1.00328360997E+00 5.84875778692E+33
 9.86982972884E+09 6.98695923302E+27 1.00328867550E+00 5.87799743575E+33
 9.91921088064E+09 7.03195773593E+27 1.00329374829E+00 5.90738326212E+33
 9.96883915434E+09 7.07724604521E+27 1.00329882836E+00 5.93691599683E+33
 1.00187157870E+10 7.12282602730E+27 1.00330391572E+00 5.96659637430E+33
 1.00688420219E+10 7.16869956070E+27 1.00330901037E+00 5.99642513265E+33
 1.01192191084E+10 7.21486853597E+27 1.00331411232E+00 6.02640301368E+33
 1.01698483024E+10 7.26133485586E+27 1.00331922159E+00 6.05653076289E+33
 1.02207308658E+10 7.30810043539E+27 1.00332433818E+00 6.08680912953E+33
 1.02718680670E+10 7.35516720188E+27 1.00332946212E+00 6.11723886656E+33
 1.03232611806E+10 7.40253709509E+27 1.00333459340E+00 6.14782073074E+33
 1.03749114877E+10 7.45021206726E+27 1.00333973203E+00 6.17855548259E+33
 1.04268202759E+10 7.49819408321E+27 1.00334487804E+00 6.20944388645E+33
 1.04789888390E+10 7.54648512042E+27 1.00335003142E+00 6.24048671046E+33
 1.05314184775E+10 7.59508716908E+27 1.00335519220E+00 6.27168472661E+33
 1.05841104983E+10 7.64400223223E+27 1.00336036037E+00 6.30303871077E+33
 1.06370662148E+10 7.69323232578E+27 1.00336553596E+00 6.33454944265E+33
 1.06902869472E+10 7.74277947865E+27 1.00337071896E+00 6.36621770588E+33
 1.07437740221E+10 7.79264573280E+27 1.00337590940E+00 6.39804428801E+33
 1.07975287727E+10 7.84283314338E+27 1.00338110728E+00 6.43002998053E+33
 1.08515525391E+10 7.89334377873E+27 1.00338631261E+00 6.46217557887E+33
 1.09058466679E+10 7.94417972053E+27 1.00339152541E+00 6.49448188244E+33
 1.09604125127E+10 7.99534306389E+27 1.00339674568E+00 6.52694969466E+33
 1.10152514335E+10 8.04683591738E+27 1.00340197344E+00 6.55957982296E+33
 1.10703647975E+10 8.09866040317E+27 1.00340720869E+00 6.59237307881E+33
 1.11257539785E+10 8.15081865707E+27 1.00341245145E+00 6.62533027772E+33
 1.11814203573E+10 8.20331282869E+27 1.00341770173E+00 6.65845223930E+33
 1.12373653215E+10 8.25614508144E+27 1.00342295954E+00 6.69173978723E+33
 1.12935902657E+10 8.30931759270E+27 1.00342822488E+00 6.72519374935E+33
 1.13500965915E+10 8.36283255385E+27 1.00343349778E+00 6.75881495760E+33
 1.14068857077E+10 8.41669217038E+27 1.00343877823E+00 6.79260424808E+33
 1.14639590297E+10 8.47089866200E+27 1.00344406626E+00 6.82656246110E+33
 1.15213179805E+10 8.52545426271E+27 1.00344936187E+00 6.86069044115E+33
 1.15789639898E+10 8.58036122089E+27 1.00345466507E+00 6.89498903695E+33
 1.16368984948E+10 8.63562179942E+27 1.00345997588E+00 6.92945910144E+33
 1.16951229397E+10 8.69123827573E+27 1.00346529430E+00 6.96410149185E+33
 1.17536387760E+10 8.74721294193E+27 1.00347062035E+00 6.99891706970E+33
 1.18124474623E+10 8.80354810490E+27 1.00347595404E+00 7.03390670079E+33
 1.18715504649E+10 8.86024608635E+27 1.00348129537E+00 7.06907125526E+33
 1.19309492570E+10 8.91730922297E+27 1.00348664436E+00 7.10441160762E+33
 1.19906453194E+10 8.97473986649E+27 1.00349200102E+00 7.13992863672E+33
 1.20506401404E+10 9.03254038379E+27 1.00349736537E+00 7.17562322583E+33
 1.21109352156E+10 9.09071315698E+27 1.00350273740E+00 7.21149626262E+33
 1.21715320481E+10 9.14926058352E+27 1.00350811714E+00 7.24754863919E+33
 1.22324321486E+10 9.20818507632E+27 1.00351350459E+00 7.28378125213E+33
 1.22936370353E+10 9.26748906381E+27 1.00351889977E+00 7.32019500249E+33
 1.23551482340E+10 9.32717499007E+27 1.00352430268E+00 7.35679079582E+33
 1.24169672783E+10 9.38724531493E+27 1.00352971334E+00 7.39356954222E+33
 1.24790957092E+10 9.44770251406E+27 1.00353513176E+00 7.43053215631E+33
 1.25415350757E+10 9.50854907905E+27 1.00354055795E+00 7.46767955731E+33
 1.26042869344E+10 9.56978751756E+27 1.00354599192E+00 7.50501266902E+33
 1.26673528496E+10 9.63142035341E+27 1.00355143368E+00 7.54253241986E+33
 1.27307343938E+10 9.69345012664E+27 1.00355688324E+00 7.58023974290E+33
 1.27944331469E+10 9.75587939367E+27 1.00356234062E+00 7.61813557586E+33
 1.28584506971E+10 9.81871072740E+27 1.00356780582E+00 7.65622086115E+33
 1.29227886403E+10 9.88194671726E+27 1.00357327886E+00 7.69449654592E+33
 1.29874485806E+10 9.94558996939E+27 1.00357875975E+00 7.73296358202E+33
 1.30524321300E+10 1.00096431067E+28 1.00358424850E+00 7.77162292607E+33
 1.31177409086E+10 1.00741087690E+28 1.00358974511E+00 7.81047553947E+33
 1.31833765445E+10 1.01389896131E+28 1.00359524961E+00 7.84952238844E+33
 1.32493406743E+10 1.02042883129E+28 1.00360076200E+00 7.88876444401E+33
 1.33156349424E+10 1.02700075596E+28 1.00360628230E+00 7.92820268208E+33
 1.33822610016E+10 1.03361500616E+28 1.00361181051E+00 7.96783808343E+33
 1.34492205131E+10 1.04027185449E+28 1.00361734665E+00 8.00767163372E+33
 1.35165151462E+10 1.04697157528E+28 1.00362289072E+00 8.04770432358E+33
 1.35841465787E+10 1.05371444466E+28 1.00362844275E+00 8.08793714854E+33
 1.36521164967E+10 1.06050074052E+28 1.00363400273E+00 8.12837110915E+33
 1.37204265950E+10 1.06733074254E+28 1.00363957069E+00 8.16900721094E+33
 1.37890785765E+10 1.07420473220E+28 1.00364514664E+00 8.20984646447E+33
 1.38580741529E+10 1.08112299280E+28 1.00365073057E+00 8.25088988536E+33
 1.39274150444E+10 1.08808580945E+28 1.00365632252E+00 8.29213849431E+33
 1.39971029799E+10 1.09509346913E+28 1.00366192248E+00 8.33359331710E+33
 1.40671396967E+10 1.10214626062E+28 1.00366753047E+00 8.37525538466E+33
 1.41375269411E+10 1.10924447461E+28 1.00367314651E+00 8.41712573307E+33
 1.42082664681E+10 1.11638840361E+28 1.00367877060E+00 8.45920540358E+33
 1.42793600412E+10 1.12357834206E+28 1.00368440275E+00 8.50149544266E+33
 1.43508094331E+10 1.13081458627E+28 1.00369004297E+00 8.54399690200E+33
 1.44226164252E+10 1.13809743446E+28 1.00369569129E+00 8.58671083855E+33
 1.44947828079E+10 1.14542718679E+28 1.00370134770E+00 8.62963831454E+33
 1.45673103803E+10 1.15280414534E+28 1.00370701223E+00 8.67278039753E+33
 1.46402009510E+10 1.16022861412E+28 1.00371268487E+00 8.71613816040E+33
 1.47134563373E+10 1.16770089912E+28 1.00371836565E+00 8.75971268139E+33
 1.47870783656E+10 1.17522130829E+28 1.00372405458E+00 8.80350504414E+33
 1.48610688715E+10 1.18279015157E+28 1.00372975166E+00 8.84751633770E+33
 1.49354297000E+10 1.19040774090E+28 1.00373545692E+00 8.89174765658E+33
 1.50101627051E+10 1.19807439021E+28 1.00374117035E+00 8.93620010074E+33
 1.50852697502E+10 1.20579041547E+28 1.00374689198E+00 8.98087477566E+33
 1.51607527079E+10 1.21355613468E+28 1.00375262181E+00 9.02577279233E+33
 1.52366134603E+10 1.22137186788E+28 1.00375835985E+00 9.07089526730E+33
 1.53128538989E+10 1.22923793718E+28 1.00376410613E+00 9.11624332270E+33
 1.53894759247E+10 1.23715466677E+28 1.00376986064E+00 9.16181808628E+33
 1.54664814482E+10 1.24512238291E+28 1.00377562341E+00 9.20762069142E+33
 1.55438723894E+10 1.25314141398E+28 1.00378139443E+00 9.25365227717E+33
 1.56216506780E+10 1.26121209047E+28 1.00378717374E+00 9.29991398825E+33
 1.56998182533E+10 1.26933474497E+28 1.00379296133E+00 9.34640697515E+33
 1.57783770645E+10 1.27750971227E+28 1.00379875722E+00 9.39313239407E+33
 1.58573290703E+10 1.28573732926E+28 1.00380456142E+00 9.44009140701E+33
 1.59366762394E+10 1.29401793503E+28 1.00381037394E+00 9.48728518177E+33
 1.60164205503E+10 1.30235187085E+28 1.00381619479E+00 9.53471489201E+33
 1.60965639913E+10 1.31073948018E+28 1.00382202400E+00 9.58238171721E+33
 1.61771085609E+10 1.31918110870E+28 1.00382786156E+00 9.63028684281E+33
 1.62580562673E+10 1.32767710431E+28 1.00383370749E+00 9.67843146012E+33
 1.63394091291E+10 1.33622781715E+28 1.00383956181E+00 9.72681676644E+33
 1.64211691748E+10 1.34483359962E+28 1.00384542451E+00 9.77544396504E+33
 1.65033384431E+10 1.35349480640E+28 1.00385129563E+00 9.82431426521E+33
 1.65859189829E+10 1.36221179443E+28 1.00385717516E+00 9.87342888229E+33
 1.66689128533E+10 1.37098492296E+28 1.00386306313E+00 9.92278903768E+33
 1.67523221239E+10 1.37981455356E+28 1.00386895954E+00 9.97239595892E+33
 1.68361488746E+10 1.38870105012E+28 1.00387486440E+00 1.00222508796E+34
 1.69203951956E+10 1.39764477888E+28 1.00388077773E+00 1.00723550397E+34
 1.70050631876E+10 1.40664610844E+28 1.00388669954E+00 1.01227096851E+34
 1.70901549620E+10 1.41570540976E+28 1.00389262984E+00 1.01733160680E+34
 1.71756726405E+10 1.42482305620E+28 1.00389856864E+00 1.02241754471E+34
 1.72616183557E+10 1.43399942353E+28 1.00390451596E+00 1.02752890870E+34
 1.73479942507E+10 1.44323488993E+28 1.00391047180E+00 1.03266582590E+34
 1.74348024794E+10 1.45252983602E+28 1.00391643619E+00 1.03782842404E+34
 1.75220452065E+10 1.46188464486E+28 1.00392240913E+00 1.04301683152E+34
 1.76097246075E+10 1.47129970201E+28 1.00392839063E+00 1.04823117737E+34
 1.76978428689E+10 1.48077539547E+28 1.00393438071E+00 1.05347159126E+34
 1.77864021879E+10 1.49031211577E+28 1.00394037938E+00 1.05873820350E+34
 1.78754047731E+10 1.49991025594E+28 1.00394638665E+00 1.06403114508E+34
 1.79648528437E+10 1.50957021154E+28 1.00395240254E+00 1.06935054762E+34
 1.80547486305E+10 1.51929238070E+28 1.00395842705E+00 1.07469654341E+34
 1.81450943751E+10 1.52907716409E+28 1.00396446020E+00 1.08006926539E+34
 1.82358923305E+10 1.53892496496E+28 1.00397050200E+00 1.08546884717E+34
 1.83271447609E+10 1.54883618917E+28 1.00397655246E+00 1.09089542305E+34
 1.84188539420E+10 1.55881124519E+28 1.00398261160E+00 1.09634912796E+34
 1.85110221607E+10 1.56885054412E+28 1.00398867943E+00 1.10183009754E+34
 1.86036517155E+10 1.57895449971E+28 1.00399475596E+00 1.10733846809E+34
 1.86967449163E+10 1.58912352836E+28 1.00400084120E+00 1.11287437658E+34
 1.87903040847E+10 1.59935804918E+28 1.00400693516E+00 1.11843796071E+34
 1.88843315538E+10 1.60965848395E+28 1.00401303787E+00 1.12402935881E+34
 1.89788296685E+10 1.62002525718E+28 1.00401914932E+00 1.12964870995E+34
 1.90738007854E+10 1.63045879613E+28 1.00402526954E+00 1.13529615387E+34
 1.91692472729E+10 1.64095953077E+28 1.00403139854E+00 1.14097183100E+34
 1.92651715113E+10 1.65152789388E+28 1.00403753632E+00 1.14667588251E+34
 1.93615758927E+10 1.66216432101E+28 1.00404368290E+00 1.15240845023E+34
 1.94584628212E+10 1.67286925052E+28 1.00404983830E+00 1.15816967674E+34
 1.95558347133E+10 1.68364312357E+28 1.00405600252E+00 1.16395970530E+34
 1.96536939971E+10 1.69448638421E+28 1.00406217559E+00 1.16977867991E+34
 1.97520431131E+10 1.70539947929E+28 1.00406835750E+00 1.17562674527E+34
 1.98508845140E+10 1.71638285860E+28 1.00407454828E+00 1.18150404681E+34
 1.99502206650E+10 1.72743697477E+28 1.00408074793E+00 1.18741073071E+34
 2.00500540432E+10 1.73856228338E+28 1.00408695648E+00 1.19334694384E+34
 2.01503871384E+10 1.74975924294E+28 1.00409317393E+00 1.19931283383E+34
 2.02512224530E+10 1.76102831490E+28 1.00409940029E+00 1.20530854906E+34
 2.03525625016E+10 1.77236996370E+28 1.00410563558E+00 1.21133423861E+34
 2.04544098116E+10 1.78378465674E+28 1.00411187981E+00 1.21739005235E+34
 2.05567669230E+10 1.79527286447E+28 1.00411813299E+00 1.22347614087E+34
 2.06596363887E+10 1.80683506034E+28 1.00412439514E+00 1.22959265552E+34
 2.07630207740E+10 1.81847172087E+28 1.00413066627E+00 1.23573974842E+34
 2.08669226575E+10 1.83018332563E+28 1.00413694640E+00 1.24191757243E+34
 2.09713446304E+10 1.84197035730E+28 1.00414323552E+00 1.24812628118E+34
 2.10762892969E+10 1.85383330164E+28 1.00414953367E+00 1.25436602909E+34
 2.11817592746E+10 1.86577264756E+28 1.00415584084E+00 1.26063697132E+34
 2.12877571937E+10 1.87778888711E+28 1.00416215706E+00 1.26693926382E+34
 2.13942856979E+10 1.88988251553E+28 1.00416848234E+00 1.27327306332E+34
 2.15013474441E+10 1.90205403121E+28 1.00417481669E+00 1.27963852734E+34
 2.16089451024E+10 1.91430393578E+28 1.00418116012E+00 1.28603581417E+34
 2.17170813565E+10 1.92663273410E+28 1.00418751264E+00 1.29246508291E+34
 2.18257589033E+10 1.93904093426E+28 1.00419387428E+00 1.29892649344E+34
 2.19349804533E+10 1.95152904764E+28 1.00420024503E+00 1.30542020644E+34
 2.20447487306E+10 1.96409758892E+28 1.00420662492E+00 1.31194638342E+34
 2.21550664730E+10 1.97674707608E+28 1.00421301396E+00 1.31850518666E+34
 2.22659364319E+10 1.98947803043E+28 1.00421941216E+00 1.32509677928E+34
 2.23773613725E+10 2.00229097666E+28 1.00422581954E+00 1.33172132519E+34
 2.24893440740E+10 2.01518644281E+28 1.00423223610E+00 1.33837898914E+34
 2.26018873293E+10 2.02816496036E+28 1.00423866186E+00 1.34506993670E+34
 2.27149939454E+10 2.04122706418E+28 1.00424509684E+00 1.35179433426E+34
 2.28286667435E+10 2.05437329259E+28 1.00425154104E+00 1.35855234905E+34
 2.29429085588E+10 2.06760418739E+28 1.00425799449E+00 1.36534414913E+34
 2.30577222405E+10 2.08092029386E+28 1.00426445718E+00 1.37216990340E+34
 2.31731106525E+10 2.09432216079E+28 1.00427092915E+00 1.37902978161E+34
 2.32890766728E+10 2.10781034051E+28 1.00427741039E+00 1.38592395436E+34
 2.34056231937E+10 2.12138538891E+28 1.00428390093E+00 1.39285259309E+34
 2.35227531223E+10 2.13504786545E+28 1.00429040078E+00 1.39981587011E+34
 2.36404693800E+10 2.14879833320E+28 1.00429690994E+00 1.40681395859E+34
 2.37587749030E+10 2.16263735885E+28 1.00430342844E+00 1.41384703255E+34
 2.38776726421E+10 2.17656551275E+28 1.00430995628E+00 1.42091526691E+34
 2.39971655631E+10 2.19058336891E+28 1.00431649349E+00 1.42801883743E+34
 2.41172566462E+10 2.20469150506E+28 1.00432304007E+00 1.43515792078E+34
 2.42379488871E+10 2.21889050262E+28 1.00432959603E+00 1.44233269449E+34
 2.43592452961E+10 2.23318094677E+28 1.00433616140E+00 1.44954333699E+34
 2.44811488987E+10 2.24756342647E+28 1.00434273618E+00 1.45679002760E+34
 2.46036627357E+10 2.26203853446E+28 1.00434932039E+00 1.46407294654E+34
 2.47267898628E+10 2.27660686729E+28 1.00435591404E+00 1.47139227491E+34
 2.48505333514E+10 2.29126902536E+28 1.00436251714E+00 1.47874819474E+34
 2.49748962881E+10 2.30602561295E+28 1.00436912972E+00 1.48614088897E+34
 2.50998817749E+10 2.32087723822E+28 1.00437575177E+00 1.49357054143E+34
 2.52254929294E+10 2.33582451323E+28 1.00438238332E+00 1.50103733690E+34
 2.53517328849E+10 2.35086805401E+28 1.00438902438E+00 1.50854146106E+34
 2.54786047902E+10 2.36600848054E+28 1.00439567496E+00 1.51608310053E+34
 2.56061118102E+10 2.38124641681E+28 1.00440233507E+00 1.52366244285E+34
 2.57342571254E+10 2.39658249081E+28 1.00440900474E+00 1.53127967653E+34
 2.58630439322E+10 2.41201733458E+28 1.00441568397E+00 1.53893499098E+34
 2.59924754432E+10 2.42755158423E+28 1.00442237278E+00 1.54662857658E+34
 2.61225548870E+10 2.44318587998E+28 1.00442907118E+00 1.55436062466E+34
 2.62532855084E+10 2.45892086615E+28 1.00443577918E+00 1.56213132752E+34
 2.63846705684E+10 2.47475719123E+28 1.00444249680E+00 1.56994087838E+34
 2.65167133445E+10 2.49069550788E+28 1.00444922406E+00 1.57778947147E+34
 2.66494171304E+10 2.50673647296E+28 1.00445596096E+00 1.58567730198E+34
 2.67827852364E+10 2.52288074756E+28 1.00446270752E+00 1.59360456605E+34
 2.69168209894E+10 2.53912899703E+28 1.00446946376E+00 1.60157146083E+34
 2.70515277331E+10 2.55548189101E+28 1.00447622968E+00 1.60957818444E+34
 2.71869088276E+10 2.57194010344E+28 1.00448300530E+00 1.61762493601E+34
 2.73229676502E+10 2.58850431262E+28 1.00448979064E+00 1.62571191563E+34
 2.74597075950E+10 2.60517520119E+28 1.00449658571E+00 1.63383932443E+34
 2.75971320729E+10 2.62195345622E+28 1.00450339052E+00 1.64200736452E+34
 2.77352445123E+10 2.63883976917E+28 1.00451020509E+00 1.65021623903E+34
 2.78740483584E+10 2.65583483599E+28 1.00451702943E+00 1.65846615211E+34
 2.80135470739E+10 2.67293935709E+28 1.00452386356E+00 1.66675730890E+34
 2.81537441387E+10 2.69015403738E+28 1.00453070749E+00 1.67508991562E+34
 2.82946430502E+10 2.70747958634E+28 1.00453756123E+00 1.68346417946E+34
 2.84362473234E+10 2.72491671800E+28 1.00454442479E+00 1.69188030870E+34
 2.85785604907E+10 2.74246615099E+28 1.00455129820E+00 1.70033851263E+34
 2.87215861025E+10 2.76012860857E+28 1.00455818147E+00 1.70883900159E+34
 2.88653277267E+10 2.77790481867E+28 1.00456507460E+00 1.71738198698E+34
 2.90097889493E+10 2.79579551387E+28 1.00457197762E+00 1.72596768125E+34
 2.91549733740E+10 2.81380143152E+28 1.00457889053E+00 1.73459629791E+34
 2.93008846230E+10 2.83192331369E+28 1.00458581336E+00 1.74326805154E+34
 2.94475263361E+10 2.85016190722E+28 1.00459274612E+00 1.75198315781E+34
 2.95949021718E+10 2.86851796378E+28 1.00459968881E+00 1.76074183344E+34
 2.97430158066E+10 2.88699223987E+28 1.00460664147E+00 1.76954429625E+34
 2.98918709357E+10 2.90558549688E+28 1.00461360409E+00 1.77839076514E+34
 3.00414712727E+10 2.92429850107E+28 1.00462057669E+00 1.78728146011E+34
 3.01918205497E+10 2.94313202367E+28 1.00462755929E+00 1.79621660226E+34
 3.03429225177E+10 2.96208684086E+28 1.00463455191E+00 1.80519641380E+34
 3.04947809462E+10 2.98116373380E+28 1.00464155455E+00 1.81422111804E+34
 3.06473996240E+10 3.00036348873E+28 1.00464856723E+00 1.82329093942E+34
 3.08007823585E+10 3.01968689691E+28 1.00465558997E+00 1.83240610348E+34
 3.09549329765E+10 3.03913475471E+28 1.00466262278E+00 1.84156683691E+34
 3.11098553236E+10 3.05870786363E+28 1.00466966567E+00 1.85077336752E+34
 3.12655532651E+10 3.07840703033E+28 1.00467671866E+00 1.86002592427E+34
 3.14220306854E+10 3.09823306668E+28 1.00468378177E+00 1.86932473725E+34
 3.15792914883E+10 3.11818678976E+28 1.00469085500E+00 1.87867003771E+34
 3.17373395975E+10 3.13826902191E+28 1.00469793837E+00 1.88806205806E+34
 3.18961789560E+10 3.15848059077E+28 1.00470503190E+00 1.89750103187E+34
 3.20558135267E+10 3.17882232933E+28 1.00471213560E+00 1.90698719386E+34
 3.22162472924E+10 3.19929507593E+28 1.00471924949E+00 1.91652077995E+34
 3.23774842558E+10 3.21989967429E+28 1.00472637358E+00 1.92610202722E+34
 3.25395284397E+10 3.24063697360E+28 1.00473350789E+00 1.93573117394E+34
 3.27023838870E+10 3.26150782849E+28 1.00474065242E+00 1.94540845958E+34
 3.28660546609E+10 3.28251309911E+28 1.00474780720E+00 1.95513412480E+34
 3.30305448451E+10 3.30365365115E+28 1.00475497224E+00 1.96490841146E+34
 3.31958585434E+10 3.32493035586E+28 1.00476214755E+00 1.97473156264E+34
 3.33619998805E+10 3.34634409012E+28 1.00476933315E+00 1.98460382262E+34
 3.35289730017E+10 3.36789573644E+28 1.00477652905E+00 1.99452543691E+34
 3.36967820729E+10 3.38958618304E+28 1.00478373527E+00 2.00449665225E+34
 3.38654312811E+10 3.41141632382E+28 1.00479095183E+00 2.01451771660E+34
 3.40349248341E+10 3.43338705848E+28 1.00479817873E+00 2.02458887919E+34
 3.42052669610E+10 3.45549929248E+28 1.00480541600E+00 2.03471039046E+34
 3.43764619119E+10 3.47775393714E+28 1.00481266364E+00 2.04488250212E+34
 3.45485139582E+10 3.50015190963E+28 1.00481992167E+00 2.05510546714E+34
 3.47214273928E+10 3.52269413302E+28 1.00482719012E+00 2.06537953974E+34
 3.48952065302E+10 3.54538153636E+28 1.00483446898E+00 2.07570497544E+34
 3.50698557063E+10 3.56821505464E+28 1.00484175828E+00 2.08608203101E+34
 3.52453792788E+10 3.59119562890E+28 1.00484905804E+00 2.09651096451E+34
 3.54217816273E+10 3.61432420623E+28 1.00485636826E+00 2.10699203529E+34
 3.55990671534E+10 3.63760173983E+28 1.00486368896E+00 2.11752550401E+34
 3.57772402805E+10 3.66102918903E+28 1.00487102016E+00 2.12811163262E+34
 3.59563054545E+10 3.68460751933E+28 1.00487836187E+00 2.13875068437E+34
 3.61362671434E+10 3.70833770247E+28 1.00488571411E+00 2.14944292386E+34
 3.63171298375E+10 3.73222071643E+28 1.00489307689E+00 2.16018861697E+34
 3.64988980499E+10 3.75625754550E+28 1.00490045023E+00 2.17098803094E+34
 3.66815763160E+10 3.78044918029E+28 1.00490783414E+00 2.18184143434E+34
 3.68651691940E+10 3.80479661782E+28 1.00491522864E+00 2.19274909707E+34
 3.70496812652E+10 3.82930086151E+28 1.00492263374E+00 2.20371129039E+34
 3.72351171335E+10 3.85396292124E+28 1.00493004947E+00 2.21472828693E+34
 3.74214814262E+10 3.87878381341E+28 1.00493747582E+00 2.22580036064E+34
 3.76087787935E+10 3.90376456096E+28 1.00494491282E+00 2.23692778689E+34
 3.77970139090E+10 3.92890619340E+28 1.00495236049E+00 2.24811084239E+34
 3.79861914699E+10 3.95420974691E+28 1.00495981883E+00 2.25934980525E+34
 3.81763161967E+10 3.97967626429E+28 1.00496728787E+00 2.27064495497E+34
 3.83673928337E+10 4.00530679511E+28 1.00497476762E+00 2.28199657244E+34
 3.85594261488E+10 4.03110239567E+28 1.00498225810E+00 2.29340493997E+34
 3.87524209341E+10 4.05706412907E+28 1.00498975931E+00 2.30487034126E+34
 3.89463820055E+10 4.08319306527E+28 1.00499727129E+00 2.31639306144E+34
 3.91413142029E+10 4.10949028111E+28 1.00500479403E+00 2.32797338706E+34
 3.93372223909E+10 4.13595686037E+28 1.00501232756E+00 2.33961160612E+34
 3.95341114581E+10 4.16259389383E+28 1.00501987189E+00 2.35130800803E+34
 3.97319863176E+10 4.18940247925E+28 1.00502742704E+00 2.36306288367E+34
 3.99308519074E+10 4.21638372150E+28 1.00503499302E+00 2.37487652537E+34
 4.01307131901E+10 4.24353873255E+28 1.00504256986E+00 2.38674922691E+34
 4.03315751530E+10 4.27086863152E+28 1.00505015755E+00 2.39868128356E+34
 4.05334428086E+10 4.29837454477E+28 1.00505775613E+00 2.41067299204E+34
 4.07363211946E+10 4.32605760589E+28 1.00506536560E+00 2.42272465058E+34
 4.09402153737E+10 4.35391895577E+28 1.00507298598E+00 2.43483655888E+34
 4.11451304341E+10 4.38195974265E+28 1.00508061729E+00 2.44700901815E+34
 4.13510714895E+10 4.41018112217E+28 1.00508825955E+00 2.45924233110E+34
 4.15580436793E+10 4.43858425742E+28 1.00509591276E+00 2.47153680196E+34
 4.17660521685E+10 4.46717031896E+28 1.00510357694E+00 2.48389273646E+34
 4.19751021481E+10 4.49594048490E+28 1.00511125212E+00 2.49631044189E+34
 4.21851988351E+10 4.52489594095E+28 1.00511893830E+00 2.50879022706E+34
 4.23963474726E+10 4.55403788044E+28 1.00512663550E+00 2.52133240232E+34
 4.26085533301E+10 4.58336750438E+28 1.00513434373E+00 2.53393727958E+34
 4.28218217034E+10 4.61288602154E+28 1.00514206302E+00 2.54660517231E+34
 4.30361579148E+10 4.64259464844E+28 1.00514979338E+00 2.55933639553E+34
 4.32515673133E+10 4.67249460948E+28 1.00515753483E+00 2.57213126585E+34
 4.34680552749E+10 4.70258713689E+28 1.00516528737E+00 2.58499010147E+34
 4.36856272023E+10 4.73287347089E+28 1.00517305103E+00 2.59791322216E+34
 4.39042885255E+10 4.76335485965E+28 1.00518082582E+00 2.61090094931E+34
 4.41240447014E+10 4.79403255940E+28 1.00518861177E+00 2.62395360590E+34
 4.43449012146E+10 4.82490783445E+28 1.00519640887E+00 2.63707151654E+34
 4.45668635769E+10 4.85598195725E+28 1.00520421716E+00 2.65025500744E+34
 4.47899373280E+10 4.88725620846E+28 1.00521203664E+00 2.66350440647E+34
 4.50141280352E+10 4.91873187697E+28 1.00521986733E+00 2.67682004311E+34
 4.52394412936E+10 4.95041025998E+28 1.00522770925E+00 2.69020224851E+34
 4.54658827266E+10 4.98229266305E+28 1.00523556242E+00 2.70365135546E+34
 4.56934579856E+10 5.01438040014E+28 1.00524342685E+00 2.71716769843E+34
 4.59221727505E+10 5.04667479366E+28 1.00525130255E+00 2.73075161355E+34
 4.61520327294E+10 5.07917717457E+28 1.00525918955E+00 2.74440343862E+34
 4.63830436592E+10 5.11188888238E+28 1.00526708786E+00 2.75812351316E+34
 4.66152113055E+10 5.14481126522E+28 1.00527499749E+00 2.77191217836E+34
 4.68485414630E+10 5.17794567991E+28 1.00528291846E+00 2.78576977712E+34
 4.70830399551E+10 5.21129349202E+28 1.00529085079E+00 2.79969665407E+34
 4.73187126345E+10 5.24485607591E+28 1.00529879450E+00 2.81369315554E+34
 4.75555653835E+10 5.27863481477E+28 1.00530674959E+00 2.82775962962E+34
 4.77936041135E+10 5.31263110073E+28 1.00531471610E+00 2.84189642611E+34
 4.80328347658E+10 5.34684633487E+28 1.00532269402E+00 2.85610389657E+34
 4.82732633113E+10 5.38128192728E+28 1.00533068339E+00 2.87038239433E+34
 4.85148957509E+10 5.41593929716E+28 1.00533868421E+00 2.88473227447E+34
 4.87577381158E+10 5.45081987283E+28 1.00534669650E+00 2.89915389385E+34
 4.90017964670E+10 5.48592509181E+28 1.00535472028E+00 2.91364761112E+34
 4.92470768962E+10 5.52125640089E+28 1.00536275557E+00 2.92821378672E+34
 4.94935855255E+10 5.55681525617E+28 1.00537080238E+00 2.94285278289E+34
 4.97413285078E+10 5.59260312313E+28 1.00537886073E+00 2.95756496367E+34
 4.99903120267E+10 5.62862147668E+28 1.00538693063E+00 2.97235069495E+34
 5.02405422969E+10 5.66487180125E+28 1.00539501210E+00 2.98721034441E+34
 5.04920255642E+10 5.70135559079E+28 1.00540310516E+00 3.00214428160E+34
 5.07447681058E+10 5.73807434892E+28 1.00541120983E+00 3.01715287791E+34
 5.09987762302E+10 5.77502958892E+28 1.00541932612E+00 3.03223650658E+34
 5.12540562776E+10 5.81222283380E+28 1.00542745404E+00 3.04739554271E+34
 5.15106146201E+10 5.84965561642E+28 1.00543559362E+00 3.06263036329E+34
 5.17684576616E+10 5.88732947946E+28 1.00544374487E+00 3.07794134719E+34
 5.20275918381E+10 5.92524597559E+28 1.00545190781E+00 3.09332887517E+34
 5.22880236179E+10 5.96340666744E+28 1.00546008246E+00 3.10879332990E+34
 5.25497595017E+10 6.00181312773E+28 1.00546826882E+00 3.12433509596E+34
 5.28128060229E+10 6.04046693928E+28 1.00547646693E+00 3.13995455984E+34
 5.30771697476E+10 6.07936969512E+28 1.00548467679E+00 3.15565210999E+34
 5.33428572746E+10 6.11852299855E+28 1.00549289842E+00 3.17142813678E+34
 5.36098752361E+10 6.15792846319E+28 1.00550113184E+00 3.18728303253E+34
 5.38782302973E+10 6.19758771303E+28 1.00550937706E+00 3.20321719154E+34
 5.41479291570E+10 6.23750238255E+28 1.00551763411E+00 3.21923101007E+34
 5.44189785475E+10 6.27767411674E+28 1.00552590300E+00 3.23532488635E+34
 5.46913852348E+10 6.31810457119E+28 1.00553418375E+00 3.25149922062E+34
 5.49651560188E+10 6.35879541215E+28 1.00554247637E+00 3.26775441512E+34
 5.52402977337E+10 6.39974831659E+28 1.00555078088E+00 3.28409087408E+34
 5.55168172477E+10 6.44096497232E+28 1.00555909729E+00 3.30050900377E+34
 5.57947214635E+10 6.48244707796E+28 1.00556742564E+00 3.31700921248E+34
 5.60740173186E+10 6.52419634312E+28 1.00557576592E+00 3.33359191057E+34
 5.63547117850E+10 6.56621448841E+28 1.00558411816E+00 3.35025751040E+34
 5.66368118697E+10 6.60850324549E+28 1.00559248238E+00 3.36700642644E+34
 5.69203246151E+10 6.65106435721E+28 1.00560085860E+00 3.38383907520E+34
 5.72052570986E+10 6.69389957763E+28 1.00560924682E+00 3.40075587528E+34
 5.74916164331E+10 6.73701067211E+28 1.00561764707E+00 3.41775724740E+34
 5.77794097674E+10 6.78039941738E+28 1.00562605937E+00 3.43484361434E+34
 5.80686442858E+10 6.82406760160E+28 1.00563448373E+00 3.45201540102E+34
 5.83593272089E+10 6.86801702445E+28 1.00564292017E+00 3.46927303448E+34
 5.86514657935E+10 6.91224949723E+28 1.00565136870E+00 3.48661694389E+34
 5.89450673324E+10 6.95676684286E+28 1.00565982935E+00 3.50404756057E+34
 5.92401391555E+10 7.00157089604E+28 1.00566830214E+00 3.52156531799E+34
 5.95366886290E+10 7.04666350326E+28 1.00567678707E+00 3.53917065180E+34
 5.98347231563E+10 7.09204652291E+28 1.00568528416E+00 3.55686399982E+34
 6.01342501778E+10 7.13772182534E+28 1.00569379345E+00 3.57464580206E+34
 6.04352771712E+10 7.18369129298E+28 1.00570231493E+00 3.59251650072E+34
 6.07378116517E+10 7.22995682034E+28 1.00571084863E+00 3.61047654022E+34
 6.10418611723E+10 7.27652031415E+28 1.00571939457E+00 3.62852636720E+34
 6.13474333236E+10 7.32338369343E+28 1.00572795276E+00 3.64666643055E+34
 6.16545357346E+10 7.37054888954E+28 1.00573652322E+00 3.66489718137E+34
 6.19631760721E+10 7.41801784629E+28 1.00574510598E+00 3.68321907304E+34
 6.22733620419E+10 7.46579252001E+28 1.00575370104E+00 3.70163256120E+34
 6.25851013879E+10 7.51387487962E+28 1.00576230842E+00 3.72013810376E+34
 6.28984018931E+10 7.56226690673E+28 1.00577092815E+00 3.73873616094E+34
 6.32132713795E+10 7.61097059571E+28 1.00577956023E+00 3.75742719524E+34
 6.35297177083E+10 7.65998795377E+28 1.00578820470E+00 3.77621167148E+34
 6.38477487801E+10 7.70932100106E+28 1.00579686155E+00 3.79509005681E+34
 6.41673725350E+10 7.75897177072E+28 1.00580553083E+00 3.81406282069E+34
 6.44885969532E+10 7.80894230899E+28 1.00581421253E+00 3.83313043497E+34
 6.48114300546E+10 7.85923467531E+28 1.00582290668E+00 3.85229337382E+34
 6.51358798995E+10 7.90985094236E+28 1.00583161330E+00 3.87155211381E+34
 6.54619545885E+10 7.96079319618E+28 1.00584033240E+00 3.89090713385E+34
 6.57896622628E+10 8.01206353623E+28 1.00584906400E+00 3.91035891530E+34
 6.61190111047E+10 8.06366407551E+28 1.00585780813E+00 3.92990794189E+34
 6.64500093371E+10 8.11559694062E+28 1.00586656479E+00 3.94955469977E+34
 6.67826652244E+10 8.16786427185E+28 1.00587533401E+00 3.96929967753E+34
 6.71169870723E+10 8.22046822329E+28 1.00588411580E+00 3.98914336621E+34
 6.74529832283E+10 8.27341096289E+28 1.00589291019E+00 4.00908625928E+34
 6.77906620816E+10 8.32669467256E+28 1.00590171718E+00 4.02912885270E+34
 6.81300320636E+10 8.38032154828E+28 1.00591053680E+00 4.04927164491E+34
 6.84711016479E+10 8.43429380016E+28 1.00591936907E+00 4.06951513681E+34
 6.88138793504E+10 8.48861365254E+28 1.00592821401E+00 4.08985983184E+34
 6.91583737301E+10 8.54328334409E+28 1.00593707163E+00 4.11030623595E+34
 6.95045933886E+10 8.59830512790E+28 1.00594594194E+00 4.13085485761E+34
 6.98525469707E+10 8.65368127157E+28 1.00595482498E+00 4.15150620782E+34
 7.02022431645E+10 8.70941405731E+28 1.00596372076E+00 4.17226080017E+34
 7.05536907019E+10 8.76550578201E+28 1.00597262929E+00 4.19311915079E+34
 7.09068983583E+10 8.82195875737E+28 1.00598155059E+00 4.21408177840E+34
 7.12618749532E+10 8.87877530997E+28 1.00599048469E+00 4.23514920431E+34
 7.16186293504E+10 8.93595778139E+28 1.00599943159E+00 4.25632195244E+34
 7.19771704581E+10 8.99350852826E+28 1.00600839133E+00 4.27760054932E+34
 7.23375072289E+10 9.05142992241E+28 1.00601736391E+00 4.29898552412E+34
 7.26996486608E+10 9.10972435095E+28 1.00602634936E+00 4.32047740865E+34
 7.30636037966E+10 9.16839421635E+28 1.00603534769E+00 4.34207673740E+34
 7.34293817243E+10 9.22744193654E+28 1.00604435893E+00 4.36378404750E+34
 7.37969915779E+10 9.28686994506E+28 1.00605338309E+00 4.38559987879E+34
 7.41664425367E+10 9.34668069110E+28 1.00606242018E+00 4.40752477379E+34
 7.45377438265E+10 9.40687663961E+28 1.00607147024E+00 4.42955927774E+34
 7.49109047191E+10 9.46746027145E+28 1.00608053327E+00 4.45170393862E+34
 7.52859345327E+10 9.52843408343E+28 1.00608960930E+00 4.47395930712E+34
 7.56628426325E+10 9.58980058844E+28 1.00609869834E+00 4.49632593672E+34
 7.60416384305E+10 9.65156231558E+28 1.00610780041E+00 4.51880438363E+34
 7.64223313858E+10 9.71372181022E+28 1.00611691554E+00 4.54139520686E+34
 7.68049310051E+10 9.77628163411E+28 1.00612604373E+00 4.56409896822E+34
 7.71894468428E+10 9.83924436551E+28 1.00613518502E+00 4.58691623232E+34
 7.75758885009E+10 9.90261259931E+28 1.00614433941E+00 4.60984756658E+34
 7.79642656300E+10 9.96638894708E+28 1.00615350693E+00 4.63289354128E+34
 7.83545879288E+10 1.00305760372E+29 1.00616268759E+00 4.65605472954E+34
 7.87468651446E+10 1.00951765150E+29 1.00617188142E+00 4.67933170735E+34
 7.91411070738E+10 1.01601930429E+29 1.00618108843E+00 4.70272505357E+34
 7.95373235616E+10 1.02256283004E+29 1.00619030864E+00 4.72623534997E+34
 7.99355245030E+10 1.02914849841E+29 1.00619954208E+00 4.74986318120E+34
 8.03357198422E+10 1.03577658084E+29 1.00620878875E+00 4.77360913486E+34
 8.07379195735E+10 1.04244735047E+29 1.00621804868E+00 4.79747380149E+34
 8.11421337413E+10 1.04916108224E+29 1.00622732189E+00 4.82145777455E+34
 8.15483724403E+10 1.05591805282E+29 1.00623660840E+00 4.84556165050E+34
 8.19566458159E+10 1.06271854070E+29 1.00624590822E+00 4.86978602877E+34
 8.23669640642E+10 1.06956282614E+29 1.00625522138E+00 4.89413151178E+34
 8.27793374327E+10 1.07645119121E+29 1.00626454789E+00 4.91859870498E+34
 8.31937762201E+10 1.08338391981E+29 1.00627388777E+00 4.94318821682E+34
 8.36102907767E+10 1.09036129764E+29 1.00628324105E+00 4.96790065881E+34
 8.40288915049E+10 1.09738361227E+29 1.00629260774E+00 4.99273664553E+34
 8.44495888591E+10 1.10445115310E+29 1.00630198786E+00 5.01769679459E+34
 8.48723933462E+10 1.11156421141E+29 1.00631138143E+00 5.04278172673E+34
 8.52973155258E+10 1.11872308034E+29 1.00632078847E+00 5.06799206578E+34
 8.57243660104E+10 1.12592805494E+29 1.00633020900E+00 5.09332843867E+34
 8.61535554657E+10 1.13317943214E+29 1.00633964303E+00 5.11879147550E+34
 8.65848946111E+10 1.14047751078E+29 1.00634909059E+00 5.14438180949E+34
 8.70183942194E+10 1.14782259165E+29 1.00635855170E+00 5.17010007703E+34
 8.74540651177E+10 1.15521497745E+29 1.00636802638E+00 5.19594691770E+34
 8.78919181873E+10 1.16265497285E+29 1.00637751464E+00 5.22192297428E+34
 8.83319643641E+10 1.17014288446E+29 1.00638701651E+00 5.24802889276E+34
 8.87742146388E+10 1.17767902089E+29 1.00639653200E+00 5.27426532235E+34
 8.92186800572E+10 1.18526369271E+29 1.00640606114E+00 5.30063291551E+34
 8.96653717206E+10 1.19289721252E+29 1.00641560394E+00 5.32713232798E+34
 9.01143007859E+10 1.20057989492E+29 1.00642516042E+00 5.35376421875E+34
 9.05654784659E+10 1.20831205652E+29 1.00643473061E+00 5.38052925012E+34
 9.10189160298E+10 1.21609401599E+29 1.00644431452E+00 5.40742808771E+34
 9.14746248031E+10 1.22392609405E+29 1.00645391217E+00 5.43446140044E+34
 9.19326161683E+10 1.23180861348E+29 1.00646352358E+00 5.46162986060E+34
 9.23929015648E+10 1.23974189914E+29 1.00647314878E+00 5.48893414383E+34
 9.28554924895E+10 1.24772627798E+29 1.00648278777E+00 5.51637492915E+34
 9.33204004970E+10 1.25576207906E+29 1.00649244059E+00 5.54395289897E+34
 9.37876371996E+10 1.26384963356E+29 1.00650210725E+00 5.57166873912E+34
 9.42572142682E+10 1.27198927478E+29 1.00651178777E+00 5.59952313884E+34
 9.47291434319E+10 1.28018133819E+29 1.00652148217E+00 5.62751679086E+34
 9.52034364788E+10 1.28842616141E+29 1.00653119047E+00 5.65565039131E+34
 9.56801052561E+10 1.29672408421E+29 1.00654091269E+00 5.68392463985E+34
 9.61591616704E+10 1.30507544860E+29 1.00655064886E+00 5.71234023963E+34
 9.66406176881E+10 1.31348059873E+29 1.00656039898E+00 5.74089789728E+34
 9.71244853353E+10 1.32193988103E+29 1.00657016308E+00 5.76959832301E+34
 9.76107766989E+10 1.33045364411E+29 1.00657994119E+00 5.79844223055E+34
 9.80995039260E+10 1.33902223886E+29 1.00658973332E+00 5.82743033722E+34
 9.85906792249E+10 1.34764601840E+29 1.00659953948E+00 5.85656336389E+34
 9.90843148649E+10 1.35632533816E+29 1.00660935971E+00 5.88584203508E+34
 9.95804231771E+10 1.36506055582E+29 1.00661919402E+00 5.91526707890E+34
 1.00079016554E+11 1.37385203138E+29 1.00662904243E+00 5.94483922711E+34
 1.00580107451E+11 1.38270012718E+29 1.00663890496E+00 5.97455921512E+34
 1.01083708385E+11 1.39160520786E+29 1.00664878163E+00 6.00442778204E+34
 1.01589831937E+11 1.40056764043E+29 1.00665867247E+00 6.03444567065E+34
 1.02098490750E+11 1.40958779426E+29 1.00666857749E+00 6.06461362746E+34
 1.02609697530E+11 1.41866604108E+29 1.00667849671E+00 6.09493240269E+34
 1.03123465049E+11 1.42780275504E+29 1.00668843015E+00 6.12540275034E+34
 1.03639806139E+11 1.43699831269E+29 1.00669837784E+00 6.15602542816E+34
 1.04158733701E+11 1.44625309301E+29 1.00670833979E+00 6.18680119769E+34
 1.04680260699E+11 1.45556747740E+29 1.00671831603E+00 6.21773082429E+34
 1.05204400159E+11 1.46494184974E+29 1.00672830657E+00 6.24881507712E+34
 1.05731165177E+11 1.47437659637E+29 1.00673831143E+00 6.28005472922E+34
 1.06260568913E+11 1.48387210612E+29 1.00674833065E+00 6.31145055746E+34
 1.06792624591E+11 1.49342877034E+29 1.00675836422E+00 6.34300334261E+34
 1.07327345504E+11 1.50304698287E+29 1.00676841219E+00 6.37471386936E+34
 1.07864745010E+11 1.51272714012E+29 1.00677847456E+00 6.40658292630E+34
 1.08404836535E+11 1.52246964102E+29 1.00678855136E+00 6.43861130596E+34
 1.08947633572E+11 1.53227488709E+29 1.00679864261E+00 6.47079980485E+34
 1.09493149682E+11 1.54214328243E+29 1.00680874834E+00 6.50314922345E+34
 1.10041398493E+11 1.55207523375E+29 1.00681886855E+00 6.53566036624E+34
 1.10592393702E+11 1.56207115037E+29 1.00682900327E+00 6.56833404174E+34
 1.11146149075E+11 1.57213144425E+29 1.00683915252E+00 6.60117106248E+34
 1.11702678448E+11 1.58225653000E+29 1.00684931633E+00 6.63417224508E+34
 1.12261995723E+11 1.59244682491E+29 1.00685949471E+00 6.66733841023E+34
 1.12824114875E+11 1.60270274894E+29 1.00686968769E+00 6.70067038274E+34
 1.13389049949E+11 1.61302472476E+29 1.00687989528E+00 6.73416899151E+34
 1.13956815058E+11 1.62341317779E+29 1.00689011751E+00 6.76783506961E+34
 1.14527424387E+11 1.63386853614E+29 1.00690035439E+00 6.80166945428E+34
 1.15100892194E+11 1.64439123073E+29 1.00691060596E+00 6.83567298691E+34
 1.15677232806E+11 1.65498169521E+29 1.00692087222E+00 6.86984651314E+34
 1.16256460623E+11 1.66564036605E+29 1.00693115321E+00 6.90419088281E+34
 1.16838590116E+11 1.67636768252E+29 1.00694144894E+00 6.93870695002E+34
 1.17423635832E+11 1.68716408672E+29 1.00695175943E+00 6.97339557313E+34
 1.18011612386E+11 1.69803002361E+29 1.00696208470E+00 7.00825761480E+34
 1.18602534471E+11 1.70896594099E+29 1.00697242478E+00 7.04329394200E+34
 1.19196416851E+11 1.71997228958E+29 1.00698277968E+00 7.07850542604E+34
 1.19793274364E+11 1.73104952297E+29 1.00699314944E+00 7.11389294258E+34
 1.20393121923E+11 1.74219809767E+29 1.00700353406E+00 7.14945737164E+34
 1.20995974517E+11 1.75341847317E+29 1.00701393357E+00 7.18519959768E+34
 1.21601847208E+11 1.76471111187E+29 1.00702434800E+00 7.22112050955E+34
 1.22210755136E+11 1.77607647919E+29 1.00703477736E+00 7.25722100055E+34
 1.22822713515E+11 1.78751504351E+29 1.00704522167E+00 7.29350196845E+34
 1.23437737635E+11 1.79902727626E+29 1.00705568096E+00 7.32996431550E+34
 1.24055842865E+11 1.81061365188E+29 1.00706615525E+00 7.36660894849E+34
 1.24677044650E+11 1.82227464788E+29 1.00707664455E+00 7.40343677869E+34
 1.25301358510E+11 1.83401074485E+29 1.00708714890E+00 7.44044872198E+34
 1.25928800047E+11 1.84582242645E+29 1.00709766831E+00 7.47764569879E+34
 1.26559384939E+11 1.85771017949E+29 1.00710820280E+00 7.51502863415E+34
 1.27193128943E+11 1.86967449388E+29 1.00711875240E+00 7.55259845773E+34
 1.27830047895E+11 1.88171586271E+29 1.00712931712E+00 7.59035610383E+34
 1.28470157710E+11 1.89383478225E+29 1.00713989699E+00 7.62830251143E+34
 1.29113474384E+11 1.90603175193E+29 1.00715049204E+00 7.66643862421E+34
 1.29760013992E+11 1.91830727444E+29 1.00716110227E+00 7.70476539056E+34
 1.30409792691E+11 1.93066185568E+29 1.00717172772E+00 7.74328376361E+34
 1.31062826717E+11 1.94309600482E+29 1.00718236841E+00 7.78199470126E+34
 1.31719132391E+11 1.95561023430E+29 1.00719302435E+00 7.82089916620E+34
 1.32378726111E+11 1.96820505988E+29 1.00720369557E+00 7.85999812592E+34
 1.33041624361E+11 1.98088100061E+29 1.00721438210E+00 7.89929255277E+34
 1.33707843707E+11 1.99363857890E+29 1.00722508395E+00 7.93878342393E+34
 1.34377400797E+11 2.00647832054E+29 1.00723580114E+00 7.97847172150E+34
 1.35050312364E+11 2.01940075468E+29 1.00724653370E+00 8.01835843246E+34
 1.35726595224E+11 2.03240641390E+29 1.00725728165E+00 8.05844454874E+34
 1.36406266276E+11 2.04549583419E+29 1.00726804501E+00 8.09873106722E+34
 1.37089342507E+11 2.05866955499E+29 1.00727882380E+00 8.13921898979E+34
 1.37775840987E+11 2.07192811925E+29 1.00728961805E+00 8.17990932330E+34
 1.38465778873E+11 2.08527207338E+29 1.00730042778E+00 8.22080307968E+34
 1.39159173405E+11 2.09870196732E+29 1.00731125301E+00 8.26190127589E+34
 1.39856041914E+11 2.11221835456E+29 1.00732209376E+00 8.30320493400E+34
 1.40556401815E+11 2.12582179213E+29 1.00733295005E+00 8.34471508115E+34
 1.41260270611E+11 2.13951284068E+29 1.00734382191E+00 8.38643274966E+34
 1.41967665892E+11 2.15329206446E+29 1.00735470937E+00 8.42835897698E+34
 1.42678605339E+11 2.16716003134E+29 1.00736561243E+00 8.47049480576E+34
 1.43393106718E+11 2.18111731286E+29 1.00737653112E+00 8.51284128386E+34
 1.44111187887E+11 2.19516448424E+29 1.00738746548E+00 8.55539946437E+34
 1.44832866792E+11 2.20930212439E+29 1.00739841551E+00 8.59817040566E+34
 1.45558161471E+11 2.22353081598E+29 1.00740938124E+00 8.64115517138E+34
 1.46287090049E+11 2.23785114541E+29 1.00742036269E+00 8.68435483050E+34
 1.47019670746E+11 2.25226370285E+29 1.00743135990E+00 8.72777045734E+34
 1.47755921870E+11 2.26676908228E+29 1.00744237287E+00 8.77140313158E+34
 1.48495861823E+11 2.28136788152E+29 1.00745340163E+00 8.81525393831E+34
 1.49239509099E+11 2.29606070222E+29 1.00746444621E+00 8.85932396802E+34
 1.49986882283E+11 2.31084814992E+29 1.00747550662E+00 8.90361431670E+34
 1.50738000057E+11 2.32573083403E+29 1.00748658289E+00 8.94812608576E+34
 1.51492881193E+11 2.34070936793E+29 1.00749767505E+00 8.99286038216E+34
 1.52251544558E+11 2.35578436891E+29 1.00750878311E+00 9.03781831838E+34
 1.53014009116E+11 2.37095645826E+29 1.00751990709E+00 9.08300101245E+34
 1.53780293924E+11 2.38622626127E+29 1.00753104703E+00 9.12840958801E+34
 1.54550418134E+11 2.40159440723E+29 1.00754220294E+00 9.17404517431E+34
 1.55324400996E+11 2.41706152953E+29 1.00755337485E+00 9.21990890623E+34
 1.56102261855E+11 2.43262826559E+29 1.00756456278E+00 9.26600192435E+34
 1.56884020155E+11 2.44829525697E+29 1.00757576675E+00 9.31232537493E+34
 1.57669695436E+11 2.46406314935E+29 1.00758698678E+00 9.35888040998E+34
 1.58459307337E+11 2.47993259257E+29 1.00759822291E+00 9.40566818724E+34
 1.59252875593E+11 2.49590424064E+29 1.00760947514E+00 9.45268987027E+34
 1.60050420042E+11 2.51197875181E+29 1.00762074351E+00 9.49994662844E+34
 1.60851960618E+11 2.52815678855E+29 1.00763202804E+00 9.54743963694E+34
 1.61657517358E+11 2.54443901760E+29 1.00764332875E+00 9.59517007686E+34
 1.62467110398E+11 2.56082611000E+29 1.00765464566E+00 9.64313913520E+34
 1.63280759974E+11 2.57731874111E+29 1.00766597880E+00 9.69134800488E+34
 1.64098486425E+11 2.59391759062E+29 1.00767732819E+00 9.73979788478E+34
 1.64920310193E+11 2.61062334263E+29 1.00768869385E+00 9.78848997978E+34
 1.65746251820E+11 2.62743668563E+29 1.00770007581E+00 9.83742550079E+34
 1.66576331953E+11 2.64435831253E+29 1.00771147409E+00 9.88660566476E+34
 1.67410571342E+11 2.66138892073E+29 1.00772288872E+00 9.93603169475E+34
 1.68248990841E+11 2.67852921211E+29 1.00773431971E+00 9.98570481989E+34
 1.69091611409E+11 2.69577989306E+29 1.00774576709E+00 1.00356262755E+35
 1.69938454110E+11 2.71314167453E+29 1.00775723089E+00 1.00857973031E+35
 1.70789540113E+11 2.73061527205E+29 1.00776871113E+00 1.01362191502E+35
 1.71644890695E+11 2.74820140576E+29 1.00778020782E+00 1.01868930709E+35
 1.72504527237E+11 2.76590080042E+29 1.00779172101E+00 1.02378203254E+35
 1.73368471231E+11 2.78371418548E+29 1.00780325070E+00 1.02890021801E+35
 1.74236744274E+11 2.80164229508E+29 1.00781479692E+00 1.03404399078E+35
 1.75109368072E+11 2.81968586808E+29 1.00782635970E+00 1.03921347877E+35
 1.75986364440E+11 2.83784564811E+29 1.00783793906E+00 1.04440881055E+35
 1.76867755303E+11 2.85612238358E+29 1.00784953502E+00 1.04963011531E+35
 1.77753562695E+11 2.87451682773E+29 1.00786114761E+00 1.05487752289E+35
 1.78643808762E+11 2.89302973864E+29 1.00787277685E+00 1.06015116380E+35
 1.79538515760E+11 2.91166187928E+29 1.00788442277E+00 1.06545116918E+35
 1.80437706057E+11 2.93041401754E+29 1.00789608538E+00 1.07077767083E+35
 1.81341402134E+11 2.94928692624E+29 1.00790776472E+00 1.07613080123E+35
 1.82249626582E+11 2.96828138319E+29 1.00791946081E+00 1.08151069348E+35
 1.83162402110E+11 2.98739817119E+29 1.00793117366E+00 1.08691748139E+35
 1.84079751537E+11 3.00663807811E+29 1.00794290332E+00 1.09235129941E+35
 1.85001697799E+11 3.02600189688E+29 1.00795464979E+00 1.09781228267E+35
 1.85928263944E+11 3.04549042553E+29 1.00796641310E+00 1.10330056699E+35
 1.86859473140E+11 3.06510446723E+29 1.00797819328E+00 1.10881628884E+35
 1.87795348668E+11 3.08484483034E+29 1.00798999035E+00 1.11435958540E+35
 1.88735913927E+11 3.10471232841E+29 1.00800180434E+00 1.11993059451E+35
 1.89681192433E+11 3.12470778023E+29 1.00801363527E+00 1.12552945473E+35
 1.90631207821E+11 3.14483200988E+29 1.00802548316E+00 1.13115630529E+35
 1.91585983843E+11 3.16508584672E+29 1.00803734804E+00 1.13681128611E+35
 1.92545544372E+11 3.18547012548E+29 1.00804922994E+00 1.14249453784E+35
 1.93509913399E+11 3.20598568625E+29 1.00806112887E+00 1.14820620180E+35
 1.94479115037E+11 3.22663337452E+29 1.00807304486E+00 1.15394642004E+35
 1.95453173519E+11 3.24741404125E+29 1.00808497794E+00 1.15971533530E+35
 1.96432113201E+11 3.26832854287E+29 1.00809692813E+00 1.16551309106E+35
 1.97415958559E+11 3.28937774132E+29 1.00810889546E+00 1.17133983150E+35
 1.98404734194E+11 3.31056250409E+29 1.00812087994E+00 1.17719570151E+35
 1.99398464829E+11 3.33188370428E+29 1.00813288161E+00 1.18308084673E+35
 2.00397175311E+11 3.35334222057E+29 1.00814490049E+00 1.18899541350E+35
 2.01400890613E+11 3.37493893735E+29 1.00815693661E+00 1.19493954893E+35
 2.02409635834E+11 3.39667474466E+29 1.00816898998E+00 1.20091340082E+35
 2.03423436195E+11 3.41855053830E+29 1.00818106063E+00 1.20691711775E+35
 2.04442317048E+11 3.44056721984E+29 1.00819314860E+00 1.21295084901E+35
 2.05466303871E+11 3.46272569664E+29 1.00820525389E+00 1.21901474465E+35
 2.06495422267E+11 3.48502688191E+29 1.00821737655E+00 1.22510895548E+35
 2.07529697972E+11 3.50747169475E+29 1.00822951658E+00 1.23123363305E+35
 2.08569156849E+11 3.53006106016E+29 1.00824167403E+00 1.23738892967E+35
 2.09613824890E+11 3.55279590913E+29 1.00825384890E+00 1.24357499842E+35
 2.10663728218E+11 3.57567717861E+29 1.00826604124E+00 1.24979199314E+35
 2.11718893088E+11 3.59870581160E+29 1.00827825105E+00 1.25604006842E+35
 2.12779345886E+11 3.62188275718E+29 1.00829047838E+00 1.26231937967E+35
 2.13845113132E+11 3.64520897054E+29 1.00830272323E+00 1.26863008302E+35
 2.14916221475E+11 3.66868541301E+29 1.00831498565E+00 1.27497233542E+35
 2.15992697704E+11 3.69231305212E+29 1.00832726564E+00 1.28134629459E+35
 2.17074568736E+11 3.71609286163E+29 1.00833956325E+00 1.28775211905E+35
 2.18161861627E+11 3.74002582157E+29 1.00835187849E+00 1.29418996810E+35
 2.19254603569E+11 3.76411291829E+29 1.00836421139E+00 1.30066000183E+35
 2.20352821888E+11 3.78835514448E+29 1.00837656197E+00 1.30716238115E+35
 2.21456544050E+11 3.81275349923E+29 1.00838893026E+00 1.31369726777E+35
 2.22565797656E+11 3.83730898806E+29 1.00840131629E+00 1.32026482419E+35
 2.23680610448E+11 3.86202262298E+29 1.00841372007E+00 1.32686521375E+35
 2.24801010306E+11 3.88689542250E+29 1.00842614165E+00 1.33349860058E+35
 2.25927025249E+11 3.91192841169E+29 1.00843858103E+00 1.34016514966E+35
 2.27058683440E+11 3.93712262224E+29 1.00845103825E+00 1.34686502675E+35
 2.28196013180E+11 3.96247909247E+29 1.00846351333E+00 1.35359839849E+35
 2.29339042913E+11 3.98799886738E+29 1.00847600630E+00 1.36036543233E+35
 2.30487801227E+11 4.01368299873E+29 1.00848851719E+00 1.36716629654E+35
 2.31642316852E+11 4.03953254501E+29 1.00850104601E+00 1.37400116026E+35
 2.32802618662E+11 4.06554857157E+29 1.00851359280E+00 1.38087019346E+35
 2.33968735678E+11 4.09173215060E+29 1.00852615758E+00 1.38777356696E+35
 2.35140697065E+11 4.11808436119E+29 1.00853874037E+00 1.39471145245E+35
 2.36318532135E+11 4.14460628939E+29 1.00855134121E+00 1.40168402245E+35
 2.37502270347E+11 4.17129902824E+29 1.00856396012E+00 1.40869145036E+35
 2.38691941307E+11 4.19816367782E+29 1.00857659712E+00 1.41573391046E+35
 2.39887574771E+11 4.22520134531E+29 1.00858925224E+00 1.42281157787E+35
 2.41089200644E+11 4.25241314499E+29 1.00860192551E+00 1.42992462860E+35
 2.42296848981E+11 4.27980019834E+29 1.00861461695E+00 1.43707323956E+35
 2.43510549988E+11 4.30736363406E+29 1.00862732658E+00 1.44425758851E+35
 2.44730334022E+11 4.33510458811E+29 1.00864005445E+00 1.45147785412E+35
 2.45956231593E+11 4.36302420377E+29 1.00865280056E+00 1.45873421594E+35
 2.47188273365E+11 4.39112363168E+29 1.00866556495E+00 1.46602685444E+35
 2.48426490153E+11 4.41940402991E+29 1.00867834764E+00 1.47335595097E+35
 2.49670912931E+11 4.44786656397E+29 1.00869114866E+00 1.48072168779E+35
 2.50921572824E+11 4.47651240686E+29 1.00870396803E+00 1.48812424809E+35
 2.52178501117E+11 4.50534273918E+29 1.00871680579E+00 1.49556381594E+35
 2.53441729250E+11 4.53435874909E+29 1.00872966196E+00 1.50304057637E+35
 2.54711288822E+11 4.56356163243E+29 1.00874253656E+00 1.51055471531E+35
 2.55987211589E+11 4.59295259272E+29 1.00875542962E+00 1.51810641963E+35
 2.57269529467E+11 4.62253284126E+29 1.00876834116E+00 1.52569587712E+35
 2.58558274534E+11 4.65230359711E+29 1.00878127123E+00 1.53332327652E+35
 2.59853479028E+11 4.68226608723E+29 1.00879421983E+00 1.54098880752E+35
 2.61155175347E+11 4.71242154644E+29 1.00880718700E+00 1.54869266076E+35
 2.62463396054E+11 4.74277121753E+29 1.00882017276E+00 1.55643502780E+35
 2.63778173874E+11 4.77331635130E+29 1.00883317714E+00 1.56421610120E+35
 2.65099541699E+11 4.80405820660E+29 1.00884620017E+00 1.57203607446E+35
 2.66427532582E+11 4.83499805038E+29 1.00885924188E+00 1.57989514205E+35
 2.67762179745E+11 4.86613715777E+29 1.00887230228E+00 1.58779349941E+35
 2.69103516575E+11 4.89747681208E+29 1.00888538141E+00 1.59573134297E+35
 2.70451576629E+11 4.92901830491E+29 1.00889847930E+00 1.60370887013E+35
 2.71806393631E+11 4.96076293618E+29 1.00891159596E+00 1.61172627928E+35
 2.73168001472E+11 4.99271201417E+29 1.00892473144E+00 1.61978376980E+35
 2.74536434218E+11 5.02486685558E+29 1.00893788575E+00 1.62788154207E+35
 2.75911726103E+11 5.05722878561E+29 1.00895105892E+00 1.63601979746E+35
 2.77293911532E+11 5.08979913798E+29 1.00896425098E+00 1.64419873838E+35
 2.78683025086E+11 5.12257925501E+29 1.00897746195E+00 1.65241856820E+35
 2.80079101516E+11 5.15557048765E+29 1.00899069187E+00 1.66067949136E+35
 2.81482175751E+11 5.18877419556E+29 1.00900394076E+00 1.66898171329E+35
 2.82892282892E+11 5.22219174717E+29 1.00901720865E+00 1.67732544045E+35
 2.84309458219E+11 5.25582451969E+29 1.00903049556E+00 1.68571088034E+35
 2.85733737188E+11 5.28967389924E+29 1.00904380152E+00 1.69413824149E+35
 2.87165155432E+11 5.32374128083E+29 1.00905712657E+00 1.70260773348E+35
 2.88603748765E+11 5.35802806847E+29 1.00907047071E+00 1.71111956694E+35
 2.90049553180E+11 5.39253567523E+29 1.00908383400E+00 1.71967395354E+35
 2.91502604850E+11 5.42726552325E+29 1.00909721644E+00 1.72827110602E+35
 2.92962940130E+11 5.46221904384E+29 1.00911061808E+00 1.73691123817E+35
 2.94430595558E+11 5.49739767754E+29 1.00912403893E+00 1.74559456487E+35
 2.95905607855E+11 5.53280287416E+29 1.00913747902E+00 1.75432130206E+35
 2.97388013927E+11 5.56843609283E+29 1.00915093839E+00 1.76309166676E+35
 2.98877850864E+11 5.60429880211E+29 1.00916441706E+00 1.77190587707E+35
 3.00375155944E+11 5.64039248000E+29 1.00917791505E+00 1.78076415219E+35
 3.01879966632E+11 5.67671861401E+29 1.00919143240E+00 1.78966671242E+35
 3.03392320578E+11 5.71327870124E+29 1.00920496913E+00 1.79861377914E+35
 3.04912255626E+11 5.75007424845E+29 1.00921852527E+00 1.80760557487E+35
 3.06439809806E+11 5.78710677206E+29 1.00923210085E+00 1.81664232321E+35
 3.07975021341E+11 5.82437779830E+29 1.00924569589E+00 1.82572424890E+35
 3.09517928645E+11 5.86188886321E+29 1.00925931043E+00 1.83485157778E+35
 3.11068570327E+11 5.89964151272E+29 1.00927294449E+00 1.84402453685E+35
 3.12626985186E+11 5.93763730272E+29 1.00928659810E+00 1.85324335422E+35
 3.14193212219E+11 5.97587779913E+29 1.00930027129E+00 1.86250825916E+35
 3.15767290619E+11 6.01436457794E+29 1.00931396408E+00 1.87181948206E+35
 3.17349259773E+11 6.05309922529E+29 1.00932767651E+00 1.88117725448E+35
 3.18939159268E+11 6.09208333755E+29 1.00934140860E+00 1.89058180914E+35
 3.20537028890E+11 6.13131852136E+29 1.00935516038E+00 1.90003337992E+35
 3.22142908624E+11 6.17080639371E+29 1.00936893188E+00 1.90953220186E+35
 3.23756838655E+11 6.21054858201E+29 1.00938272312E+00 1.91907851118E+35
 3.25378859371E+11 6.25054672414E+29 1.00939653415E+00 1.92867254530E+35
 3.27009011363E+11 6.29080246853E+29 1.00941036497E+00 1.93831454279E+35
 3.28647335425E+11 6.33131747423E+29 1.00942421563E+00 1.94800474345E+35
 3.30293872557E+11 6.37209341099E+29 1.00943808614E+00 1.95774338825E+35
 3.31948663962E+11 6.41313195928E+29 1.00945197655E+00 1.96753071938E+35
 3.33611751055E+11 6.45443481042E+29 1.00946588687E+00 1.97736698024E+35
 3.35283175454E+11 6.49600366661E+29 1.00947981714E+00 1.98725241544E+35
 3.36962978989E+11 6.53784024103E+29 1.00949376738E+00 1.99718727082E+35
 3.38651203699E+11 6.57994625787E+29 1.00950773763E+00 2.00717179344E+35
 3.40347891833E+11 6.62232345243E+29 1.00952172791E+00 2.01720623161E+35
 3.42053085856E+11 6.66497357120E+29 1.00953573825E+00 2.02729083487E+35
 3.43766828441E+11 6.70789837191E+29 1.00954976868E+00 2.03742585400E+35
 3.45489162480E+11 6.75109962360E+29 1.00956381923E+00 2.04761154106E+35
 3.47220131078E+11 6.79457910673E+29 1.00957788992E+00 2.05784814934E+35
 3.48959777557E+11 6.83833861319E+29 1.00959198079E+00 2.06813593342E+35
 3.50708145455E+11 6.88237994644E+29 1.00960609186E+00 2.07847514913E+35
 3.52465278533E+11 6.92670492154E+29 1.00962022317E+00 2.08886605361E+35
 3.54231220766E+11 6.97131536525E+29 1.00963437474E+00 2.09930890525E+35
 3.56006016355E+11 7.01621311609E+29 1.00964854661E+00 2.10980396376E+35
 3.57789709720E+11 7.06140002441E+29 1.00966273879E+00 2.12035149013E+35
 3.59582345505E+11 7.10687795250E+29 1.00967695132E+00 2.13095174666E+35
 3.61383968579E+11 7.15264877462E+29 1.00969118424E+00 2.14160499698E+35
 3.63194624034E+11 7.19871437711E+29 1.00970543756E+00 2.15231150601E+35
 3.65014357191E+11 7.24507665848E+29 1.00971971132E+00 2.16307154000E+35
 3.66843213597E+11 7.29173752943E+29 1.00973400555E+00 2.17388536655E+35
 3.68681239029E+11 7.33869891298E+29 1.00974832027E+00 2.18475325457E+35
 3.70528479493E+11 7.38596274456E+29 1.00976265552E+00 2.19567547434E+35
 3.72384981227E+11 7.43353097202E+29 1.00977701132E+00 2.20665229748E+35
 3.74250790700E+11 7.48140555578E+29 1.00979138771E+00 2.21768399697E+35
 3.76125954615E+11 7.52958846890E+29 1.00980578471E+00 2.22877084714E+35
 3.78010519910E+11 7.57808169711E+29 1.00982020236E+00 2.23991312372E+35
 3.79904533759E+11 7.62688723897E+29 1.00983464068E+00 2.25111110379E+35
 3.81808042773E+11 7.66740381506E+29 1.00984657142E+00 2.26236506583E+35
 3.83721084303E+11 7.69123241026E+29 1.00985355077E+00 2.27367528972E+35
 3.85643702961E+11 7.71513505947E+29 1.00986051699E+00 2.28504205673E+35
 3.87575946669E+11 7.73911199282E+29 1.00986747009E+00 2.29646564952E+35
 3.89517863585E+11 7.76316344118E+29 1.00987441011E+00 2.30794635219E+35
 3.91469502110E+11 7.78728963612E+29 1.00988133706E+00 2.31948445024E+35
 3.93430910887E+11 7.81149080993E+29 1.00988825098E+00 2.33108023062E+35
 3.95402138802E+11 7.83576719565E+29 1.00989515189E+00 2.34273398169E+35
 3.97383234987E+11 7.86011902700E+29 1.00990203981E+00 2.35444599327E+35
 3.99374248816E+11 7.88454653845E+29 1.00990891476E+00 2.36621655662E+35
 4.01375229914E+11 7.90904996521E+29 1.00991577678E+00 2.37804596445E+35
 4.03386228152E+11 7.93362954320E+29 1.00992262587E+00 2.38993451095E+35
 4.05407293652E+11 7.95828550908E+29 1.00992946208E+00 2.40188249176E+35
 4.07438476784E+11 7.98301810025E+29 1.00993628543E+00 2.41389020402E+35
 4.09479828173E+11 8.00782755485E+29 1.00994309593E+00 2.42595794634E+35
 4.11531398696E+11 8.03271411174E+29 1.00994989361E+00 2.43808601883E+35
 4.13593239483E+11 8.05767801054E+29 1.00995667850E+00 2.45027472310E+35
 4.15665401923E+11 8.08271949162E+29 1.00996345062E+00 2.46252436226E+35
 4.17747937658E+11 8.10783879609E+29 1.00997020999E+00 2.47483524095E+35
 4.19840898593E+11 8.13303616580E+29 1.00997695664E+00 2.48720766532E+35
 4.21944336888E+11 8.15831184336E+29 1.00998369059E+00 2.49964194305E+35
 4.24058304967E+11 8.18366607213E+29 1.00999041187E+00 2.51213838336E+35
 4.26182855516E+11 8.20909909624E+29 1.00999712050E+00 2.52469729704E+35
 4.28318041482E+11 8.23461116057E+29 1.01000381650E+00 2.53731899639E+35
 4.30463916079E+11 8.26020251075E+29 1.01001049990E+00 2.55000379530E+35
 4.32620532788E+11 8.28587339318E+29 1.01001717072E+00 2.56275200923E+35
 4.34787945355E+11 8.31162405504E+29 1.01002382899E+00 2.57556395520E+35
 4.36966207797E+11 8.33745474426E+29 1.01003047472E+00 2.58843995184E+35
 4.39155374399E+11 8.36336570955E+29 1.01003710795E+00 2.60138031934E+35
 4.41355499720E+11 8.38935720039E+29 1.01004372869E+00 2.61438537952E+35
 4.43566638591E+11 8.41542946703E+29 1.01005033697E+00 2.62745545580E+35
 4.45788846116E+11 8.44158276051E+29 1.01005693281E+00 2.64059087321E+35
 4.48022177675E+11 8.46781733265E+29 1.01006351624E+00 2.65379195840E+35
 4.50266688927E+11 8.49413343603E+29 1.01007008728E+00 2.66705903968E+35
 4.52522435808E+11 8.52053132404E+29 1.01007664595E+00 2.68039244697E+35
 4.54789474532E+11 8.54701125085E+29 1.01008319228E+00 2.69379251186E+35
 4.57067861598E+11 8.57357347141E+29 1.01008972629E+00 2.70725956759E+35
 4.59357653784E+11 8.60021824148E+29 1.01009624799E+00 2.72079394906E+35
 4.61658908155E+11 8.62694581760E+29 1.01010275743E+00 2.73439599286E+35
 4.63971682058E+11 8.65375645712E+29 1.01010925461E+00 2.74806603726E+35
 4.66296033131E+11 8.68065041817E+29 1.01011573957E+00 2.76180442219E+35
 4.68632019296E+11 8.70762795971E+29 1.01012221231E+00 2.77561148933E+35
 4.70979698768E+11 8.73468934148E+29 1.01012867288E+00 2.78948758203E+35
 4.73339130052E+11 8.76183482403E+29 1.01013512129E+00 2.80343304537E+35
 4.75710371945E+11 8.78906466875E+29 1.01014155756E+00 2.81744822616E+35
 4.78093483539E+11 8.81637913780E+29 1.01014798171E+00 2.83153347293E+35
 4.80488524221E+11 8.84377849417E+29 1.01015439378E+00 2.84568913596E+35
 4.82895553676E+11 8.87126300169E+29 1.01016079378E+00 2.85991556729E+35
 4.85314631886E+11 8.89883292498E+29 1.01016718173E+00 2.87421312070E+35
 4.87745819134E+11 8.92648852949E+29 1.01017355766E+00 2.88858215177E+35
 4.90189176004E+11 8.95423008150E+29 1.01017992159E+00 2.90302301781E+35
 4.92644763385E+11 8.98205784812E+29 1.01018627354E+00 2.91753607796E+35
 4.95112642467E+11 9.00997209729E+29 1.01019261354E+00 2.93212169314E+35
 4.97592874749E+11 9.03797309777E+29 1.01019894160E+00 2.94678022607E+35
 5.00085522036E+11 9.06606111916E+29 1.01020525775E+00 2.96151204129E+35
 5.02590646444E+11 9.09423643191E+29 1.01021156202E+00 2.97631750516E+35
 5.05108310397E+11 9.12249930730E+29 1.01021785442E+00 2.99119698587E+35
 5.07638576633E+11 9.15085001746E+29 1.01022413498E+00 3.00615085345E+35
 5.10181508204E+11 9.17928883535E+29 1.01023040372E+00 3.02117947978E+35
 5.12737168476E+11 9.20781603480E+29 1.01023666066E+00 3.03628323860E+35
 5.15305621133E+11 9.23643189048E+29 1.01024290582E+00 3.05146250553E+35
 5.17886930177E+11 9.26513667791E+29 1.01024913923E+00 3.06671765805E+35
 5.20481159932E+11 9.29393067346E+29 1.01025536091E+00 3.08204907553E+35
 5.23088375040E+11 9.32281415439E+29 1.01026157087E+00 3.09745713924E+35
 5.25708640469E+11 9.35178739879E+29 1.01026776915E+00 3.11294223237E+35
 5.28342021512E+11 9.38085068562E+29 1.01027395576E+00 3.12850474000E+35
 5.30988583787E+11 9.41000429472E+29 1.01028013073E+00 3.14414504916E+35
 5.33648393242E+11 9.43924850679E+29 1.01028629408E+00 3.15986354879E+35
 5.36321516154E+11 9.46858360340E+29 1.01029244583E+00 3.17566062979E+35
 5.39008019132E+11 9.49800986700E+29 1.01029858600E+00 3.19153668501E+35
 5.41707969116E+11 9.52752758093E+29 1.01030471461E+00 3.20749210927E+35
 5.44421433383E+11 9.55713702938E+29 1.01031083169E+00 3.22352729936E+35
 5.47148479547E+11 9.58683849744E+29 1.01031693725E+00 3.23964265405E+35
 5.49889175558E+11 9.61663227110E+29 1.01032303133E+00 3.25583857410E+35
 5.52643589707E+11 9.64651863722E+29 1.01032911393E+00 3.27211546229E+35
 5.55411790628E+11 9.67649788355E+29 1.01033518509E+00 3.28847372340E+35
 5.58193847295E+11 9.70657029875E+29 1.01034124482E+00 3.30491376423E+35
 5.60989829030E+11 9.73673617237E+29 1.01034729314E+00 3.32143599364E+35
 5.63799805500E+11 9.76699579485E+29 1.01035333008E+00 3.33804082249E+35
 5.66623846721E+11 9.79734945754E+29 1.01035935566E+00 3.35472866373E+35
 5.69462023060E+11 9.82779745270E+29 1.01036536990E+00 3.37149993237E+35
 5.72314405234E+11 9.85834007350E+29 1.01037137282E+00 3.38835504548E+35
 5.75181064316E+11 9.88897761401E+29 1.01037736444E+00 3.40529442222E+35
 5.78062071732E+11 9.91971036921E+29 1.01038334478E+00 3.42231848386E+35
 5.80957499267E+11 9.95053863503E+29 1.01038931387E+00 3.43942765375E+35
 5.83867419066E+11 9.98146270827E+29 1.01039527172E+00 3.45662235739E+35
 5.86791903631E+11 1.00124828867E+30 1.01040121836E+00 3.47390302237E+35
 5.89731025831E+11 1.00435994690E+30 1.01040715381E+00 3.49127007844E+35
 5.92684858897E+11 1.00748127547E+30 1.01041307809E+00 3.50872395750E+35
 5.95653476427E+11 1.01061230444E+30 1.01041899122E+00 3.52626509360E+35
 5.98636952386E+11 1.01375306396E+30 1.01042489321E+00 3.54389392296E+35
 6.01635361110E+11 1.01690358426E+30 1.01043078410E+00 3.56161088399E+35
 6.04648777307E+11 1.02006389569E+30 1.01043666391E+00 3.57941641729E+35
 6.07677276059E+11 1.02323402866E+30 1.01044253264E+00 3.59731096564E+35
 6.10720932822E+11 1.02641401371E+30 1.01044839033E+00 3.61529497408E+35
 6.13779823430E+11 1.02960388144E+30 1.01045423700E+00 3.63336888982E+35
 6.16854024097E+11 1.03280366258E+30 1.01046007266E+00 3.65153316235E+35
 6.19943611417E+11 1.03601338793E+30 1.01046589734E+00 3.66978824338E+35
 6.23048662369E+11 1.03923308840E+30 1.01047171105E+00 3.68813458690E+35
 6.26169254315E+11 1.04246279498E+30 1.01047751383E+00 3.70657264915E+35
 6.29305465005E+11 1.04570253878E+30 1.01048330568E+00 3.72510288866E+35
 6.32457372576E+11 1.04895235098E+30 1.01048908663E+00 3.74372576625E+35
 6.35625055560E+11 1.05221226289E+30 1.01049485670E+00 3.76244174504E+35
 6.38808592878E+11 1.05548230587E+30 1.01050061591E+00 3.78125129048E+35
 6.42008063846E+11 1.05876251143E+30 1.01050636428E+00 3.80015487033E+35
 6.45223548179E+11 1.06205291114E+30 1.01051210183E+00 3.81915295470E+35
 6.48455125989E+11 1.06535353669E+30 1.01051782859E+00 3.83824601605E+35
 6.51702877788E+11 1.06866441985E+30 1.01052354456E+00 3.85743452919E+35
 6.54966884492E+11 1.07198559250E+30 1.01052924978E+00 3.87671897130E+35
 6.58247227422E+11 1.07531708662E+30 1.01053494426E+00 3.89609982198E+35
 6.61543988305E+11 1.07865893429E+30 1.01054062802E+00 3.91557756320E+35
 6.64857249276E+11 1.08201116769E+30 1.01054630109E+00 3.93515267933E+35
 6.68187092883E+11 1.08537381908E+30 1.01055196347E+00 3.95482565719E+35
 6.71533602084E+11 1.08874692085E+30 1.01055761520E+00 3.97459698600E+35
 6.74896860254E+11 1.09213050547E+30 1.01056325630E+00 3.99446715747E+35
 6.78276951184E+11 1.09552460553E+30 1.01056888677E+00 4.01443666573E+35
 6.81673959085E+11 1.09892925370E+30 1.01057450665E+00 4.03450600740E+35
 6.85087968589E+11 1.10234448276E+30 1.01058011595E+00 4.05467568157E+35
 6.88519064751E+11 1.10577032560E+30 1.01058571470E+00 4.07494618983E+35
 6.91967333050E+11 1.10920681520E+30 1.01059130290E+00 4.09531803628E+35
 6.95432859394E+11 1.11265398465E+30 1.01059688059E+00 4.11579172755E+35
 6.98915730122E+11 1.11611186714E+30 1.01060244779E+00 4.13636777278E+35
 7.02416032002E+11 1.11958049597E+30 1.01060800450E+00 4.15704668367E+35
 7.05933852238E+11 1.12305990452E+30 1.01061355075E+00 4.17782897448E+35
 7.09469278469E+11 1.12655012631E+30 1.01061908657E+00 4.19871516203E+35
 7.13022398773E+11 1.13005119493E+30 1.01062461197E+00 4.21970576573E+35
 7.16593301668E+11 1.13356314411E+30 1.01063012697E+00 4.24080130760E+35
 7.20182076116E+11 1.13708600764E+30 1.01063563158E+00 4.26200231224E+35
 7.23788811521E+11 1.14061981945E+30 1.01064112584E+00 4.28330930690E+35
 7.27413597738E+11 1.14416461357E+30 1.01064660976E+00 4.30472282144E+35
 7.31056525068E+11 1.14772042413E+30 1.01065208335E+00 4.32624338841E+35
 7.34717684266E+11 1.15128728536E+30 1.01065754665E+00 4.34787154297E+35
 7.38397166540E+11 1.15486523160E+30 1.01066299966E+00 4.36960782300E+35
 7.42095063553E+11 1.15845429731E+30 1.01066844241E+00 4.39145276904E+35
 7.45811467429E+11 1.16205451704E+30 1.01067387491E+00 4.41340692434E+35
 7.49546470751E+11 1.16566592546E+30 1.01067929719E+00 4.43547083489E+35
 7.53300166565E+11 1.16928855734E+30 1.01068470927E+00 4.45764504937E+35
 7.57072648384E+11 1.17292244756E+30 1.01069011116E+00 4.47993011922E+35
 7.60864010185E+11 1.17656763110E+30 1.01069550288E+00 4.50232659865E+35
 7.64674346420E+11 1.18022414307E+30 1.01070088445E+00 4.52483504462E+35
 7.68503752009E+11 1.18389201867E+30 1.01070625590E+00 4.54745601689E+35
 7.72352322350E+11 1.18757129321E+30 1.01071161723E+00 4.57019007801E+35
 7.76220153315E+11 1.19126200212E+30 1.01071696848E+00 4.59303779334E+35
 7.80107341259E+11 1.19496418095E+30 1.01072230965E+00 4.61599973108E+35
 7.84013983016E+11 1.19867786532E+30 1.01072764077E+00 4.63907646225E+35
 7.87940175906E+11 1.20240309101E+30 1.01073296186E+00 4.66226856074E+35
 7.91886017735E+11 1.20613989387E+30 1.01073827293E+00 4.68557660330E+35
 7.95851606798E+11 1.20988830989E+30 1.01074357401E+00 4.70900116958E+35
 7.99837041882E+11 1.21364837516E+30 1.01074886511E+00 4.73254284211E+35
 8.03842422268E+11 1.21742012588E+30 1.01075414625E+00 4.75620220634E+35
 8.07867847733E+11 1.22120359836E+30 1.01075941745E+00 4.77997985065E+35
 8.11913418554E+11 1.22499882904E+30 1.01076467873E+00 4.80387636634E+35
 8.15979235509E+11 1.22880585446E+30 1.01076993011E+00 4.82789234769E+35
 8.20065399881E+11 1.23262471127E+30 1.01077517160E+00 4.85202839196E+35
 8.24172013457E+11 1.23645543625E+30 1.01078040323E+00 4.87628509936E+35
 8.28299178535E+11 1.24029806627E+30 1.01078562501E+00 4.90066307312E+35
 8.32446997925E+11 1.24415263833E+30 1.01079083697E+00 4.92516291950E+35
 8.36615574950E+11 1.24801918955E+30 1.01079603911E+00 4.94978524777E+35
 8.40805013450E+11 1.25189775716E+30 1.01080123147E+00 4.97453067025E+35
 8.45015417785E+11 1.25578837850E+30 1.01080641405E+00 4.99939980232E+35
 8.49246892836E+11 1.25969109103E+30 1.01081158688E+00 5.02439326245E+35
 8.53499544010E+11 1.26360593232E+30 1.01081674997E+00 5.04951167219E+35
 8.57773477239E+11 1.26753294008E+30 1.01082190334E+00 5.07475565620E+35
 8.62068798986E+11 1.27147215211E+30 1.01082704702E+00 5.10012584226E+35
 8.66385616248E+11 1.27542360634E+30 1.01083218101E+00 5.12562286130E+35
 8.70724036554E+11 1.27938734081E+30 1.01083730534E+00 5.15124734737E+35
 8.75084167973E+11 1.28336339369E+30 1.01084242003E+00 5.17699993775E+35
 8.79466119114E+11 1.28735180327E+30 1.01084752509E+00 5.20288127284E+35
 8.83869999129E+11 1.29135260794E+30 1.01085262054E+00 5.22889199629E+35
 8.88295917715E+11 1.29536584623E+30 1.01085770640E+00 5.25503275494E+35
 8.92743985119E+11 1.29939155677E+30 1.01086278269E+00 5.28130419888E+35
 8.97214312139E+11 1.30342977834E+30 1.01086784943E+00 5.30770698145E+35
 9.01707010127E+11 1.30748054980E+30 1.01087290663E+00 5.33424175924E+35
 9.06222190992E+11 1.31154391016E+30 1.01087795431E+00 5.36090919213E+35
 9.10759967203E+11 1.31561989855E+30 1.01088299249E+00 5.38770994332E+35
 9.15320451791E+11 1.31970855421E+30 1.01088802119E+00 5.41464467928E+35
 9.19903758351E+11 1.32380991651E+30 1.01089304043E+00 5.44171406987E+35
 9.24510001049E+11 1.32792402493E+30 1.01089805021E+00 5.46891878824E+35
 9.29139294620E+11 1.33205091909E+30 1.01090305057E+00 5.49625951095E+35
 9.33791754374E+11 1.33619063873E+30 1.01090804152E+00 5.52373691791E+35
 9.38467496195E+11 1.34034322370E+30 1.01091302307E+00 5.55135169247E+35
 9.43166636550E+11 1.34450871399E+30 1.01091799525E+00 5.57910452134E+35
 9.47889292487E+11 1.34868714970E+30 1.01092295807E+00 5.60699609472E+35
 9.52635581640E+11 1.35287857106E+30 1.01092791155E+00 5.63502710622E+35
 9.57405622229E+11 1.35708301843E+30 1.01093285571E+00 5.66319825294E+35
 9.62199533068E+11 1.36130053230E+30 1.01093779056E+00 5.69151023545E+35
 9.67017433564E+11 1.36553115326E+30 1.01094271612E+00 5.71996375783E+35
 9.71859443721E+11 1.36977492206E+30 1.01094763242E+00 5.74855952768E+35
 9.76725684143E+11 1.37403187956E+30 1.01095253946E+00 5.77729825614E+35
 9.81616276040E+11 1.37830206673E+30 1.01095743726E+00 5.80618065789E+35
 9.86531341223E+11 1.38258552471E+30 1.01096232585E+00 5.83520745121E+35
 9.91471002117E+11 1.38688229472E+30 1.01096720523E+00 5.86437935796E+35
 9.96435381756E+11 1.39119241815E+30 1.01097207543E+00 5.89369710358E+35
 1.00142460379E+12 1.39551593648E+30 1.01097693647E+00 5.92316141718E+35
 1.00643879249E+12 1.39985289136E+30 1.01098178836E+00 5.95277303149E+35
 1.01147807275E+12 1.40420332453E+30 1.01098663111E+00 5.98253268292E+35
 1.01654257008E+12 1.40856727788E+30 1.01099146475E+00 6.01244111153E+35
 1.02163241062E+12 1.41294479344E+30 1.01099628929E+00 6.04249906112E+35
 1.02674772115E+12 1.41733591334E+30 1.01100110476E+00 6.07270727917E+35
 1.03188862907E+12 1.42174067988E+30 1.01100591116E+00 6.10306651694E+35
 1.03705526243E+12 1.42615913546E+30 1.01101070851E+00 6.13357752940E+35
 1.04224774992E+12 1.43059132262E+30 1.01101549683E+00 6.16424107533E+35
 1.04746622086E+12 1.43503728403E+30 1.01102027615E+00 6.19505791728E+35
 1.05271080524E+12 1.43949706251E+30 1.01102504646E+00 6.22602882163E+35
 1.05798163366E+12 1.44397070100E+30 1.01102980780E+00 6.25715455857E+35
 1.06327883743E+12 1.44845824256E+30 1.01103456018E+00 6.28843590217E+35
 1.06860254846E+12 1.45295973042E+30 1.01103930361E+00 6.31987363034E+35
 1.07395289935E+12 1.45747520790E+30 1.01104403812E+00 6.35146852490E+35
 1.07933002337E+12 1.46200471848E+30 1.01104876371E+00 6.38322137157E+35
 1.08473405444E+12 1.46654830579E+30 1.01105348041E+00 6.41513296000E+35
 1.09016512715E+12 1.47110601355E+30 1.01105818823E+00 6.44720408378E+35
 1.09562337677E+12 1.47567788567E+30 1.01106288720E+00 6.47943554047E+35
 1.10110893925E+12 1.48026396615E+30 1.01106757731E+00 6.51182813164E+35
 1.10662195120E+12 1.48486429916E+30 1.01107225861E+00 6.54438266283E+35
 1.11216254994E+12 1.48947892898E+30 1.01107693109E+00 6.57709994363E+35
 1.11773087347E+12 1.49410790005E+30 1.01108159477E+00 6.60998078767E+35
 1.12332706045E+12 1.49875125694E+30 1.01108624968E+00 6.64302601267E+35
 1.12895125028E+12 1.50340904436E+30 1.01109089583E+00 6.67623644039E+35
 1.13460358302E+12 1.50808130715E+30 1.01109553323E+00 6.70961289675E+35
 1.14028419946E+12 1.51276809030E+30 1.01110016191E+00 6.74315621176E+35
 1.14599324107E+12 1.51746943893E+30 1.01110478187E+00 6.77686721960E+35
 1.15173085004E+12 1.52218539832E+30 1.01110939314E+00 6.81074675862E+35
 1.15749716926E+12 1.52691601386E+30 1.01111399573E+00 6.84479567135E+35
 1.16329234235E+12 1.53166133112E+30 1.01111858966E+00 6.87901480455E+35
 1.16911651365E+12 1.53642139576E+30 1.01112317494E+00 6.91340500918E+35
 1.17496982819E+12 1.54119625364E+30 1.01112775159E+00 6.94796714050E+35
 1.18085243177E+12 1.54598595072E+30 1.01113231962E+00 6.98270205801E+35
 1.18676447088E+12 1.55079053312E+30 1.01113687906E+00 7.01761062552E+35
 1.19270609277E+12 1.55561004710E+30 1.01114142992E+00 7.05269371115E+35
 1.19867744542E+12 1.56044453906E+30 1.01114597221E+00 7.08795218738E+35
 1.20467867753E+12 1.56529405555E+30 1.01115050596E+00 7.12338693104E+35
 1.21070993857E+12 1.57015864327E+30 1.01115503117E+00 7.15899882333E+35
 1.21677137875E+12 1.57503834905E+30 1.01115954786E+00 7.19478874987E+35
 1.22286314903E+12 1.57993321987E+30 1.01116405605E+00 7.23075760071E+35
 1.22898540112E+12 1.58484330287E+30 1.01116855576E+00 7.26690627034E+35
 1.23513828748E+12 1.58976864533E+30 1.01117304700E+00 7.30323565773E+35
 1.24132196137E+12 1.59470929466E+30 1.01117752979E+00 7.33974666635E+35
 1.24753657677E+12 1.59966529843E+30 1.01118200414E+00 7.37644020416E+35
 1.25378228845E+12 1.60463670437E+30 1.01118647006E+00 7.41331718369E+35
 1.26005925198E+12 1.60962356034E+30 1.01119092759E+00 7.45037852201E+35
 1.26636762365E+12 1.61462591435E+30 1.01119537672E+00 7.48762514079E+35
 1.27270756059E+12 1.61964381457E+30 1.01119981748E+00 7.52505796630E+35
 1.27907922069E+12 1.62467730932E+30 1.01120424988E+00 7.56267792943E+35
 1.28548276261E+12 1.62972644706E+30 1.01120867394E+00 7.60048596576E+35
 1.29191834584E+12 1.63479127640E+30 1.01121308967E+00 7.63848301550E+35
 1.29838613065E+12 1.63987184610E+30 1.01121749709E+00 7.67667002359E+35
 1.30488627810E+12 1.64496820510E+30 1.01122189622E+00 7.71504793970E+35
 1.31141895009E+12 1.65008040245E+30 1.01122628707E+00 7.75361771822E+35
 1.31798430929E+12 1.65520848738E+30 1.01123066965E+00 7.79238031832E+35
 1.32458251921E+12 1.66035250927E+30 1.01123504399E+00 7.83133670399E+35
 1.33121374417E+12 1.66551251763E+30 1.01123941009E+00 7.87048784402E+35
 1.33787814930E+12 1.67068856216E+30 1.01124376797E+00 7.90983471203E+35
 1.34457590058E+12 1.67588069270E+30 1.01124811765E+00 7.94937828653E+35
 1.35130716480E+12 1.68108895922E+30 1.01125245915E+00 7.98911955090E+35
 1.35807210959E+12 1.68631341189E+30 1.01125679247E+00 8.02905949347E+35
 1.36487090343E+12 1.69155410100E+30 1.01126111764E+00 8.06919910748E+35
 1.37170371561E+12 1.69681107701E+30 1.01126543467E+00 8.10953939115E+35
 1.37857071631E+12 1.70208439054E+30 1.01126974357E+00 8.15008134768E+35
 1.38547207653E+12 1.70737409237E+30 1.01127404436E+00 8.19082598530E+35
 1.39240796813E+12 1.71268023341E+30 1.01127833706E+00 8.23177431726E+35
 1.39937856385E+12 1.71800286477E+30 1.01128262168E+00 8.27292736189E+35
 1.40638403726E+12 1.72334203769E+30 1.01128689824E+00 8.31428614262E+35
 1.41342456282E+12 1.72869780358E+30 1.01129116674E+00 8.35585168798E+35
 1.42050031586E+12 1.73407021401E+30 1.01129542722E+00 8.39762503164E+35
 1.42761147260E+12 1.73945932069E+30 1.01129967967E+00 8.43960721245E+35
 1.43475821010E+12 1.74486517553E+30 1.01130392412E+00 8.48179927444E+35
 1.44194070635E+12 1.75028783058E+30 1.01130816058E+00 8.52420226688E+35
 1.44915914021E+12 1.75572733803E+30 1.01131238907E+00 8.56681724426E+35
 1.45641369143E+12 1.76118375027E+30 1.01131660960E+00 8.60964526637E+35
 1.46370454067E+12 1.76665711983E+30 1.01132082219E+00 8.65268739827E+35
 1.47103186949E+12 1.77214749941E+30 1.01132502685E+00 8.69594471037E+35
 1.47839586035E+12 1.77765494188E+30 1.01132922359E+00 8.73941827840E+35
 1.48579669664E+12 1.78317950027E+30 1.01133341243E+00 8.78310918350E+35
 1.49323456264E+12 1.78872122775E+30 1.01133759340E+00 8.82701851220E+35
 1.50070964359E+12 1.79428017771E+30 1.01134176649E+00 8.87114735646E+35
 1.50822212562E+12 1.79985640364E+30 1.01134593173E+00 8.91549681370E+35
 1.51577219581E+12 1.80544995926E+30 1.01135008913E+00 8.96006798684E+35
 1.52336004216E+12 1.81106089841E+30 1.01135423870E+00 9.00486198429E+35
 1.53098585364E+12 1.81668927511E+30 1.01135838047E+00 9.04987992002E+35
 1.53864982013E+12 1.82233514357E+30 1.01136251444E+00 9.09512291357E+35
 1.54635213248E+12 1.82799855814E+30 1.01136664062E+00 9.14059209005E+35
 1.55409298249E+12 1.83367957335E+30 1.01137075905E+00 9.18628858024E+35
 1.56187256292E+12 1.83937824389E+30 1.01137486972E+00 9.23221352052E+35
 1.56969106750E+12 1.84509462464E+30 1.01137897265E+00 9.27836805300E+35
 1.57754869091E+12 1.85082877064E+30 1.01138306787E+00 9.32475332548E+35
 1.58544562882E+12 1.85658073710E+30 1.01138715537E+00 9.37137049148E+35
 1.59338207788E+12 1.86235057940E+30 1.01139123518E+00 9.41822071031E+35
 1.60135823571E+12 1.86813835309E+30 1.01139530732E+00 9.46530514707E+35
 1.60937430092E+12 1.87394411390E+30 1.01139937179E+00 9.51262497269E+35
 1.61743047313E+12 1.87976791773E+30 1.01140342860E+00 9.56018136393E+35
 1.62552695295E+12 1.88560982066E+30 1.01140747779E+00 9.60797550348E+35
 1.63366394198E+12 1.89146987893E+30 1.01141151935E+00 9.65600857988E+35
 1.64184164284E+12 1.89734814896E+30 1.01141555331E+00 9.70428178767E+35
 1.65006025916E+12 1.90324468736E+30 1.01141957967E+00 9.75279632733E+35
 1.65831999560E+12 1.90915955089E+30 1.01142359846E+00 9.80155340534E+35
 1.66662105783E+12 1.91509279651E+30 1.01142760968E+00 9.85055423423E+35
 1.67496365254E+12 1.92104448135E+30 1.01143161335E+00 9.89980003258E+35
 1.68334798748E+12 1.92701466271E+30 1.01143560949E+00 9.94929202507E+35
 1.69177427143E+12 1.93300339807E+30 1.01143959811E+00 9.99903144248E+35
 1.70024271419E+12 1.93901074509E+30 1.01144357922E+00 1.00490195218E+36
 1.70875352664E+12 1.94503676162E+30 1.01144755283E+00 1.00992575061E+36
 1.71730692069E+12 1.95108150568E+30 1.01145151897E+00 1.01497466447E+36
 1.72590310934E+12 1.95714503546E+30 1.01145547764E+00 1.02004881933E+36
 1.73454230663E+12 1.96322740936E+30 1.01145942887E+00 1.02514834138E+36
 1.74322472767E+12 1.96932868593E+30 1.01146337265E+00 1.03027335742E+36
 1.75195058867E+12 1.97544892391E+30 1.01146730901E+00 1.03542399492E+36
 1.76072010688E+12 1.98158818224E+30 1.01147123797E+00 1.04060038196E+36
 1.76953350069E+12 1.98774652003E+30 1.01147515953E+00 1.04580264727E+36
 1.77839098953E+12 1.99392399657E+30 1.01147907371E+00 1.05103092022E+36
 1.78729279397E+12 2.00012067134E+30 1.01148298052E+00 1.05628533084E+36
 1.79623913564E+12 2.00633660401E+30 1.01148687998E+00 1.06156600979E+36
 1.80523023732E+12 2.01257185442E+30 1.01149077210E+00 1.06687308840E+36
 1.81426632289E+12 2.01882648260E+30 1.01149465689E+00 1.07220669864E+36
 1.82334761733E+12 2.02510054879E+30 1.01149853438E+00 1.07756697316E+36
 1.83247434676E+12 2.03139411339E+30 1.01150240456E+00 1.08295404526E+36
 1.84164673845E+12 2.03770723700E+30 1.01150626746E+00 1.08836804891E+36
 1.85086502077E+12 2.04403998040E+30 1.01151012309E+00 1.09380911874E+36
 1.86012942326E+12 2.05039240456E+30 1.01151397147E+00 1.09927739007E+36
 1.86944017659E+12 2.05676457065E+30 1.01151781260E+00 1.10477299888E+36
 1.87879751260E+12 2.06315654003E+30 1.01152164650E+00 1.11029608185E+36
 1.88820166428E+12 2.06956837423E+30 1.01152547318E+00 1.11584677632E+36
 1.89765286578E+12 2.07600013500E+30 1.01152929267E+00 1.12142522034E+36
 1.90715135242E+12 2.08245188425E+30 1.01153310496E+00 1.12703155263E+36
 1.91669736072E+12 2.08892368412E+30 1.01153691008E+00 1.13266591261E+36
 1.92629112836E+12 2.09541559691E+30 1.01154070804E+00 1.13832844041E+36
 1.93593289422E+12 2.10192768512E+30 1.01154449885E+00 1.14401927683E+36
 1.94562289836E+12 2.10846001147E+30 1.01154828252E+00 1.14973856341E+36
 1.95536138205E+12 2.11501263884E+30 1.01155205908E+00 1.15548644237E+36
 1.96514858777E+12 2.12158563033E+30 1.01155582852E+00 1.16126305666E+36
 1.97498475921E+12 2.12817904922E+30 1.01155959088E+00 1.16706854993E+36
 1.98487014128E+12 2.13479295900E+30 1.01156334615E+00 1.17290306656E+36
 1.99480498011E+12 2.14142742335E+30 1.01156709435E+00 1.17876675164E+36
 2.00478952306E+12 2.14808250615E+30 1.01157083550E+00 1.18465975099E+36
 2.01482401873E+12 2.15475827147E+30 1.01157456960E+00 1.19058221117E+36
 2.02490871697E+12 2.16145478360E+30 1.01157829668E+00 1.19653427946E+36
 2.03504386887E+12 2.16817210700E+30 1.01158201675E+00 1.20251610388E+36
 2.04522972678E+12 2.17491030636E+30 1.01158572981E+00 1.20852783318E+36
 2.05546654431E+12 2.18166944655E+30 1.01158943588E+00 1.21456961688E+36
 2.06575457633E+12 2.18844959265E+30 1.01159313498E+00 1.22064160522E+36
 2.07609407900E+12 2.19525080995E+30 1.01159682712E+00 1.22674394920E+36
 2.08648530976E+12 2.20207316393E+30 1.01160051231E+00 1.23287680058E+36
 2.09692852733E+12 2.20891672027E+30 1.01160419056E+00 1.23904031188E+36
 2.10742399172E+12 2.21578154488E+30 1.01160786189E+00 1.24523463637E+36
 2.11797196424E+12 2.22266770384E+30 1.01161152631E+00 1.25145992810E+36
 2.12857270752E+12 2.22957526346E+30 1.01161518383E+00 1.25771634188E+36
 2.13922648550E+12 2.23650429025E+30 1.01161883447E+00 1.26400403330E+36
 2.14993356343E+12 2.24345485092E+30 1.01162247824E+00 1.27032315873E+36
 2.16069420789E+12 2.25042701239E+30 1.01162611515E+00 1.27667387531E+36
 2.17150868680E+12 2.25742084180E+30 1.01162974521E+00 1.28305634098E+36
 2.18237726942E+12 2.26443640649E+30 1.01163336844E+00 1.28947071446E+36
 2.19330022633E+12 2.27147377400E+30 1.01163698486E+00 1.29591715527E+36
 2.20427782951E+12 2.27853301209E+30 1.01164059446E+00 1.30239582371E+36
 2.21531035226E+12 2.28561418873E+30 1.01164419728E+00 1.30890688092E+36
 2.22639806926E+12 2.29271737210E+30 1.01164779331E+00 1.31545048880E+36
 2.23754125657E+12 2.29984263060E+30 1.01165138257E+00 1.32202681009E+36
 2.24874019163E+12 2.30699003282E+30 1.01165496508E+00 1.32863600833E+36
 2.25999515325E+12 2.31415964759E+30 1.01165854085E+00 1.33527824788E+36
 2.27130642165E+12 2.32135154393E+30 1.01166210988E+00 1.34195369393E+36
 2.28267427846E+12 2.32856579110E+30 1.01166567220E+00 1.34866251248E+36
 2.29409900670E+12 2.33580245856E+30 1.01166922782E+00 1.35540487038E+36
 2.30558089081E+12 2.34306161597E+30 1.01167277674E+00 1.36218093529E+36
 2.31712021665E+12 2.35034333324E+30 1.01167631898E+00 1.36899087573E+36
 2.32871727152E+12 2.35764768048E+30 1.01167985456E+00 1.37583486106E+36
 2.34037234414E+12 2.36497472801E+30 1.01168338348E+00 1.38271306146E+36
 2.35208572471E+12 2.37232454639E+30 1.01168690576E+00 1.38962564800E+36
 2.36385770482E+12 2.37969720637E+30 1.01169042141E+00 1.39657279258E+36
 2.37568857758E+12 2.38709277896E+30 1.01169393044E+00 1.40355466796E+36
 2.38757863753E+12 2.39451133534E+30 1.01169743287E+00 1.41057144778E+36
 2.39952818070E+12 2.40195294696E+30 1.01170092871E+00 1.41762330653E+36
 2.41153750457E+12 2.40941768546E+30 1.01170441797E+00 1.42471041958E+36
 2.42360690816E+12 2.41690562272E+30 1.01170790066E+00 1.43183296319E+36
 2.43573669193E+12 2.42441683083E+30 1.01171137679E+00 1.43899111446E+36
 2.44792715788E+12 2.43195138211E+30 1.01171484639E+00 1.44618505143E+36
 2.46017860951E+12 2.43950934912E+30 1.01171830945E+00 1.45341495299E+36
 2.47249135183E+12 2.44709080461E+30 1.01172176600E+00 1.46068099894E+36
 2.48486569139E+12 2.45469582159E+30 1.01172521604E+00 1.46798336997E+36
 2.49730193625E+12 2.46232447328E+30 1.01172865958E+00 1.47532224770E+36
 2.50980039603E+12 2.46997683313E+30 1.01173209665E+00 1.48269781461E+36
 2.52236138189E+12 2.47765297483E+30 1.01173552724E+00 1.49011025414E+36
 2.53498520656E+12 2.48535297227E+30 1.01173895138E+00 1.49755975062E+36
 2.54767218431E+12 2.49307689961E+30 1.01174236908E+00 1.50504648931E+36
 2.56042263100E+12 2.50082483120E+30 1.01174578034E+00 1.51257065639E+36
 2.57323686407E+12 2.50859684165E+30 1.01174918518E+00 1.52013243899E+36
 2.58611520252E+12 2.51639300579E+30 1.01175258362E+00 1.52773202514E+36
 2.59905796699E+12 2.52421339868E+30 1.01175597566E+00 1.53536960384E+36
 2.61206547969E+12 2.53205809563E+30 1.01175936131E+00 1.54304536503E+36
 2.62513806444E+12 2.53992717215E+30 1.01176274059E+00 1.55075949960E+36
 2.63827604670E+12 2.54782070403E+30 1.01176611351E+00 1.55851219937E+36
 2.65147975355E+12 2.55573876726E+30 1.01176948009E+00 1.56630365716E+36
 2.66474952519E+12 2.56991953792E+30 1.01177547721E+00 1.57413406672E+36
 2.67808573006E+12 2.58736848263E+30 1.01178282245E+00 1.58200362279E+36
 2.69148870390E+12 2.60493590017E+30 1.01179018077E+00 1.58991252106E+36
 2.70495878117E+12 2.62262259496E+30 1.01179755221E+00 1.59786095823E+36
 2.71849629801E+12 2.64042937683E+30 1.01180493678E+00 1.60584913196E+36
 2.73210159224E+12 2.65835706115E+30 1.01181233450E+00 1.61387724090E+36
 2.74577500336E+12 2.67640646880E+30 1.01181974540E+00 1.62194548471E+36
 2.75951687261E+12 2.69457842625E+30 1.01182716951E+00 1.63005406402E+36
 2.77332754289E+12 2.71287376556E+30 1.01183460684E+00 1.63820318049E+36
 2.78720735886E+12 2.73129332448E+30 1.01184205742E+00 1.64639303677E+36
 2.80115666690E+12 2.74983794640E+30 1.01184952127E+00 1.65462383654E+36
 2.81517581510E+12 2.76850848046E+30 1.01185699842E+00 1.66289578447E+36
 2.82926515332E+12 2.78730578157E+30 1.01186448890E+00 1.67120908630E+36
 2.84342503318E+12 2.80623071045E+30 1.01187199271E+00 1.67956394875E+36
 2.85765580804E+12 2.82528413363E+30 1.01187950989E+00 1.68796057959E+36
 2.87195783304E+12 2.84446692355E+30 1.01188704047E+00 1.69639918765E+36
 2.88633146511E+12 2.86377995859E+30 1.01189458446E+00 1.70487998277E+36
 2.90077706295E+12 2.88322412305E+30 1.01190214189E+00 1.71340317587E+36
 2.91529498709E+12 2.90280030727E+30 1.01190971278E+00 1.72196897890E+36
 2.92988559983E+12 2.92250940761E+30 1.01191729716E+00 1.73057760488E+36
 2.94454926530E+12 2.94235232654E+30 1.01192489505E+00 1.73922926789E+36
 2.95928634948E+12 2.96232997265E+30 1.01193250648E+00 1.74792418310E+36
 2.97409722014E+12 2.98244326069E+30 1.01194013147E+00 1.75666256673E+36
 2.98898224693E+12 3.00269311162E+30 1.01194777004E+00 1.76544463609E+36
 3.00394180135E+12 3.02308045266E+30 1.01195542222E+00 1.77427060958E+36
 3.01897625673E+12 3.04360621733E+30 1.01196308803E+00 1.78314070669E+36
 3.03408598830E+12 3.06427134548E+30 1.01197076750E+00 1.79205514801E+36
 3.04927137318E+12 3.08507678335E+30 1.01197846065E+00 1.80101415522E+36
 3.06453279035E+12 3.10602348359E+30 1.01198616750E+00 1.81001795113E+36
 3.07987062072E+12 3.12711240534E+30 1.01199388809E+00 1.81906675965E+36
 3.09528524709E+12 3.14834451422E+30 1.01200162242E+00 1.82816080580E+36
 3.11077705418E+12 3.16972078244E+30 1.01200937054E+00 1.83730031575E+36
 3.12634642864E+12 3.19124218879E+30 1.01201713246E+00 1.84648551677E+36
 3.14199375908E+12 3.21290971871E+30 1.01202490821E+00 1.85571663730E+36
 3.15771943602E+12 3.23472436435E+30 1.01203269781E+00 1.86499390690E+36
 3.17352385197E+12 3.25668712456E+30 1.01204050128E+00 1.87431755628E+36
 3.18940740140E+12 3.27879900500E+30 1.01204831866E+00 1.88368781730E+36
 3.20537048074E+12 3.30106101815E+30 1.01205614997E+00 1.89310492300E+36
 3.22141348843E+12 3.32347418335E+30 1.01206399522E+00 1.90256910756E+36
 3.23753682490E+12 3.34603952690E+30 1.01207185446E+00 1.91208060634E+36
 3.25374089258E+12 3.36875808202E+30 1.01207972769E+00 1.92163965589E+36
 3.27002609593E+12 3.39163088899E+30 1.01208761495E+00 1.93124649391E+36
 3.28639284142E+12 3.41465899511E+30 1.01209551626E+00 1.94090135933E+36
 3.30284153759E+12 3.43784345482E+30 1.01210343165E+00 1.95060449224E+36
 3.31937259499E+12 3.46118532972E+30 1.01211136114E+00 1.96035613394E+36
 3.33598642626E+12 3.48468568860E+30 1.01211930475E+00 1.97015652695E+36
 3.35268344609E+12 3.50834560752E+30 1.01212726252E+00 1.98000591499E+36
 3.36946407125E+12 3.53216616984E+30 1.01213523446E+00 1.98990454300E+36
 3.38632872060E+12 3.55614846628E+30 1.01214322061E+00 1.99985265714E+36
 3.40327781512E+12 3.58029359497E+30 1.01215122098E+00 2.00985050481E+36
 3.42031177788E+12 3.60460266148E+30 1.01215923560E+00 2.01989833464E+36
 3.43743103406E+12 3.62907677890E+30 1.01216726450E+00 2.02999639650E+36
 3.45463601101E+12 3.65371706787E+30 1.01217530771E+00 2.04014494153E+36
 3.47192713819E+12 3.67852465665E+30 1.01218336524E+00 2.05034422210E+36
 3.48930484722E+12 3.70350068114E+30 1.01219143713E+00 2.06059449185E+36
 3.50676957190E+12 3.72864628498E+30 1.01219952340E+00 2.07089600569E+36
 3.52432174818E+12 3.75396261956E+30 1.01220762408E+00 2.08124901982E+36
 3.54196181422E+12 3.77945084408E+30 1.01221573918E+00 2.09165379168E+36
 3.55969021036E+12 3.80511212562E+30 1.01222386875E+00 2.10211058004E+36
 3.57750737915E+12 3.83094763918E+30 1.01223201279E+00 2.11261964494E+36
 3.59541376538E+12 3.85695856775E+30 1.01224017135E+00 2.12318124772E+36
 3.61340981603E+12 3.88314610233E+30 1.01224834443E+00 2.13379565104E+36
 3.63149598036E+12 3.90951144204E+30 1.01225653208E+00 2.14446311887E+36
 3.64967270986E+12 3.93605579410E+30 1.01226473432E+00 2.15518391648E+36
 3.66794045829E+12 3.96278037395E+30 1.01227295116E+00 2.16595831049E+36
 3.68629968170E+12 3.98968640529E+30 1.01228118265E+00 2.17678656885E+36
 3.70475083839E+12 4.01677512011E+30 1.01228942880E+00 2.18766896083E+36
 3.72329438900E+12 4.04404775878E+30 1.01229768964E+00 2.19860575707E+36
 3.74193079645E+12 4.07150557008E+30 1.01230596519E+00 2.20959722955E+36
 3.76066052600E+12 4.09914981128E+30 1.01231425549E+00 2.22064365161E+36
 3.77948404523E+12 4.12698174817E+30 1.01232256056E+00 2.23174529796E+36
 3.79840182407E+12 4.15500265515E+30 1.01233088043E+00 2.24290244469E+36
 3.81741433481E+12 4.18321381528E+30 1.01233921511E+00 2.25411536925E+36
 3.83652205209E+12 4.21161652029E+30 1.01234756464E+00 2.26538435049E+36
 3.85572545296E+12 4.24021207074E+30 1.01235592905E+00 2.27670966867E+36
 3.87502501685E+12 4.26900177597E+30 1.01236430836E+00 2.28809160542E+36
 3.89442122557E+12 4.29798695424E+30 1.01237270260E+00 2.29953044379E+36
 3.91391456339E+12 4.32716893274E+30 1.01238111179E+00 2.31102646827E+36
 3.93350551696E+12 4.35654904769E+30 1.01238953596E+00 2.32257996472E+36
 3.95319457542E+12 4.38612864437E+30 1.01239797514E+00 2.33419122048E+36
 3.97298223033E+12 4.41590907721E+30 1.01240642935E+00 2.34586052430E+36
 3.99286897572E+12 4.44589170981E+30 1.01241489863E+00 2.35758816638E+36
 4.01285530810E+12 4.47607791504E+30 1.01242338299E+00 2.36937443837E+36
 4.03294172647E+12 4.50646907511E+30 1.01243188247E+00 2.38121963337E+36
 4.05312873234E+12 4.53706658159E+30 1.01244039709E+00 2.39312404597E+36
 4.07341682972E+12 4.56787183551E+30 1.01244892688E+00 2.40508797220E+36
 4.09380652516E+12 4.59888624740E+30 1.01245747186E+00 2.41711170959E+36
 4.11429832775E+12 4.63011123739E+30 1.01246603207E+00 2.42919555716E+36
 4.13489274912E+12 4.66154823523E+30 1.01247460752E+00 2.44133981541E+36
 4.15559030348E+12 4.69319868039E+30 1.01248319826E+00 2.45354478636E+36
 4.17639150761E+12 4.72506402211E+30 1.01249180429E+00 2.46581077353E+36
 4.19729688089E+12 4.75714571947E+30 1.01250042566E+00 2.47813808194E+36
 4.21830694530E+12 4.78944524145E+30 1.01250906239E+00 2.49052701818E+36
 4.23942222542E+12 4.82196406702E+30 1.01251771450E+00 2.50297789032E+36
 4.26064324850E+12 4.85470368519E+30 1.01252638203E+00 2.51549100801E+36
 4.28197054441E+12 4.88766559505E+30 1.01253506500E+00 2.52806668243E+36
 4.30340464566E+12 4.92085130591E+30 1.01254376344E+00 2.54070522633E+36
 4.32494608747E+12 4.95426233729E+30 1.01255247737E+00 2.55340695399E+36
 4.34659540772E+12 4.98790021907E+30 1.01256120683E+00 2.56617218131E+36
 4.36835314699E+12 5.02176649147E+30 1.01256995184E+00 2.57900122572E+36
 4.39021984857E+12 5.05586270520E+30 1.01257871243E+00 2.59189440627E+36
 4.41219605848E+12 5.09019042149E+30 1.01258748862E+00 2.60485204360E+36
 4.43428232548E+12 5.12475121216E+30 1.01259628045E+00 2.61787445995E+36
 4.45647920108E+12 5.15954665973E+30 1.01260508794E+00 2.63096197916E+36
 4.47878723954E+12 5.19457835743E+30 1.01261391112E+00 2.64411492670E+36
 4.50120699793E+12 5.22984790934E+30 1.01262275003E+00 2.65733362967E+36
 4.52373903609E+12 5.26535693040E+30 1.01263160467E+00 2.67061841679E+36
 4.54638391668E+12 5.30110704653E+30 1.01264047509E+00 2.68396961845E+36
 4.56914220517E+12 5.33709989470E+30 1.01264936132E+00 2.69738756667E+36
 4.59201446989E+12 5.37333712298E+30 1.01265826337E+00 2.71087259512E+36
 4.61500128199E+12 5.40982039063E+30 1.01266718129E+00 2.72442503918E+36
 4.63810321550E+12 5.44655136818E+30 1.01267611509E+00 2.73804523586E+36
 4.66132084733E+12 5.48353173751E+30 1.01268506480E+00 2.75173352389E+36
 4.68465475729E+12 5.52076319191E+30 1.01269403046E+00 2.76549024366E+36
 4.70810552808E+12 5.55824743616E+30 1.01270301210E+00 2.77931573730E+36
 4.73167374534E+12 5.59598618663E+30 1.01271200973E+00 2.79321034861E+36
 4.75535999763E+12 5.63398117134E+30 1.01272102339E+00 2.80717442315E+36
 4.77916487647E+12 5.67223413004E+30 1.01273005311E+00 2.82120830818E+36
 4.80308897637E+12 5.71074681428E+30 1.01273909892E+00 2.83531235270E+36
 4.82713289477E+12 5.74952098753E+30 1.01274816084E+00 2.84948690746E+36
 4.85129723216E+12 5.78855842520E+30 1.01275723890E+00 2.86373232495E+36
 4.87558259202E+12 5.82786091479E+30 1.01276633314E+00 2.87804895945E+36
 4.89998958084E+12 5.86743025592E+30 1.01277544358E+00 2.89243716699E+36
 4.92451880817E+12 5.90726826041E+30 1.01278457025E+00 2.90689730538E+36
 4.94917088663E+12 5.94737675242E+30 1.01279371318E+00 2.92142973423E+36
 4.97394643189E+12 5.98775756846E+30 1.01280287239E+00 2.93603481494E+36
 4.99884606272E+12 6.02841255753E+30 1.01281204793E+00 2.95071291071E+36
 5.02387040098E+12 6.06934358117E+30 1.01282123980E+00 2.96546438657E+36
 5.04902007167E+12 6.11055251359E+30 1.01283044806E+00 2.98028960936E+36
 5.07429570290E+12 6.15204124168E+30 1.01283967272E+00 2.99518894778E+36
 5.09969792597E+12 6.19381166518E+30 1.01284891381E+00 3.01016277234E+36
 5.12522737530E+12 6.23586569671E+30 1.01285817136E+00 3.02521145543E+36
 5.15088468853E+12 6.27820526187E+30 1.01286744541E+00 3.04033537128E+36
 5.17667050647E+12 6.32083229935E+30 1.01287673598E+00 3.05553489600E+36
 5.20258547316E+12 6.36374876100E+30 1.01288604310E+00 3.07081040759E+36
 5.22863023587E+12 6.40695661191E+30 1.01289536680E+00 3.08616228592E+36
 5.25480544511E+12 6.45045783053E+30 1.01290470711E+00 3.10159091277E+36
 5.28111175466E+12 6.49425440873E+30 1.01291406406E+00 3.11709667184E+36
 5.30754982159E+12 6.53834835191E+30 1.01292343768E+00 3.13267994873E+36
 5.33412030623E+12 6.58274167909E+30 1.01293282800E+00 3.14834113097E+36
 5.36082387227E+12 6.62743642298E+30 1.01294223505E+00 3.16408060804E+36
 5.38766118669E+12 6.67243463011E+30 1.01295165885E+00 3.17989877135E+36
 5.41463291983E+12 6.71773836091E+30 1.01296109945E+00 3.19579601428E+36
 5.44173974540E+12 6.76334968978E+30 1.01297055686E+00 3.21177273217E+36
 5.46898234048E+12 6.80927070521E+30 1.01298003112E+00 3.22782932235E+36
 5.49636138555E+12 6.85550350988E+30 1.01298952226E+00 3.24396618411E+36
 5.52387756450E+12 6.90205022075E+30 1.01299903030E+00 3.26018371875E+36
 5.55153156466E+12 6.94891296913E+30 1.01300855529E+00 3.27648232959E+36
 5.57932407681E+12 6.99609390081E+30 1.01301809724E+00 3.29286242194E+36
 5.60725579517E+12 7.04359517618E+30 1.01302765620E+00 3.30932440316E+36
 5.63532741747E+12 7.09141897025E+30 1.01303723218E+00 3.32586868264E+36
 5.66353964494E+12 7.13956747283E+30 1.01304682522E+00 3.34249567180E+36
 5.69189318230E+12 7.18804288858E+30 1.01305643535E+00 3.35920578414E+36
 5.72038873783E+12 7.23684743715E+30 1.01306606260E+00 3.37599943521E+36
 5.74902702337E+12 7.28598335324E+30 1.01307570701E+00 3.39287704264E+36
 5.77780875430E+12 7.33545288674E+30 1.01308536859E+00 3.40983902617E+36
 5.80673464962E+12 7.38525830279E+30 1.01309504739E+00 3.42688580761E+36
 5.83580543192E+12 7.43540188194E+30 1.01310474343E+00 3.44401781089E+36
 5.86502182742E+12 7.48588592021E+30 1.01311445674E+00 3.46123546206E+36
 5.89438456598E+12 7.53671272921E+30 1.01312418736E+00 3.47853918930E+36
 5.92389438113E+12 7.58788463624E+30 1.01313393531E+00 3.49592942292E+36
 5.95355201008E+12 7.63940398442E+30 1.01314370062E+00 3.51340659541E+36
 5.98335819372E+12 7.69127313275E+30 1.01315348334E+00 3.53097114138E+36
 6.01331367668E+12 7.74349445627E+30 1.01316328348E+00 3.54862349765E+36
 6.04341920731E+12 7.79607034614E+30 1.01317310108E+00 3.56636410321E+36
 6.07367553773E+12 7.84900320975E+30 1.01318293617E+00 3.58419339923E+36
 6.10408342381E+12 7.90229547084E+30 1.01319278878E+00 3.60211182912E+36
 6.13464362525E+12 7.95594956961E+30 1.01320265895E+00 3.62011983847E+36
 6.16535690551E+12 8.00996796282E+30 1.01321254669E+00 3.63821787512E+36
 6.19622403194E+12 8.06435312392E+30 1.01322245205E+00 3.65640638915E+36
 6.22724577568E+12 8.11910754315E+30 1.01323237506E+00 3.67468583286E+36
 6.25842291179E+12 8.17423372764E+30 1.01324231575E+00 3.69305666086E+36
 6.28975621918E+12 8.22973420157E+30 1.01325227414E+00 3.71151933000E+36
 6.32124648070E+12 8.28561150625E+30 1.01326225028E+00 3.73007429941E+36
 6.35289448310E+12 8.34186820025E+30 1.01327224419E+00 3.74872203053E+36
 6.38470101710E+12 8.39850685948E+30 1.01328225590E+00 3.76746298711E+36
 6.41666687737E+12 8.45553007738E+30 1.01329228545E+00 3.78629763521E+36
 6.44879286258E+12 8.51294046499E+30 1.01330233287E+00 3.80522644321E+36
 6.48107977539E+12 8.57074065105E+30 1.01331239818E+00 3.82424988186E+36
 6.51352842252E+12 8.62893328218E+30 1.01332248143E+00 3.84336842423E+36
 6.54613961471E+12 8.68752102296E+30 1.01333258264E+00 3.86258254578E+36
 6.57891416677E+12 8.74650655606E+30 1.01334270184E+00 3.88189272434E+36
 6.61185289761E+12 8.80589258236E+30 1.01335283907E+00 3.90129944012E+36
 6.64495663024E+12 8.86568182108E+30 1.01336299437E+00 3.92080317574E+36
 6.67822619179E+12 8.92587700992E+30 1.01337316775E+00 3.94040441624E+36
 6.71166241358E+12 8.98648090514E+30 1.01338335925E+00 3.96010364906E+36
 6.74526613106E+12 9.04749628173E+30 1.01339356892E+00 3.97990136410E+36
 6.77903818388E+12 9.10892593352E+30 1.01340379677E+00 3.99979805371E+36
 6.81297941591E+12 9.17077267331E+30 1.01341404284E+00 4.01979421268E+36
 6.84709067527E+12 9.23303933299E+30 1.01342430716E+00 4.03989033828E+36
 6.88137281431E+12 9.29572876370E+30 1.01343458978E+00 4.06008693030E+36
 6.91582668966E+12 9.35884383590E+30 1.01344489070E+00 4.08038449097E+36
 6.95045316227E+12 9.42238743958E+30 1.01345520998E+00 4.10078352508E+36
 6.98525309739E+12 9.48636248433E+30 1.01346554765E+00 4.12128453992E+36
 7.02022736461E+12 9.55077189949E+30 1.01347590373E+00 4.14188804533E+36
 7.05537683790E+12 9.61561863430E+30 1.01348627826E+00 4.16259455367E+36
 7.09070239561E+12 9.68090565804E+30 1.01349667127E+00 4.18340457990E+36
 7.12620492049E+12 9.74663596011E+30 1.01350708280E+00 4.20431864153E+36
 7.16188529972E+12 9.81281255024E+30 1.01351751287E+00 4.22533725867E+36
 7.19774442494E+12 9.87943845859E+30 1.01352796153E+00 4.24646095401E+36
 7.23378319227E+12 9.94651673589E+30 1.01353842880E+00 4.26769025288E+36
 7.27000250231E+12 1.00140504536E+31 1.01354891471E+00 4.28902568321E+36
 7.30640326018E+12 1.00820427039E+31 1.01355941931E+00 4.31046777559E+36
 7.34298637556E+12 1.01504966003E+31 1.01356994262E+00 4.33201706326E+36
 7.37975276269E+12 1.02194152770E+31 1.01358048468E+00 4.35367408211E+36
 7.41670334039E+12 1.02888018899E+31 1.01359104552E+00 4.37543937073E+36
 7.45383903208E+12 1.03586596160E+31 1.01360162517E+00 4.39731347038E+36
 7.49116076584E+12 1.04289916541E+31 1.01361222367E+00 4.41929692504E+36
 7.52866947440E+12 1.04998012247E+31 1.01362284105E+00 4.44139028142E+36
 7.56636609516E+12 1.05710915699E+31 1.01363347735E+00 4.46359408894E+36
 7.60425157024E+12 1.06428659541E+31 1.01364413259E+00 4.48590889978E+36
 7.64232684646E+12 1.07151276637E+31 1.01365480682E+00 4.50833526888E+36
 7.68059287543E+12 1.07878800077E+31 1.01366550006E+00 4.53087375396E+36
 7.71905061352E+12 1.08611263171E+31 1.01367621236E+00 4.55352491550E+36
 7.75770102188E+12 1.09348699460E+31 1.01368694373E+00 4.57628931681E+36
 7.79654506650E+12 1.10091142708E+31 1.01369769423E+00 4.59916752402E+36
 7.83558371824E+12 1.10838626913E+31 1.01370846387E+00 4.62216010607E+36
 7.87481795280E+12 1.11591186300E+31 1.01371925271E+00 4.64526763475E+36
 7.91424875078E+12 1.12348855328E+31 1.01373006076E+00 4.66849068472E+36
 7.95387709772E+12 1.13111668691E+31 1.01374088807E+00 4.69182983351E+36
 7.99370398409E+12 1.13879661316E+31 1.01375173466E+00 4.71528566151E+36
 8.03373040534E+12 1.14652868370E+31 1.01376260058E+00 4.73885875205E+36
 8.07395736192E+12 1.15431325256E+31 1.01377348586E+00 4.76254969136E+36
 8.11438585928E+12 1.16215067619E+31 1.01378439052E+00 4.78635906859E+36
 8.15501690795E+12 1.17004131346E+31 1.01379531462E+00 4.81028747586E+36
 8.19585152350E+12 1.17798552567E+31 1.01380625817E+00 4.83433550823E+36
 8.23689072661E+12 1.18598367659E+31 1.01381722123E+00 4.85850376373E+36
 8.27813554309E+12 1.19403613243E+31 1.01382820381E+00 4.88279284341E+36
 8.31958700388E+12 1.20214326191E+31 1.01383920595E+00 4.90720335128E+36
 8.36124614513E+12 1.21030543625E+31 1.01385022770E+00 4.93173589442E+36
 8.40311400815E+12 1.21852302918E+31 1.01386126908E+00 4.95639108291E+36
 8.44519163949E+12 1.22679641698E+31 1.01387233014E+00 4.98116952989E+36
 8.48748009097E+12 1.23512597849E+31 1.01388341090E+00 5.00607185157E+36
 8.52998041967E+12 1.24351209509E+31 1.01389451139E+00 5.03109866722E+36
 8.57269368799E+12 1.25195515078E+31 1.01390563167E+00 5.05625059924E+36
 8.61562096365E+12 1.26045553217E+31 1.01391677175E+00 5.08152827312E+36
 8.65876331973E+12 1.26901362847E+31 1.01392793168E+00 5.10693231747E+36
 8.70212183470E+12 1.27762983154E+31 1.01393911149E+00 5.13246336406E+36
 8.74569759246E+12 1.28630453593E+31 1.01395031122E+00 5.15812204781E+36
 8.78949168232E+12 1.29503813883E+31 1.01396153090E+00 5.18390900681E+36
 8.83350519908E+12 1.30383104014E+31 1.01397277057E+00 5.20982488236E+36
 8.87773924302E+12 1.31268364248E+31 1.01398403026E+00 5.23587031894E+36
 8.92219491997E+12 1.32159635121E+31 1.01399531001E+00 5.26204596427E+36
 8.96687334128E+12 1.33056957442E+31 1.01400660985E+00 5.28835246929E+36
 9.01177562389E+12 1.33960372300E+31 1.01401792983E+00 5.31479048822E+36
 9.05690289036E+12 1.34869921060E+31 1.01402926997E+00 5.34136067853E+36
 9.10225626886E+12 1.35785645370E+31 1.01404063032E+00 5.36806370098E+36
 9.14783689324E+12 1.36707587159E+31 1.01405201090E+00 5.39490021965E+36
 9.19364590304E+12 1.37635788643E+31 1.01406341175E+00 5.42187090191E+36
 9.23968444353E+12 1.38570292323E+31 1.01407483292E+00 5.44897641849E+36
 9.28595366570E+12 1.39511140989E+31 1.01408627444E+00 5.47621744346E+36
 9.33245472635E+12 1.40458377721E+31 1.01409773633E+00 5.50359465428E+36
 9.37918878807E+12 1.41412045893E+31 1.01410921865E+00 5.53110873177E+36
 9.42615701929E+12 1.42372189171E+31 1.01412072142E+00 5.55876036017E+36
 9.47336059430E+12 1.43338851520E+31 1.01413224468E+00 5.58655022715E+36
 9.52080069330E+12 1.44312077201E+31 1.01414378848E+00 5.61447902378E+36
 9.56847850240E+12 1.45291910779E+31 1.01415535283E+00 5.64254744463E+36
 9.61639521367E+12 1.46278397119E+31 1.01416693779E+00 5.67075618772E+36
 9.66455202517E+12 1.47271581390E+31 1.01417854339E+00 5.69910595455E+36
 9.71295014096E+12 1.48271509069E+31 1.01419016966E+00 5.72759745015E+36
 9.76159077116E+12 1.49278225943E+31 1.01420181665E+00 5.75623138305E+36
 9.81047513197E+12 1.50291778108E+31 1.01421348438E+00 5.78500846536E+36
 9.85960444567E+12 1.51312211972E+31 1.01422517290E+00 5.81392941271E+36
 9.90897994069E+12 1.52339574262E+31 1.01423688224E+00 5.84299494432E+36
 9.95860285165E+12 1.53373912018E+31 1.01424861245E+00 5.87220578301E+36
 1.00084744193E+13 1.54415272601E+31 1.01426036355E+00 5.90156265522E+36
 1.00585958908E+13 1.55463703696E+31 1.01427213558E+00 5.93106629101E+36
 1.01089685192E+13 1.56519253307E+31 1.01428392859E+00 5.96071742410E+36
 1.01595935643E+13 1.57581969768E+31 1.01429574260E+00 5.99051679186E+36
 1.02104722919E+13 1.58651901739E+31 1.01430757766E+00 6.02046513537E+36
 1.02616059743E+13 1.59729098212E+31 1.01431943381E+00 6.05056319939E+36
 1.03129958902E+13 1.60813608509E+31 1.01433131107E+00 6.08081173243E+36
 1.03646433245E+13 1.61905482290E+31 1.01434320950E+00 6.11121148672E+36
 1.04165495689E+13 1.63004769551E+31 1.01435512912E+00 6.14176321827E+36
 1.04687159212E+13 1.64111520625E+31 1.01436706998E+00 6.17246768685E+36
 1.05211436862E+13 1.65225786192E+31 1.01437903211E+00 6.20332565603E+36
 1.05738341747E+13 1.66347617270E+31 1.01439101555E+00 6.23433789322E+36
 1.06267887045E+13 1.67477065229E+31 1.01440302034E+00 6.26550516965E+36
 1.06800085999E+13 1.68614181783E+31 1.01441504652E+00 6.29682826039E+36
 1.07334951917E+13 1.69759019001E+31 1.01442709412E+00 6.32830794441E+36
 1.07872498176E+13 1.70911629304E+31 1.01443916318E+00 6.35994500457E+36
 1.08412738219E+13 1.72072065468E+31 1.01445125374E+00 6.39174022764E+36
 1.08955685557E+13 1.73240380627E+31 1.01446336585E+00 6.42369440432E+36
 1.09501353767E+13 1.74416628279E+31 1.01447549953E+00 6.45580832925E+36
 1.10049756497E+13 1.75600862283E+31 1.01448765482E+00 6.48808280109E+36
 1.10600907463E+13 1.76793136862E+31 1.01449983177E+00 6.52051862243E+36
 1.11154820447E+13 1.77993506611E+31 1.01451203042E+00 6.55311659993E+36
 1.11711509304E+13 1.79202026492E+31 1.01452425079E+00 6.58587754423E+36
 1.12270987956E+13 1.80418751843E+31 1.01453649294E+00 6.61880227007E+36
 1.12833270397E+13 1.81643738376E+31 1.01454875689E+00 6.65189159623E+36
 1.13398370688E+13 1.82877042182E+31 1.01456104270E+00 6.68514634559E+36
 1.13966302965E+13 1.84118719732E+31 1.01457335039E+00 6.71856734517E+36
 1.14537081431E+13 1.85368827883E+31 1.01458568000E+00 6.75215542608E+36
 1.15110720363E+13 1.86627423874E+31 1.01459803159E+00 6.78591142363E+36
 1.15687234107E+13 1.87894565335E+31 1.01461040517E+00 6.81983617726E+36
 1.16266637085E+13 1.89170310289E+31 1.01462280080E+00 6.85393053066E+36
 1.16848943788E+13 1.90454717149E+31 1.01463521851E+00 6.88819533168E+36
 1.17434168781E+13 1.91747844727E+31 1.01464765834E+00 6.92263143245E+36
 1.18022326702E+13 1.93049752235E+31 1.01466012034E+00 6.95723968936E+36
 1.18613432262E+13 1.94360499284E+31 1.01467260453E+00 6.99202096305E+36
 1.19207500248E+13 1.95680145894E+31 1.01468511097E+00 7.02697611848E+36
 1.19804545518E+13 1.97008752489E+31 1.01469763969E+00 7.06210602495E+36
 1.20404583008E+13 1.98346379904E+31 1.01471019072E+00 7.09741155609E+36
 1.21007627725E+13 1.99693089388E+31 1.01472276412E+00 7.13289358989E+36
 1.21613694756E+13 2.01048942606E+31 1.01473535991E+00 7.16855300874E+36
 1.22222799261E+13 2.02414001640E+31 1.01474797815E+00 7.20439069945E+36
 1.22834956476E+13 2.03788328996E+31 1.01476061886E+00 7.24040755324E+36
 1.23450181714E+13 2.05171987601E+31 1.01477328209E+00 7.27660446581E+36
 1.24068490365E+13 2.06565040813E+31 1.01478596789E+00 7.31298233731E+36
 1.24689897897E+13 2.07967552418E+31 1.01479867628E+00 7.34954207243E+36
 1.25314419855E+13 2.09379586635E+31 1.01481140731E+00 7.38628458033E+36
 1.25942071861E+13 2.10801208120E+31 1.01482416102E+00 7.42321077477E+36
 1.26572869618E+13 2.12232481967E+31 1.01483693745E+00 7.46032157405E+36
 1.27206828905E+13 2.13673473714E+31 1.01484973664E+00 7.49761790105E+36
 1.27843965583E+13 2.15124249340E+31 1.01486255864E+00 7.53510068328E+36
 1.28484295590E+13 2.16584875277E+31 1.01487540348E+00 7.57277085290E+36
 1.29127834946E+13 2.18055418403E+31 1.01488827120E+00 7.61062934669E+36
 1.29774599751E+13 2.19535946055E+31 1.01490116184E+00 7.64867710616E+36
 1.30424606185E+13 2.21026526023E+31 1.01491407545E+00 7.68691507749E+36
 1.31077870511E+13 2.22527226561E+31 1.01492701206E+00 7.72534421161E+36
 1.31734409072E+13 2.24038116382E+31 1.01493997172E+00 7.76396546420E+36
 1.32394238294E+13 2.25559264670E+31 1.01495295447E+00 7.80277979572E+36
 1.33057374685E+13 2.27090741076E+31 1.01496596034E+00 7.84178817141E+36
 1.33723834836E+13 2.28632615724E+31 1.01497898939E+00 7.88099156138E+36
 1.34393635421E+13 2.30184959216E+31 1.01499204165E+00 7.92039094054E+36
 1.35066793200E+13 2.31747842632E+31 1.01500511716E+00 7.95998728870E+36
 1.35743325014E+13 2.33321337534E+31 1.01501821596E+00 7.99978159059E+36
 1.36423247790E+13 2.34905515971E+31 1.01503133810E+00 8.03977483581E+36
 1.37106578541E+13 2.36500450481E+31 1.01504448361E+00 8.07996801894E+36
 1.37793334363E+13 2.38106214095E+31 1.01505765255E+00 8.12036213954E+36
 1.38483532441E+13 2.39722880338E+31 1.01507084494E+00 8.16095820216E+36
 1.39177190044E+13 2.41350523235E+31 1.01508406084E+00 8.20175721634E+36
 1.39874324528E+13 2.42989217316E+31 1.01509730028E+00 8.24276019672E+36
 1.40574953337E+13 2.44639037614E+31 1.01511056330E+00 8.28396816298E+36
 1.41279094002E+13 2.46300059672E+31 1.01512384996E+00 8.32538213990E+36
 1.41986764143E+13 2.47972359547E+31 1.01513716028E+00 8.36700315738E+36
 1.42697981467E+13 2.49656013812E+31 1.01515049432E+00 8.40883225050E+36
 1.43412763772E+13 2.51351099559E+31 1.01516385211E+00 8.45087045947E+36
 1.44131128943E+13 2.53057694405E+31 1.01517723370E+00 8.49311882972E+36
 1.44853094956E+13 2.54775876493E+31 1.01519063912E+00 8.53557841193E+36
 1.45578679878E+13 2.56505724496E+31 1.01520406843E+00 8.57825026198E+36
 1.46307901865E+13 2.58247317623E+31 1.01521752166E+00 8.62113544109E+36
 1.47040779167E+13 2.60000735619E+31 1.01523099886E+00 8.66423501573E+36
 1.47777330123E+13 2.61766058771E+31 1.01524450007E+00 8.70755005773E+36
 1.48517573166E+13 2.63543367912E+31 1.01525802533E+00 8.75108164429E+36
 1.49261526819E+13 2.65332744422E+31 1.01527157469E+00 8.79483085796E+36
 1.50009209700E+13 2.67134270235E+31 1.01528514818E+00 8.83879878674E+36
 1.50760640522E+13 2.68948027842E+31 1.01529874585E+00 8.88298652403E+36
 1.51515838090E+13 2.70774100292E+31 1.01531236775E+00 8.92739516873E+36
 1.52274821302E+13 2.72612571199E+31 1.01532601392E+00 8.97202582522E+36
 1.53037609154E+13 2.74463524744E+31 1.01533968440E+00 9.01687960340E+36
 1.53804220736E+13 2.76327045682E+31 1.01535337923E+00 9.06195761872E+36
 1.54574675235E+13 2.78203219340E+31 1.01536709845E+00 9.10726099221E+36
 1.55348991932E+13 2.80092131627E+31 1.01538084212E+00 9.15279085050E+36
 1.56127190207E+13 2.81993869034E+31 1.01539461027E+00 9.19854832585E+36
 1.56909289537E+13 2.83908518639E+31 1.01540840295E+00 9.24453455619E+36
 1.57695309496E+13 2.85836168112E+31 1.01542222020E+00 9.29075068512E+36
 1.58485269757E+13 2.87776905718E+31 1.01543606207E+00 9.33719786199E+36
 1.59279190092E+13 2.89730820322E+31 1.01544992860E+00 9.38387724186E+36
 1.60077090372E+13 2.91698001391E+31 1.01546381983E+00 9.43078998559E+36
 1.60878990569E+13 2.93678539000E+31 1.01547773580E+00 9.47793725983E+36
 1.61684910752E+13 2.95672523836E+31 1.01549167657E+00 9.52532023707E+36
 1.62494871096E+13 2.97680047201E+31 1.01550564217E+00 9.57294009566E+36
 1.63308891872E+13 2.99701201018E+31 1.01551963265E+00 9.62079801983E+36
 1.64126993456E+13 3.01736077834E+31 1.01553364806E+00 9.66889519974E+36
 1.64949196327E+13 3.03784770822E+31 1.01554768843E+00 9.71723283150E+36
 1.65775521064E+13 3.05847373791E+31 1.01556175382E+00 9.76581211721E+36
 1.66605988352E+13 3.07923981184E+31 1.01557584426E+00 9.81463426496E+36
 1.67440618979E+13 3.10014688089E+31 1.01558995981E+00 9.86370048889E+36
 1.68279433837E+13 3.12119590235E+31 1.01560410050E+00 9.91301200921E+36
 1.69122453924E+13 3.14238784004E+31 1.01561826639E+00 9.96257005222E+36
 1.69969700342E+13 3.16372366431E+31 1.01563245751E+00 1.00123758504E+37
 1.70821194301E+13 3.18520435212E+31 1.01564667391E+00 1.00624306423E+37
 1.71676957116E+13 3.20683088704E+31 1.01566091564E+00 1.01127356727E+37
 1.72537010210E+13 3.22860425932E+31 1.01567518273E+00 1.01632921926E+37
 1.73401375113E+13 3.25052546594E+31 1.01568947525E+00 1.02141014594E+37
 1.74270073463E+13 3.27259551066E+31 1.01570379323E+00 1.02651647365E+37
 1.75143127008E+13 3.29481540403E+31 1.01571813671E+00 1.03164832939E+37
 1.76020557605E+13 3.31718616348E+31 1.01573250575E+00 1.03680584077E+37
 1.76902387219E+13 3.33970881335E+31 1.01574690039E+00 1.04198913606E+37
 1.77788637928E+13 3.36238438493E+31 1.01576132067E+00 1.04719834416E+37
 1.78679331918E+13 3.38521391649E+31 1.01577576664E+00 1.05243359461E+37
 1.79574491490E+13 3.40819845339E+31 1.01579023834E+00 1.05769501761E+37
 1.80474139055E+13 3.43133904806E+31 1.01580473583E+00 1.06298274399E+37
 1.81378297136E+13 3.45463676008E+31 1.01581925914E+00 1.06829690527E+37
 1.82286988371E+13 3.47809265624E+31 1.01583380833E+00 1.07363763359E+37
 1.83200235510E+13 3.50170781054E+31 1.01584838344E+00 1.07900506177E+37
 1.84118061419E+13 3.52548330431E+31 1.01586298451E+00 1.08439932330E+37
 1.85040489077E+13 3.54942022620E+31 1.01587761159E+00 1.08982055231E+37
 1.85967541581E+13 3.57351967225E+31 1.01589226473E+00 1.09526888363E+37
 1.86899242142E+13 3.59778274596E+31 1.01590694397E+00 1.10074445275E+37
 1.87835614088E+13 3.62221055830E+31 1.01592164937E+00 1.10624739584E+37
 1.88776680864E+13 3.64680422779E+31 1.01593638096E+00 1.11177784975E+37
 1.89722466035E+13 3.67156488056E+31 1.01595113880E+00 1.11733595201E+37
 1.90672993282E+13 3.69649365037E+31 1.01596592293E+00 1.12292184085E+37
 1.91628286406E+13 3.72159167868E+31 1.01598073339E+00 1.12853565519E+37
 1.92588369328E+13 3.74686011470E+31 1.01599557024E+00 1.13417753462E+37
 1.93553266087E+13 3.77230011544E+31 1.01601043353E+00 1.13984761945E+37
 1.94523000846E+13 3.79791284579E+31 1.01602532329E+00 1.14554605069E+37
 1.95497597888E+13 3.82369947851E+31 1.01604023958E+00 1.15127297006E+37
 1.96477081617E+13 3.84966119435E+31 1.01605518244E+00 1.15702851997E+37
 1.97461476562E+13 3.87579918206E+31 1.01607015192E+00 1.16281284355E+37
 1.98450807373E+13 3.90211463849E+31 1.01608514806E+00 1.16862608466E+37
 1.99445098825E+13 3.92860876858E+31 1.01610017093E+00 1.17446838786E+37
 2.00444375818E+13 3.95528278548E+31 1.01611522056E+00 1.18033989844E+37
 2.01448663376E+13 3.98213791055E+31 1.01613029699E+00 1.18624076242E+37
 2.02457986649E+13 4.00917537347E+31 1.01614540029E+00 1.19217112653E+37
 2.03472370915E+13 4.03639641225E+31 1.01616053049E+00 1.19813113828E+37
 2.04491841578E+13 4.06380227332E+31 1.01617568765E+00 1.20412094586E+37
 2.05516424167E+13 4.09139421155E+31 1.01619087181E+00 1.21014069824E+37
 2.06546144345E+13 4.11917349037E+31 1.01620608302E+00 1.21619054512E+37
 2.07581027899E+13 4.14714138174E+31 1.01622132133E+00 1.22227063695E+37
 2.08621100748E+13 4.17529916629E+31 1.01623658678E+00 1.22838112493E+37
 2.09666388941E+13 4.20364813333E+31 1.01625187943E+00 1.23452216104E+37
 2.10716918657E+13 4.23218958093E+31 1.01626719932E+00 1.24069389797E+37
 2.11772716208E+13 4.26092481598E+31 1.01628254651E+00 1.24689648922E+37
 2.12833808037E+13 4.28985515423E+31 1.01629792104E+00 1.25313008904E+37
 2.13900220721E+13 4.31898192038E+31 1.01631332295E+00 1.25939485244E+37
 2.14971980971E+13 4.34830644809E+31 1.01632875231E+00 1.26569093523E+37
 2.16049115630E+13 4.37783008012E+31 1.01634420915E+00 1.27201849397E+37
 2.17131651678E+13 4.40755416831E+31 1.01635969353E+00 1.27837768603E+37
 2.18219616229E+13 4.43748007371E+31 1.01637520549E+00 1.28476866955E+37
 2.19313036536E+13 4.46760916659E+31 1.01639074509E+00 1.29119160346E+37
 2.20411939987E+13 4.49794282652E+31 1.01640631237E+00 1.29764664749E+37
 2.21516354107E+13 4.52848244245E+31 1.01642190738E+00 1.30413396217E+37
 2.22626306561E+13 4.55922941276E+31 1.01643753018E+00 1.31065370884E+37
 2.23741825152E+13 4.59018514533E+31 1.01645318081E+00 1.31720604962E+37
 2.24862937824E+13 4.62135105757E+31 1.01646885932E+00 1.32379114747E+37
 2.25989672660E+13 4.65272857655E+31 1.01648456576E+00 1.33040916615E+37
 2.27122057886E+13 4.68431913900E+31 1.01650030018E+00 1.33706027024E+37
 2.28260121868E+13 4.71612419143E+31 1.01651606263E+00 1.34374462514E+37
 2.29403893116E+13 4.74814519015E+31 1.01653185316E+00 1.35046239708E+37
 2.30553400282E+13 4.78038360138E+31 1.01654767183E+00 1.35721375312E+37
 2.31708672164E+13 4.81284090127E+31 1.01656351867E+00 1.36399886117E+37
 2.32869737703E+13 4.84551857601E+31 1.01657939375E+00 1.37081788995E+37
 2.34036625986E+13 4.87841812187E+31 1.01659529710E+00 1.37767100906E+37
 2.35209366246E+13 4.91154104529E+31 1.01661122879E+00 1.38455838890E+37
 2.36387987865E+13 4.94488886294E+31 1.01662718886E+00 1.39148020077E+37
 2.37572520370E+13 4.97846310177E+31 1.01664317736E+00 1.39843661680E+37
 2.38762993438E+13 5.01226529912E+31 1.01665919435E+00 1.40542780999E+37
 2.39959436894E+13 5.04629700274E+31 1.01667523987E+00 1.41245395419E+37
 2.41161880716E+13 5.08055977093E+31 1.01669131397E+00 1.41951522414E+37
 2.42370355028E+13 5.11505517252E+31 1.01670741671E+00 1.42661179544E+37
 2.43584890109E+13 5.14978478703E+31 1.01672354814E+00 1.43374384458E+37
 2.44805516389E+13 5.18475020469E+31 1.01673970831E+00 1.44091154891E+37
 2.46032264453E+13 5.21995302653E+31 1.01675589726E+00 1.44811508669E+37
 2.47265165035E+13 5.25539486444E+31 1.01677211506E+00 1.45535463706E+37
 2.48504249030E+13 5.29107734129E+31 1.01678836174E+00 1.46263038005E+37
 2.49749547482E+13 5.32700209091E+31 1.01680463737E+00 1.46994249661E+37
 2.51001091597E+13 5.36317075828E+31 1.01682094200E+00 1.47729116858E+37
 2.52258912732E+13 5.39958499952E+31 1.01683727567E+00 1.48467657871E+37
 2.53523042407E+13 5.43624648199E+31 1.01685363844E+00 1.49209891066E+37
 2.54793512298E+13 5.47315688439E+31 1.01687003036E+00 1.49955834901E+37
 2.56070354239E+13 5.51031789680E+31 1.01688645148E+00 1.50705507928E+37
 2.57353600227E+13 5.54773122078E+31 1.01690290185E+00 1.51458928789E+37
 2.58643282418E+13 5.58539856946E+31 1.01691938154E+00 1.52216116221E+37
 2.59939433130E+13 5.62332166758E+31 1.01693589058E+00 1.52977089054E+37
 2.61242084845E+13 5.66150225160E+31 1.01695242903E+00 1.53741866213E+37
 2.62551270205E+13 5.69994206977E+31 1.01696899694E+00 1.54510466716E+37
 2.63867022021E+13 5.73864288220E+31 1.01698559437E+00 1.55282909678E+37
 2.65189373264E+13 5.77760646097E+31 1.01700222137E+00 1.56059214308E+37
 2.66518357074E+13 5.81683459017E+31 1.01701887798E+00 1.56839399911E+37
 2.67854006757E+13 5.85632906602E+31 1.01703556428E+00 1.57623485890E+37
 2.69196355785E+13 5.89609169693E+31 1.01705228029E+00 1.58411491744E+37
 2.70545437802E+13 5.93612430359E+31 1.01706902609E+00 1.59203437070E+37
 2.71901286617E+13 5.97642871904E+31 1.01708580172E+00 1.59999341561E+37
 2.73263936212E+13 6.01700678879E+31 1.01710260724E+00 1.60799225012E+37
 2.74633420738E+13 6.05786037086E+31 1.01711944269E+00 1.61603107313E+37
 2.76009774518E+13 6.09899133589E+31 1.01713630814E+00 1.62411008457E+37
 2.77393032050E+13 6.14040156722E+31 1.01715320363E+00 1.63222948535E+37
 2.78783228003E+13 6.18209296100E+31 1.01717012922E+00 1.64038947739E+37
 2.80180397220E+13 6.22406742621E+31 1.01718708496E+00 1.64859026361E+37
 2.81584574722E+13 6.26632688483E+31 1.01720407091E+00 1.65683204795E+37
 2.82995795704E+13 6.30887327187E+31 1.01722108712E+00 1.66511503539E+37
 2.84414095538E+13 6.35170853548E+31 1.01723813365E+00 1.67343943189E+37
 2.85839509776E+13 6.39483463705E+31 1.01725521054E+00 1.68180544449E+37
 2.87272074145E+13 6.43825355128E+31 1.01727231786E+00 1.69021328123E+37
 2.88711824555E+13 6.48196726627E+31 1.01728945565E+00 1.69866315120E+37
 2.90158797097E+13 6.52597778362E+31 1.01730662397E+00 1.70715526454E+37
 2.91613028040E+13 6.57028711853E+31 1.01732382288E+00 1.71568983243E+37
 2.93074553840E+13 6.61489729987E+31 1.01734105242E+00 1.72426706712E+37
 2.94543411132E+13 6.65981037031E+31 1.01735831267E+00 1.73288718192E+37
 2.96019636738E+13 6.70502838636E+31 1.01737560366E+00 1.74155039118E+37
 2.97503267665E+13 6.75055341850E+31 1.01739292545E+00 1.75025691037E+37
 2.98994341105E+13 6.79638755128E+31 1.01741027810E+00 1.75900695598E+37
 3.00492894438E+13 6.84253288339E+31 1.01742766167E+00 1.76780074563E+37
 3.01998965232E+13 6.88899152778E+31 1.01744507620E+00 1.77663849800E+37
 3.03512591244E+13 6.93576561175E+31 1.01746252176E+00 1.78552043287E+37
 3.05033810421E+13 6.98285727702E+31 1.01747999840E+00 1.79444677114E+37
 3.06562660901E+13 7.03026867987E+31 1.01749750617E+00 1.80341773478E+37
 3.08099181012E+13 7.07800199123E+31 1.01751504513E+00 1.81243354688E+37
 3.09643409278E+13 7.12605939674E+31 1.01753261534E+00 1.82149443167E+37
 3.11195384414E+13 7.17444309691E+31 1.01755021684E+00 1.83060061446E+37
 3.12755145331E+13 7.22315530718E+31 1.01756784971E+00 1.83975232172E+37
 3.14322731137E+13 7.27219825802E+31 1.01758551399E+00 1.84894978104E+37
 3.15898181135E+13 7.32157419505E+31 1.01760320973E+00 1.85819322115E+37
 3.17481534826E+13 7.37128537916E+31 1.01762093700E+00 1.86748287191E+37
 3.19072831910E+13 7.42133408656E+31 1.01763869586E+00 1.87681896435E+37
 3.20672112286E+13 7.47172260893E+31 1.01765648635E+00 1.88620173065E+37
 3.22279416056E+13 7.52245325350E+31 1.01767430853E+00 1.89563140413E+37
 3.23894783521E+13 7.57352834318E+31 1.01769216246E+00 1.90510821931E+37
 3.25518255187E+13 7.62495021664E+31 1.01771004820E+00 1.91463241185E+37
 3.27149871762E+13 7.67672122844E+31 1.01772796580E+00 1.92420421862E+37
 3.28789674160E+13 7.72884374911E+31 1.01774591532E+00 1.93382387764E+37
 3.30437703500E+13 7.78132016529E+31 1.01776389682E+00 1.94349162815E+37
 3.32094001109E+13 7.83415287982E+31 1.01778191036E+00 1.95320771057E+37
 3.33758608521E+13 7.88734431184E+31 1.01779995598E+00 1.96297236653E+37
 3.35431567480E+13 7.94089689695E+31 1.01781803375E+00 1.97278583885E+37
 3.37112919939E+13 7.99481308726E+31 1.01783614373E+00 1.98264837158E+37
 3.38802708062E+13 8.04909535152E+31 1.01785428597E+00 1.99256021000E+37
 3.40500974226E+13 8.10374617527E+31 1.01787246053E+00 2.00252160060E+37
 3.42207761021E+13 8.15876806091E+31 1.01789066747E+00 2.01253279109E+37
 3.43923111252E+13 8.21416352784E+31 1.01790890684E+00 2.02259403046E+37
 3.45647067937E+13 8.26993511254E+31 1.01792717871E+00 2.03270556889E+37
 3.47379674314E+13 8.32608536876E+31 1.01794548312E+00 2.04286765787E+37
 3.49120973835E+13 8.38261686753E+31 1.01796382015E+00 2.05308055009E+37
 3.50871010172E+13 8.43953219739E+31 1.01798218984E+00 2.06334449954E+37
 3.52629827219E+13 8.49683396443E+31 1.01800059226E+00 2.07365976148E+37
 3.54397469089E+13 8.55452479242E+31 1.01801902747E+00 2.08402659243E+37
 3.56173980115E+13 8.61260732298E+31 1.01803749551E+00 2.09444525019E+37
 3.57959404856E+13 8.67108421563E+31 1.01805599646E+00 2.10491599386E+37
 3.59753788096E+13 8.72995814798E+31 1.01807453036E+00 2.11543908384E+37
 3.61557174840E+13 8.78923181580E+31 1.01809309728E+00 2.12601478183E+37
 3.63369610324E+13 8.84890793316E+31 1.01811169728E+00 2.13664335081E+37
 3.65191140010E+13 8.90898923258E+31 1.01813033042E+00 2.14732505512E+37
 3.67021809588E+13 8.96947846511E+31 1.01814899675E+00 2.15806016039E+37
 3.68861664979E+13 9.03037840048E+31 1.01816769633E+00 2.16884893359E+37
 3.70710752335E+13 9.09169182725E+31 1.01818642923E+00 2.17969164301E+37
 3.72569118040E+13 9.15342155288E+31 1.01820519550E+00 2.19058855831E+37
 3.74436808710E+13 9.21557040392E+31 1.01822399520E+00 2.20153995047E+37
 3.76313871200E+13 9.27814122610E+31 1.01824282839E+00 2.21254609183E+37
 3.78200352596E+13 9.34113688446E+31 1.01826169513E+00 2.22360725612E+37
 3.80096300223E+13 9.40456026351E+31 1.01828059549E+00 2.23472371840E+37
 3.82001761645E+13 9.46841426734E+31 1.01829952951E+00 2.24589575511E+37
 3.83916784664E+13 9.53270181976E+31 1.01831849727E+00 2.25712364411E+37
 3.85841417323E+13 9.59742586442E+31 1.01833749881E+00 2.26840766460E+37
 3.87775707908E+13 9.66258936497E+31 1.01835653421E+00 2.27974809720E+37
 3.89719704946E+13 9.72819530518E+31 1.01837560352E+00 2.29114522395E+37
 3.91673457211E+13 9.79424668907E+31 1.01839470680E+00 2.30259932825E+37
 3.93637013718E+13 9.86074654107E+31 1.01841384411E+00 2.31411069498E+37
 3.95610423735E+13 9.92769790613E+31 1.01843301552E+00 2.32567961038E+37
 3.97593736771E+13 9.99510384988E+31 1.01845222108E+00 2.33730636218E+37
 3.99587002591E+13 1.00629674588E+32 1.01847146085E+00 2.34899123950E+37
 4.01590271205E+13 1.01312918402E+32 1.01849073490E+00 2.36073453294E+37
 4.03603592879E+13 1.02000801227E+32 1.01851004328E+00 2.37253653453E+37
 4.05627018128E+13 1.02693354559E+32 1.01852938607E+00 2.38439753778E+37
 4.07660597725E+13 1.03390610111E+32 1.01854876331E+00 2.39631783765E+37
 4.09704382697E+13 1.04092599809E+32 1.01856817507E+00 2.40829773057E+37
 4.11758424326E+13 1.04799355795E+32 1.01858762142E+00 2.42033751449E+37
 4.13822774157E+13 1.05510910432E+32 1.01860710240E+00 2.43243748880E+37
 4.15897483989E+13 1.06227296302E+32 1.01862661810E+00 2.44459795441E+37
 4.17982605885E+13 1.06948546205E+32 1.01864616856E+00 2.45681921375E+37
 4.20078192170E+13 1.07674693169E+32 1.01866575384E+00 2.46910157073E+37
 4.22184295432E+13 1.08405770442E+32 1.01868537402E+00 2.48144533081E+37
 4.24300968523E+13 1.09141811499E+32 1.01870502916E+00 2.49385080094E+37
 4.26428264562E+13 1.09882850044E+32 1.01872471930E+00 2.50631828965E+37
 4.28566236934E+13 1.10628920007E+32 1.01874444453E+00 2.51884810697E+37
 4.30714939296E+13 1.11380055550E+32 1.01876420489E+00 2.53144056451E+37
 4.32874425572E+13 1.12136291067E+32 1.01878400046E+00 2.54409597543E+37
 4.35044749958E+13 1.12897661185E+32 1.01880383130E+00 2.55681465444E+37
 4.37225966925E+13 1.13664200767E+32 1.01882369746E+00 2.56959691784E+37
 4.39418131215E+13 1.14435944911E+32 1.01884359901E+00 2.58244308351E+37
 4.41621297848E+13 1.15212928955E+32 1.01886353602E+00 2.59535347092E+37
 4.43835522121E+13 1.15995188476E+32 1.01888350855E+00 2.60832840113E+37
 4.46060859608E+13 1.16782759293E+32 1.01890351665E+00 2.62136819680E+37
 4.48297366164E+13 1.17575677468E+32 1.01892356041E+00 2.63447318222E+37
 4.50545097925E+13 1.18373979307E+32 1.01894363986E+00 2.64764368329E+37
 4.52804111309E+13 1.19177701365E+32 1.01896375509E+00 2.66088002754E+37
 4.55074463020E+13 1.19986880443E+32 1.01898390616E+00 2.67418254415E+37
 4.57356210045E+13 1.20801553592E+32 1.01900409312E+00 2.68755156392E+37
 4.59649409659E+13 1.21621758115E+32 1.01902431605E+00 2.70098741933E+37
 4.61954119426E+13 1.22447531568E+32 1.01904457500E+00 2.71449044450E+37
 4.64270397199E+13 1.23278911764E+32 1.01906487005E+00 2.72806097524E+37
 4.66598301124E+13 1.24115936769E+32 1.01908520125E+00 2.74169934903E+37
 4.68937889637E+13 1.24958644911E+32 1.01910556866E+00 2.75540590503E+37
 4.71289221471E+13 1.25807074775E+32 1.01912597237E+00 2.76918098411E+37
 4.73652355653E+13 1.26661265212E+32 1.01914641242E+00 2.78302492884E+37
 4.76027351509E+13 1.27521255332E+32 1.01916688889E+00 2.79693808349E+37
 4.78414268661E+13 1.28387084515E+32 1.01918740183E+00 2.81092079406E+37
 4.80813167034E+13 1.29258792405E+32 1.01920795132E+00 2.82497340829E+37
 4.83224106853E+13 1.30136418918E+32 1.01922853742E+00 2.83909627565E+37
 4.85647148648E+13 1.31020004238E+32 1.01924916019E+00 2.85328974734E+37
 4.88082353253E+13 1.31909588824E+32 1.01926981970E+00 2.86755417635E+37
 4.90529781807E+13 1.32805213410E+32 1.01929051601E+00 2.88188991740E+37
 4.92989495759E+13 1.33706919005E+32 1.01931124920E+00 2.89629732701E+37
 4.95461556867E+13 1.34614746897E+32 1.01933201932E+00 2.91077676347E+37
 4.97946027199E+13 1.35528738654E+32 1.01935282644E+00 2.92532858686E+37
 5.00442969136E+13 1.36448936128E+32 1.01937367063E+00 2.93995315907E+37
 5.02952445375E+13 1.37375381453E+32 1.01939455196E+00 2.95465084379E+37
 5.05474518927E+13 1.38308117050E+32 1.01941547048E+00 2.96942200652E+37
 5.08009253120E+13 1.39247185629E+32 1.01943642627E+00 2.98426701462E+37
 5.10556711602E+13 1.40192630187E+32 1.01945741939E+00 2.99918623725E+37
 5.13116958341E+13 1.41144494016E+32 1.01947844991E+00 3.01418004543E+37
 5.15690057628E+13 1.42102820701E+32 1.01949951790E+00 3.02924881203E+37
 5.18276074078E+13 1.43067654123E+32 1.01952062342E+00 3.04439291181E+37
 5.20875072629E+13 1.44039038460E+32 1.01954176654E+00 3.05961272136E+37
 5.23487118549E+13 1.45017018190E+32 1.01956294732E+00 3.07490861919E+37
 5.26112277435E+13 1.46001638096E+32 1.01958416584E+00 3.09028098567E+37
 5.28750615211E+13 1.46992943260E+32 1.01960542216E+00 3.10573020311E+37
 5.31402198136E+13 1.47990979075E+32 1.01962671634E+00 3.12125665570E+37
 5.34067092802E+13 1.48995791238E+32 1.01964804847E+00 3.13686072957E+37
 5.36745366137E+13 1.50007425760E+32 1.01966941859E+00 3.15254281275E+37
 5.39437085405E+13 1.51025928961E+32 1.01969082679E+00 3.16830329526E+37
 5.42142318210E+13 1.52051347479E+32 1.01971227312E+00 3.18414256901E+37
 5.44861132496E+13 1.53083728266E+32 1.01973375766E+00 3.20006102793E+37
 5.47593596549E+13 1.54123118594E+32 1.01975528047E+00 3.21605906787E+37
 5.50339779000E+13 1.55169566054E+32 1.01977684163E+00 3.23213708669E+37
 5.53099748824E+13 1.56223118563E+32 1.01979844120E+00 3.24829548422E+37
 5.55873575346E+13 1.57283824363E+32 1.01982007924E+00 3.26453466230E+37
 5.58661328239E+13 1.58351732021E+32 1.01984175584E+00 3.28085502477E+37
 5.61463077525E+13 1.59426890435E+32 1.01986347105E+00 3.29725697751E+37
 5.64278893583E+13 1.60509348837E+32 1.01988522495E+00 3.31374092840E+37
 5.67108847144E+13 1.61599156791E+32 1.01990701760E+00 3.33030728737E+37
 5.69953009294E+13 1.62696364197E+32 1.01992884907E+00 3.34695646641E+37
 5.72811451480E+13 1.63801021297E+32 1.01995071944E+00 3.36368887957E+37
 5.75684245509E+13 1.64913178670E+32 1.01997262877E+00 3.38050494294E+37
 5.78571463547E+13 1.66032887242E+32 1.01999457713E+00 3.39740507473E+37
 5.81473178125E+13 1.67160198283E+32 1.02001656459E+00 3.41438969521E+37
 5.84389462142E+13 1.68295163411E+32 1.02003859122E+00 3.43145922678E+37
 5.87320388860E+13 1.69437834595E+32 1.02006065709E+00 3.44861409391E+37
 5.90266031913E+13 1.70588264156E+32 1.02008276227E+00 3.46585472324E+37
 5.93226465305E+13 1.71746504772E+32 1.02010490684E+00 3.48318154352E+37
 5.96201763413E+13 1.72912609477E+32 1.02012709085E+00 3.50059498563E+37
 5.99192000990E+13 1.74086631666E+32 1.02014931438E+00 3.51809548262E+37
 6.02197253164E+13 1.75268625097E+32 1.02017157750E+00 3.53568346971E+37
 6.05217595442E+13 1.76458643890E+32 1.02019388029E+00 3.55335938429E+37
 6.08253103713E+13 1.77656742537E+32 1.02021622280E+00 3.57112366593E+37
 6.11303854245E+13 1.78862975896E+32 1.02023860512E+00 3.58897675640E+37
 6.14369923694E+13 1.80077399200E+32 1.02026102732E+00 3.60691909968E+37
 6.17451389101E+13 1.81300068056E+32 1.02028348945E+00 3.62495114199E+37
 6.20548327894E+13 1.82531038448E+32 1.02030599161E+00 3.64307333173E+37
 6.23660817894E+13 1.83770366743E+32 1.02032853385E+00 3.66128611960E+37
 6.26788937311E+13 1.85018109686E+32 1.02035111625E+00 3.67958995852E+37
 6.29932764751E+13 1.86274324411E+32 1.02037373888E+00 3.69798530368E+37
 6.33092379217E+13 1.87539068438E+32 1.02039640181E+00 3.71647261254E+37
 6.36267860107E+13 1.88812399680E+32 1.02041910512E+00 3.73505234485E+37
 6.39459287223E+13 1.90094376439E+32 1.02044184887E+00 3.75372496268E+37
 6.42666740766E+13 1.91385057418E+32 1.02046463314E+00 3.77249093038E+37
 6.45890301343E+13 1.92684501713E+32 1.02048745800E+00 3.79135071463E+37
 6.49130049968E+13 1.93992768827E+32 1.02051032352E+00 3.81030478446E+37
 6.52386068060E+13 1.95309918662E+32 1.02053322978E+00 3.82935361121E+37
 6.55658437453E+13 1.96636011531E+32 1.02055617684E+00 3.84849766862E+37
 6.58947240389E+13 1.97971108152E+32 1.02057916478E+00 3.86773743276E+37
 6.62252559528E+13 1.99315269659E+32 1.02060219368E+00 3.88707338211E+37
 6.65574477945E+13 2.00668557600E+32 1.02062526360E+00 3.90650599751E+37
 6.68913079134E+13 2.02031033940E+32 1.02064837462E+00 3.92603576223E+37
 6.72268447009E+13 2.03402761065E+32 1.02067152681E+00 3.94566316196E+37
 6.75640665909E+13 2.04783801786E+32 1.02069472025E+00 3.96538868479E+37
 6.79029820597E+13 2.06174219339E+32 1.02071795501E+00 3.98521282127E+37
 6.82435996262E+13 2.07574077389E+32 1.02074123116E+00 4.00513606440E+37
 6.85859278525E+13 2.08983440034E+32 1.02076454877E+00 4.02515890964E+37
 6.89299753437E+13 2.10402371808E+32 1.02078790793E+00 4.04528185494E+37
 6.92757507483E+13 2.11830937683E+32 1.02081130870E+00 4.06550540071E+37
 6.96232627585E+13 2.13269203070E+32 1.02083475115E+00 4.08583004991E+37
 6.99725201101E+13 2.14717233826E+32 1.02085823537E+00 4.10625630796E+37
 7.03235315831E+13 2.16175096255E+32 1.02088176143E+00 4.12678468284E+37
 7.06763060019E+13 2.17642857111E+32 1.02090532940E+00 4.14741568506E+37
 7.10308522350E+13 2.19120583602E+32 1.02092893935E+00 4.16814982770E+37
 7.13871791960E+13 2.20608343390E+32 1.02095259137E+00 4.18898762636E+37
 7.17452958432E+13 2.22106204598E+32 1.02097628552E+00 4.20992959928E+37
 7.21052111802E+13 2.23614235813E+32 1.02100002188E+00 4.23097626723E+37
 7.24669342558E+13 2.25132506085E+32 1.02102380053E+00 4.25212815362E+37
 7.28304741648E+13 2.26661084935E+32 1.02104762153E+00 4.27338578447E+37
 7.31958400474E+13 2.28200042353E+32 1.02107148498E+00 4.29474968843E+37
 7.35630410902E+13 2.29749448808E+32 1.02109539094E+00 4.31622039679E+37
 7.39320865260E+13 2.31309375245E+32 1.02111933948E+00 4.33779844349E+37
 7.43029856342E+13 2.32879893092E+32 1.02114333069E+00 4.35948436515E+37
 7.46757477409E+13 2.34461074260E+32 1.02116736464E+00 4.38127870107E+37
 7.50503822194E+13 2.36052991151E+32 1.02119144141E+00 4.40318199324E+37
 7.54268984900E+13 2.37655716657E+32 1.02121556107E+00 4.42519478636E+37
 7.58053060208E+13 2.39269324164E+32 1.02123972370E+00 4.44731762787E+37
 7.61856143274E+13 2.40893887558E+32 1.02126392937E+00 4.46955106793E+37
 7.65678329735E+13 2.42529481226E+32 1.02128817816E+00 4.49189565945E+37
 7.69519715711E+13 2.44176180060E+32 1.02131247016E+00 4.51435195811E+37
 7.73380397805E+13 2.45834059461E+32 1.02133680543E+00 4.53692052237E+37
 7.77260473107E+13 2.47503195342E+32 1.02136118405E+00 4.55960191347E+37
 7.81160039200E+13 2.49183664129E+32 1.02138560610E+00 4.58239669548E+37
 7.85079194154E+13 2.50875542771E+32 1.02141007167E+00 4.60530543525E+37
 7.89018036539E+13 2.52578908736E+32 1.02143458081E+00 4.62832870251E+37
 7.92976665417E+13 2.54293840020E+32 1.02145913362E+00 4.65146706981E+37
 7.96955180352E+13 2.56020415147E+32 1.02148373017E+00 4.67472111257E+37
 8.00953681412E+13 2.57758713176E+32 1.02150837054E+00 4.69809140908E+37
 8.04972269167E+13 2.59508813702E+32 1.02153305480E+00 4.72157854053E+37
 8.09011044694E+13 2.61270796859E+32 1.02155778304E+00 4.74518309102E+37
 8.13070109582E+13 2.63044743327E+32 1.02158255533E+00 4.76890564754E+37
 8.17149565930E+13 2.64830734333E+32 1.02160737175E+00 4.79274680006E+37
 8.21249516354E+13 2.66628851656E+32 1.02163223239E+00 4.81670714146E+37
 8.25370063987E+13 2.68439177630E+32 1.02165713731E+00 4.84078726761E+37
 8.29511312480E+13 2.70261795147E+32 1.02168208660E+00 4.86498777734E+37
 8.33673366011E+13 2.72096787663E+32 1.02170708033E+00 4.88930927250E+37
 8.37856329280E+13 2.73944239201E+32 1.02173211860E+00 4.91375235791E+37
 8.42060307516E+13 2.75804234353E+32 1.02175720146E+00 4.93831764144E+37
 8.46285406480E+13 2.77676858287E+32 1.02178232902E+00 4.96300573401E+37
 8.50531732464E+13 2.79562196748E+32 1.02180750134E+00 4.98781724956E+37
 8.54799392300E+13 2.81460336064E+32 1.02183271850E+00 5.01275280513E+37
 8.59088493354E+13 2.83371363148E+32 1.02185798058E+00 5.03781302082E+37
 8.63399143538E+13 2.85295365504E+32 1.02188328767E+00 5.06299851986E+37
 8.67731451307E+13 2.87232431231E+32 1.02190863985E+00 5.08830992856E+37
 8.72085525661E+13 2.89182649025E+32 1.02193403718E+00 5.11374787639E+37
 8.76461476152E+13 2.91146108183E+32 1.02195947977E+00 5.13931299595E+37
 8.80859412885E+13 2.93122898611E+32 1.02198496768E+00 5.16500592301E+37
 8.85279446519E+13 2.95113110823E+32 1.02201050099E+00 5.19082729652E+37
 8.89721688273E+13 2.97116835950E+32 1.02203607979E+00 5.21677775862E+37
 8.94186249925E+13 2.99134165740E+32 1.02206170416E+00 5.24285795466E+37
 8.98673243818E+13 3.01165192565E+32 1.02208737419E+00 5.26906853321E+37
 9.03182782863E+13 3.03210009422E+32 1.02211308994E+00 5.29541014611E+37
 9.07714980538E+13 3.05268709941E+32 1.02213885150E+00 5.32188344843E+37
 9.12269950896E+13 3.07341388390E+32 1.02216465896E+00 5.34848909852E+37
 9.16847808564E+13 3.09428139672E+32 1.02219051239E+00 5.37522775803E+37
 9.21448668748E+13 3.11529059339E+32 1.02221641188E+00 5.40210009190E+37
 9.26072647235E+13 3.13644243589E+32 1.02224235751E+00 5.42910676843E+37
 9.30719860396E+13 3.15773789275E+32 1.02226834936E+00 5.45624845922E+37
 9.35390425190E+13 3.17917793905E+32 1.02229438752E+00 5.48352583925E+37
 9.40084459165E+13 3.20076355652E+32 1.02232047206E+00 5.51093958687E+37
 9.44802080464E+13 3.22249573353E+32 1.02234660307E+00 5.53849038383E+37
 9.49543407823E+13 3.24437546519E+32 1.02237278064E+00 5.56617891527E+37
 9.54308560581E+13 3.26640375334E+32 1.02239900484E+00 5.59400586976E+37
 9.59097658676E+13 3.28858160663E+32 1.02242527575E+00 5.62197193933E+37
 9.63910822653E+13 3.31091004056E+32 1.02245159347E+00 5.65007781946E+37
 9.68748173665E+13 3.33339007753E+32 1.02247795808E+00 5.67832420909E+37
 9.73609833476E+13 3.35602274688E+32 1.02250436965E+00 5.70671181067E+37
 9.78495924464E+13 3.37880908492E+32 1.02253082827E+00 5.73524133016E+37
 9.83406569626E+13 3.40175013503E+32 1.02255733403E+00 5.76391347706E+37
 9.88341892579E+13 3.42484694765E+32 1.02258388701E+00 5.79272896440E+37
 9.93302017564E+13 3.44810058035E+32 1.02261048729E+00 5.82168850877E+37
 9.98287069448E+13 3.47151209790E+32 1.02263713496E+00 5.85079283037E+37
 1.00329717373E+14 3.49508257229E+32 1.02266383010E+00 5.88004265298E+37
 1.00833245654E+14 3.51881308278E+32 1.02269057280E+00 5.90943870399E+37
 1.01339304465E+14 3.54270471596E+32 1.02271736315E+00 5.93898171445E+37
 1.01847906546E+14 3.56675856581E+32 1.02274420121E+00 5.96867241905E+37
 1.02359064703E+14 3.59097573374E+32 1.02277108709E+00 5.99851155615E+37
 1.02872791805E+14 3.61535732860E+32 1.02279802087E+00 6.02849986782E+37
 1.03389100787E+14 3.63990446683E+32 1.02282500263E+00 6.05863809982E+37
 1.03908004650E+14 3.66461827239E+32 1.02285203246E+00 6.08892700165E+37
 1.04429516457E+14 3.68949987692E+32 1.02287911044E+00 6.11936732655E+37
 1.04953649342E+14 3.71455041970E+32 1.02290623666E+00 6.14995983152E+37
 1.05480416502E+14 3.73977104779E+32 1.02293341120E+00 6.18070527736E+37
 1.06009831201E+14 3.76516291600E+32 1.02296063415E+00 6.21160442867E+37
 1.06541906770E+14 3.79072718701E+32 1.02298790561E+00 6.24265805386E+37
 1.07076656609E+14 3.81646503137E+32 1.02301522564E+00 6.27386692519E+37
 1.07614094184E+14 3.84237762759E+32 1.02304259435E+00 6.30523181880E+37
 1.08154233029E+14 3.86846616218E+32 1.02307001181E+00 6.33675351466E+37
 1.08697086747E+14 3.89473182971E+32 1.02309747812E+00 6.36843279670E+37
 1.09242669009E+14 3.92117583285E+32 1.02312499336E+00 6.40027045272E+37
 1.09790993555E+14 3.94779938245E+32 1.02315255761E+00 6.43226727448E+37
 1.10342074195E+14 3.97460369758E+32 1.02318017098E+00 6.46442405770E+37
 1.10895924808E+14 4.00159000556E+32 1.02320783353E+00 6.49674160208E+37
 1.11452559344E+14 4.02875954208E+32 1.02323554537E+00 6.52922071130E+37
 1.12011991823E+14 4.05611355121E+32 1.02326330657E+00 6.56186219308E+37
 1.12574236336E+14 4.08365328544E+32 1.02329111723E+00 6.59466685916E+37
 1.13139307044E+14 4.11138000580E+32 1.02331897743E+00 6.62763552534E+37
 1.13707218181E+14 4.13929498186E+32 1.02334688727E+00 6.66076901153E+37
 1.14277984052E+14 4.16739949183E+32 1.02337484683E+00 6.69406814169E+37
 1.14851619033E+14 4.19569482257E+32 1.02340285619E+00 6.72753374393E+37
 1.15428137577E+14 4.22418226970E+32 1.02343091546E+00 6.76116665049E+37
 1.16007554204E+14 4.25286313762E+32 1.02345902471E+00 6.79496769778E+37
 1.16589883513E+14 4.28173873962E+32 1.02348718404E+00 6.82893772637E+37
 1.17175140172E+14 4.31081039786E+32 1.02351539353E+00 6.86307758107E+37
 1.17763338925E+14 4.34007944350E+32 1.02354365328E+00 6.89738811087E+37
 1.18354494593E+14 4.36954721676E+32 1.02357196338E+00 6.93187016903E+37
 1.18948622067E+14 4.39921506692E+32 1.02360032390E+00 6.96652461308E+37
 1.19545736316E+14 4.42908435244E+32 1.02362873495E+00 7.00135230481E+37
 1.20145852385E+14 4.45915644102E+32 1.02365719662E+00 7.03635411035E+37
 1.20748985393E+14 4.48943270960E+32 1.02368570899E+00 7.07153090015E+37
 1.21355150538E+14 4.51991454452E+32 1.02371427215E+00 7.10688354899E+37
 1.21964363092E+14 4.55060334150E+32 1.02374288620E+00 7.14241293605E+37
 1.22576638406E+14 4.58150050576E+32 1.02377155123E+00 7.17811994489E+37
 1.23191991908E+14 4.61260745203E+32 1.02380026732E+00 7.21400546351E+37
 1.23810439104E+14 4.64392560468E+32 1.02382903456E+00 7.25007038431E+37
 1.24431995578E+14 4.67545639773E+32 1.02385785306E+00 7.28631560419E+37
 1.25056676992E+14 4.70720127493E+32 1.02388672290E+00 7.32274202452E+37
 1.25684499089E+14 4.73916168986E+32 1.02391564416E+00 7.35935055116E+37
 1.26315477690E+14 4.77133910595E+32 1.02394461695E+00 7.39614209452E+37
 1.26949628696E+14 4.80373499656E+32 1.02397364136E+00 7.43311756955E+37
 1.27586968090E+14 4.83635084507E+32 1.02400271747E+00 7.47027789579E+37
 1.28227511934E+14 4.86918814493E+32 1.02403184538E+00 7.50762399735E+37
 1.28871276371E+14 4.90224839971E+32 1.02406102518E+00 7.54515680298E+37
 1.29518277626E+14 4.93553312322E+32 1.02409025697E+00 7.58287724607E+37
 1.30168532007E+14 4.96904383953E+32 1.02411954083E+00 7.62078626468E+37
 1.30822055903E+14 5.00278208305E+32 1.02414887686E+00 7.65888480155E+37
 1.31478865786E+14 5.03674939862E+32 1.02417826515E+00 7.69717380413E+37
 1.32138978212E+14 5.07094734157E+32 1.02420770579E+00 7.73565422463E+37
 1.32802409820E+14 5.10537747780E+32 1.02423719889E+00 7.77432701998E+37
 1.33469177333E+14 5.14004138380E+32 1.02426674452E+00 7.81319315194E+37
 1.34139297558E+14 5.17494064682E+32 1.02429634280E+00 7.85225358705E+37
 1.34812787388E+14 5.21007686485E+32 1.02432599380E+00 7.89150929668E+37
 1.35489663801E+14 5.24545164674E+32 1.02435569762E+00 7.93096125707E+37
 1.36169943861E+14 5.28106661227E+32 1.02438545436E+00 7.97061044934E+37
 1.36853644718E+14 5.31692339219E+32 1.02441526411E+00 8.01045785950E+37
 1.37540783608E+14 5.35302362837E+32 1.02444512697E+00 8.05050447851E+37
 1.38231377854E+14 5.38936897379E+32 1.02447504302E+00 8.09075130227E+37
 1.38925444868E+14 5.42596109266E+32 1.02450501237E+00 8.13119933165E+37
 1.39623002150E+14 5.46280166050E+32 1.02453503512E+00 8.17184957255E+37
 1.40324067285E+14 5.49989236420E+32 1.02456511134E+00 8.21270303588E+37
 1.41028657952E+14 5.53723490210E+32 1.02459524115E+00 8.25376073761E+37
 1.41736791915E+14 5.57483098408E+32 1.02462542463E+00 8.29502369879E+37
 1.42448487030E+14 5.61268233163E+32 1.02465566189E+00 8.33649294556E+37
 1.43163761243E+14 5.65079067790E+32 1.02468595301E+00 8.37816950921E+37
 1.43882632591E+14 5.68915776786E+32 1.02471629810E+00 8.42005442618E+37
 1.44605119200E+14 5.72778535827E+32 1.02474669724E+00 8.46214873808E+37
 1.45331239290E+14 5.76667521787E+32 1.02477715054E+00 8.50445349175E+37
 1.46061011172E+14 5.80582912737E+32 1.02480765809E+00 8.54696973924E+37
 1.46794453249E+14 5.84524887959E+32 1.02483822000E+00 8.58969853787E+37
 1.47531584020E+14 5.88493627953E+32 1.02486883634E+00 8.63264095025E+37
 1.48272422073E+14 5.92489314441E+32 1.02489950723E+00 8.67579804429E+37
 1.49016986093E+14 5.96512130383E+32 1.02493023276E+00 8.71917089325E+37
 1.49765294859E+14 6.00562259979E+32 1.02496101303E+00 8.76276057576E+37
 1.50517367244E+14 6.04639888680E+32 1.02499184813E+00 8.80656817582E+37
 1.51273222218E+14 6.08745203196E+32 1.02502273816E+00 8.85059478288E+37
 1.52032878844E+14 6.12878391505E+32 1.02505368323E+00 8.89484149180E+37
 1.52796356284E+14 6.17039642862E+32 1.02508468342E+00 8.93930940295E+37
 1.53563673796E+14 6.21229147806E+32 1.02511573884E+00 8.98399962218E+37
 1.54334850735E+14 6.25447098170E+32 1.02514684958E+00 9.02891326087E+37
 1.55109906555E+14 6.29693687089E+32 1.02517801575E+00 9.07405143596E+37
 1.55888860807E+14 6.33969109010E+32 1.02520923744E+00 9.11941526997E+37
 1.56671733141E+14 6.38273559700E+32 1.02524051475E+00 9.16500589104E+37
 1.57458543307E+14 6.42607236255E+32 1.02527184778E+00 9.21082443295E+37
 1.58249311154E+14 6.46970337110E+32 1.02530323662E+00 9.25687203513E+37
 1.59044056633E+14 6.51363062047E+32 1.02533468139E+00 9.30314984273E+37
 1.59842799794E+14 6.55785612202E+32 1.02536618218E+00 9.34965900661E+37
 1.60645560789E+14 6.60238190082E+32 1.02539773908E+00 9.39640068339E+37
 1.61452359872E+14 6.64720999563E+32 1.02542935221E+00 9.44337603546E+37
 1.62263217399E+14 6.69234245910E+32 1.02546102165E+00 9.49058623104E+37
 1.63078153830E+14 6.73778135779E+32 1.02549274751E+00 9.53803244418E+37
 1.63897189726E+14 6.78352877230E+32 1.02552452989E+00 9.58571585480E+37
 1.64720345756E+14 6.82958679735E+32 1.02555636889E+00 9.63363764872E+37
 1.65547642689E+14 6.87595754189E+32 1.02558826461E+00 9.68179901769E+37
 1.66379101403E+14 6.92264312920E+32 1.02562021715E+00 9.73020115941E+37
 1.67214742878E+14 6.96964569694E+32 1.02565222661E+00 9.77884527758E+37
 1.68054588202E+14 7.01696739733E+32 1.02568429310E+00 9.82773258191E+37
 1.68898658571E+14 7.06461039716E+32 1.02571641672E+00 9.87686428815E+37
 1.69746975284E+14 7.11257687797E+32 1.02574859756E+00 9.92624161815E+37
 1.70599559753E+14 7.16086903608E+32 1.02578083573E+00 9.97586579984E+37
 1.71456433902E+14 7.22000905489E+32 1.02582010422E+00 1.00257380673E+38
 1.72317645484E+14 7.34515453165E+32 1.02590281756E+00 1.00758596608E+38
 1.73183232728E+14 7.47246917334E+32 1.02598654600E+00 1.01262318268E+38
 1.74053218725E+14 7.60199057840E+32 1.02607130200E+00 1.01768558180E+38
 1.74927626703E+14 7.73375699698E+32 1.02615709817E+00 1.02277328933E+38
 1.75806480031E+14 7.86780734224E+32 1.02624394727E+00 1.02788643179E+38
 1.76689802211E+14 8.00418120181E+32 1.02633186222E+00 1.03302513635E+38
 1.77577616890E+14 8.14291884951E+32 1.02642085612E+00 1.03818953080E+38
 1.78469947853E+14 8.28406125722E+32 1.02651094219E+00 1.04337974356E+38
 1.79366819026E+14 8.42765010700E+32 1.02660213384E+00 1.04859590371E+38
 1.80268254481E+14 8.57372780339E+32 1.02669444464E+00 1.05383814096E+38
 1.81174278431E+14 8.72233748593E+32 1.02678788832E+00 1.05910658570E+38
 1.82084915238E+14 8.87352304192E+32 1.02688247880E+00 1.06440136893E+38
 1.83000189406E+14 9.02732911934E+32 1.02697823013E+00 1.06972262232E+38
 1.83920125590E+14 9.18380114008E+32 1.02707515658E+00 1.07507047822E+38
 1.84844748593E+14 9.34298531332E+32 1.02717327255E+00 1.08044506961E+38
 1.85774083366E+14 9.50492864920E+32 1.02727259265E+00 1.08584653015E+38
 1.86708155013E+14 9.66967897270E+32 1.02737313166E+00 1.09127499418E+38
 1.87646988791E+14 9.83728493773E+32 1.02747490453E+00 1.09673059668E+38
 1.88590610107E+14 1.00077960416E+33 1.02757792641E+00 1.10221347333E+38
 1.89539044528E+14 1.01812626394E+33 1.02768221263E+00 1.10772376048E+38
 1.90492317773E+14 1.03577359592E+33 1.02778777870E+00 1.11326159517E+38
 1.91450455719E+14 1.05372681170E+33 1.02789464033E+00 1.11882711511E+38
 1.92413484403E+14 1.07199121320E+33 1.02800281342E+00 1.12442045871E+38
 1.93381430021E+14 1.09057219426E+33 1.02811231406E+00 1.13004176507E+38
 1.94354318931E+14 1.10947524218E+33 1.02822315855E+00 1.13569117399E+38
 1.95332177652E+14 1.12870593942E+33 1.02833536338E+00 1.14136882594E+38
 1.96315032868E+14 1.14826996515E+33 1.02844894524E+00 1.14707486214E+38
 1.97302911428E+14 1.16817309700E+33 1.02856392103E+00 1.15280942449E+38
 1.98295840348E+14 1.18842121277E+33 1.02868030787E+00 1.15857265558E+38
 1.99293846812E+14 1.20902029210E+33 1.02879812306E+00 1.16436469875E+38
 2.00296958172E+14 1.22997641829E+33 1.02891738414E+00 1.17018569803E+38
 2.01305201953E+14 1.25129578010E+33 1.02903810886E+00 1.17603579820E+38
 2.02318605852E+14 1.27298467353E+33 1.02916031516E+00 1.18191514472E+38
 2.03337197738E+14 1.29504950374E+33 1.02928402125E+00 1.18782388381E+38
 2.04361005657E+14 1.31749678688E+33 1.02940924552E+00 1.19376216241E+38
 2.05390057832E+14 1.34033315208E+33 1.02953600660E+00 1.19973012821E+38
 2.06424382662E+14 1.36356534336E+33 1.02966432335E+00 1.20572792961E+38
 2.07464008728E+14 1.38720022161E+33 1.02979421488E+00 1.21175571577E+38
 2.08508964792E+14 1.41124476668E+33 1.02992570050E+00 1.21781363659E+38
 2.09559279798E+14 1.43570607937E+33 1.03005879977E+00 1.22390184273E+38
 2.10614982876E+14 1.46059138359E+33 1.03019353251E+00 1.23002048559E+38
 2.11676103340E+14 1.48590802844E+33 1.03032991875E+00 1.23616971734E+38
 2.12742670695E+14 1.51166349041E+33 1.03046797880E+00 1.24234969089E+38
 2.13814714632E+14 1.53786537559E+33 1.03060773319E+00 1.24856055993E+38
 2.14892265036E+14 1.56452142188E+33 1.03074920271E+00 1.25480247893E+38
 2.15975351982E+14 1.59163950134E+33 1.03089240842E+00 1.26107560309E+38
 2.17064005742E+14 1.61922762246E+33 1.03103737162E+00 1.26738008844E+38
 2.18158256783E+14 1.64729393252E+33 1.03118411388E+00 1.27371609176E+38
 2.19258135771E+14 1.67584672006E+33 1.03133265703E+00 1.28008377060E+38
 2.20363673570E+14 1.70489441725E+33 1.03148302318E+00 1.28648328333E+38
 2.21474901248E+14 1.73444560245E+33 1.03163523470E+00 1.29291478910E+38
 2.22591850074E+14 1.76450900267E+33 1.03178931424E+00 1.29937844784E+38
 2.23714551524E+14 1.79509349623E+33 1.03194528472E+00 1.30587442030E+38
 2.24843037281E+14 1.82620811530E+33 1.03210316934E+00 1.31240286803E+38
 2.25977339235E+14 1.85786204863E+33 1.03226299161E+00 1.31896395337E+38
 2.27117489491E+14 1.89006464423E+33 1.03242477529E+00 1.32555783949E+38
 2.28263520364E+14 1.92282541215E+33 1.03258854446E+00 1.33218469038E+38
 2.29415464383E+14 1.95615402726E+33 1.03275432349E+00 1.33884467083E+38
 2.30573354298E+14 1.99006033216E+33 1.03292213705E+00 1.34553794647E+38
 2.31737223073E+14 2.02455434002E+33 1.03309201009E+00 1.35226468375E+38
 2.32907103897E+14 2.05964623758E+33 1.03326396791E+00 1.35902504995E+38
 2.34083030179E+14 2.09534638814E+33 1.03343803607E+00 1.36581921320E+38
 2.35265035556E+14 2.13166533466E+33 1.03361424049E+00 1.37264734245E+38
 2.36453153890E+14 2.16861380281E+33 1.03379260737E+00 1.37950960752E+38
 2.37647419274E+14 2.20620270419E+33 1.03397316327E+00 1.38640617906E+38
 2.38847866032E+14 2.24444313951E+33 1.03415593503E+00 1.39333722857E+38
 2.40054528721E+14 2.28334640190E+33 1.03434094987E+00 1.40030292843E+38
 2.41267442137E+14 2.32292398026E+33 1.03452823530E+00 1.40730345185E+38
 2.42486641310E+14 2.36318756259E+33 1.03471781918E+00 1.41433897293E+38
 2.43712161515E+14 2.40414903950E+33 1.03490972974E+00 1.42140966664E+38
 2.44944038267E+14 2.44582050770E+33 1.03510399552E+00 1.42851570882E+38
 2.46182307329E+14 2.48821427358E+33 1.03530064542E+00 1.43565727617E+38
 2.47427004709E+14 2.53134285683E+33 1.03549970872E+00 1.44283454631E+38
 2.48678166667E+14 2.57521899414E+33 1.03570121501E+00 1.45004769771E+38
 2.49935829717E+14 2.61985564298E+33 1.03590519430E+00 1.45729690977E+38
 2.51200030625E+14 2.66526598540E+33 1.03611167691E+00 1.46458236275E+38
 2.52470806417E+14 2.71146343196E+33 1.03632069359E+00 1.47190423785E+38
 2.53748194379E+14 2.75846162564E+33 1.03653227543E+00 1.47926271713E+38
 2.55032232059E+14 2.80627444591E+33 1.03674645390E+00 1.48665798361E+38
 2.56322957273E+14 2.85491601281E+33 1.03696326088E+00 1.49409022118E+38
 2.57620408102E+14 2.90440069113E+33 1.03718272862E+00 1.50155961467E+38
 2.58924622900E+14 2.95474309464E+33 1.03740488978E+00 1.50906634985E+38
 2.60235640294E+14 3.00595809043E+33 1.03762977741E+00 1.51661061339E+38
 2.61553499189E+14 3.05806080325E+33 1.03785742498E+00 1.52419259291E+38
 2.62878238767E+14 3.11106662004E+33 1.03808786635E+00 1.53181247696E+38
 2.64209898494E+14 3.16499119444E+33 1.03832113581E+00 1.53947045503E+38
 2.65548518121E+14 3.21985045140E+33 1.03855726807E+00 1.54716671758E+38
 2.66894137685E+14 3.27566059191E+33 1.03879629827E+00 1.55490145599E+38
 2.68246797517E+14 3.33243809778E+33 1.03903826196E+00 1.56267486261E+38
 2.69606538241E+14 3.39019973649E+33 1.03928319516E+00 1.57048713077E+38
 2.70973400777E+14 3.44896256617E+33 1.03953113429E+00 1.57833845474E+38
 2.72347426346E+14 3.50874394060E+33 1.03978211626E+00 1.58622902977E+38
 2.73728656474E+14 3.56956151437E+33 1.04003617841E+00 1.59415905209E+38
 2.75117132991E+14 3.63143324807E+33 1.04029335854E+00 1.60212871890E+38
 2.76512898038E+14 3.69437741361E+33 1.04055369490E+00 1.61013822841E+38
 2.77915994071E+14 3.75841259961E+33 1.04081722625E+00 1.61818777980E+38
 2.79326463859E+14 3.82355771690E+33 1.04108399178E+00 1.62627757325E+38
 2.80744350495E+14 3.88983200406E+33 1.04135403120E+00 1.63440780994E+38
 2.82169697391E+14 3.95725503317E+33 1.04162738467E+00 1.64257869205E+38
 2.83602548288E+14 4.02584671554E+33 1.04190409288E+00 1.65079042280E+38
 2.85042947260E+14 4.09562730761E+33 1.04218419698E+00 1.65904320638E+38
 2.86490938710E+14 4.16661741693E+33 1.04246773867E+00 1.66733724804E+38
 2.87946567381E+14 4.23883800823E+33 1.04275476012E+00 1.67567275404E+38
 2.89409878359E+14 4.31231040964E+33 1.04304530404E+00 1.68404993167E+38
 2.90880917072E+14 4.38705631897E+33 1.04333941366E+00 1.69246898925E+38
 2.92359729299E+14 4.46309781012E+33 1.04363713274E+00 1.70093013617E+38
 2.93846361170E+14 4.54045733959E+33 1.04393850558E+00 1.70943358282E+38
 2.95340859173E+14 4.61915775315E+33 1.04424357702E+00 1.71797954070E+38
 2.96843270157E+14 4.69922229253E+33 1.04455239245E+00 1.72656822231E+38
 2.98353641333E+14 4.78067460232E+33 1.04486499781E+00 1.73519984125E+38
 2.99872020283E+14 4.86353873695E+33 1.04518143963E+00 1.74387461218E+38
 3.01398454962E+14 4.94783916779E+33 1.04550176498E+00 1.75259275082E+38
 3.02932993701E+14 5.03360079038E+33 1.04582602152E+00 1.76135447398E+38
 3.04475685213E+14 5.12084893175E+33 1.04615425749E+00 1.77015999956E+38
 3.06026578594E+14 5.20960935797E+33 1.04648652175E+00 1.77900954653E+38
 3.07585723335E+14 5.29990828169E+33 1.04682286372E+00 1.78790333497E+38
 3.09153169317E+14 5.39177236990E+33 1.04716333344E+00 1.79684158606E+38
 3.10728966822E+14 5.48522875184E+33 1.04750798158E+00 1.80582452207E+38
 3.12313166535E+14 5.58030502697E+33 1.04785685942E+00 1.81485236641E+38
 3.13905819551E+14 5.67702927313E+33 1.04821001886E+00 1.82392534358E+38
 3.15506977374E+14 5.77543005484E+33 1.04856751245E+00 1.83304367921E+38
 3.17116691930E+14 5.87553643175E+33 1.04892939338E+00 1.84220760007E+38
 3.18735015566E+14 5.97737796719E+33 1.04929571549E+00 1.85141733404E+38
 3.20362001055E+14 6.08098473691E+33 1.04966653329E+00 1.86067311017E+38
 3.21997701605E+14 6.18638733797E+33 1.05004190195E+00 1.86997515862E+38
 3.23642170861E+14 6.29361689780E+33 1.05042187733E+00 1.87932371073E+38
 3.25295462909E+14 6.40270508332E+33 1.05080651595E+00 1.88871899899E+38
 3.26957632285E+14 6.51368411038E+33 1.05119587505E+00 1.89816125703E+38
 3.28628733979E+14 6.62658675320E+33 1.05159001256E+00 1.90765071968E+38
 3.30308823438E+14 6.74144635410E+33 1.05198898713E+00 1.91718762293E+38
 3.31997956573E+14 6.85829683333E+33 1.05239285810E+00 1.92677220394E+38
 3.33696189767E+14 6.97717269906E+33 1.05280168559E+00 1.93640470107E+38
 3.35403579878E+14 7.09810905763E+33 1.05321553041E+00 1.94608535387E+38
 3.37120184242E+14 7.22114162385E+33 1.05363445415E+00 1.95581440309E+38
 3.38846060687E+14 7.34630673160E+33 1.05405851912E+00 1.96559209066E+38
 3.40581267530E+14 7.47364134453E+33 1.05448778843E+00 1.97541865974E+38
 3.42325863588E+14 7.60318306700E+33 1.05492232595E+00 1.98529435472E+38
 3.44079908185E+14 7.73497015517E+33 1.05536219634E+00 1.99521942118E+38
 3.45843461154E+14 7.86904152828E+33 1.05580746503E+00 2.00519410595E+38
 3.47616582845E+14 8.00543678017E+33 1.05625819828E+00 2.01521865708E+38
 3.49399334135E+14 8.14419619099E+33 1.05671446316E+00 2.02529332387E+38
 3.51191776427E+14 8.28536073905E+33 1.05717632755E+00 2.03541835687E+38
 3.52993971665E+14 8.42897211294E+33 1.05764386017E+00 2.04559400786E+38
 3.54805982333E+14 8.57507272385E+33 1.05811713058E+00 2.05582052990E+38
 3.56627871469E+14 8.72370571810E+33 1.05859620921E+00 2.06609817732E+38
 3.58459702665E+14 8.87491498986E+33 1.05908116732E+00 2.07642720569E+38
 3.60301540078E+14 9.02874519412E+33 1.05957207709E+00 2.08680787190E+38
 3.62153448438E+14 9.18524175989E+33 1.06006901155E+00 2.09724043409E+38
 3.64015493052E+14 9.34445090360E+33 1.06057204463E+00 2.10772515171E+38
 3.65887739812E+14 9.50641964278E+33 1.06108125119E+00 2.11826228549E+38
 3.67770255206E+14 9.67119580988E+33 1.06159670699E+00 2.12885209748E+38
 3.69663106318E+14 9.83882806648E+33 1.06211848872E+00 2.13949485104E+38
 3.71566360846E+14 1.00093659176E+34 1.06264667402E+00 2.15019081083E+38
 3.73480087101E+14 1.01828597263E+34 1.06318134147E+00 2.16094024285E+38
 3.75404354018E+14 1.03593607287E+34 1.06372257062E+00 2.17174341442E+38
 3.77339231165E+14 1.05389210488E+34 1.06427044202E+00 2.18260059420E+38
 3.79284788750E+14 1.07215937144E+34 1.06482503716E+00 2.19351205219E+38
 3.81241097629E+14 1.09074326720E+34 1.06538643858E+00 2.20447805975E+38
 3.83208229315E+14 1.10964928036E+34 1.06595472979E+00 2.21549888958E+38
 3.85186255988E+14 1.12888299422E+34 1.06652999536E+00 2.22657481577E+38
 3.87175250500E+14 1.14845008887E+34 1.06711232087E+00 2.23770611374E+38
 3.89175286387E+14 1.16835634284E+34 1.06770179298E+00 2.24889306032E+38
 3.91186437877E+14 1.18860763483E+34 1.06829849938E+00 2.26013593372E+38
 3.93208779897E+14 1.20920994544E+34 1.06890252886E+00 2.27143501353E+38
 3.95242388087E+14 1.23016935892E+34 1.06951397130E+00 2.28279058074E+38
 3.97287338805E+14 1.25149206500E+34 1.07013291766E+00 2.29420291774E+38
 3.99343709138E+14 1.27318436066E+34 1.07075946004E+00 2.30567230836E+38
 4.01411576911E+14 1.29525265208E+34 1.07139369167E+00 2.31719903780E+38
 4.03491020698E+14 1.31770345642E+34 1.07203570690E+00 2.32878339274E+38
 4.05582119834E+14 1.34054340386E+34 1.07268560126E+00 2.34042566125E+38
 4.07684954418E+14 1.36377923946E+34 1.07334347146E+00 2.35212613286E+38
 4.09799605332E+14 1.38741782520E+34 1.07400941536E+00 2.36388509854E+38
 4.11926154244E+14 1.41146614202E+34 1.07468353207E+00 2.37570285073E+38
 4.14064683624E+14 1.43593129185E+34 1.07536592187E+00 2.38757968332E+38
 4.16215276753E+14 1.46082049971E+34 1.07605668630E+00 2.39951589166E+38
 4.18378017732E+14 1.48614111586E+34 1.07675592814E+00 2.41151177260E+38
 4.20552991496E+14 1.51190061797E+34 1.07746375142E+00 2.42356762445E+38
 4.22740283824E+14 1.53810661332E+34 1.07818026146E+00 2.43568374702E+38
 4.24939981351E+14 1.56476684102E+34 1.07890556488E+00 2.44786044163E+38
 4.27152171578E+14 1.59188917437E+34 1.07963976958E+00 2.46009801109E+38
 4.29376942887E+14 1.61948162310E+34 1.08038298481E+00 2.47239675974E+38
 4.31614384550E+14 1.64755233579E+34 1.08113532115E+00 2.48475699343E+38
 4.33864586742E+14 1.67610960227E+34 1.08189689054E+00 2.49717901953E+38
 4.36127640556E+14 1.70516185604E+34 1.08266780629E+00 2.50966314697E+38
 4.38403638011E+14 1.73471767679E+34 1.08344818310E+00 2.52220968622E+38
 4.40692672069E+14 1.76478579292E+34 1.08423813709E+00 2.53481894927E+38
 4.42994836647E+14 1.79537508412E+34 1.08503778579E+00 2.54749124972E+38
 4.45310226627E+14 1.82649458400E+34 1.08584724818E+00 2.56022690270E+38
 4.47638937876E+14 1.85815348273E+34 1.08666664470E+00 2.57302622493E+38
 4.49981067252E+14 1.89036112980E+34 1.08749609726E+00 2.58588953471E+38
 4.52336712625E+14 1.92312703675E+34 1.08833572927E+00 2.59881715193E+38
 4.54705972886E+14 1.95646087997E+34 1.08918566568E+00 2.61180939809E+38
 4.57088947964E+14 1.99037250359E+34 1.09004603293E+00 2.62486659629E+38
 4.59485738839E+14 2.02487192236E+34 1.09091695903E+00 2.63798907123E+38
 4.61896447559E+14 2.05996932462E+34 1.09179857358E+00 2.65117714925E+38
 4.64321177253E+14 2.09567507530E+34 1.09269100774E+00 2.66443115834E+38
 4.66760032148E+14 2.13199971901E+34 1.09359439430E+00 2.67775142808E+38
 4.69213117582E+14 2.16895398309E+34 1.09450886768E+00 2.69113828975E+38
 4.71680540022E+14 2.20654878086E+34 1.09543456392E+00 2.70459207624E+38
 4.74162407082E+14 2.24479521477E+34 1.09637162078E+00 2.71811312215E+38
 4.76658827533E+14 2.28370457974E+34 1.09732017767E+00 2.73170176371E+38
 4.79169911326E+14 2.32328836645E+34 1.09828037572E+00 2.74535833887E+38
 4.81695769606E+14 2.36355826473E+34 1.09925235781E+00 2.75908318723E+38
 4.84236514728E+14 2.40452616708E+34 1.10023626854E+00 2.77287665012E+38
 4.86792260279E+14 2.44620417209E+34 1.10123225432E+00 2.78673907056E+38
 4.89363121089E+14 2.48860458808E+34 1.10224046334E+00 2.80067079329E+38
 4.91949213256E+14 2.53173993671E+34 1.10326104560E+00 2.81467216477E+38
 4.94550654158E+14 2.57562295666E+34 1.10429415296E+00 2.82874353320E+38
 4.97167562476E+14 2.62026660744E+34 1.10533993913E+00 2.84288524851E+38
 4.99800058213E+14 2.66568407318E+34 1.10639855972E+00 2.85709766238E+38
 5.02448262707E+14 2.71188876651E+34 1.10747017222E+00 2.87138112827E+38
 5.05112298661E+14 2.75889433258E+34 1.10855493609E+00 2.88573600137E+38
 5.07792290151E+14 2.80671465302E+34 1.10965301273E+00 2.90016263868E+38
 5.10488362658E+14 2.85536385009E+34 1.11076456551E+00 2.91466139896E+38
 5.13200643078E+14 2.90485629084E+34 1.11188975982E+00 2.92923264278E+38
 5.15929259749E+14 2.95520659133E+34 1.11302876308E+00 2.94387673250E+38
 5.18674342472E+14 3.00642962097E+34 1.11418174477E+00 2.95859403231E+38
 5.21436022530E+14 3.05854050690E+34 1.11534887641E+00 2.97338490820E+38
 5.24214432710E+14 3.11155463847E+34 1.11653033169E+00 2.98824972800E+38
 5.27009736582E+14 3.16693826276E+34 1.11775843120E+00 3.00318886137E+38
 5.29822148981E+14 3.22385631375E+34 1.11901429930E+00 3.01820267984E+38
 5.32651815840E+14 3.28179732897E+34 1.12028637909E+00 3.03329155677E+38
 5.35498880830E+14 3.34077969372E+34 1.12157487984E+00 3.04845586741E+38
 5.38363489372E+14 3.40082212372E+34 1.12288001354E+00 3.06369598886E+38
 5.41245788666E+14 3.46194367110E+34 1.12420199488E+00 3.07901230014E+38
 5.44145927715E+14 3.52416373037E+34 1.12554104135E+00 3.09440518212E+38
 5.47064057358E+14 3.58750204463E+34 1.12689737324E+00 3.10987501763E+38
 5.50000330293E+14 3.65197871181E+34 1.12827121369E+00 3.12542219136E+38
 5.52954901111E+14 3.71761419104E+34 1.12966278870E+00 3.14104708995E+38
 5.55927926325E+14 3.78442930916E+34 1.13107232721E+00 3.15675010197E+38
 5.58919564398E+14 3.85244526733E+34 1.13250006111E+00 3.17253161794E+38
 5.61929975775E+14 3.92168364775E+34 1.13394622527E+00 3.18839203032E+38
 5.64959322915E+14 3.99216642049E+34 1.13541105761E+00 3.20433173354E+38
 5.68007770322E+14 4.06391595050E+34 1.13689479910E+00 3.22035112398E+38
 5.71075484577E+14 4.13695500467E+34 1.13839769385E+00 3.23645060004E+38
 5.74162634372E+14 4.21130675907E+34 1.13991998910E+00 3.25263056209E+38
 5.77269390544E+14 4.28699480633E+34 1.14146193528E+00 3.26889141249E+38
 5.80395926107E+14 4.36404316306E+34 1.14302378606E+00 3.28523355563E+38
 5.83542416287E+14 4.44247627754E+34 1.14460579839E+00 3.30165739792E+38
 5.86709038560E+14 4.52231903743E+34 1.14620823252E+00 3.31816334779E+38
 5.89895972686E+14 4.60359677771E+34 1.14783135208E+00 3.33475181574E+38
 5.93103400742E+14 4.68633528867E+34 1.14947542410E+00 3.35142321427E+38
 5.96331507169E+14 4.77056082413E+34 1.15114071903E+00 3.36817795800E+38
 5.99580478797E+14 4.85630010976E+34 1.15282751084E+00 3.38501646359E+38
 6.02850504893E+14 4.94358035155E+34 1.15453607703E+00 3.40193914979E+38
 6.06141777199E+14 5.03242924446E+34 1.15626669868E+00 3.41894643744E+38
 6.09454489966E+14 5.12287498120E+34 1.15801966050E+00 3.43603874949E+38
 6.12788840000E+14 5.21494626117E+34 1.15979525087E+00 3.45321651100E+38
 6.16145026703E+14 5.30867229957E+34 1.16159376190E+00 3.47048014916E+38
 6.19523252111E+14 5.40408283669E+34 1.16341548946E+00 3.48783009329E+38
 6.22923720941E+14 5.50120814732E+34 1.16526073325E+00 3.50526677485E+38
 6.26346640632E+14 5.60007905035E+34 1.16712979684E+00 3.52279062749E+38
 6.29792221389E+14 5.70072691858E+34 1.16902298771E+00 3.54040208698E+38
 6.33260676230E+14 5.80318368867E+34 1.17094061732E+00 3.55810159130E+38
 6.36752221028E+14 5.90748187125E+34 1.17288300113E+00 3.57588958062E+38
 6.40267074563E+14 6.01365456125E+34 1.17485045869E+00 3.59376649729E+38
 6.43805458563E+14 6.12173544840E+34 1.17684331368E+00 3.61173278589E+38
 6.47367597758E+14 6.23175882794E+34 1.17886189394E+00 3.62978889321E+38
 6.50953719924E+14 6.34375961145E+34 1.18090653156E+00 3.64793526829E+38
 6.54564055935E+14 6.45777333800E+34 1.18297756290E+00 3.66617236240E+38
 6.58198839817E+14 6.57383618536E+34 1.18507532867E+00 3.68450062908E+38
 6.61858308792E+14 6.69198498152E+34 1.18720017398E+00 3.70292052411E+38
 6.65542703337E+14 6.81225721635E+34 1.18935244839E+00 3.72143250558E+38
 6.69252267237E+14 6.93469105354E+34 1.19153250599E+00 3.74003703385E+38
 6.72987247633E+14 7.05932534265E+34 1.19374070541E+00 3.75873457159E+38
 6.76747895086E+14 7.18619963149E+34 1.19597740993E+00 3.77752558379E+38
 6.80534463628E+14 7.31535417861E+34 1.19824298751E+00 3.79641053774E+38
 6.84347210819E+14 7.44682996616E+34 1.20053781088E+00 3.81538990310E+38
 6.88186397808E+14 7.58066871280E+34 1.20286225756E+00 3.83446415185E+38
 6.92052289392E+14 7.71691288701E+34 1.20521670994E+00 3.85363375835E+38
 6.95945154072E+14 7.85560572054E+34 1.20760155537E+00 3.87289919930E+38
 6.99865264121E+14 7.99679122209E+34 1.21001718618E+00 3.89226095382E+38
 7.03812895640E+14 8.14051419135E+34 1.21246399978E+00 3.91171950341E+38
 7.07788328628E+14 8.28682023317E+34 1.21494239868E+00 3.93127533198E+38
 7.11791847039E+14 8.43575577201E+34 1.21745279063E+00 3.95092892584E+38
 7.15823738857E+14 8.58736806672E+34 1.21999558860E+00 3.97068077376E+38
 7.19884296154E+14 8.74170522552E+34 1.22257121093E+00 3.99053136694E+38
 7.23973815163E+14 8.89881622124E+34 1.22518008133E+00 4.01048119904E+38
 7.28092596348E+14 9.05875090688E+34 1.22782262899E+00 4.03053076617E+38
 7.32240944472E+14 9.22156003144E+34 1.23049928865E+00 4.05068056694E+38
 7.36419168669E+14 9.38729525600E+34 1.23321050065E+00 4.07093110246E+38
 7.40627582519E+14 9.55600917012E+34 1.23595671101E+00 4.09128287632E+38
 7.44866504120E+14 9.72775530856E+34 1.23873837152E+00 4.11173639464E+38
 7.49136256167E+14 9.90258816819E+34 1.24155593981E+00 4.13229216608E+38
 7.53437166023E+14 1.00805632254E+35 1.24440987939E+00 4.15295070182E+38
 7.57769565805E+14 1.02617369535E+35 1.24730065977E+00 4.17371251562E+38
 7.62133792457E+14 1.04461668409E+35 1.25022875651E+00 4.19457812379E+38
 7.66530187835E+14 1.06339114092E+35 1.25319465134E+00 4.21554804523E+38
 7.70959098789E+14 1.08250302317E+35 1.25619883217E+00 4.23662280144E+38
 7.75420877246E+14 1.10195839526E+35 1.25924179323E+00 4.25780291650E+38
 7.79915880294E+14 1.12176343058E+35 1.26232403513E+00 4.27908891715E+38
 7.84444470274E+14 1.14192441347E+35 1.26544606492E+00 4.30048133274E+38
 7.89007014863E+14 1.16244774125E+35 1.26860839623E+00 4.32198069526E+38
 7.93603887168E+14 1.18333992617E+35 1.27181154929E+00 4.34358753938E+38
 7.98235465815E+14 1.20460759755E+35 1.27505605106E+00 4.36530240242E+38
 8.02902135044E+14 1.22625750386E+35 1.27834243530E+00 4.38712582440E+38
 8.07604284803E+14 1.24829651484E+35 1.28167124267E+00 4.40905834805E+38
 8.12342310845E+14 1.27073162370E+35 1.28504302079E+00 4.43110051879E+38
 8.17116614827E+14 1.29356994935E+35 1.28845832436E+00 4.45325288478E+38
 8.21927604408E+14 1.31681873864E+35 1.29191771524E+00 4.47551599692E+38
 8.26775693354E+14 1.34048536864E+35 1.29542176254E+00 4.49789040887E+38
 8.31661301637E+14 1.36457734905E+35 1.29897104273E+00 4.52037667703E+38
 8.36584855547E+14 1.38910232450E+35 1.30256613970E+00 4.54297536062E+38
 8.41546787791E+14 1.41406807703E+35 1.30620764489E+00 4.56568702163E+38
 8.46547537609E+14 1.43948252854E+35 1.30989615736E+00 4.58851222486E+38
 8.51587550885E+14 1.46535374331E+35 1.31363228394E+00 4.61145153796E+38
 8.56667280254E+14 1.49168993056E+35 1.31741663925E+00 4.63450553138E+38
 8.61787185224E+14 1.51849944704E+35 1.32124984587E+00 4.65767477846E+38
 8.66947732288E+14 1.54579079970E+35 1.32513253441E+00 4.68095985536E+38
 8.72149395048E+14 1.57357264837E+35 1.32906534362E+00 4.70436134117E+38
 8.77392654332E+14 1.60185380854E+35 1.33304892048E+00 4.72787981784E+38
 8.82677998319E+14 1.63064325411E+35 1.33708392036E+00 4.75151587025E+38
 8.88005922666E+14 1.65995012030E+35 1.34117100706E+00 4.77527008619E+38
 8.93376930635E+14 1.68978370649E+35 1.34531085295E+00 4.79914305640E+38
 8.98791533222E+14 1.72015347918E+35 1.34950413909E+00 4.82313537455E+38
 9.04250249291E+14 1.75106907504E+35 1.35375155532E+00 4.84724763732E+38
 9.09753605708E+14 1.78254030392E+35 1.35805380041E+00 4.87148044433E+38
 9.15302137479E+14 1.81457715198E+35 1.36241158211E+00 4.89583439822E+38
 9.20896387889E+14 1.84718978485E+35 1.36682561734E+00 4.92031010464E+38
 9.26536908645E+14 1.88038855086E+35 1.37129663226E+00 4.94490817227E+38
 9.32224260018E+14 1.91418398436E+35 1.37582536241E+00 4.96962921282E+38
 9.37959010993E+14 1.94858680898E+35 1.38041255282E+00 4.99447384108E+38
 9.43741739418E+14 1.98360794111E+35 1.38505895813E+00 5.01944267489E+38
 9.49573032157E+14 2.01925849335E+35 1.38976534275E+00 5.04453633520E+38
 9.55453485245E+14 2.05554977798E+35 1.39453248092E+00 5.06975544605E+38
 9.61383704042E+14 2.09249331062E+35 1.39936115691E+00 5.09510063459E+38
 9.67364303402E+14 2.13010081386E+35 1.40425216508E+00 5.12057253115E+38
 9.73395907829E+14 2.16838422095E+35 1.40920631006E+00 5.14617176915E+38
 9.79479151647E+14 2.20735567964E+35 1.41422440689E+00 5.17189898522E+38
 9.85614679168E+14 2.24702755598E+35 1.41930728108E+00 5.19775481916E+38
 9.91803144867E+14 2.28741243829E+35 1.42445576884E+00 5.22373991397E+38
 9.98045213554E+14 2.32852314112E+35 1.42967071716E+00 5.24985491586E+38
 1.00434156056E+15 2.37037270935E+35 1.43495298396E+00 5.27610047427E+38
 1.01069287190E+15 2.41297442229E+35 1.44030343824E+00 5.30247724190E+38
 1.01709984448E+15 2.45634179791E+35 1.44572296022E+00 5.32898587469E+38
 1.02356318628E+15 2.50048859716E+35 1.45121244146E+00 5.35562703188E+38
 1.03008361655E+15 2.54542882829E+35 1.45677278506E+00 5.38240137601E+38
 1.03666186597E+15 2.59117675131E+35 1.46240490577E+00 5.40930957289E+38
 1.04329867690E+15 2.63774688253E+35 1.46810973013E+00 5.43635229172E+38
 1.04999480354E+15 2.68515399916E+35 1.47388819666E+00 5.46353020500E+38
 1.05675101218E+15 2.73341314398E+35 1.47974125599E+00 5.49084398860E+38
 1.06356808136E+15 2.78253963014E+35 1.48566987101E+00 5.51829432179E+38
 1.07044680212E+15 2.83254904600E+35 1.49167501707E+00 5.54588188722E+38
 1.07738797819E+15 2.88345726007E+35 1.49775768207E+00 5.57360737094E+38
 1.08439242623E+15 2.93528042610E+35 1.50391886669E+00 5.60147146246E+38
 1.09146097605E+15 2.98803498811E+35 1.51015958453E+00 5.62947485471E+38
 1.09859447085E+15 3.04173768571E+35 1.51648086225E+00 5.65761824410E+38
 1.10579376741E+15 3.09640555933E+35 1.52288373978E+00 5.68590233051E+38
 1.11305973638E+15 3.15205595568E+35 1.52936927048E+00 5.71432781734E+38
 1.12039326250E+15 3.20870653323E+35 1.53593852130E+00 5.74289541147E+38
 1.12779524483E+15 3.26637526781E+35 1.54259257295E+00 5.77160582336E+38
 1.13526659701E+15 3.32508045832E+35 1.54933252011E+00 5.80045976698E+38
 1.14280824754E+15 3.38484073257E+35 1.55615947159E+00 5.82945795990E+38
 1.15042113999E+15 3.44567505312E+35 1.56307455049E+00 5.85860112325E+38
 1.15810623331E+15 3.50760272335E+35 1.57007889445E+00 5.88788998180E+38
 1.16586450206E+15 3.57064339359E+35 1.57717365575E+00 5.91732526390E+38
 1.17369693673E+15 3.63481706731E+35 1.58436000157E+00 5.94690770157E+38
 1.18160439053E+15 3.69749981373E+35 1.59134505045E+00 5.97663803050E+38
 1.18958316076E+15 3.75111775872E+35 1.59728975780E+00 6.00651699002E+38
 1.19763185952E+15 3.80551322477E+35 1.60329066985E+00 6.03654532320E+38
 1.20575127203E+15 3.86069748684E+35 1.60934831799E+00 6.06672377678E+38
 1.21394219373E+15 3.91668198336E+35 1.61546323862E+00 6.09705310126E+38
 1.22220543048E+15 3.97347831863E+35 1.62163597325E+00 6.12753405091E+38
 1.23054179863E+15 4.03109826525E+35 1.62786706846E+00 6.15816738372E+38
 1.23895212524E+15 4.08955376650E+35 1.63415707605E+00 6.18895386151E+38
 1.24743724818E+15 4.14885693889E+35 1.64050655300E+00 6.21989424990E+38
 1.25599801630E+15 4.20902007460E+35 1.64691606156E+00 6.25098931833E+38
 1.26463528958E+15 4.27005564408E+35 1.65338616932E+00 6.28223984009E+38
 1.27334993929E+15 4.33197629862E+35 1.65991744921E+00 6.31364659234E+38
 1.28214284814E+15 4.39479487293E+35 1.66651047959E+00 6.34521035612E+38
 1.29101491044E+15 4.45852438790E+35 1.67316584428E+00 6.37693191637E+38
 1.29996703227E+15 4.52317805318E+35 1.67988413262E+00 6.40881206198E+38
 1.30900013165E+15 4.58876927001E+35 1.68666593955E+00 6.44085158574E+38
 1.31811513868E+15 4.65531163394E+35 1.69351186558E+00 6.47305128444E+38
 1.32731299574E+15 4.72281893770E+35 1.70042251695E+00 6.50541195884E+38
 1.33659465764E+15 4.79130517400E+35 1.70739850561E+00 6.53793441371E+38
 1.34596109182E+15 4.86078453848E+35 1.71444044929E+00 6.57061945783E+38
 1.35541327848E+15 4.93127143262E+35 1.72154897157E+00 6.60346790404E+38
 1.36495221083E+15 5.00278046674E+35 1.72872470191E+00 6.63648056922E+38
 1.37457889519E+15 5.07532646305E+35 1.73596827576E+00 6.66965827436E+38
 1.38429435123E+15 5.14892445866E+35 1.74328033453E+00 6.70300184454E+38
 1.39409961216E+15 5.22358970876E+35 1.75066152572E+00 6.73651210897E+38
 1.40399572488E+15 5.29933768976E+35 1.75811250295E+00 6.77018990101E+38
 1.41398375020E+15 5.37618410247E+35 1.76563392602E+00 6.80403605816E+38
 1.42406476303E+15 5.45414487541E+35 1.77322646096E+00 6.83805142214E+38
 1.43423985259E+15 5.53323616806E+35 1.78089078010E+00 6.87223683886E+38
 1.44451012259E+15 5.61347437425E+35 1.78862756215E+00 6.90659315847E+38
 1.45487669143E+15 5.69487612552E+35 1.79643749219E+00 6.94112123535E+38
 1.46534069244E+15 5.77745829460E+35 1.80432126182E+00 6.97582192818E+38
 1.47590327406E+15 5.86123799888E+35 1.81227956915E+00 7.01069609991E+38
 1.48656560005E+15 5.94623260399E+35 1.82031311892E+00 7.04574461781E+38
 1.49732884974E+15 6.03245972736E+35 1.82842262250E+00 7.08096835350E+38
 1.50819421822E+15 6.11993724192E+35 1.83660879800E+00 7.11636818292E+38
 1.51916291656E+15 6.20868327974E+35 1.84487237033E+00 7.15194498644E+38
 1.53023617204E+15 6.29871623587E+35 1.85321407124E+00 7.18769964879E+38
 1.54141522840E+15 6.39005477207E+35 1.86163463940E+00 7.22363305914E+38
 1.55270134603E+15 6.48271782074E+35 1.87013482048E+00 7.25974611111E+38
 1.56409580225E+15 6.57672458882E+35 1.87871536717E+00 7.29603970278E+38
 1.57559989151E+15 6.67209456176E+35 1.88737703929E+00 7.33251473671E+38
 1.58721492566E+15 6.76884750757E+35 1.89612060387E+00 7.36917211999E+38
 1.59894223418E+15 6.86700348094E+35 1.90494683514E+00 7.40601276424E+38
 1.61078316442E+15 6.96658282736E+35 1.91385651470E+00 7.44303758564E+38
 1.62273908190E+15 7.06760618735E+35 1.92285043152E+00 7.48024750493E+38
 1.63481137048E+15 7.17009450075E+35 1.93192938201E+00 7.51764344748E+38
 1.64700143271E+15 7.27406901105E+35 1.94109417013E+00 7.55522634327E+38
 1.65931069005E+15 7.37955126979E+35 1.95034560745E+00 7.59299712694E+38
 1.67174058312E+15 7.48656314103E+35 1.95968451320E+00 7.63095673779E+38
 1.68429257200E+15 7.59512680589E+35 1.96911171435E+00 7.66910611982E+38
 1.69696813651E+15 7.70526476714E+35 1.97862804570E+00 7.70744622176E+38
 1.70976877646E+15 7.81699985387E+35 1.98823434993E+00 7.74597799707E+38
 1.72269601196E+15 7.93035522621E+35 1.99793147771E+00 7.78470240398E+38
 1.73575138369E+15 8.04535438013E+35 2.00772028773E+00 7.82362040552E+38
 1.74893645318E+15 8.16202115234E+35 2.01760164680E+00 7.86273296951E+38
 1.76225280316E+15 8.28037972520E+35 2.02757642995E+00 7.90204106864E+38
 1.77570203779E+15 8.40045463173E+35 2.03764552045E+00 7.94154568044E+38
 1.78928578299E+15 8.52227076072E+35 2.04780980994E+00 7.98124778733E+38
 1.80300568679E+15 8.64585336189E+35 2.05807019849E+00 8.02114837665E+38
 1.81686341956E+15 8.77122805106E+35 2.06842759467E+00 8.06124844068E+38
 1.83086067440E+15 8.89842081557E+35 2.07888291565E+00 8.10154897664E+38
 1.84499916744E+15 9.02745801956E+35 2.08943708726E+00 8.14205098675E+38
 1.85928063814E+15 9.15836640950E+35 2.10009104411E+00 8.18275547825E+38
 1.87370684964E+15 9.29117311972E+35 2.11084572961E+00 8.22366346339E+38
 1.88827958912E+15 9.42590567800E+35 2.12170209611E+00 8.26477595949E+38
 1.90300066810E+15 9.56259201134E+35 2.13266110496E+00 8.30609398898E+38
 1.91787192280E+15 9.70126045168E+35 2.14372372661E+00 8.34761857937E+38
 1.93289521451E+15 9.84193974184E+35 2.15489094066E+00 8.38935076331E+38
 1.94807242992E+15 9.98465904142E+35 2.16616373600E+00 8.43129157864E+38
 1.96340548148E+15 1.01294479329E+36 2.17754311085E+00 8.47344206835E+38
 1.97889630778E+15 1.02763364276E+36 2.18903007287E+00 8.51580328067E+38
 1.99454687393E+15 1.04253549723E+36 2.20062563926E+00 8.55837626907E+38
 2.01035917191E+15 1.05765344550E+36 2.21233083683E+00 8.60116209228E+38
 2.02633522096E+15 1.07299062119E+36 2.22414670208E+00 8.64416181431E+38
 2.04247706798E+15 1.08855020334E+36 2.23607428135E+00 8.68737650452E+38
 2.05878678791E+15 1.10433541709E+36 2.24811463082E+00 8.73080723759E+38
 2.07526648413E+15 1.12034953437E+36 2.26026881671E+00 8.77445509358E+38
 2.09191828888E+15 1.13659587452E+36 2.27253791529E+00 8.81832115795E+38
 2.10874436364E+15 1.15307780505E+36 2.28492301300E+00 8.86240652160E+38
 2.12574689957E+15 1.16979874229E+36 2.29742520657E+00 8.90671228086E+38
 2.14292811793E+15 1.18676215210E+36 2.31004560309E+00 8.95123953755E+38
 2.16029027050E+15 1.20397155060E+36 2.32278532013E+00 8.99598939900E+38
 2.17783564000E+15 1.22143050493E+36 2.33564548579E+00 9.04096297809E+38
 2.19556654058E+15 1.23914263391E+36 2.34862723889E+00 9.08616139324E+38
 2.21348531820E+15 1.25711160887E+36 2.36173172896E+00 9.13158576847E+38
 2.23159435115E+15 1.27534115437E+36 2.37496011645E+00 9.17723723342E+38
 2.24989605045E+15 1.29383504897E+36 2.38831357274E+00 9.22311692338E+38
 2.26839286036E+15 1.31259712604E+36 2.40179328032E+00 9.26922597931E+38
 2.28708725883E+15 1.33163127453E+36 2.41540043282E+00 9.31556554788E+38
 2.30598175798E+15 1.35094143978E+36 2.42913623520E+00 9.36213678150E+38
 2.32507890461E+15 1.37053162435E+36 2.44300190378E+00 9.40894083832E+38
 2.34438128067E+15 1.39040588883E+36 2.45699866638E+00 9.45597888229E+38
 2.36389150376E+15 1.41056835272E+36 2.47112776246E+00 9.50325208318E+38
 2.38361222765E+15 1.43102319521E+36 2.48539044316E+00 9.55076161662E+38
 2.40354614279E+15 1.45177465615E+36 2.49978797148E+00 9.59850866409E+38
 2.42369597686E+15 1.47282703683E+36 2.51432162233E+00 9.64649441300E+38
 2.44406449523E+15 1.49418470093E+36 2.52899268270E+00 9.69472005669E+38
 2.46465450158E+15 1.51585207541E+36 2.54380245175E+00 9.74318679446E+38
 2.48546883839E+15 1.53783365141E+36 2.55875224089E+00 9.79189583161E+38
 2.50651038753E+15 1.56013398522E+36 2.57384337397E+00 9.84084837947E+38
 2.52778207078E+15 1.58275769919E+36 2.58907718732E+00 9.89004565542E+38
 2.54928685044E+15 1.60570948270E+36 2.60445502994E+00 9.93948888292E+38
 2.57102772989E+15 1.62899409312E+36 2.61997826355E+00 9.98917929156E+38
 2.59300775419E+15 1.65261635683E+36 2.63564826277E+00 1.00391181171E+39
 2.61523001064E+15 1.67658117018E+36 2.65146641520E+00 1.00893066014E+39
 2.63769762943E+15 1.70089350053E+36 2.66743412157E+00 1.01397459925E+39
 2.66041378421E+15 1.72555838727E+36 2.68355279585E+00 1.01904375450E+39
 2.68338169275E+15 1.75058094287E+36 2.69982386537E+00 1.02413825193E+39
 2.70660461752E+15 1.77596635393E+36 2.71624877098E+00 1.02925821824E+39
 2.73008586639E+15 1.80171988228E+36 2.73282896712E+00 1.03440378076E+39
 2.75382879324E+15 1.82784686602E+36 2.74956592199E+00 1.03957506745E+39
 2.77783679861E+15 1.85435272069E+36 2.76646111770E+00 1.04477220691E+39
 2.80211333039E+15 1.88124294034E+36 2.78351605033E+00 1.04999532839E+39
 2.82666188450E+15 1.90852309871E+36 2.80073223014E+00 1.05524456179E+39
 2.85148600554E+15 1.93619885034E+36 2.81811118164E+00 1.06052003763E+39
 2.87658928754E+15 1.96427593179E+36 2.83565444378E+00 1.06582188712E+39
 2.90197537462E+15 1.99276016280E+36 2.85336357004E+00 1.07115024210E+39
 2.92764796172E+15 2.02165744749E+36 2.87124012860E+00 1.07650523508E+39
 2.95361079534E+15 2.05097377562E+36 2.88928570245E+00 1.08188699924E+39
 2.97986767427E+15 2.08071522378E+36 2.90750188957E+00 1.08729566841E+39
 3.00642245033E+15 2.11088795672E+36 2.92589030304E+00 1.09273137710E+39
 3.03327902914E+15 2.14149822853E+36 2.94445257117E+00 1.09819426048E+39
 3.06044137089E+15 2.17255238403E+36 2.96319033770E+00 1.10368445442E+39
 3.08791349109E+15 2.20405686005E+36 2.98210526188E+00 1.10920209544E+39
 3.11569946143E+15 2.23601818673E+36 3.00119901867E+00 1.11474732075E+39
 3.14380341050E+15 2.26844298894E+36 3.02047329885E+00 1.12032026827E+39
 3.17222952468E+15 2.30133798759E+36 3.03992980919E+00 1.12592107658E+39
 3.20098204891E+15 2.33471000106E+36 3.05957027261E+00 1.13154988497E+39
 3.23006528757E+15 2.36856594662E+36 3.07939642830E+00 1.13720683341E+39
 3.25948360530E+15 2.40291284182E+36 3.09941003191E+00 1.14289206260E+39
 3.28924142789E+15 2.43775780600E+36 3.11961285567E+00 1.14860571390E+39
 3.31934324314E+15 2.47310806171E+36 3.14000668859E+00 1.15434792942E+39
 3.34979360173E+15 2.50897093627E+36 3.16059333656E+00 1.16011885195E+39
 3.38059711818E+15 2.54535386322E+36 3.18137462259E+00 1.16591862500E+39
 3.41175847170E+15 2.58226438392E+36 3.20235238688E+00 1.17174739282E+39
 3.44328240715E+15 2.61971014907E+36 3.22352848705E+00 1.17760530035E+39
 3.47517373598E+15 2.65769892032E+36 3.24490479830E+00 1.18349249327E+39
 3.50743733718E+15 2.69623857189E+36 3.26648321353E+00 1.18940911799E+39
 3.54007815824E+15 2.73533709216E+36 3.28826564354E+00 1.19535532164E+39
 3.57310121615E+15 2.77500258535E+36 3.31025401721E+00 1.20133125211E+39
 3.60651159839E+15 2.81524327324E+36 3.33245028166E+00 1.20733705799E+39
 3.64031446391E+15 2.85606749678E+36 3.35485640239E+00 1.21337288865E+39
 3.67451504421E+15 2.89748371791E+36 3.37747436352E+00 1.21943889420E+39
 3.70911864436E+15 2.93950052126E+36 3.40030616790E+00 1.22553522548E+39
 3.74413064401E+15 2.98212661596E+36 3.42335383733E+00 1.23166203410E+39
 3.77955649854E+15 3.02537083743E+36 3.44661941273E+00 1.23781947242E+39
 3.81540174009E+15 3.06924214921E+36 3.47010495430E+00 1.24400769358E+39
 3.85167197866E+15 3.11374964481E+36 3.49381254172E+00 1.25022685146E+39
 3.88837290326E+15 3.15890254962E+36 3.51774427436E+00 1.25647710073E+39
 3.92551028304E+15 3.20471022282E+36 3.54190227141E+00 1.26275859683E+39
 3.96308996840E+15 3.25118215928E+36 3.56628867210E+00 1.26907149595E+39
 4.00111789221E+15 3.29832799158E+36 3.59090563589E+00 1.27541595511E+39
 4.03960007094E+15 3.34615749197E+36 3.61575534265E+00 1.28179213206E+39
 4.07854260592E+15 3.39468057442E+36 3.64083999289E+00 1.28820018539E+39
 4.11795168450E+15 3.44390729665E+36 3.66616180787E+00 1.29464027446E+39
 4.15783358134E+15 3.49384786223E+36 3.69172302991E+00 1.30111255940E+39
 4.19819465961E+15 3.54451262272E+36 3.71752592249E+00 1.30761720119E+39
 4.23904137230E+15 3.59591207975E+36 3.74357277050E+00 1.31415436159E+39
 4.28038026349E+15 3.64805688726E+36 3.76986588044E+00 1.32072420316E+39
 4.32221796969E+15 3.70095785367E+36 3.79640758061E+00 1.32732688928E+39
 4.36456122111E+15 3.75462594416E+36 3.82320022132E+00 1.33396258417E+39
 4.40741684305E+15 3.80907228289E+36 3.85024617512E+00 1.34063145283E+39
 4.45079175728E+15 3.86430815534E+36 3.87754783697E+00 1.34733366111E+39
 4.49469298338E+15 3.92034501065E+36 3.90510762449E+00 1.35406937569E+39
 4.53912764017E+15 3.97719446398E+36 3.93292797813E+00 1.36083876408E+39
 4.58410294715E+15 4.03486829892E+36 3.96101136145E+00 1.36764199461E+39
 4.62962622590E+15 4.09337846994E+36 3.98936026128E+00 1.37447923649E+39
 4.67570490162E+15 4.15273710487E+36 4.01797718796E+00 1.38135065973E+39
 4.72234650455E+15 4.21295650740E+36 4.04686467558E+00 1.38825643522E+39
 4.76955867153E+15 4.27404915962E+36 4.07602528217E+00 1.39519673471E+39
 4.81734914748E+15 4.33602772466E+36 4.10546158996E+00 1.40217173078E+39
 4.86572578702E+15 4.39890504926E+36 4.13517620559E+00 1.40918159689E+39
 4.91469655601E+15 4.46269416645E+36 4.16517176034E+00 1.41622650737E+39
 4.96426953312E+15 4.52740829825E+36 4.19545091037E+00 1.42330663741E+39
 5.01445291153E+15 4.59306085843E+36 4.22601633695E+00 1.43042216310E+39
 5.06525500050E+15 4.65966545527E+36 4.25687074671E+00 1.43757326137E+39
 5.11668422709E+15 4.72723589438E+36 4.28801687186E+00 1.44476011008E+39
 5.16874913784E+15 4.79578618157E+36 4.31945747045E+00 1.45198288794E+39
 5.22145840047E+15 4.86533052574E+36 4.35119532659E+00 1.45924177458E+39
 5.27482080565E+15 4.93588334186E+36 4.38323325074E+00 1.46653695051E+39
 5.32884526877E+15 5.00745925391E+36 4.41557407991E+00 1.47386859716E+39
 5.38354083170E+15 5.08007309794E+36 4.44822067793E+00 1.48123689685E+39
 5.43891666466E+15 5.15373992514E+36 4.48117593573E+00 1.48864203283E+39
 5.49498206802E+15 5.22847500498E+36 4.51444277155E+00 1.49608418924E+39
 5.55174647420E+15 5.30429382831E+36 4.54802413123E+00 1.50356355116E+39
 5.60921944958E+15 5.38121211066E+36 4.58192298846E+00 1.51108030461E+39
 5.66741069641E+15 5.45924579543E+36 4.61614234504E+00 1.51863463650E+39
 5.72633005474E+15 5.53841105721E+36 4.65068523116E+00 1.52622673470E+39
 5.78598750447E+15 5.61872430517E+36 4.68555470565E+00 1.53385678801E+39
 5.84639316732E+15 5.70020218640E+36 4.72075385628E+00 1.54152498620E+39
 5.90755730886E+15 5.78286158940E+36 4.75628579998E+00 1.54923151994E+39
 5.96949034063E+15 5.86671964759E+36 4.79215368318E+00 1.55697658090E+39
 6.03220282219E+15 5.95179374283E+36 4.82836068204E+00 1.56476036168E+39
 6.09570546329E+15 6.03810150903E+36 4.86491000276E+00 1.57258305586E+39
 6.16000912600E+15 6.12566083582E+36 4.90180488184E+00 1.58044485797E+39
 6.22512482694E+15 6.21448987226E+36 4.93904858640E+00 1.58834596352E+39
 6.29106373949E+15 6.30460703057E+36 4.97664441442E+00 1.59628656901E+39
 6.35783719603E+15 6.39603098998E+36 5.01459569510E+00 1.60426687191E+39
 6.42545669025E+15 6.48878070060E+36 5.05290578908E+00 1.61228707067E+39
 6.49393387949E+15 6.58287538732E+36 5.09157808879E+00 1.62034736475E+39
 6.56328058706E+15 6.67833455381E+36 5.13061601873E+00 1.62844795459E+39
 6.63350880466E+15 6.77517798660E+36 5.17002303578E+00 1.63658904165E+39
 6.70463069479E+15 6.87342575910E+36 5.20980262951E+00 1.64477082838E+39
 6.77665859323E+15 6.97309823585E+36 5.24995832247E+00 1.65299351825E+39
 6.84960501151E+15 7.07421607666E+36 5.29049367052E+00 1.66125731576E+39
 6.92348263947E+15 7.17680024096E+36 5.33141226314E+00 1.66956242640E+39
 6.99830434782E+15 7.28087199210E+36 5.37271772374E+00 1.67790905671E+39
 7.07408319074E+15 7.38645290179E+36 5.41441370999E+00 1.68629741427E+39
 7.15083240852E+15 7.49356485453E+36 5.45650391415E+00 1.69472770768E+39
 7.22856543029E+15 7.60223005218E+36 5.49899206339E+00 1.70320014658E+39
 7.30729587667E+15 7.71247101857E+36 5.54188192011E+00 1.71171494169E+39
 7.38703756257E+15 7.82431060412E+36 5.58517728227E+00 1.72027230474E+39
 7.46780450001E+15 7.93777199064E+36 5.62888198377E+00 1.72887244855E+39
 7.54961090093E+15 8.05287869607E+36 5.67299989473E+00 1.73751558699E+39
 7.63247118006E+15 8.16965457940E+36 5.71753492187E+00 1.74620193501E+39
 7.71639995791E+15 8.28812384561E+36 5.76249100886E+00 1.75493170861E+39
 7.80141206365E+15 8.40831105069E+36 5.80787213663E+00 1.76370512491E+39
 7.88752253821E+15 8.53024110668E+36 5.85368232376E+00 1.77252240208E+39
 7.97474663724E+15 8.65393928690E+36 5.89992562683E+00 1.78138375939E+39
 8.06309983429E+15 8.77943123117E+36 5.94660614077E+00 1.79028941721E+39
 8.15259782391E+15 8.90674295110E+36 5.99372799922E+00 1.79923959702E+39
 8.24325652484E+15 9.03590083551E+36 6.04129537491E+00 1.80823452140E+39
 8.33509208324E+15 9.16693165586E+36 6.08931248001E+00 1.81727441402E+39
 8.42812087602E+15 9.29986257187E+36 6.13778356652E+00 1.82635949972E+39
 8.52235951409E+15 9.43472113708E+36 6.18671292665E+00 1.83549000441E+39
 8.61782484578E+15 9.57153530458E+36 6.23610489319E+00 1.84466615516E+39
 8.71453396029E+15 9.71033343283E+36 6.28596383987E+00 1.85388818017E+39
 8.81250419110E+15 9.85114429152E+36 6.33629418179E+00 1.86315630877E+39
 8.91175311956E+15 9.99399706751E+36 6.38710037581E+00 1.87247077146E+39
 9.01229857843E+15 1.01389213709E+37 6.43838692090E+00 1.88183179987E+39
 9.11415865551E+15 1.02859472413E+37 6.49015835858E+00 1.89123962679E+39
 9.21735169734E+15 1.04351051537E+37 6.54241927329E+00 1.90069448619E+39
 9.32189631290E+15 1.05864260251E+37 6.59517429285E+00 1.91019661320E+39
 9.42781137745E+15 1.07399412210E+37 6.64842808880E+00 1.91974624411E+39
 9.53511603632E+15 1.08956825615E+37 6.70218537686E+00 1.92934361642E+39
 9.64382970883E+15 1.10536823283E+37 6.75645091733E+00 1.93898896879E+39
 9.75397209226E+15 1.12139732710E+37 6.81122951554E+00 1.94868254110E+39
 9.86556316584E+15 1.13765886144E+37 6.86652602221E+00 1.95842457441E+39
 9.97862319483E+15 1.15415620649E+37 6.92234533396E+00 1.96821531099E+39
 1.00931727346E+16 1.17089278177E+37 6.97869239369E+00 1.97805499432E+39
 1.02092326350E+16 1.18787205639E+37 7.03557219103E+00 1.98794386911E+39
 1.03268240444E+16 1.20509754977E+37 7.09298976280E+00 1.99788218127E+39
 1.04459684140E+16 1.22257283236E+37 7.15095019341E+00 2.00787017795E+39
 1.05666875023E+16 1.24030152639E+37 7.20945861537E+00 2.01790810755E+39
 1.06890033797E+16 1.25828730661E+37 7.26852020972E+00 2.02799621969E+39
 1.08129384326E+16 1.27653390105E+37 7.32814020644E+00 2.03813476525E+39
 1.09385153684E+16 1.29504509184E+37 7.38832388502E+00 2.04832399636E+39
 1.10657572196E+16 1.31382471590E+37 7.44907657482E+00 2.05856416641E+39
 1.11946873491E+16 1.33287666584E+37 7.51040365559E+00 2.06885553006E+39
 1.13253294547E+16 1.35220489068E+37 7.57231055797E+00 2.07919834325E+39
 1.14577075736E+16 1.37181339672E+37 7.63480276392E+00 2.08959286319E+39
 1.15918460881E+16 1.39170624836E+37 7.69788580725E+00 2.10003934836E+39
 1.17277697297E+16 1.41188756893E+37 7.76156527405E+00 2.11053805857E+39
 1.18655035847E+16 1.43236154156E+37 7.82584680328E+00 2.12108925489E+39
 1.20050730993E+16 1.45313241004E+37 7.89073608717E+00 2.13169319973E+39
 1.21465040845E+16 1.47420447969E+37 7.95623887179E+00 2.14235015679E+39
 1.22898227217E+16 1.49558211828E+37 8.02236095753E+00 2.15306039109E+39
 1.24350555677E+16 1.51726975689E+37 8.08910819961E+00 2.16382416897E+39
 1.25822295605E+16 1.53927189088E+37 8.15648650863E+00 2.17464175813E+39
 1.27313720247E+16 1.56159308080E+37 8.22450185106E+00 2.18551342758E+39
 1.28825106767E+16 1.58423795331E+37 8.29316024977E+00 2.19643944768E+39
 1.30356736310E+16 1.60721120218E+37 8.36246778460E+00 2.20742009014E+39
 1.31908894054E+16 1.63051758924E+37 8.43243059285E+00 2.21845562805E+39
 1.33481869273E+16 1.65416194537E+37 8.50305486986E+00 2.22954633583E+39
 1.35075955391E+16 1.67814917151E+37 8.57434686952E+00 2.24069248930E+39
 1.36691450046E+16 1.70248423966E+37 8.64631290488E+00 2.25189436565E+39
 1.38328655151E+16 1.72717219393E+37 8.71895934866E+00 2.26315224345E+39
 1.39987876952E+16 1.75221815156E+37 8.79229263383E+00 2.27446640267E+39
 1.41669426095E+16 1.77762730401E+37 8.86631925419E+00 2.28583712468E+39
 1.43373617686E+16 1.80340491801E+37 8.94104576493E+00 2.29726469225E+39
 1.45100771359E+16 1.82955633669E+37 9.01647878321E+00 2.30874938956E+39
 1.46851211336E+16 1.85608698062E+37 9.09262498877E+00 2.32029150224E+39
 1.48625266501E+16 1.88300234901E+37 9.16949112449E+00 2.33189131731E+39
 1.50423270461E+16 1.91030802080E+37 9.24708399700E+00 2.34354912324E+39
 1.52245561617E+16 1.93800965583E+37 9.32541047730E+00 2.35526520995E+39
 1.54092483233E+16 1.96611299601E+37 9.40447750133E+00 2.36703986880E+39
 1.55964383504E+16 1.99462386654E+37 9.48429207062E+00 2.37887339261E+39
 1.57861615633E+16 2.02354817705E+37 9.56486125291E+00 2.39076607566E+39
 1.59784537898E+16 2.05289192290E+37 9.64619218272E+00 2.40271821371E+39
 1.61733513725E+16 2.08266118638E+37 9.72829206207E+00 2.41473010398E+39
 1.63708911769E+16 2.11286213798E+37 9.81116816104E+00 2.42680204521E+39
 1.65711105981E+16 2.14350103766E+37 9.89482781847E+00 2.43893433760E+39
 1.67740475691E+16 2.17458423618E+37 9.97927844257E+00 2.45112728286E+39
 1.69797405682E+16 2.20611817635E+37 1.00645275116E+01 2.46338118422E+39
 1.71882286273E+16 2.23810939447E+37 1.01505825745E+01 2.47569634641E+39
 1.73995513394E+16 2.27056452156E+37 1.02374512516E+01 2.48807307569E+39
 1.76137488670E+16 2.30349028484E+37 1.03251412353E+01 2.50051167986E+39
 1.78308619502E+16 2.33689350907E+37 1.04136602907E+01 2.51301246825E+39
 1.80509319155E+16 2.37078111797E+37 1.05030162563E+01 2.52557575172E+39
 1.82740006834E+16 2.40516013567E+37 1.05932170448E+01 2.53820184273E+39
 1.85001107779E+16 2.44003768816E+37 1.06842706436E+01 2.55089105525E+39
 1.87293053347E+16 2.47542100475E+37 1.07761851156E+01 2.56364370485E+39
 1.89616281102E+16 2.51131741961E+37 1.08689686001E+01 2.57646010867E+39
 1.91971234904E+16 2.54773437323E+37 1.09626293132E+01 2.58934058544E+39
 1.94358365001E+16 2.58467941402E+37 1.10571755487E+01 2.60228545547E+39
 1.96778128122E+16 2.62216019985E+37 1.11526156788E+01 2.61529504069E+39
 1.99230987568E+16 2.66018449963E+37 1.12489581550E+01 2.62836966463E+39
 2.01717413310E+16 2.69876019491E+37 1.13462115086E+01 2.64150965243E+39
 2.04237882085E+16 2.73789528158E+37 1.14443843515E+01 2.65471533087E+39
 2.06792877491E+16 2.77759787143E+37 1.15434853770E+01 2.66798702836E+39
 2.09382890090E+16 2.81787619390E+37 1.16435233609E+01 2.68132507494E+39
 2.12008417507E+16 2.85873859778E+37 1.17445071615E+01 2.69472980231E+39
 2.14669964533E+16 2.90019355291E+37 1.18464457213E+01 2.70820154383E+39
 2.17368043225E+16 2.94224965195E+37 1.19493480670E+01 2.72174063452E+39
 2.20103173017E+16 2.98491561217E+37 1.20532233109E+01 2.73534741107E+39
 2.22875880824E+16 3.02820027725E+37 1.21580806512E+01 2.74902221188E+39
 2.25686701148E+16 3.07211261911E+37 1.22639293734E+01 2.76276537702E+39
 2.28536176191E+16 3.11666173978E+37 1.23707788504E+01 2.77657724825E+39
 2.31424855965E+16 3.16185687328E+37 1.24786385441E+01 2.79045816906E+39
 2.34353298405E+16 3.20770738752E+37 1.25875180055E+01 2.80440848465E+39
 2.37322069484E+16 3.25422278628E+37 1.26974268761E+01 2.81842854194E+39
 2.40331743330E+16 3.30141271112E+37 1.28083748887E+01 2.83251868960E+39
 2.43382902340E+16 3.34928694345E+37 1.29203718677E+01 2.84667927802E+39
 2.46476137307E+16 3.39785540649E+37 1.30334277308E+01 2.86091065935E+39
 2.49612047534E+16 3.44712816739E+37 1.31475524893E+01 2.87521318752E+39
 2.52791240961E+16 3.49711543926E+37 1.32627562491E+01 2.88958721821E+39
 2.56014334292E+16 3.54782758332E+37 1.33790492117E+01 2.90403310888E+39
 2.59281953114E+16 3.59927511104E+37 1.34964416750E+01 2.91855121877E+39
 2.62594732036E+16 3.65146868632E+37 1.36149440345E+01 2.93314190893E+39
 2.65953314811E+16 3.70441912770E+37 1.37345667836E+01 2.94780554222E+39
 2.69358354472E+16 3.75813741059E+37 1.38553205152E+01 2.96254248330E+39
 2.72810513467E+16 3.81263466957E+37 1.39772159222E+01 2.97735309865E+39
 2.76310463793E+16 3.86792220067E+37 1.41002637987E+01 2.99223775659E+39
 2.79858887136E+16 3.92401146374E+37 1.42244750409E+01 3.00719682728E+39
 2.83456475010E+16 3.98091408480E+37 1.43498606478E+01 3.02223068274E+39
 2.87103928900E+16 4.03864185847E+37 1.44764317226E+01 3.03733969684E+39
 2.90801960406E+16 4.09720675039E+37 1.46041994733E+01 3.05252424531E+39
 2.94551291390E+16 4.15662089973E+37 1.47331752141E+01 3.06778470577E+39
 2.98352654122E+16 4.21689662169E+37 1.48633703659E+01 3.08312145774E+39
 3.02206791435E+16 4.27804641005E+37 1.49947964578E+01 3.09853488260E+39
 3.06114456875E+16 4.34008293976E+37 1.51274651278E+01 3.11402536368E+39
 3.10076414855E+16 4.40301906958E+37 1.52613881240E+01 3.12959328621E+39
 3.14093440816E+16 4.46686784473E+37 1.53965773054E+01 3.14523903732E+39
 3.18166321382E+16 4.53164249960E+37 1.55330446434E+01 3.16096300612E+39
 3.22295854528E+16 4.59735646051E+37 1.56708022223E+01 3.17676558362E+39
 3.26482849736E+16 4.66402334846E+37 1.58098622408E+01 3.19264716283E+39
 3.30728128169E+16 4.73165698197E+37 1.59502370130E+01 3.20860813870E+39
 3.35032522838E+16 4.80027137994E+37 1.60919389693E+01 3.22464890814E+39
 3.39396878772E+16 4.86988076459E+37 1.62349806576E+01 3.24076987008E+39
 3.43822053190E+16 4.94049956433E+37 1.63793747445E+01 3.25697142542E+39
 3.48308915685E+16 5.01214241685E+37 1.65251340165E+01 3.27325397706E+39
 3.52858348394E+16 5.08482417206E+37 1.66722713807E+01 3.28961792994E+39
 3.57471246188E+16 5.15855989523E+37 1.68207998664E+01 3.30606369100E+39
 3.62148516850E+16 5.23336487010E+37 1.69707326262E+01 3.32259166922E+39
 3.66891081263E+16 5.30925460203E+37 1.71220829367E+01 3.33920227563E+39
 3.71699873603E+16 5.38624482123E+37 1.72748642004E+01 3.35589592332E+39
 3.76575841530E+16 5.46435148602E+37 1.74290899464E+01 3.37267302743E+39
 3.81519946380E+16 5.54359078611E+37 1.75847738315E+01 3.38953400518E+39
 3.86533163367E+16 5.62397914602E+37 1.77419296419E+01 3.40647927589E+39
 3.91616481782E+16 5.70553322840E+37 1.79005712939E+01 3.42350926096E+39
 3.96770905199E+16 5.78826993757E+37 1.80607128357E+01 3.44062438389E+39
 4.01997451677E+16 5.87220642295E+37 1.82223684480E+01 3.45782507033E+39
 4.07297153975E+16 5.95736008266E+37 1.83855524458E+01 3.47511174802E+39
 4.12671059763E+16 6.04374856711E+37 1.85502792792E+01 3.49248484687E+39
 4.18120231835E+16 6.13138978265E+37 1.87165635351E+01 3.50994479891E+39
 4.23645748334E+16 6.22030189532E+37 1.88844199383E+01 3.52749203835E+39
 4.29248702967E+16 6.31050333456E+37 1.90538633528E+01 3.54512700157E+39
 4.34930205238E+16 6.40201279708E+37 1.92249087831E+01 3.56285012712E+39
 4.40691380670E+16 6.49484925069E+37 1.93975713756E+01 3.58066185575E+39
 4.46533371042E+16 6.58903193827E+37 1.95718664198E+01 3.59856263042E+39
 4.52457334619E+16 6.68458038175E+37 1.97478093500E+01 3.61655289629E+39
 4.58464446398E+16 6.78151438613E+37 1.99254157461E+01 3.63463310076E+39
 4.64555898343E+16 6.87985404362E+37 2.01047013356E+01 3.65280369345E+39
 4.70732899636E+16 6.97961973778E+37 2.02856819944E+01 3.67106512624E+39
 4.76996676923E+16 7.08083214778E+37 2.04683737489E+01 3.68941785327E+39
 4.83348474570E+16 7.18351225262E+37 2.06527927765E+01 3.70786233094E+39
 4.89789554915E+16 7.28768133555E+37 2.08389554081E+01 3.72639901794E+39
 4.96321198533E+16 7.39336098845E+37 2.10268781286E+01 3.74502837526E+39
 5.02944704497E+16 7.50057311629E+37 2.12165775789E+01 3.76375086618E+39
 5.09661390650E+16 7.60933994170E+37 2.14080705573E+01 3.78256695630E+39
 5.16472593870E+16 7.71968400955E+37 2.16013740207E+01 3.80147711355E+39
 5.23379670352E+16 7.83162819167E+37 2.17965050866E+01 3.82048180820E+39
 5.30383995884E+16 7.94519569151E+37 2.19934810342E+01 3.83958151287E+39
 5.37486966133E+16 8.06041004902E+37 2.21923193061E+01 3.85877670254E+39
 5.44689996932E+16 8.17729514553E+37 2.23930375097E+01 3.87806785458E+39
 5.51994524571E+16 8.29587520862E+37 2.25956534190E+01 3.89745544872E+39
 5.59402006096E+16 8.41617481726E+37 2.28001849760E+01 3.91693996711E+39
 5.66913919606E+16 8.53821890679E+37 2.30066502923E+01 3.93652189430E+39
 5.74531764562E+16 8.66203277418E+37 2.32150676509E+01 3.95620171726E+39
 5.82257062092E+16 8.78764208320E+37 2.34254555074E+01 3.97597992540E+39
 5.90091355309E+16 8.91507286981E+37 2.36378324921E+01 3.99585701059E+39
 5.98036209628E+16 9.04435154749E+37 2.38522174113E+01 4.01583346713E+39
 6.06093213085E+16 9.17550491276E+37 2.40686292493E+01 4.03590979182E+39
 6.14263976673E+16 9.30856015073E+37 2.42870871696E+01 4.05608648391E+39
 6.22550134666E+16 9.44354484070E+37 2.45076105171E+01 4.07636404519E+39
 6.30953344961E+16 9.58048696193E+37 2.47302188196E+01 4.09674297991E+39
 6.39475289421E+16 9.71941489937E+37 2.49549317895E+01 4.11722379489E+39
 6.48117674217E+16 9.86035744963E+37 2.51817693254E+01 4.13780699944E+39
 6.56882230187E+16 1.00033438269E+38 2.54107515142E+01 4.15849310545E+39
