        5931
 1.00000004469E+01 2.34677006448E+14 1.00000007080E+00 5.97040375333E+24
 1.00577997964E+01 2.36829536653E+14 1.00000007104E+00 6.00491229616E+24
 1.01159332223E+01 2.39001810532E+14 1.00000007128E+00 6.03962029611E+24
 1.01744026556E+01 2.41194009179E+14 1.00000007152E+00 6.07452890603E+24
 1.02332100384E+01 2.43406315352E+14 1.00000007176E+00 6.10963928543E+24
 1.02923573241E+01 2.45638913483E+14 1.00000007201E+00 6.14495260052E+24
 1.03518464772E+01 2.47891989695E+14 1.00000007225E+00 6.18047002426E+24
 1.04116794737E+01 2.50165731820E+14 1.00000007249E+00 6.21619273639E+24
 1.04718583011E+01 2.52460329412E+14 1.00000007274E+00 6.25212192345E+24
 1.05323849581E+01 2.54775973765E+14 1.00000007298E+00 6.28825877886E+24
 1.05932614553E+01 2.57112857924E+14 1.00000007323E+00 6.32460450293E+24
 1.06544898147E+01 2.59471176710E+14 1.00000007348E+00 6.36116030291E+24
 1.07160720700E+01 2.61851126725E+14 1.00000007372E+00 6.39792739302E+24
 1.07780102667E+01 2.64252906380E+14 1.00000007397E+00 6.43490699450E+24
 1.08403064621E+01 2.66676715901E+14 1.00000007422E+00 6.47210033565E+24
 1.09029627255E+01 2.69122757355E+14 1.00000007447E+00 6.50950865189E+24
 1.09659811380E+01 2.71591234658E+14 1.00000007472E+00 6.54713318574E+24
 1.10293637929E+01 2.74082353600E+14 1.00000007497E+00 6.58497518693E+24
 1.10931127953E+01 2.76596321857E+14 1.00000007523E+00 6.62303591242E+24
 1.11572302628E+01 2.79133349009E+14 1.00000007548E+00 6.66131662640E+24
 1.12217183251E+01 2.81693646560E+14 1.00000007574E+00 6.69981860041E+24
 1.12865791242E+01 2.84277427954E+14 1.00000007599E+00 6.73854311331E+24
 1.13518148145E+01 2.86884908590E+14 1.00000007625E+00 6.77749145135E+24
 1.14174275628E+01 2.89516305848E+14 1.00000007650E+00 6.81666490824E+24
 1.14834195485E+01 2.92171839096E+14 1.00000007676E+00 6.85606478515E+24
 1.15497929636E+01 2.94851729717E+14 1.00000007702E+00 6.89569239076E+24
 1.16165500127E+01 2.97556201126E+14 1.00000007728E+00 6.93554904134E+24
 1.16836929132E+01 3.00285478784E+14 1.00000007754E+00 6.97563606075E+24
 1.17512238953E+01 3.03039790222E+14 1.00000007780E+00 7.01595478051E+24
 1.18191452021E+01 3.05819365058E+14 1.00000007807E+00 7.05650653983E+24
 1.18874590895E+01 3.08624435016E+14 1.00000007833E+00 7.09729268567E+24
 1.19561678268E+01 3.11455233944E+14 1.00000007859E+00 7.13831457276E+24
 1.20252736962E+01 3.14311997837E+14 1.00000007886E+00 7.17957356366E+24
 1.20947789929E+01 3.17194964854E+14 1.00000007912E+00 7.22107102884E+24
 1.21646860257E+01 3.20104375337E+14 1.00000007939E+00 7.26280834665E+24
 1.22349971166E+01 3.23040471834E+14 1.00000007966E+00 7.30478690342E+24
 1.23057146011E+01 3.26003499118E+14 1.00000007993E+00 7.34700809350E+24
 1.23768408280E+01 3.28993704206E+14 1.00000008020E+00 7.38947331930E+24
 1.24483781598E+01 3.32011336382E+14 1.00000008047E+00 7.43218399132E+24
 1.25203289728E+01 3.35056647215E+14 1.00000008074E+00 7.47514152823E+24
 1.25926956567E+01 3.38129890582E+14 1.00000008101E+00 7.51834735689E+24
 1.26654806154E+01 3.41231322689E+14 1.00000008129E+00 7.56180291241E+24
 1.27386862664E+01 3.44361202093E+14 1.00000008156E+00 7.60550963820E+24
 1.28123150413E+01 3.47519789719E+14 1.00000008183E+00 7.64946898600E+24
 1.28863693857E+01 3.50707348891E+14 1.00000008211E+00 7.69368241595E+24
 1.29608517594E+01 3.53924145342E+14 1.00000008239E+00 7.73815139664E+24
 1.30357646363E+01 3.57170447247E+14 1.00000008267E+00 7.78287740512E+24
 1.31111105048E+01 3.60446525239E+14 1.00000008294E+00 7.82786192700E+24
 1.31868918675E+01 3.63752652433E+14 1.00000008322E+00 7.87310645648E+24
 1.32631112416E+01 3.67089104450E+14 1.00000008350E+00 7.91861249637E+24
 1.33397711586E+01 3.70456159438E+14 1.00000008379E+00 7.96438155819E+24
 1.34168741650E+01 3.73854098098E+14 1.00000008407E+00 8.01041516220E+24
 1.34944228217E+01 3.77283203704E+14 1.00000008435E+00 8.05671483742E+24
 1.35724197047E+01 3.80743762129E+14 1.00000008464E+00 8.10328212174E+24
 1.36508674045E+01 3.84236061868E+14 1.00000008492E+00 8.15011856191E+24
 1.37297685269E+01 3.87760394061E+14 1.00000008521E+00 8.19722571363E+24
 1.38091256926E+01 3.91317052522E+14 1.00000008550E+00 8.24460514161E+24
 1.38889415376E+01 3.94906333756E+14 1.00000008578E+00 8.29225841958E+24
 1.39692187130E+01 3.98528536989E+14 1.00000008607E+00 8.34018713038E+24
 1.40499598852E+01 4.02183964192E+14 1.00000008636E+00 8.38839286599E+24
 1.41311677361E+01 4.05872920107E+14 1.00000008666E+00 8.43687722760E+24
 1.42128449632E+01 4.09595712267E+14 1.00000008695E+00 8.48564182564E+24
 1.42949942792E+01 4.13352651031E+14 1.00000008724E+00 8.53468827986E+24
 1.43776184130E+01 4.17144049601E+14 1.00000008754E+00 8.58401821938E+24
 1.44607201088E+01 4.20970224053E+14 1.00000008783E+00 8.63363328273E+24
 1.45443021271E+01 4.24831493362E+14 1.00000008813E+00 8.68353511789E+24
 1.46283672440E+01 4.28728179430E+14 1.00000008842E+00 8.73372538238E+24
 1.47129182517E+01 4.32660607110E+14 1.00000008872E+00 8.78420574333E+24
 1.47979579588E+01 4.36629104234E+14 1.00000008902E+00 8.83497787745E+24
 1.48834891899E+01 4.40634001644E+14 1.00000008932E+00 8.88604347119E+24
 1.49695147859E+01 4.44675633213E+14 1.00000008962E+00 8.93740422071E+24
 1.50560376042E+01 4.48754335879E+14 1.00000008993E+00 8.98906183200E+24
 1.51430605188E+01 4.52870449670E+14 1.00000009023E+00 9.04101802091E+24
 1.52305864201E+01 4.57024317731E+14 1.00000009053E+00 9.09327451319E+24
 1.53186182155E+01 4.61216286357E+14 1.00000009084E+00 9.14583304457E+24
 1.54071588289E+01 4.65446705018E+14 1.00000009114E+00 9.19869536082E+24
 1.54962112013E+01 4.69715926390E+14 1.00000009145E+00 9.25186321779E+24
 1.55857782906E+01 4.74024306382E+14 1.00000009176E+00 9.30533838150E+24
 1.56758630718E+01 4.78372204171E+14 1.00000009207E+00 9.35912262816E+24
 1.57664685372E+01 4.82759982225E+14 1.00000009238E+00 9.41321774424E+24
 1.58575976963E+01 4.87188006338E+14 1.00000009269E+00 9.46762552655E+24
 1.59492535760E+01 4.91656645661E+14 1.00000009300E+00 9.52234778228E+24
 1.60414392207E+01 4.96166272727E+14 1.00000009332E+00 9.57738632907E+24
 1.61341576924E+01 5.00717263491E+14 1.00000009363E+00 9.63274299505E+24
 1.62274120709E+01 5.05309997351E+14 1.00000009395E+00 9.68841961894E+24
 1.63212054536E+01 5.09944857189E+14 1.00000009427E+00 9.74441805007E+24
 1.64155409559E+01 5.14622229398E+14 1.00000009458E+00 9.80074014846E+24
 1.65104217113E+01 5.19342503913E+14 1.00000009490E+00 9.85738778490E+24
 1.66058508712E+01 5.24106074249E+14 1.00000009522E+00 9.91436284096E+24
 1.67018316055E+01 5.28913337527E+14 1.00000009554E+00 9.97166720912E+24
 1.67983671022E+01 5.33764694514E+14 1.00000009587E+00 1.00293027928E+25
 1.68954605678E+01 5.38660549650E+14 1.00000009619E+00 1.00872715063E+25
 1.69931152272E+01 5.43601311085E+14 1.00000009651E+00 1.01455752753E+25
 1.70913343243E+01 5.48587390716E+14 1.00000009684E+00 1.02042160362E+25
 1.71901211213E+01 5.53619204213E+14 1.00000009717E+00 1.02631957368E+25
 1.72894788996E+01 5.58697171063E+14 1.00000009749E+00 1.03225163363E+25
 1.73894109593E+01 5.63821714597E+14 1.00000009782E+00 1.03821798049E+25
 1.74899206199E+01 5.68993262033E+14 1.00000009815E+00 1.04421881245E+25
 1.75910112198E+01 5.74212244503E+14 1.00000009848E+00 1.05025432882E+25
 1.76926861167E+01 5.79479097098E+14 1.00000009882E+00 1.05632473009E+25
 1.77949486879E+01 5.84794258896E+14 1.00000009915E+00 1.06243021787E+25
 1.78978023301E+01 5.90158173005E+14 1.00000009948E+00 1.06857099498E+25
 1.80012504597E+01 5.95571286596E+14 1.00000009982E+00 1.07474726538E+25
 1.81052965127E+01 6.01034050942E+14 1.00000010016E+00 1.08095923421E+25
 1.82099439452E+01 6.06546921454E+14 1.00000010049E+00 1.08720710782E+25
 1.83151962329E+01 6.12110357723E+14 1.00000010083E+00 1.09349109372E+25
 1.84210568721E+01 6.17724823553E+14 1.00000010117E+00 1.09981140066E+25
 1.85275293788E+01 6.23390787003E+14 1.00000010151E+00 1.10616823855E+25
 1.86346172897E+01 6.29108720424E+14 1.00000010186E+00 1.11256181855E+25
 1.87423241618E+01 6.34879100503E+14 1.00000010220E+00 1.11899235303E+25
 1.88506535725E+01 6.40702408295E+14 1.00000010254E+00 1.12546005557E+25
 1.89596091202E+01 6.46579129270E+14 1.00000010289E+00 1.13196514102E+25
 1.90691944239E+01 6.52509753351E+14 1.00000010324E+00 1.13850782542E+25
 1.91794131235E+01 6.58494774953E+14 1.00000010359E+00 1.14508832612E+25
 1.92902688800E+01 6.64534693027E+14 1.00000010394E+00 1.15170686168E+25
 1.94017653756E+01 6.70630011101E+14 1.00000010429E+00 1.15836365194E+25
 1.95139063136E+01 6.76781237321E+14 1.00000010464E+00 1.16505891802E+25
 1.96266954189E+01 6.82988884493E+14 1.00000010499E+00 1.17179288229E+25
 1.97401364380E+01 6.89253470128E+14 1.00000010534E+00 1.17856576844E+25
 1.98542331387E+01 6.95575516483E+14 1.00000010570E+00 1.18537780142E+25
 1.99689893110E+01 7.01955550606E+14 1.00000010606E+00 1.19222920751E+25
 2.00844087664E+01 7.08394104379E+14 1.00000010641E+00 1.19912021428E+25
 2.02004953388E+01 7.14891714561E+14 1.00000010677E+00 1.20605105062E+25
 2.03172528840E+01 7.21448922837E+14 1.00000010713E+00 1.21302194673E+25
 2.04346852803E+01 7.28066275859E+14 1.00000010749E+00 1.22003313417E+25
 2.05527964281E+01 7.34744325292E+14 1.00000010786E+00 1.22708484582E+25
 2.06715902507E+01 7.41483627864E+14 1.00000010822E+00 1.23417731589E+25
 2.07910706938E+01 7.48284745407E+14 1.00000010859E+00 1.24131077998E+25
 2.09112417261E+01 7.55148244906E+14 1.00000010895E+00 1.24848547502E+25
 2.10321073392E+01 7.62074698550E+14 1.00000010932E+00 1.25570163934E+25
 2.11536715476E+01 7.69064683772E+14 1.00000010969E+00 1.26295951260E+25
 2.12759383893E+01 7.76118783304E+14 1.00000011006E+00 1.27025933591E+25
 2.13989119253E+01 7.83237585222E+14 1.00000011043E+00 1.27760135171E+25
 2.15225962404E+01 7.90421682997E+14 1.00000011080E+00 1.28498580388E+25
 2.16469954428E+01 7.97671675542E+14 1.00000011118E+00 1.29241293770E+25
 2.17721136644E+01 8.04988167265E+14 1.00000011155E+00 1.29988299987E+25
 2.18979550613E+01 8.12371768116E+14 1.00000011193E+00 1.30739623851E+25
 2.20245238132E+01 8.19823093642E+14 1.00000011230E+00 1.31495290318E+25
 2.21518241242E+01 8.27342765034E+14 1.00000011268E+00 1.32255324488E+25
 2.22798602228E+01 8.34931409181E+14 1.00000011306E+00 1.33019751605E+25
 2.24086363617E+01 8.42589658724E+14 1.00000011344E+00 1.33788597061E+25
 2.25381568183E+01 8.50318152104E+14 1.00000011383E+00 1.34561886393E+25
 2.26684258947E+01 8.58117533619E+14 1.00000011421E+00 1.35339645287E+25
 2.27994479179E+01 8.65988453478E+14 1.00000011460E+00 1.36121899577E+25
 2.29312272399E+01 8.73931567853E+14 1.00000011498E+00 1.36908675245E+25
 2.30637682377E+01 8.81947538933E+14 1.00000011537E+00 1.37699998425E+25
 2.31970753139E+01 8.90037034983E+14 1.00000011576E+00 1.38495895401E+25
 2.33311528964E+01 8.98200730396E+14 1.00000011615E+00 1.39296392609E+25
 2.34660054385E+01 9.06439305754E+14 1.00000011654E+00 1.40101516639E+25
 2.36016374195E+01 9.14753447877E+14 1.00000011694E+00 1.40911294234E+25
 2.37380533446E+01 9.23143849886E+14 1.00000011733E+00 1.41725752289E+25
 2.38752577449E+01 9.31611211263E+14 1.00000011773E+00 1.42544917859E+25
 2.40132551776E+01 9.40156237901E+14 1.00000011812E+00 1.43368818152E+25
 2.41520502265E+01 9.48779642171E+14 1.00000011852E+00 1.44197480535E+25
 2.42916475018E+01 9.57482142976E+14 1.00000011892E+00 1.45030932533E+25
 2.44320516403E+01 9.66264465815E+14 1.00000011932E+00 1.45869201828E+25
 2.45732673055E+01 9.75127342839E+14 1.00000011972E+00 1.46712316265E+25
 2.47152991881E+01 9.84071512917E+14 1.00000012013E+00 1.47560303848E+25
 2.48581520058E+01 9.93097721694E+14 1.00000012053E+00 1.48413192744E+25
 2.50018305034E+01 1.00220672165E+15 1.00000012094E+00 1.49271011282E+25
 2.51463394534E+01 1.01139927218E+15 1.00000012135E+00 1.50133787955E+25
 2.52916836557E+01 1.02067613963E+15 1.00000012176E+00 1.51001551421E+25
 2.54378679381E+01 1.03003809739E+15 1.00000012217E+00 1.51874330503E+25
 2.55848971561E+01 1.03948592592E+15 1.00000012258E+00 1.52752154190E+25
 2.57327761934E+01 1.04902041286E+15 1.00000012299E+00 1.53635051641E+25
 2.58815099619E+01 1.05864235307E+15 1.00000012341E+00 1.54523052182E+25
 2.60311034020E+01 1.06835254869E+15 1.00000012382E+00 1.55416185307E+25
 2.61815614824E+01 1.07815180924E+15 1.00000012424E+00 1.56314480684E+25
 2.63328892007E+01 1.08804095164E+15 1.00000012466E+00 1.57217968149E+25
 2.64850915834E+01 1.09802080032E+15 1.00000012508E+00 1.58126677712E+25
 2.66381736859E+01 1.10809218726E+15 1.00000012550E+00 1.59040639557E+25
 2.67921405931E+01 1.11825595208E+15 1.00000012593E+00 1.59959884042E+25
 2.69469974189E+01 1.12851294210E+15 1.00000012635E+00 1.60884441700E+25
 2.71027493072E+01 1.13886401242E+15 1.00000012678E+00 1.61814343240E+25
 2.72594014312E+01 1.14931002595E+15 1.00000012721E+00 1.62749619551E+25
 2.74169589943E+01 1.15985185356E+15 1.00000012763E+00 1.63690301697E+25
 2.75754272299E+01 1.17049037408E+15 1.00000012806E+00 1.64636420925E+25
 2.77348114016E+01 1.18122647440E+15 1.00000012850E+00 1.65588008659E+25
 2.78951168034E+01 1.19206104956E+15 1.00000012893E+00 1.66545096509E+25
 2.80563487600E+01 1.20299500280E+15 1.00000012936E+00 1.67507716264E+25
 2.82185126269E+01 1.21402924565E+15 1.00000012980E+00 1.68475899897E+25
 2.83816137903E+01 1.22516469799E+15 1.00000013024E+00 1.69449679569E+25
 2.85456576679E+01 1.23640228815E+15 1.00000013068E+00 1.70429087624E+25
 2.87106497084E+01 1.24774295297E+15 1.00000013112E+00 1.71414156593E+25
 2.88765953922E+01 1.25918763788E+15 1.00000013156E+00 1.72404919196E+25
 2.90435002313E+01 1.27073729698E+15 1.00000013201E+00 1.73401408342E+25
 2.92113697694E+01 1.28239289314E+15 1.00000013245E+00 1.74403657130E+25
 2.93802095826E+01 1.29415539804E+15 1.00000013290E+00 1.75411698851E+25
 2.95500252789E+01 1.30602579227E+15 1.00000013335E+00 1.76425566987E+25
 2.97208224990E+01 1.31800506544E+15 1.00000013380E+00 1.77445295214E+25
 2.98926069158E+01 1.33009421621E+15 1.00000013425E+00 1.78470917404E+25
 3.00653842354E+01 1.34229425242E+15 1.00000013470E+00 1.79502467622E+25
 3.02391601967E+01 1.35460619113E+15 1.00000013515E+00 1.80539980134E+25
 3.04139405717E+01 1.36703105877E+15 1.00000013561E+00 1.81583489400E+25
 3.05897311659E+01 1.37956989114E+15 1.00000013607E+00 1.82633030081E+25
 3.07665378184E+01 1.39222373357E+15 1.00000013653E+00 1.83688637038E+25
 3.09443664018E+01 1.40499364095E+15 1.00000013699E+00 1.84750345335E+25
 3.11232228228E+01 1.41788067789E+15 1.00000013745E+00 1.85818190236E+25
 3.13031130224E+01 1.43088591872E+15 1.00000013791E+00 1.86892207210E+25
 3.14840429756E+01 1.44401044765E+15 1.00000013838E+00 1.87972431933E+25
 3.16660186922E+01 1.45725535882E+15 1.00000013884E+00 1.89058900284E+25
 3.18490462165E+01 1.47062175642E+15 1.00000013931E+00 1.90151648350E+25
 3.20331316281E+01 1.48411075476E+15 1.00000013978E+00 1.91250712429E+25
 3.22182810414E+01 1.49772347837E+15 1.00000014025E+00 1.92356129026E+25
 3.24045006063E+01 1.51146106211E+15 1.00000014073E+00 1.93467934859E+25
 3.25917965081E+01 1.52532465121E+15 1.00000014120E+00 1.94586166857E+25
 3.27801749681E+01 1.53931540145E+15 1.00000014168E+00 1.95710862162E+25
 3.29696422434E+01 1.55343447918E+15 1.00000014216E+00 1.96842058133E+25
 3.31602046272E+01 1.56768306147E+15 1.00000014263E+00 1.97979792343E+25
 3.33518684492E+01 1.58206233617E+15 1.00000014312E+00 1.99124102581E+25
 3.35446400756E+01 1.59657350204E+15 1.00000014360E+00 2.00275026858E+25
 3.37385259095E+01 1.61121776881E+15 1.00000014408E+00 2.01432603402E+25
 3.39335323909E+01 1.62599635733E+15 1.00000014457E+00 2.02596870663E+25
 3.41296659971E+01 1.64091049964E+15 1.00000014506E+00 2.03767867312E+25
 3.43269332428E+01 1.65596143909E+15 1.00000014555E+00 2.04945632245E+25
 3.45253406804E+01 1.67115043042E+15 1.00000014604E+00 2.06130204582E+25
 3.47248949001E+01 1.68647873988E+15 1.00000014653E+00 2.07321623670E+25
 3.49256025302E+01 1.70194764535E+15 1.00000014702E+00 2.08519929082E+25
 3.51274702373E+01 1.71755843641E+15 1.00000014752E+00 2.09725160621E+25
 3.53305047267E+01 1.73331241448E+15 1.00000014802E+00 2.10937358320E+25
 3.55347127423E+01 1.74921089291E+15 1.00000014852E+00 2.12156562441E+25
 3.57401010669E+01 1.76525519712E+15 1.00000014902E+00 2.13382813483E+25
 3.59466765227E+01 1.78144666465E+15 1.00000014952E+00 2.14616152175E+25
 3.61544459712E+01 1.79778664535E+15 1.00000015002E+00 2.15856619485E+25
 3.63634163136E+01 1.81427650140E+15 1.00000015053E+00 2.17104256614E+25
 3.65735944910E+01 1.83091760753E+15 1.00000015104E+00 2.18359105004E+25
 3.67849874846E+01 1.84771135103E+15 1.00000015155E+00 2.19621206336E+25
 3.69976023161E+01 1.86465913196E+15 1.00000015206E+00 2.20890602531E+25
 3.72114460474E+01 1.88176236318E+15 1.00000015257E+00 2.22167335752E+25
 3.74265257816E+01 1.89902247053E+15 1.00000015309E+00 2.23451448408E+25
 3.76428486627E+01 1.91644089294E+15 1.00000015360E+00 2.24742983152E+25
 3.78604218760E+01 1.93401908251E+15 1.00000015412E+00 2.26041982881E+25
 3.80792526483E+01 1.95175850469E+15 1.00000015464E+00 2.27348490744E+25
 3.82993482483E+01 1.96966063834E+15 1.00000015516E+00 2.28662550137E+25
 3.85207159866E+01 1.98772697590E+15 1.00000015568E+00 2.29984204707E+25
 3.87433632160E+01 2.00595902351E+15 1.00000015621E+00 2.31313498354E+25
 3.89672973320E+01 2.02435830111E+15 1.00000015674E+00 2.32650475231E+25
 3.91925257726E+01 2.04292634259E+15 1.00000015727E+00 2.33995179747E+25
 3.94190560189E+01 2.06166469589E+15 1.00000015780E+00 2.35347656567E+25
 3.96468955954E+01 2.08057492318E+15 1.00000015833E+00 2.36707950614E+25
 3.98760520698E+01 2.09965860092E+15 1.00000015886E+00 2.38076107072E+25
 4.01065330538E+01 2.11891732007E+15 1.00000015940E+00 2.39452171385E+25
 4.03383462029E+01 2.13835268616E+15 1.00000015994E+00 2.40836189260E+25
 4.05714992170E+01 2.15796631945E+15 1.00000016047E+00 2.42228206667E+25
 4.08059998403E+01 2.17775985506E+15 1.00000016102E+00 2.43628269844E+25
 4.10418558620E+01 2.19773494311E+15 1.00000016156E+00 2.45036425294E+25
 4.12790751162E+01 2.21789324886E+15 1.00000016210E+00 2.46452719790E+25
 4.15176654823E+01 2.23823645283E+15 1.00000016265E+00 2.47877200376E+25
 4.17576348852E+01 2.25876625097E+15 1.00000016320E+00 2.49309914367E+25
 4.19989912957E+01 2.27948435478E+15 1.00000016375E+00 2.50750909350E+25
 4.22417427306E+01 2.30039249145E+15 1.00000016430E+00 2.52200233190E+25
 4.24858972530E+01 2.32149240403E+15 1.00000016486E+00 2.53657934028E+25
 4.27314629727E+01 2.34278585155E+15 1.00000016541E+00 2.55124060280E+25
 4.29784480464E+01 2.36427460916E+15 1.00000016597E+00 2.56598660646E+25
 4.32268606777E+01 2.38596046832E+15 1.00000016653E+00 2.58081784106E+25
 4.34767091179E+01 2.40784523689E+15 1.00000016709E+00 2.59573479923E+25
 4.37280016659E+01 2.42993073934E+15 1.00000016766E+00 2.61073797643E+25
 4.39807466685E+01 2.45221881687E+15 1.00000016822E+00 2.62582787102E+25
 4.42349525208E+01 2.47471132754E+15 1.00000016879E+00 2.64100498421E+25
 4.44906276665E+01 2.49741014649E+15 1.00000016936E+00 2.65626982012E+25
 4.47477805979E+01 2.52031716604E+15 1.00000016993E+00 2.67162288578E+25
 4.50064198565E+01 2.54343429587E+15 1.00000017050E+00 2.68706469116E+25
 4.52665540333E+01 2.56676346317E+15 1.00000017108E+00 2.70259574916E+25
 4.55281917687E+01 2.59030661283E+15 1.00000017165E+00 2.71821657566E+25
 4.57913417533E+01 2.61406570754E+15 1.00000017223E+00 2.73392768952E+25
 4.60560127277E+01 2.63804272804E+15 1.00000017281E+00 2.74972961258E+25
 4.63222134832E+01 2.66223967319E+15 1.00000017340E+00 2.76562286973E+25
 4.65899528618E+01 2.68665856022E+15 1.00000017398E+00 2.78160798886E+25
 4.68592397566E+01 2.71130142485E+15 1.00000017457E+00 2.79768550093E+25
 4.71300831122E+01 2.73617032147E+15 1.00000017516E+00 2.81385593997E+25
 4.74024919248E+01 2.76126732331E+15 1.00000017575E+00 2.83011984309E+25
 4.76764752427E+01 2.78659452262E+15 1.00000017634E+00 2.84647775051E+25
 4.79520421664E+01 2.81215403086E+15 1.00000017694E+00 2.86293020556E+25
 4.82292018490E+01 2.83794797882E+15 1.00000017753E+00 2.87947775472E+25
 4.85079634966E+01 2.86397851686E+15 1.00000017813E+00 2.89612094763E+25
 4.87883363685E+01 2.89024781507E+15 1.00000017873E+00 2.91286033711E+25
 4.90703297773E+01 2.91675806341E+15 1.00000017934E+00 2.92969647916E+25
 4.93539530898E+01 2.94351147197E+15 1.00000017994E+00 2.94662993301E+25
 4.96392157267E+01 2.97051027107E+15 1.00000018055E+00 2.96366126112E+25
 4.99261271631E+01 2.99775671153E+15 1.00000018116E+00 2.98079102919E+25
 5.02146969289E+01 3.02525306477E+15 1.00000018177E+00 2.99801980619E+25
 5.05049346093E+01 3.05300162309E+15 1.00000018238E+00 3.01534816440E+25
 5.07968498447E+01 3.08100469978E+15 1.00000018300E+00 3.03277667939E+25
 5.10904523312E+01 3.10926462937E+15 1.00000018361E+00 3.05030593005E+25
 5.13857518211E+01 3.13778376779E+15 1.00000018423E+00 3.06793649863E+25
 5.16827581228E+01 3.16656449257E+15 1.00000018485E+00 3.08566897075E+25
 5.19814811017E+01 3.19560920309E+15 1.00000018548E+00 3.10350393539E+25
 5.22819306801E+01 3.22492032068E+15 1.00000018610E+00 3.12144198496E+25
 5.25841168375E+01 3.25450028893E+15 1.00000018673E+00 3.13948371528E+25
 5.28880496114E+01 3.28435157380E+15 1.00000018736E+00 3.15762972563E+25
 5.31937390969E+01 3.31447666392E+15 1.00000018799E+00 3.17588061872E+25
 5.35011954479E+01 3.34487807068E+15 1.00000018863E+00 3.19423700078E+25
 5.38104288767E+01 3.37555832858E+15 1.00000018926E+00 3.21269948153E+25
 5.41214496546E+01 3.40651999530E+15 1.00000018990E+00 3.23126867421E+25
 5.44342681124E+01 3.43776565202E+15 1.00000019054E+00 3.24994519561E+25
 5.47488946407E+01 3.46929790358E+15 1.00000019118E+00 3.26872966607E+25
 5.50653396899E+01 3.50111937872E+15 1.00000019183E+00 3.28762270955E+25
 5.53836137710E+01 3.53323273029E+15 1.00000019248E+00 3.30662495358E+25
 5.57037274557E+01 3.56564063547E+15 1.00000019312E+00 3.32573702934E+25
 5.60256913766E+01 3.59834579600E+15 1.00000019378E+00 3.34495957165E+25
 5.63495162282E+01 3.63135093839E+15 1.00000019443E+00 3.36429321899E+25
 5.66752127665E+01 3.66465881417E+15 1.00000019509E+00 3.38373861354E+25
 5.70027918096E+01 3.69827220011E+15 1.00000019574E+00 3.40329640121E+25
 5.73322642384E+01 3.73219389843E+15 1.00000019640E+00 3.42296723160E+25
 5.76636409964E+01 3.76642673709E+15 1.00000019707E+00 3.44275175811E+25
 5.79969330907E+01 3.80097356994E+15 1.00000019773E+00 3.46265063789E+25
 5.83321515916E+01 3.83583727704E+15 1.00000019840E+00 3.48266453189E+25
 5.86693076338E+01 3.87102076487E+15 1.00000019907E+00 3.50279410488E+25
 5.90084124161E+01 3.90652696655E+15 1.00000019974E+00 3.52304002549E+25
 5.93494772020E+01 3.94235884211E+15 1.00000020041E+00 3.54340296620E+25
 5.96925133203E+01 3.97851937873E+15 1.00000020109E+00 3.56388360337E+25
 6.00375321651E+01 4.01501159100E+15 1.00000020177E+00 3.58448261728E+25
 6.03845451965E+01 4.05183852114E+15 1.00000020245E+00 3.60520069215E+25
 6.07335639407E+01 4.08900323930E+15 1.00000020313E+00 3.62603851613E+25
 6.10845999907E+01 4.12650884376E+15 1.00000020381E+00 3.64699678136E+25
 6.14376650063E+01 4.16435846125E+15 1.00000020450E+00 3.66807618400E+25
 6.17927707148E+01 4.20255524715E+15 1.00000020519E+00 3.68927742421E+25
 6.21499289113E+01 4.24110238581E+15 1.00000020588E+00 3.71060120620E+25
 6.25091514591E+01 4.28000309077E+15 1.00000020658E+00 3.73204823825E+25
 6.28704502899E+01 4.31926060504E+15 1.00000020727E+00 3.75361923274E+25
 6.32338374046E+01 4.35887820139E+15 1.00000020797E+00 3.77531490617E+25
 6.35993248732E+01 4.39885918262E+15 1.00000020868E+00 3.79713597917E+25
 6.39669248358E+01 4.43920688178E+15 1.00000020938E+00 3.81908317654E+25
 6.43366495023E+01 4.47992466255E+15 1.00000021009E+00 3.84115722728E+25
 6.47085111535E+01 4.52101591941E+15 1.00000021079E+00 3.86335886459E+25
 6.50825221409E+01 4.56248407801E+15 1.00000021151E+00 3.88568882590E+25
 6.54586948876E+01 4.60433259541E+15 1.00000021222E+00 3.90814785294E+25
 6.58370418885E+01 4.64656496037E+15 1.00000021293E+00 3.93073669167E+25
 6.62175757105E+01 4.68918469367E+15 1.00000021365E+00 3.95345609242E+25
 6.66003089933E+01 4.73219534837E+15 1.00000021437E+00 3.97630680981E+25
 6.69852544498E+01 4.77560051012E+15 1.00000021510E+00 3.99928960286E+25
 6.73724248660E+01 4.81940379745E+15 1.00000021582E+00 4.02240523494E+25
 6.77618331023E+01 4.86360886211E+15 1.00000021655E+00 4.04565447387E+25
 6.81534920929E+01 4.90821938931E+15 1.00000021728E+00 4.06903809187E+25
 6.85474148471E+01 4.95323909809E+15 1.00000021801E+00 4.09255686565E+25
 6.89436144493E+01 4.99867174159E+15 1.00000021875E+00 4.11621157641E+25
 6.93421040597E+01 5.04452110737E+15 1.00000021949E+00 4.14000300985E+25
 6.97428969141E+01 5.09079101773E+15 1.00000022023E+00 4.16393195621E+25
 7.01460063253E+01 5.13748533005E+15 1.00000022097E+00 4.18799921032E+25
 7.05514456829E+01 5.18460793706E+15 1.00000022171E+00 4.21220557158E+25
 7.09592284536E+01 5.23216276723E+15 1.00000022246E+00 4.23655184403E+25
 7.13693681824E+01 5.28015378503E+15 1.00000022321E+00 4.26103883633E+25
 7.17818784923E+01 5.32858499131E+15 1.00000022397E+00 4.28566736185E+25
 7.21967730851E+01 5.37746042362E+15 1.00000022472E+00 4.31043823864E+25
 7.26140657418E+01 5.42678415653E+15 1.00000022548E+00 4.33535228947E+25
 7.30337703231E+01 5.47656030201E+15 1.00000022624E+00 4.36041034188E+25
 7.34559007696E+01 5.52679300971E+15 1.00000022700E+00 4.38561322819E+25
 7.38804711029E+01 5.57748646737E+15 1.00000022777E+00 4.41096178554E+25
 7.43074954252E+01 5.62864490112E+15 1.00000022854E+00 4.43645685589E+25
 7.47369879204E+01 5.68027257588E+15 1.00000022931E+00 4.46209928608E+25
 7.51689628545E+01 5.73237379567E+15 1.00000023008E+00 4.48788992783E+25
 7.56034345758E+01 5.78495290398E+15 1.00000023086E+00 4.51382963781E+25
 7.60404175155E+01 5.83801428417E+15 1.00000023164E+00 4.53991927761E+25
 7.64799261884E+01 5.89156235977E+15 1.00000023242E+00 4.56615971382E+25
 7.69219751929E+01 5.94560159491E+15 1.00000023320E+00 4.59255181803E+25
 7.73665792121E+01 6.00013649466E+15 1.00000023399E+00 4.61909646688E+25
 7.78137530138E+01 6.05517160540E+15 1.00000023478E+00 4.64579454207E+25
 7.82635114511E+01 6.11071151523E+15 1.00000023557E+00 4.67264693037E+25
 7.87158694632E+01 6.16676085431E+15 1.00000023636E+00 4.69965452373E+25
 7.91708420752E+01 6.22332429530E+15 1.00000023716E+00 4.72681821921E+25
 7.96284443996E+01 6.28040655369E+15 1.00000023796E+00 4.75413891906E+25
 8.00886916358E+01 6.33801238824E+15 1.00000023876E+00 4.78161753078E+25
 8.05515990712E+01 6.39614660135E+15 1.00000023957E+00 4.80925496707E+25
 8.10171820817E+01 6.45481403947E+15 1.00000024038E+00 4.83705214593E+25
 8.14854561320E+01 6.51401959351E+15 1.00000024119E+00 4.86500999067E+25
 8.19564367759E+01 6.57376819923E+15 1.00000024200E+00 4.89312942992E+25
 8.24301396575E+01 6.63406483768E+15 1.00000024282E+00 4.92141139769E+25
 8.29065805112E+01 6.69491453557E+15 1.00000024364E+00 4.94985683338E+25
 8.33857751622E+01 6.75632236574E+15 1.00000024446E+00 4.97846668183E+25
 8.38677395273E+01 6.81829344755E+15 1.00000024528E+00 5.00724189332E+25
 8.43524896152E+01 6.88083294733E+15 1.00000024611E+00 5.03618342366E+25
 8.48400415274E+01 6.94394607877E+15 1.00000024694E+00 5.06529223415E+25
 8.53304114581E+01 7.00763810340E+15 1.00000024777E+00 5.09456929165E+25
 8.58236156953E+01 7.07191433102E+15 1.00000024861E+00 5.12401556863E+25
 8.63196706211E+01 7.13678012011E+15 1.00000024945E+00 5.15363204317E+25
 8.68185927124E+01 7.20224087831E+15 1.00000025029E+00 5.18341969899E+25
 8.73203985410E+01 7.26830206286E+15 1.00000025113E+00 5.21337952551E+25
 8.78251047750E+01 7.33496918107E+15 1.00000025198E+00 5.24351251786E+25
 8.83327281784E+01 7.40224779073E+15 1.00000025283E+00 5.27381967694E+25
 8.88432856122E+01 7.47014350065E+15 1.00000025368E+00 5.30430200941E+25
 8.93567940350E+01 7.53866197105E+15 1.00000025454E+00 5.33496052777E+25
 8.98732705034E+01 7.60780891409E+15 1.00000025540E+00 5.36579625036E+25
 9.03927321723E+01 7.67759009431E+15 1.00000025626E+00 5.39681020141E+25
 9.09151962962E+01 7.74801132913E+15 1.00000025712E+00 5.42800341106E+25
 9.14406802289E+01 7.81907848934E+15 1.00000025799E+00 5.45937691542E+25
 9.19692014248E+01 7.89079749955E+15 1.00000025886E+00 5.49093175659E+25
 9.25007774391E+01 7.96317433875E+15 1.00000025973E+00 5.52266898267E+25
 9.30354259285E+01 8.03621504074E+15 1.00000026061E+00 5.55458964784E+25
 9.35731646515E+01 8.10992569467E+15 1.00000026149E+00 5.58669481236E+25
 9.41140114697E+01 8.18431244556E+15 1.00000026237E+00 5.61898554263E+25
 9.46579843475E+01 8.25938149476E+15 1.00000026325E+00 5.65146291121E+25
 9.52051013535E+01 8.33513910055E+15 1.00000026414E+00 5.68412799686E+25
 9.57553806604E+01 8.41159157856E+15 1.00000026503E+00 5.71698188456E+25
 9.63088405462E+01 8.48874530239E+15 1.00000026593E+00 5.75002566558E+25
 9.68654993944E+01 8.56660670408E+15 1.00000026682E+00 5.78326043749E+25
 9.74253756947E+01 8.64518227466E+15 1.00000026772E+00 5.81668730421E+25
 9.79884880440E+01 8.72447856472E+15 1.00000026863E+00 5.85030737603E+25
 9.85548551463E+01 8.80450218491E+15 1.00000026953E+00 5.88412176966E+25
 9.91244958138E+01 8.88525980654E+15 1.00000027044E+00 5.91813160828E+25
 9.96974289677E+01 8.96675816210E+15 1.00000027135E+00 5.95233802153E+25
 1.00273673638E+02 9.04900404582E+15 1.00000027227E+00 5.98674214562E+25
 1.00853248966E+02 9.13200431426E+15 1.00000027319E+00 6.02134512329E+25
 1.01436174201E+02 9.21576588688E+15 1.00000027411E+00 6.05614810390E+25
 1.02022468707E+02 9.30029574660E+15 1.00000027503E+00 6.09115224347E+25
 1.02612151957E+02 9.38560094037E+15 1.00000027596E+00 6.12635870467E+25
 1.03205243538E+02 9.47168857981E+15 1.00000027689E+00 6.16176865691E+25
 1.03801763151E+02 9.55856584174E+15 1.00000027783E+00 6.19738327636E+25
 1.04401730608E+02 9.64623996884E+15 1.00000027876E+00 6.23320374597E+25
 1.05005165838E+02 9.73471827019E+15 1.00000027970E+00 6.26923125556E+25
 1.05612088885E+02 9.82400812193E+15 1.00000028065E+00 6.30546700179E+25
 1.06222519909E+02 9.91411696785E+15 1.00000028159E+00 6.34191218826E+25
 1.06836479184E+02 1.00050523200E+16 1.00000028254E+00 6.37856802553E+25
 1.07453987104E+02 1.00968217594E+16 1.00000028350E+00 6.41543573113E+25
 1.08075064180E+02 1.01894329365E+16 1.00000028445E+00 6.45251652966E+25
 1.08699731041E+02 1.02828935721E+16 1.00000028541E+00 6.48981165277E+25
 1.09328008437E+02 1.03772114575E+16 1.00000028637E+00 6.52732233926E+25
 1.09959917235E+02 1.04723944558E+16 1.00000028734E+00 6.56504983506E+25
 1.10595478426E+02 1.05684505020E+16 1.00000028831E+00 6.60299539332E+25
 1.11234713119E+02 1.06653876041E+16 1.00000028928E+00 6.64116027441E+25
 1.11877642548E+02 1.07632138433E+16 1.00000029026E+00 6.67954574602E+25
 1.12524288067E+02 1.08619373751E+16 1.00000029124E+00 6.71815308315E+25
 1.13174671156E+02 1.09615664296E+16 1.00000029222E+00 6.75698356815E+25
 1.13828813417E+02 1.10621093128E+16 1.00000029320E+00 6.79603849082E+25
 1.14486736578E+02 1.11635744064E+16 1.00000029419E+00 6.83531914838E+25
 1.15148462492E+02 1.12659701692E+16 1.00000029518E+00 6.87482684558E+25
 1.15814013140E+02 1.13693051378E+16 1.00000029618E+00 6.91456289467E+25
 1.16483410627E+02 1.14735879267E+16 1.00000029718E+00 6.95452861553E+25
 1.17156677189E+02 1.15788272296E+16 1.00000029818E+00 6.99472533564E+25
 1.17833835188E+02 1.16850318200E+16 1.00000029919E+00 7.03515439016E+25
 1.18514907117E+02 1.17922105518E+16 1.00000030020E+00 7.07581712196E+25
 1.19199915597E+02 1.19003723602E+16 1.00000030121E+00 7.11671488170E+25
 1.19888883383E+02 1.20095262621E+16 1.00000030223E+00 7.15784902781E+25
 1.20581833357E+02 1.21196813575E+16 1.00000030324E+00 7.19922092659E+25
 1.21278788538E+02 1.22308468295E+16 1.00000030427E+00 7.24083195224E+25
 1.21979772076E+02 1.23430319457E+16 1.00000030529E+00 7.28268348689E+25
 1.22684807252E+02 1.24562460585E+16 1.00000030632E+00 7.32477692067E+25
 1.23393917487E+02 1.25704986062E+16 1.00000030736E+00 7.36711365174E+25
 1.24107126333E+02 1.26857991137E+16 1.00000030839E+00 7.40969508635E+25
 1.24824457480E+02 1.28021571932E+16 1.00000030943E+00 7.45252263886E+25
 1.25545934755E+02 1.29195825450E+16 1.00000031048E+00 7.49559773182E+25
 1.26271582123E+02 1.30380849585E+16 1.00000031152E+00 7.53892179600E+25
 1.27001423685E+02 1.31576743129E+16 1.00000031257E+00 7.58249627043E+25
 1.27735483685E+02 1.32783605779E+16 1.00000031363E+00 7.62632260247E+25
 1.28473786504E+02 1.34001538147E+16 1.00000031469E+00 7.67040224785E+25
 1.29216356665E+02 1.35230641768E+16 1.00000031575E+00 7.71473667068E+25
 1.29963218835E+02 1.36471019108E+16 1.00000031681E+00 7.75932734358E+25
 1.30714397820E+02 1.37722773573E+16 1.00000031788E+00 7.80417574765E+25
 1.31469918571E+02 1.38986009518E+16 1.00000031895E+00 7.84928337256E+25
 1.32229806183E+02 1.40260832255E+16 1.00000032003E+00 7.89465171659E+25
 1.32994085897E+02 1.41547348060E+16 1.00000032111E+00 7.94028228667E+25
 1.33762783098E+02 1.42845664187E+16 1.00000032219E+00 7.98617659846E+25
 1.34535923319E+02 1.44155888872E+16 1.00000032328E+00 8.03233617638E+25
 1.35313532242E+02 1.45478131344E+16 1.00000032437E+00 8.07876255363E+25
 1.36095635694E+02 1.46812501833E+16 1.00000032546E+00 8.12545727230E+25
 1.36882259653E+02 1.48159111581E+16 1.00000032656E+00 8.17242188338E+25
 1.37673430248E+02 1.49518072852E+16 1.00000032766E+00 8.21965794685E+25
 1.38469173759E+02 1.50889498936E+16 1.00000032877E+00 8.26716703167E+25
 1.39269516615E+02 1.52273504165E+16 1.00000032988E+00 8.31495071589E+25
 1.40074485402E+02 1.53670203919E+16 1.00000033099E+00 8.36301058667E+25
 1.40884106857E+02 1.55079714635E+16 1.00000033211E+00 8.41134824037E+25
 1.41698407872E+02 1.56502153821E+16 1.00000033323E+00 8.45996528253E+25
 1.42517415494E+02 1.57937640059E+16 1.00000033435E+00 8.50886332802E+25
 1.43341156927E+02 1.59386293022E+16 1.00000033548E+00 8.55804400101E+25
 1.44169659533E+02 1.60848233479E+16 1.00000033661E+00 8.60750893507E+25
 1.45002950831E+02 1.62323583306E+16 1.00000033774E+00 8.65725977321E+25
 1.45841058499E+02 1.63812465499E+16 1.00000033888E+00 8.70729816794E+25
 1.46684010375E+02 1.65315004181E+16 1.00000034003E+00 8.75762578131E+25
 1.47531834459E+02 1.66831324613E+16 1.00000034117E+00 8.80824428499E+25
 1.48384558911E+02 1.68361553206E+16 1.00000034232E+00 8.85915536031E+25
 1.49242212056E+02 1.69905817530E+16 1.00000034348E+00 8.91036069832E+25
 1.50104822381E+02 1.71464246324E+16 1.00000034464E+00 8.96186199982E+25
 1.50972418539E+02 1.73036969510E+16 1.00000034580E+00 9.01366097548E+25
 1.51845029346E+02 1.74624118201E+16 1.00000034697E+00 9.06575934582E+25
 1.52722683788E+02 1.76225824710E+16 1.00000034814E+00 9.11815884134E+25
 1.53605411015E+02 1.77842222569E+16 1.00000034931E+00 9.17086120250E+25
 1.54493240350E+02 1.79473446529E+16 1.00000035049E+00 9.22386817987E+25
 1.55386201281E+02 1.81119632580E+16 1.00000035167E+00 9.27718153409E+25
 1.56284323469E+02 1.82780917960E+16 1.00000035286E+00 9.33080303601E+25
 1.57187636745E+02 1.84457441164E+16 1.00000035405E+00 9.38473446670E+25
 1.58096171114E+02 1.86149341959E+16 1.00000035524E+00 9.43897761754E+25
 1.59009956753E+02 1.87856761391E+16 1.00000035644E+00 9.49353429023E+25
 1.59929024015E+02 1.89579841804E+16 1.00000035764E+00 9.54840629691E+25
 1.60853403426E+02 1.91318726844E+16 1.00000035885E+00 9.60359546021E+25
 1.61783125691E+02 1.93073561476E+16 1.00000036006E+00 9.65910361325E+25
 1.62718221691E+02 1.94844491995E+16 1.00000036127E+00 9.71493259979E+25
 1.63658722486E+02 1.96631666037E+16 1.00000036249E+00 9.77108427421E+25
 1.64604659314E+02 1.98435232594E+16 1.00000036371E+00 9.82756050164E+25
 1.65556063597E+02 2.00255342021E+16 1.00000036494E+00 9.88436315796E+25
 1.66512966936E+02 2.02092146056E+16 1.00000036617E+00 9.94149412991E+25
 1.67475401114E+02 2.03945797827E+16 1.00000036741E+00 9.99895531515E+25
 1.68443398100E+02 2.05816451866E+16 1.00000036865E+00 1.00567486223E+26
 1.69416990047E+02 2.07704264124E+16 1.00000036989E+00 1.01148759709E+26
 1.70396209292E+02 2.09609391980E+16 1.00000037114E+00 1.01733392919E+26
 1.71381088362E+02 2.11531994259E+16 1.00000037239E+00 1.02321405269E+26
 1.72371659970E+02 2.13472231242E+16 1.00000037365E+00 1.02912816293E+26
 1.73367957018E+02 2.15430264680E+16 1.00000037491E+00 1.03507645634E+26
 1.74370012599E+02 2.17406257807E+16 1.00000037617E+00 1.04105913050E+26
 1.75377859997E+02 2.19400375355E+16 1.00000037744E+00 1.04707638412E+26
 1.76391532688E+02 2.21412783566E+16 1.00000037871E+00 1.05312841707E+26
 1.77411064342E+02 2.23443650210E+16 1.00000037999E+00 1.05921543037E+26
 1.78436488824E+02 2.25493144591E+16 1.00000038127E+00 1.06533762622E+26
 1.79467840193E+02 2.27561437570E+16 1.00000038256E+00 1.07149520795E+26
 1.80505152707E+02 2.29648701573E+16 1.00000038385E+00 1.07768838011E+26
 1.81548460821E+02 2.31755110608E+16 1.00000038514E+00 1.08391734839E+26
 1.82597799189E+02 2.33880840279E+16 1.00000038644E+00 1.09018231970E+26
 1.83653202666E+02 2.36026067801E+16 1.00000038774E+00 1.09648350214E+26
 1.84714706306E+02 2.38190972015E+16 1.00000038905E+00 1.10282110500E+26
 1.85782345370E+02 2.40375733400E+16 1.00000039036E+00 1.10919533879E+26
 1.86856155319E+02 2.42580534094E+16 1.00000039168E+00 1.11560641523E+26
 1.87936171821E+02 2.44805557903E+16 1.00000039300E+00 1.12205454728E+26
 1.89022430748E+02 2.47050990320E+16 1.00000039433E+00 1.12853994910E+26
 1.90114968183E+02 2.49317018538E+16 1.00000039566E+00 1.13506283613E+26
 1.91213820414E+02 2.51603831469E+16 1.00000039699E+00 1.14162342501E+26
 1.92319023940E+02 2.53911619757E+16 1.00000039833E+00 1.14822193367E+26
 1.93430615472E+02 2.56240575794E+16 1.00000039967E+00 1.15485858128E+26
 1.94548631932E+02 2.58590893737E+16 1.00000040102E+00 1.16153358827E+26
 1.95673110455E+02 2.60962769525E+16 1.00000040238E+00 1.16824717637E+26
 1.96804088392E+02 2.63356400892E+16 1.00000040373E+00 1.17499956857E+26
 1.97941603309E+02 2.65771987388E+16 1.00000040509E+00 1.18179098915E+26
 1.99085692989E+02 2.68209730391E+16 1.00000040646E+00 1.18862166370E+26
 2.00236395435E+02 2.70669833128E+16 1.00000040783E+00 1.19549181910E+26
 2.01393748866E+02 2.73152500690E+16 1.00000040921E+00 1.20240168355E+26
 2.02557791727E+02 2.75657940047E+16 1.00000041059E+00 1.20935148657E+26
 2.03728562680E+02 2.78186360071E+16 1.00000041197E+00 1.21634145899E+26
 2.04906100615E+02 2.80737971546E+16 1.00000041336E+00 1.22337183299E+26
 2.06090444643E+02 2.83312987192E+16 1.00000041476E+00 1.23044284209E+26
 2.07281634104E+02 2.85911621680E+16 1.00000041615E+00 1.23755472117E+26
 2.08479708564E+02 2.88534091648E+16 1.00000041756E+00 1.24470770644E+26
 2.09684707817E+02 2.91180615723E+16 1.00000041897E+00 1.25190203549E+26
 2.10896671889E+02 2.93851414537E+16 1.00000042038E+00 1.25913794730E+26
 2.12115641036E+02 2.96546710744E+16 1.00000042180E+00 1.26641568221E+26
 2.13341655746E+02 2.99266729044E+16 1.00000042322E+00 1.27373548194E+26
 2.14574756743E+02 3.02011696194E+16 1.00000042465E+00 1.28109758964E+26
 2.15814984985E+02 3.04781841033E+16 1.00000042608E+00 1.28850224984E+26
 2.17062381666E+02 3.07577394499E+16 1.00000042752E+00 1.29594970849E+26
 2.18316988221E+02 3.10398589647E+16 1.00000042896E+00 1.30344021296E+26
 2.19578846320E+02 3.13245661672E+16 1.00000043041E+00 1.31097401206E+26
 2.20847997880E+02 3.16118847922E+16 1.00000043186E+00 1.31855135603E+26
 2.22124485053E+02 3.19018387928E+16 1.00000043331E+00 1.32617249654E+26
 2.23408350241E+02 3.21944523412E+16 1.00000043478E+00 1.33383768675E+26
 2.24699636088E+02 3.24897498318E+16 1.00000043624E+00 1.34154718126E+26
 2.25998385484E+02 3.27877558824E+16 1.00000043771E+00 1.34930123614E+26
 2.27304641569E+02 3.30884953368E+16 1.00000043919E+00 1.35710010895E+26
 2.28618447730E+02 3.33919932667E+16 1.00000044067E+00 1.36494405874E+26
 2.29939847606E+02 3.36982749736E+16 1.00000044216E+00 1.37283334604E+26
 2.31268885090E+02 3.40073659912E+16 1.00000044365E+00 1.38076823290E+26
 2.32605604325E+02 3.43192920874E+16 1.00000044515E+00 1.38874898289E+26
 2.33950049712E+02 3.46340792664E+16 1.00000044665E+00 1.39677586110E+26
 2.35302265907E+02 3.49517537709E+16 1.00000044815E+00 1.40484913413E+26
 2.36662297825E+02 3.52723420843E+16 1.00000044966E+00 1.41296907016E+26
 2.38030190641E+02 3.55958709331E+16 1.00000045118E+00 1.42113593888E+26
 2.39405989790E+02 3.59223672888E+16 1.00000045270E+00 1.42935001157E+26
 2.40789740970E+02 3.62518583701E+16 1.00000045423E+00 1.43761156106E+26
 2.42181490143E+02 3.65843716457E+16 1.00000045576E+00 1.44592086177E+26
 2.43581283538E+02 3.69199348361E+16 1.00000045730E+00 1.45427818969E+26
 2.44989167649E+02 3.72585759160E+16 1.00000045884E+00 1.46268382242E+26
 2.46405189240E+02 3.76003231169E+16 1.00000046039E+00 1.47113803916E+26
 2.47829395345E+02 3.79452049289E+16 1.00000046194E+00 1.47964112071E+26
 2.49261833271E+02 3.82932501037E+16 1.00000046350E+00 1.48819334953E+26
 2.50702550596E+02 3.86444876567E+16 1.00000046506E+00 1.49679500966E+26
 2.52151595176E+02 3.89989468694E+16 1.00000046663E+00 1.50544638682E+26
 2.53609015140E+02 3.93566572918E+16 1.00000046821E+00 1.51414776838E+26
 2.55074858899E+02 3.97176487449E+16 1.00000046979E+00 1.52289944336E+26
 2.56549175141E+02 4.00819513235E+16 1.00000047137E+00 1.53170170244E+26
 2.58032012837E+02 4.04495953983E+16 1.00000047296E+00 1.54055483801E+26
 2.59523421240E+02 4.08206116184E+16 1.00000047456E+00 1.54945914412E+26
 2.61023449889E+02 4.11950309141E+16 1.00000047616E+00 1.55841491653E+26
 2.62532148607E+02 4.15728844997E+16 1.00000047776E+00 1.56742245272E+26
 2.64049567507E+02 4.19542038754E+16 1.00000047937E+00 1.57648205189E+26
 2.65575756992E+02 4.23390208305E+16 1.00000048099E+00 1.58559401494E+26
 2.67110767754E+02 4.27273674460E+16 1.00000048261E+00 1.59475864454E+26
 2.68654650781E+02 4.31192760970E+16 1.00000048424E+00 1.60397624510E+26
 2.70207457353E+02 4.35147794555E+16 1.00000048587E+00 1.61324712279E+26
 2.71769239049E+02 4.39139104933E+16 1.00000048751E+00 1.62257158555E+26
 2.73340047742E+02 4.43167024846E+16 1.00000048916E+00 1.63194994309E+26
 2.74919935610E+02 4.47231890089E+16 1.00000049081E+00 1.64138250692E+26
 2.76508955128E+02 4.51334039535E+16 1.00000049246E+00 1.65086959036E+26
 2.78107159078E+02 4.55473815167E+16 1.00000049412E+00 1.66041150851E+26
 2.79714600545E+02 4.59651562103E+16 1.00000049579E+00 1.67000857833E+26
 2.81331332922E+02 4.63867628629E+16 1.00000049746E+00 1.67966111858E+26
 2.82957409908E+02 4.68122366222E+16 1.00000049914E+00 1.68936944989E+26
 2.84592885515E+02 4.72416129587E+16 1.00000050082E+00 1.69913389471E+26
 2.86237814067E+02 4.76749276680E+16 1.00000050251E+00 1.70895477738E+26
 2.87892250202E+02 4.81122168740E+16 1.00000050421E+00 1.71883242412E+26
 2.89556248871E+02 4.85535170321E+16 1.00000050591E+00 1.72876716300E+26
 2.91229865347E+02 4.89988649320E+16 1.00000050761E+00 1.73875932403E+26
 2.92913155220E+02 4.94482977007E+16 1.00000050933E+00 1.74880923909E+26
 2.94606174400E+02 4.99018528061E+16 1.00000051104E+00 1.75891724200E+26
 2.96308979124E+02 5.03595680594E+16 1.00000051277E+00 1.76908366851E+26
 2.98021625950E+02 5.08214816188E+16 1.00000051450E+00 1.77930885630E+26
 2.99744171766E+02 5.12876319924E+16 1.00000051623E+00 1.78959314501E+26
 3.01476673787E+02 5.17580580417E+16 1.00000051797E+00 1.79993687622E+26
 3.03219189559E+02 5.22327989844E+16 1.00000051972E+00 1.81034039353E+26
 3.04971776961E+02 5.27118943982E+16 1.00000052147E+00 1.82080404249E+26
 3.06734494207E+02 5.31953842235E+16 1.00000052323E+00 1.83132817065E+26
 3.08507399847E+02 5.36833087672E+16 1.00000052500E+00 1.84191312759E+26
 3.10290552768E+02 5.41757087061E+16 1.00000052677E+00 1.85255926488E+26
 3.12084012199E+02 5.46726250897E+16 1.00000052855E+00 1.86326693615E+26
 3.13887837711E+02 5.51740993443E+16 1.00000053033E+00 1.87403649706E+26
 3.15702089221E+02 5.56801732762E+16 1.00000053212E+00 1.88486830533E+26
 3.17526826988E+02 5.61908890749E+16 1.00000053391E+00 1.89576272074E+26
 3.19362111624E+02 5.67062893172E+16 1.00000053571E+00 1.90672010515E+26
 3.21208004088E+02 5.72264169701E+16 1.00000053752E+00 1.91774082254E+26
 3.23064565693E+02 5.77513153950E+16 1.00000053933E+00 1.92882523894E+26
 3.24931858106E+02 5.82810283509E+16 1.00000054115E+00 1.93997372255E+26
 3.26809943350E+02 5.88155999981E+16 1.00000054298E+00 1.95118664366E+26
 3.28698883807E+02 5.93550749020E+16 1.00000054481E+00 1.96246437473E+26
 3.30598742220E+02 5.98994980370E+16 1.00000054665E+00 1.97380729034E+26
 3.32509581694E+02 6.04489147895E+16 1.00000054849E+00 1.98521576725E+26
 3.34431465698E+02 6.10033709627E+16 1.00000055034E+00 1.99669018442E+26
 3.36364458070E+02 6.15629127797E+16 1.00000055220E+00 2.00823092297E+26
 3.38308623015E+02 6.21275868876E+16 1.00000055406E+00 2.01983836624E+26
 3.40264025109E+02 6.26974403614E+16 1.00000055593E+00 2.03151289976E+26
 3.42230729304E+02 6.32725207077E+16 1.00000055780E+00 2.04325491133E+26
 3.44208800923E+02 6.38528758692E+16 1.00000055968E+00 2.05506479095E+26
 3.46198305671E+02 6.44385542280E+16 1.00000056157E+00 2.06694293090E+26
 3.48199309629E+02 6.50296046101E+16 1.00000056347E+00 2.07888972573E+26
 3.50211879264E+02 6.56260762894E+16 1.00000056537E+00 2.09090557224E+26
 3.52236081423E+02 6.62280189918E+16 1.00000056727E+00 2.10299086957E+26
 3.54271983341E+02 6.68354828991E+16 1.00000056919E+00 2.11514601912E+26
 3.56319652644E+02 6.74485186535E+16 1.00000057111E+00 2.12737142463E+26
 3.58379157345E+02 6.80671773618E+16 1.00000057303E+00 2.13966749220E+26
 3.60450565852E+02 6.86915105995E+16 1.00000057496E+00 2.15203463023E+26
 3.62533946969E+02 6.93215704150E+16 1.00000057690E+00 2.16447324950E+26
 3.64629369896E+02 6.99574093343E+16 1.00000057885E+00 2.17698376318E+26
 3.66736904235E+02 7.05990803652E+16 1.00000058080E+00 2.18956658681E+26
 3.68856619989E+02 7.12466370015E+16 1.00000058276E+00 2.20222213834E+26
 3.70988587565E+02 7.19001332280E+16 1.00000058473E+00 2.21495083813E+26
 3.73132877778E+02 7.25596235242E+16 1.00000058670E+00 2.22775310897E+26
 3.75289561853E+02 7.32251628698E+16 1.00000058868E+00 2.24062937610E+26
 3.77458711424E+02 7.38968067484E+16 1.00000059066E+00 2.25358006720E+26
 3.79640398543E+02 7.45746111528E+16 1.00000059266E+00 2.26660561246E+26
 3.81834695674E+02 7.52586325891E+16 1.00000059465E+00 2.27970644451E+26
 3.84041675704E+02 7.59489280820E+16 1.00000059666E+00 2.29288299851E+26
 3.86261411939E+02 7.66455551790E+16 1.00000059867E+00 2.30613571214E+26
 3.88493978107E+02 7.73485719555E+16 1.00000060069E+00 2.31946502558E+26
 3.90739448367E+02 7.80580370196E+16 1.00000060272E+00 2.33287138158E+26
 3.92997897303E+02 7.87740095172E+16 1.00000060475E+00 2.34635522544E+26
 3.95269399930E+02 7.94965491363E+16 1.00000060679E+00 2.35991700504E+26
 3.97554031698E+02 8.02257161126E+16 1.00000060884E+00 2.37355717083E+26
 3.99851868493E+02 8.09615712343E+16 1.00000061089E+00 2.38727617589E+26
 4.02162986639E+02 8.17041758471E+16 1.00000061295E+00 2.40107447590E+26
 4.04487462901E+02 8.24535918596E+16 1.00000061502E+00 2.41495252918E+26
 4.06825374489E+02 8.32098817478E+16 1.00000061709E+00 2.42891079670E+26
 4.09176799058E+02 8.39731085612E+16 1.00000061917E+00 2.44294974209E+26
 4.11541814711E+02 8.47433359274E+16 1.00000062126E+00 2.45706983167E+26
 4.13920500006E+02 8.55206280576E+16 1.00000062336E+00 2.47127153444E+26
 4.16312933950E+02 8.63050497520E+16 1.00000062546E+00 2.48555532212E+26
 4.18719196011E+02 8.70966664052E+16 1.00000062757E+00 2.49992166916E+26
 4.21139366115E+02 8.78955440116E+16 1.00000062969E+00 2.51437105275E+26
 4.23573524648E+02 8.87017491708E+16 1.00000063181E+00 2.52890395283E+26
 4.26021752464E+02 8.95153490936E+16 1.00000063394E+00 2.54352085211E+26
 4.28484130881E+02 9.03364116069E+16 1.00000063608E+00 2.55822223612E+26
 4.30960741690E+02 9.11650051599E+16 1.00000063823E+00 2.57300859317E+26
 4.33451667152E+02 9.20011988297E+16 1.00000064038E+00 2.58788041439E+26
 4.35956990006E+02 9.28450623269E+16 1.00000064254E+00 2.60283819377E+26
 4.38476793468E+02 9.36966660015E+16 1.00000064471E+00 2.61788242813E+26
 4.41011161234E+02 9.45560808488E+16 1.00000064688E+00 2.63301361718E+26
 4.43560177485E+02 9.54233785154E+16 1.00000064906E+00 2.64823226351E+26
 4.46123926889E+02 9.62986313048E+16 1.00000065125E+00 2.66353887262E+26
 4.48702494602E+02 9.71819121839E+16 1.00000065345E+00 2.67893395293E+26
 4.51295966274E+02 9.80732947890E+16 1.00000065565E+00 2.69441801580E+26
 4.53904428048E+02 9.89728534314E+16 1.00000065786E+00 2.70999157554E+26
 4.56527966565E+02 9.98806631044E+16 1.00000066008E+00 2.72565514943E+26
 4.59166668970E+02 1.00796799489E+17 1.00000066231E+00 2.74140925776E+26
 4.61820622908E+02 1.01721338960E+17 1.00000066454E+00 2.75725442379E+26
 4.64489916532E+02 1.02654358594E+17 1.00000066678E+00 2.77319117386E+26
 4.67174638504E+02 1.03595936173E+17 1.00000066903E+00 2.78922003729E+26
 4.69874877999E+02 1.04546150193E+17 1.00000067129E+00 2.80534154650E+26
 4.72590724708E+02 1.05505079870E+17 1.00000067355E+00 2.82155623699E+26
 4.75322268840E+02 1.06472805148E+17 1.00000067583E+00 2.83786464732E+26
 4.78069601124E+02 1.07449406701E+17 1.00000067810E+00 2.85426731919E+26
 4.80832812815E+02 1.08434965947E+17 1.00000068039E+00 2.87076479744E+26
 4.83611995695E+02 1.09429565047E+17 1.00000068269E+00 2.88735763003E+26
 4.86407242077E+02 1.10433286918E+17 1.00000068499E+00 2.90404636811E+26
 4.89218644806E+02 1.11446215238E+17 1.00000068730E+00 2.92083156600E+26
 4.92046297265E+02 1.12468434449E+17 1.00000068962E+00 2.93771378123E+26
 4.94890293377E+02 1.13500029772E+17 1.00000069194E+00 2.95469357456E+26
 4.97750727608E+02 1.14541087207E+17 1.00000069428E+00 2.97177150999E+26
 5.00627694967E+02 1.15591693543E+17 1.00000069662E+00 2.98894815477E+26
 5.03521291016E+02 1.16651936366E+17 1.00000069897E+00 3.00622407942E+26
 5.06431611868E+02 1.17721904065E+17 1.00000070133E+00 3.02359985780E+26
 5.09358754191E+02 1.18801685838E+17 1.00000070369E+00 3.04107606703E+26
 5.12302815212E+02 1.19891371705E+17 1.00000070607E+00 3.05865328761E+26
 5.15263892719E+02 1.20991052508E+17 1.00000070845E+00 3.07633210337E+26
 5.18242085068E+02 1.22100819924E+17 1.00000071084E+00 3.09411310153E+26
 5.21237491181E+02 1.23220766471E+17 1.00000071323E+00 3.11199687270E+26
 5.24250210553E+02 1.24350985514E+17 1.00000071564E+00 3.12998401089E+26
 5.27280343252E+02 1.25491571276E+17 1.00000071805E+00 3.14807511356E+26
 5.30327989928E+02 1.26642618845E+17 1.00000072048E+00 3.16627078162E+26
 5.33393251809E+02 1.27804224178E+17 1.00000072291E+00 3.18457161946E+26
 5.36476230711E+02 1.28976484115E+17 1.00000072534E+00 3.20297823493E+26
 5.39577029036E+02 1.30159496384E+17 1.00000072779E+00 3.22149123944E+26
 5.42695749780E+02 1.31353359608E+17 1.00000073024E+00 3.24011124791E+26
 5.45832496534E+02 1.32558173315E+17 1.00000073271E+00 3.25883887880E+26
 5.48987373487E+02 1.33774037946E+17 1.00000073518E+00 3.27767475417E+26
 5.52160485429E+02 1.35001054865E+17 1.00000073766E+00 3.29661949968E+26
 5.55351937759E+02 1.36239326363E+17 1.00000074015E+00 3.31567374457E+26
 5.58561836483E+02 1.37488955670E+17 1.00000074264E+00 3.33483812174E+26
 5.61790288219E+02 1.38750046965E+17 1.00000074515E+00 3.35411326777E+26
 5.65037400202E+02 1.40022705380E+17 1.00000074766E+00 3.37349982287E+26
 5.68303280289E+02 1.41307037012E+17 1.00000075018E+00 3.39299843100E+26
 5.71588036957E+02 1.42603148932E+17 1.00000075271E+00 3.41260973980E+26
 5.74891779312E+02 1.43911149191E+17 1.00000075525E+00 3.43233440068E+26
 5.78214617090E+02 1.45231146835E+17 1.00000075780E+00 3.45217306881E+26
 5.81556660661E+02 1.46563251905E+17 1.00000076036E+00 3.47212640315E+26
 5.84918021034E+02 1.47907575456E+17 1.00000076292E+00 3.49219506645E+26
 5.88298809859E+02 1.49264229559E+17 1.00000076549E+00 3.51237972531E+26
 5.91699139430E+02 1.50633327314E+17 1.00000076808E+00 3.53268105018E+26
 5.95119122693E+02 1.52014982858E+17 1.00000077067E+00 3.55309971538E+26
 5.98558873243E+02 1.53409311374E+17 1.00000077327E+00 3.57363639912E+26
 6.02018505336E+02 1.54816429104E+17 1.00000077587E+00 3.59429178356E+26
 6.05498133885E+02 1.56236453353E+17 1.00000077849E+00 3.61506655476E+26
 6.08997874468E+02 1.57669502504E+17 1.00000078112E+00 3.63596140278E+26
 6.12517843332E+02 1.59115696026E+17 1.00000078375E+00 3.65697702165E+26
 6.16058157395E+02 1.60575154483E+17 1.00000078639E+00 3.67811410943E+26
 6.19618934251E+02 1.62047999546E+17 1.00000078905E+00 3.69937336819E+26
 6.23200292174E+02 1.63534353999E+17 1.00000079171E+00 3.72075550407E+26
 6.26802350120E+02 1.65034341756E+17 1.00000079438E+00 3.74226122730E+26
 6.30425227735E+02 1.66548087866E+17 1.00000079706E+00 3.76389125220E+26
 6.34069045356E+02 1.68075718523E+17 1.00000079975E+00 3.78564629723E+26
 6.37733924013E+02 1.69617361083E+17 1.00000080244E+00 3.80752708499E+26
 6.41419985440E+02 1.71173144065E+17 1.00000080515E+00 3.82953434228E+26
 6.45127352070E+02 1.72743197171E+17 1.00000080787E+00 3.85166880007E+26
 6.48856147046E+02 1.74327651290E+17 1.00000081059E+00 3.87393119358E+26
 6.52606494224E+02 1.75926638514E+17 1.00000081332E+00 3.89632226226E+26
 6.56378518173E+02 1.77540292144E+17 1.00000081607E+00 3.91884274986E+26
 6.60172344185E+02 1.79168746704E+17 1.00000081882E+00 3.94149340440E+26
 6.63988098272E+02 1.80812137955E+17 1.00000082158E+00 3.96427497824E+26
 6.67825907179E+02 1.82470602899E+17 1.00000082435E+00 3.98718822809E+26
 6.71685898381E+02 1.84144279797E+17 1.00000082713E+00 4.01023391502E+26
 6.75568200091E+02 1.85833308178E+17 1.00000082992E+00 4.03341280451E+26
 6.79472941260E+02 1.87537828851E+17 1.00000083272E+00 4.05672566647E+26
 6.83400251590E+02 1.89257983916E+17 1.00000083553E+00 4.08017327524E+26
 6.87350261527E+02 1.90993916775E+17 1.00000083835E+00 4.10375640966E+26
 6.91323102274E+02 1.92745772149E+17 1.00000084118E+00 4.12747585304E+26
 6.95318905791E+02 1.94513696083E+17 1.00000084401E+00 4.15133239326E+26
 6.99337804803E+02 1.96297835962E+17 1.00000084686E+00 4.17532682272E+26
 7.03379932800E+02 1.98098340526E+17 1.00000084972E+00 4.19945993841E+26
 7.07445424044E+02 1.99915359875E+17 1.00000085258E+00 4.22373254193E+26
 7.11534413572E+02 2.01749045489E+17 1.00000085546E+00 4.24814543951E+26
 7.15647037204E+02 2.03599550235E+17 1.00000085834E+00 4.27269944204E+26
 7.19783431543E+02 2.05467028384E+17 1.00000086124E+00 4.29739536509E+26
 7.23943733983E+02 2.07351635621E+17 1.00000086414E+00 4.32223402897E+26
 7.28128082711E+02 2.09253529059E+17 1.00000086706E+00 4.34721625869E+26
 7.32336616713E+02 2.11172867253E+17 1.00000086998E+00 4.37234288407E+26
 7.36569475778E+02 2.13109810212E+17 1.00000087292E+00 4.39761473970E+26
 7.40826800504E+02 2.15064519412E+17 1.00000087586E+00 4.42303266500E+26
 7.45108732301E+02 2.17037157810E+17 1.00000087882E+00 4.44859750424E+26
 7.49415413396E+02 2.19027889858E+17 1.00000088178E+00 4.47431010658E+26
 7.53746986839E+02 2.21036881518E+17 1.00000088475E+00 4.50017132608E+26
 7.58103596506E+02 2.23064300271E+17 1.00000088774E+00 4.52618202173E+26
 7.62485387104E+02 2.25110315137E+17 1.00000089073E+00 4.55234305750E+26
 7.66892504179E+02 2.27175096686E+17 1.00000089374E+00 4.57865530235E+26
 7.71325094114E+02 2.29258817050E+17 1.00000089675E+00 4.60511963025E+26
 7.75783304143E+02 2.31361649944E+17 1.00000089978E+00 4.63173692023E+26
 7.80267282348E+02 2.33483770672E+17 1.00000090281E+00 4.65850805640E+26
 7.84777177667E+02 2.35625356148E+17 1.00000090586E+00 4.68543392799E+26
 7.89313139900E+02 2.37786584910E+17 1.00000090891E+00 4.71251542936E+26
 7.93875319711E+02 2.39967637132E+17 1.00000091198E+00 4.73975346003E+26
 7.98463868637E+02 2.42168694641E+17 1.00000091505E+00 4.76714892473E+26
 8.03078939089E+02 2.44389940931E+17 1.00000091814E+00 4.79470273342E+26
 8.07720684361E+02 2.46631561180E+17 1.00000092124E+00 4.82241580133E+26
 8.12389258631E+02 2.48893742264E+17 1.00000092434E+00 4.85028904895E+26
 8.17084816970E+02 2.51176672774E+17 1.00000092746E+00 4.87832340213E+26
 8.21807515343E+02 2.53480543030E+17 1.00000093059E+00 4.90651979202E+26
 8.26557510618E+02 2.55805545098E+17 1.00000093373E+00 4.93487915521E+26
 8.31334960570E+02 2.58151872805E+17 1.00000093688E+00 4.96340243365E+26
 8.36140023885E+02 2.60519721756E+17 1.00000094004E+00 4.99209057478E+26
 8.40972860167E+02 2.62909289352E+17 1.00000094321E+00 5.02094453149E+26
 8.45833629942E+02 2.65320774802E+17 1.00000094639E+00 5.04996526218E+26
 8.50722494663E+02 2.67754379143E+17 1.00000094958E+00 5.07915373079E+26
 8.55639616718E+02 2.70210305258E+17 1.00000095278E+00 5.10851090684E+26
 8.60585159432E+02 2.72688757888E+17 1.00000095600E+00 5.13803776544E+26
 8.65559287076E+02 2.75189943653E+17 1.00000095922E+00 5.16773528736E+26
 8.70562164868E+02 2.77714071068E+17 1.00000096246E+00 5.19760445900E+26
 8.75593958982E+02 2.80261350562E+17 1.00000096570E+00 5.22764627251E+26
 8.80654836554E+02 2.82831994493E+17 1.00000096896E+00 5.25786172572E+26
 8.85744965683E+02 2.85426217167E+17 1.00000097223E+00 5.28825182228E+26
 8.90864515441E+02 2.88044234854E+17 1.00000097551E+00 5.31881757161E+26
 8.96013655880E+02 2.90686265811E+17 1.00000097880E+00 5.34955998897E+26
 9.01192558030E+02 2.93352530294E+17 1.00000098210E+00 5.38048009549E+26
 9.06401393912E+02 2.96043250581E+17 1.00000098541E+00 5.41157891820E+26
 9.11640336542E+02 2.98758650988E+17 1.00000098874E+00 5.44285749007E+26
 9.16909559936E+02 3.01498957889E+17 1.00000099207E+00 5.47431685004E+26
 9.22209239113E+02 3.04264399734E+17 1.00000099542E+00 5.50595804304E+26
 9.27539550107E+02 3.07055207068E+17 1.00000099878E+00 5.53778212008E+26
 9.32900669967E+02 3.09871612551E+17 1.00000100214E+00 5.56979013819E+26
 9.38292776768E+02 3.12713850978E+17 1.00000100552E+00 5.60198316055E+26
 9.43716049611E+02 3.15582159296E+17 1.00000100892E+00 5.63436225648E+26
 9.49170668634E+02 3.18476776627E+17 1.00000101232E+00 5.66692850146E+26
 9.54656815018E+02 3.21397944285E+17 1.00000101573E+00 5.69968297720E+26
 9.60174670987E+02 3.24345905798E+17 1.00000101916E+00 5.73262677167E+26
 9.65724419821E+02 3.27320906926E+17 1.00000102260E+00 5.76576097912E+26
 9.71306245859E+02 3.30323195687E+17 1.00000102605E+00 5.79908670011E+26
 9.76920334506E+02 3.33353022370E+17 1.00000102951E+00 5.83260504159E+26
 9.82566872238E+02 3.36410639563E+17 1.00000103298E+00 5.86631711689E+26
 9.88246046607E+02 3.39496302167E+17 1.00000103646E+00 5.90022404578E+26
 9.93958046253E+02 3.42610267425E+17 1.00000103996E+00 5.93432695449E+26
 9.99703060903E+02 3.45752794936E+17 1.00000104347E+00 5.96862697579E+26
 1.00548128138E+03 3.48924146684E+17 1.00000104699E+00 6.00312524896E+26
 1.01129289962E+03 3.52124587052E+17 1.00000105052E+00 6.03782291990E+26
 1.01713810864E+03 3.55354382851E+17 1.00000105406E+00 6.07272114110E+26
 1.02301710262E+03 3.58613803338E+17 1.00000105762E+00 6.10782107173E+26
 1.02893007682E+03 3.61903120239E+17 1.00000106118E+00 6.14312387767E+26
 1.03487722764E+03 3.65222607773E+17 1.00000106476E+00 6.17863073151E+26
 1.04085875262E+03 3.68572542676E+17 1.00000106835E+00 6.21434281265E+26
 1.04687485045E+03 3.71953204219E+17 1.00000107196E+00 6.25026130727E+26
 1.05292572096E+03 3.75364874238E+17 1.00000107557E+00 6.28638740845E+26
 1.05901156512E+03 3.78807837151E+17 1.00000107920E+00 6.32272231612E+26
 1.06513258508E+03 3.82282379986E+17 1.00000108284E+00 6.35926723718E+26
 1.07128898416E+03 3.85788792404E+17 1.00000108649E+00 6.39602338549E+26
 1.07748096685E+03 3.89327366723E+17 1.00000109016E+00 6.43299198193E+26
 1.08370873881E+03 3.92898397943E+17 1.00000109383E+00 6.47017425444E+26
 1.08997250691E+03 3.96502183767E+17 1.00000109752E+00 6.50757143805E+26
 1.09627247921E+03 4.00139024630E+17 1.00000110123E+00 6.54518477493E+26
 1.10260886496E+03 4.03809223725E+17 1.00000110494E+00 6.58301551444E+26
 1.10898187462E+03 4.07513087024E+17 1.00000110867E+00 6.62106491315E+26
 1.11539171989E+03 4.11250923303E+17 1.00000111241E+00 6.65933423489E+26
 1.12183861366E+03 4.15023044175E+17 1.00000111616E+00 6.69782475080E+26
 1.12832277009E+03 4.18829764109E+17 1.00000111992E+00 6.73653773937E+26
 1.13484440454E+03 4.22671400456E+17 1.00000112370E+00 6.77547448649E+26
 1.14140373363E+03 4.26548273483E+17 1.00000112749E+00 6.81463628545E+26
 1.14800097524E+03 4.30460706390E+17 1.00000113129E+00 6.85402443705E+26
 1.15463634851E+03 4.34409025343E+17 1.00000113511E+00 6.89364024959E+26
 1.16131007382E+03 4.38393559501E+17 1.00000113894E+00 6.93348503893E+26
 1.16802237285E+03 4.42414641041E+17 1.00000114278E+00 6.97356012854E+26
 1.17477346856E+03 4.46472605187E+17 1.00000114663E+00 7.01386684955E+26
 1.18156358518E+03 4.50567790237E+17 1.00000115050E+00 7.05440654076E+26
 1.18839294826E+03 4.54700537592E+17 1.00000115438E+00 7.09518054874E+26
 1.19526178464E+03 4.58871191787E+17 1.00000115827E+00 7.13619022781E+26
 1.20217032247E+03 4.63080100514E+17 1.00000116218E+00 7.17743694015E+26
 1.20911879122E+03 4.67327614656E+17 1.00000116610E+00 7.21892205578E+26
 1.21610742170E+03 4.71614088313E+17 1.00000117003E+00 7.26064695266E+26
 1.22313644603E+03 4.75939878835E+17 1.00000117398E+00 7.30261301672E+26
 1.23020609769E+03 4.80305346848E+17 1.00000117794E+00 7.34482164188E+26
 1.23731661150E+03 4.84710856285E+17 1.00000118191E+00 7.38727423013E+26
 1.24446822364E+03 4.89156774420E+17 1.00000118590E+00 7.42997219156E+26
 1.25166117166E+03 4.93643471893E+17 1.00000118990E+00 7.47291694441E+26
 1.25889569448E+03 4.98171322746E+17 1.00000119391E+00 7.51610991512E+26
 1.26617203240E+03 5.02740704449E+17 1.00000119794E+00 7.55955253838E+26
 1.27349042710E+03 5.07351997937E+17 1.00000120198E+00 7.60324625715E+26
 1.28085112167E+03 5.12005587637E+17 1.00000120604E+00 7.64719252276E+26
 1.28825436061E+03 5.16701861503E+17 1.00000121010E+00 7.69139279490E+26
 1.29570038982E+03 5.21441211049E+17 1.00000121418E+00 7.73584854173E+26
 1.30318945661E+03 5.26224031376E+17 1.00000121828E+00 7.78056123986E+26
 1.31072180976E+03 5.31050721214E+17 1.00000122239E+00 7.82553237446E+26
 1.31829769944E+03 5.35921682946E+17 1.00000122651E+00 7.87076343927E+26
 1.32591737730E+03 5.40837322648E+17 1.00000123065E+00 7.91625593668E+26
 1.33358109643E+03 5.45798050120E+17 1.00000123480E+00 7.96201137774E+26
 1.34128911139E+03 5.50804278921E+17 1.00000123896E+00 8.00803128226E+26
 1.34904167820E+03 5.55856426403E+17 1.00000124314E+00 8.05431717881E+26
 1.35683905438E+03 5.60954913748E+17 1.00000124734E+00 8.10087060482E+26
 1.36468149891E+03 5.66100165998E+17 1.00000125154E+00 8.14769310657E+26
 1.37256927229E+03 5.71292612095E+17 1.00000125576E+00 8.19478623933E+26
 1.38050263651E+03 5.76532684917E+17 1.00000126000E+00 8.24215156731E+26
 1.38848185510E+03 5.81820821310E+17 1.00000126425E+00 8.28979066378E+26
 1.39650719308E+03 5.87157462128E+17 1.00000126851E+00 8.33770511111E+26
 1.40457891703E+03 5.92543052270E+17 1.00000127279E+00 8.38589650081E+26
 1.41269729504E+03 5.97978040712E+17 1.00000127709E+00 8.43436643359E+26
 1.42086259679E+03 6.03462880552E+17 1.00000128139E+00 8.48311651941E+26
 1.42907509348E+03 6.08998029042E+17 1.00000128572E+00 8.53214837753E+26
 1.43733505789E+03 6.14583947629E+17 1.00000129005E+00 8.58146363658E+26
 1.44564276440E+03 6.20221101992E+17 1.00000129440E+00 8.63106393460E+26
 1.45399848895E+03 6.25909962081E+17 1.00000129877E+00 8.68095091909E+26
 1.46240250907E+03 6.31651002157E+17 1.00000130315E+00 8.73112624709E+26
 1.47085510391E+03 6.37444700831E+17 1.00000130754E+00 8.78159158520E+26
 1.47935655424E+03 6.43291541104E+17 1.00000131196E+00 8.83234860967E+26
 1.48790714243E+03 6.49192010407E+17 1.00000131638E+00 8.88339900641E+26
 1.49650715250E+03 6.55146600643E+17 1.00000132082E+00 8.93474447110E+26
 1.50515687010E+03 6.61155808226E+17 1.00000132528E+00 8.98638670921E+26
 1.51385658254E+03 6.67220134121E+17 1.00000132975E+00 9.03832743608E+26
 1.52260657880E+03 6.73340083893E+17 1.00000133423E+00 9.09056837695E+26
 1.53140714949E+03 6.79516167740E+17 1.00000133873E+00 9.14311126704E+26
 1.54025858695E+03 6.85748900541E+17 1.00000134325E+00 9.19595785160E+26
 1.54916118518E+03 6.92038801899E+17 1.00000134778E+00 9.24910988595E+26
 1.55811523988E+03 6.98386396180E+17 1.00000135232E+00 9.30256913558E+26
 1.56712104847E+03 7.04792212562E+17 1.00000135688E+00 9.35633737618E+26
 1.57617891009E+03 7.11256785077E+17 1.00000136146E+00 9.41041639369E+26
 1.58528912560E+03 7.17780652653E+17 1.00000136605E+00 9.46480798437E+26
 1.59445199760E+03 7.24364359164E+17 1.00000137066E+00 9.51951395489E+26
 1.60366783044E+03 7.31008453471E+17 1.00000137528E+00 9.57453612234E+26
 1.61293693024E+03 7.37713489469E+17 1.00000137992E+00 9.62987631432E+26
 1.62225960487E+03 7.44480026134E+17 1.00000138458E+00 9.68553636898E+26
 1.63163616399E+03 7.51308627570E+17 1.00000138925E+00 9.74151813511E+26
 1.64106691905E+03 7.58199863054E+17 1.00000139393E+00 9.79782347219E+26
 1.65055218331E+03 7.65154307085E+17 1.00000139863E+00 9.85445425043E+26
 1.66009227182E+03 7.72172539430E+17 1.00000140335E+00 9.91141235086E+26
 1.66968750145E+03 7.79255145177E+17 1.00000140808E+00 9.96869966538E+26
 1.67933819094E+03 7.86402714778E+17 1.00000141283E+00 1.00263180968E+27
 1.68904466082E+03 7.93615844102E+17 1.00000141760E+00 1.00842695590E+27
 1.69880723351E+03 8.00895134482E+17 1.00000142238E+00 1.01425559769E+27
 1.70862623328E+03 8.08241192769E+17 1.00000142718E+00 1.02011792865E+27
 1.71850198627E+03 8.15654631378E+17 1.00000143199E+00 1.02601414349E+27
 1.72843482052E+03 8.23136068343E+17 1.00000143682E+00 1.03194443807E+27
 1.73842506594E+03 8.30686127365E+17 1.00000144167E+00 1.03790900936E+27
 1.74847305438E+03 8.38305437867E+17 1.00000144653E+00 1.04390805549E+27
 1.75857911959E+03 8.45994635046E+17 1.00000145141E+00 1.04994177571E+27
 1.76874359724E+03 8.53754359924E+17 1.00000145630E+00 1.05601037044E+27
 1.77896682495E+03 8.61585259402E+17 1.00000146122E+00 1.06211404124E+27
 1.78924914230E+03 8.69487986316E+17 1.00000146614E+00 1.06825299087E+27
 1.79959089082E+03 8.77463199490E+17 1.00000147109E+00 1.07442742322E+27
 1.80999241403E+03 8.85511563789E+17 1.00000147605E+00 1.08063754339E+27
 1.82045405741E+03 8.93633750179E+17 1.00000148103E+00 1.08688355764E+27
 1.83097616845E+03 9.01830435779E+17 1.00000148603E+00 1.09316567345E+27
 1.84155909667E+03 9.10102303919E+17 1.00000149104E+00 1.09948409948E+27
 1.85220319356E+03 9.18450044195E+17 1.00000149607E+00 1.10583904559E+27
 1.86290881270E+03 9.26874352532E+17 1.00000150111E+00 1.11223072288E+27
 1.87367630967E+03 9.35375931235E+17 1.00000150618E+00 1.11865934365E+27
 1.88450604212E+03 9.43955489051E+17 1.00000151126E+00 1.12512512142E+27
 1.89539836977E+03 9.52613741229E+17 1.00000151635E+00 1.13162827096E+27
 1.90635365441E+03 9.61351409578E+17 1.00000152147E+00 1.13816900828E+27
 1.91737225994E+03 9.70169222529E+17 1.00000152660E+00 1.14474755064E+27
 1.92845455235E+03 9.79067915192E+17 1.00000153175E+00 1.15136411654E+27
 1.93960089974E+03 9.88048229420E+17 1.00000153691E+00 1.15801892576E+27
 1.95081167234E+03 9.97110913873E+17 1.00000154210E+00 1.16471219934E+27
 1.96208724254E+03 1.00625672407E+18 1.00000154730E+00 1.17144415960E+27
 1.97342798485E+03 1.01548642248E+18 1.00000155252E+00 1.17821503015E+27
 1.98483427597E+03 1.02480077854E+18 1.00000155776E+00 1.18502503589E+27
 1.99630649476E+03 1.03420056876E+18 1.00000156301E+00 1.19187440302E+27
 2.00784502229E+03 1.04368657677E+18 1.00000156828E+00 1.19876335904E+27
 2.01945024182E+03 1.05325959338E+18 1.00000157357E+00 1.20569213278E+27
 2.03112253881E+03 1.06292041666E+18 1.00000157888E+00 1.21266095437E+27
 2.04286230098E+03 1.07266985201E+18 1.00000158420E+00 1.21967005530E+27
 2.05466991827E+03 1.08250871220E+18 1.00000158955E+00 1.22671966837E+27
 2.06654578288E+03 1.09243781747E+18 1.00000159491E+00 1.23381002774E+27
 2.07849028927E+03 1.10245799556E+18 1.00000160029E+00 1.24094136893E+27
 2.09050383420E+03 1.11257008183E+18 1.00000160569E+00 1.24811392880E+27
 2.10258681669E+03 1.12277491929E+18 1.00000161110E+00 1.25532794560E+27
 2.11473963809E+03 1.13307335868E+18 1.00000161654E+00 1.26258365895E+27
 2.12696270208E+03 1.14346625855E+18 1.00000162199E+00 1.26988130984E+27
 2.13925641464E+03 1.15395448531E+18 1.00000162746E+00 1.27722114067E+27
 2.15162118412E+03 1.16453891334E+18 1.00000163295E+00 1.28460339525E+27
 2.16405742123E+03 1.17522042502E+18 1.00000163846E+00 1.29202831878E+27
 2.17656553904E+03 1.18599991084E+18 1.00000164398E+00 1.29949615787E+27
 2.18914595303E+03 1.19687826944E+18 1.00000164953E+00 1.30700716059E+27
 2.20179908105E+03 1.20785640771E+18 1.00000165509E+00 1.31456157642E+27
 2.21452534340E+03 1.21893524087E+18 1.00000166067E+00 1.32215965627E+27
 2.22732516278E+03 1.23011569252E+18 1.00000166627E+00 1.32980165252E+27
 2.24019896435E+03 1.24139869473E+18 1.00000167189E+00 1.33748781902E+27
 2.25314717573E+03 1.25278518814E+18 1.00000167753E+00 1.34521841105E+27
 2.26617022699E+03 1.26427612199E+18 1.00000168319E+00 1.35299368540E+27
 2.27926855071E+03 1.27587245425E+18 1.00000168887E+00 1.36081390032E+27
 2.29244258196E+03 1.28757515166E+18 1.00000169456E+00 1.36867931558E+27
 2.30569275833E+03 1.29938518983E+18 1.00000170028E+00 1.37659019242E+27
 2.31901951992E+03 1.31130355334E+18 1.00000170602E+00 1.38454679361E+27
 2.33242330940E+03 1.32333123577E+18 1.00000171177E+00 1.39254938344E+27
 2.34590457198E+03 1.33546923982E+18 1.00000171754E+00 1.40059822771E+27
 2.35946375545E+03 1.34771857741E+18 1.00000172334E+00 1.40869359377E+27
 2.37310131020E+03 1.36008026972E+18 1.00000172915E+00 1.41683575052E+27
 2.38681768920E+03 1.37255534730E+18 1.00000173498E+00 1.42502496841E+27
 2.40061334806E+03 1.38514485016E+18 1.00000174083E+00 1.43326151943E+27
 2.41448874500E+03 1.39784982783E+18 1.00000174670E+00 1.44154567718E+27
 2.42844434090E+03 1.41067133950E+18 1.00000175260E+00 1.44987771682E+27
 2.44248059933E+03 1.42361045404E+18 1.00000175851E+00 1.45825791511E+27
 2.45659798649E+03 1.43666825016E+18 1.00000176444E+00 1.46668655039E+27
 2.47079697130E+03 1.44984581642E+18 1.00000177039E+00 1.47516390263E+27
 2.48507802541E+03 1.46314425140E+18 1.00000177636E+00 1.48369025342E+27
 2.49944162316E+03 1.47656466375E+18 1.00000178235E+00 1.49226588595E+27
 2.51388824165E+03 1.49010817228E+18 1.00000178836E+00 1.50089108508E+27
 2.52841836074E+03 1.50377590606E+18 1.00000179440E+00 1.50956613729E+27
 2.54303246305E+03 1.51756900454E+18 1.00000180045E+00 1.51829133074E+27
 2.55773103401E+03 1.53148861758E+18 1.00000180652E+00 1.52706695523E+27
 2.57251456183E+03 1.54553590563E+18 1.00000181261E+00 1.53589330226E+27
 2.58738353757E+03 1.55971203976E+18 1.00000181873E+00 1.54477066500E+27
 2.60233845511E+03 1.57401820178E+18 1.00000182486E+00 1.55369933831E+27
 2.61737981118E+03 1.58845558435E+18 1.00000183102E+00 1.56267961877E+27
 2.63250810540E+03 1.60302539106E+18 1.00000183719E+00 1.57171180466E+27
 2.64772384027E+03 1.61772883656E+18 1.00000184339E+00 1.58079619600E+27
 2.66302752118E+03 1.63256714661E+18 1.00000184961E+00 1.58993309452E+27
 2.67841965646E+03 1.64754155824E+18 1.00000185585E+00 1.59912280372E+27
 2.69390075737E+03 1.66265331981E+18 1.00000186211E+00 1.60836562884E+27
 2.70947133813E+03 1.67790369114E+18 1.00000186839E+00 1.61766187688E+27
 2.72513191592E+03 1.69329394360E+18 1.00000187469E+00 1.62701185662E+27
 2.74088301093E+03 1.70882536023E+18 1.00000188101E+00 1.63641587864E+27
 2.75672514633E+03 1.72449923582E+18 1.00000188736E+00 1.64587425529E+27
 2.77265884835E+03 1.74031687705E+18 1.00000189372E+00 1.65538730073E+27
 2.78868464622E+03 1.75627960259E+18 1.00000190011E+00 1.66495533096E+27
 2.80480307225E+03 1.77238874319E+18 1.00000190652E+00 1.67457866377E+27
 2.82101466184E+03 1.78864564182E+18 1.00000191295E+00 1.68425761882E+27
 2.83731995346E+03 1.80505165376E+18 1.00000191940E+00 1.69399251759E+27
 2.85371948870E+03 1.82160814672E+18 1.00000192587E+00 1.70378368345E+27
 2.87021381229E+03 1.83831650097E+18 1.00000193237E+00 1.71363144160E+27
 2.88680347210E+03 1.85517810942E+18 1.00000193889E+00 1.72353611914E+27
 2.90348901916E+03 1.87219437776E+18 1.00000194543E+00 1.73349804508E+27
 2.92027100771E+03 1.88936672459E+18 1.00000195199E+00 1.74351755029E+27
 2.93714999516E+03 1.90669658151E+18 1.00000195857E+00 1.75359496759E+27
 2.95412654216E+03 1.92418539324E+18 1.00000196518E+00 1.76373063170E+27
 2.97120121261E+03 1.94183461777E+18 1.00000197181E+00 1.77392487929E+27
 2.98837457365E+03 1.95964572645E+18 1.00000197846E+00 1.78417804896E+27
 3.00564719571E+03 1.97762020414E+18 1.00000198513E+00 1.79449048127E+27
 3.02301965251E+03 1.99575954931E+18 1.00000199183E+00 1.80486251878E+27
 3.04049252108E+03 2.01406527418E+18 1.00000199854E+00 1.81529450598E+27
 3.05806638182E+03 2.03253890482E+18 1.00000200529E+00 1.82578678938E+27
 3.07574181843E+03 2.05118198132E+18 1.00000201205E+00 1.83633971749E+27
 3.09351941804E+03 2.06999605790E+18 1.00000201884E+00 1.84695364084E+27
 3.11139977112E+03 2.08898270302E+18 1.00000202564E+00 1.85762891197E+27
 3.12938347160E+03 2.10814349953E+18 1.00000203248E+00 1.86836588547E+27
 3.14747111682E+03 2.12748004480E+18 1.00000203933E+00 1.87916491797E+27
 3.16566330757E+03 2.14699395085E+18 1.00000204621E+00 1.89002636818E+27
 3.18396064811E+03 2.16668684450E+18 1.00000205311E+00 1.90095059685E+27
 3.20236374621E+03 2.18656036746E+18 1.00000206004E+00 1.91193796685E+27
 3.22087321314E+03 2.20661617654E+18 1.00000206699E+00 1.92298884313E+27
 3.23948966371E+03 2.22685594371E+18 1.00000207396E+00 1.93410359275E+27
 3.25821371627E+03 2.24728135629E+18 1.00000208095E+00 1.94528258490E+27
 3.27704599277E+03 2.26789411709E+18 1.00000208797E+00 1.95652619089E+27
 3.29598711872E+03 2.28869594452E+18 1.00000209501E+00 1.96783478419E+27
 3.31503772327E+03 2.30968857275E+18 1.00000210208E+00 1.97920874041E+27
 3.33419843921E+03 2.33087375186E+18 1.00000210917E+00 1.99064843736E+27
 3.35346990297E+03 2.35225324801E+18 1.00000211628E+00 2.00215425501E+27
 3.37285275467E+03 2.37382884352E+18 1.00000212342E+00 2.01372657553E+27
 3.39234763811E+03 2.39560233707E+18 1.00000213058E+00 2.02536578330E+27
 3.41195520085E+03 2.41757554385E+18 1.00000213777E+00 2.03707226493E+27
 3.43167609416E+03 2.43975029569E+18 1.00000214498E+00 2.04884640926E+27
 3.45151097309E+03 2.46212844123E+18 1.00000215221E+00 2.06068860738E+27
 3.47146049646E+03 2.48471184604E+18 1.00000215947E+00 2.07259925262E+27
 3.49152532692E+03 2.50750239285E+18 1.00000216676E+00 2.08457874062E+27
 3.51170613093E+03 2.53050198161E+18 1.00000217407E+00 2.09662746927E+27
 3.53200357882E+03 2.55371252972E+18 1.00000218140E+00 2.10874583878E+27
 3.55241834477E+03 2.57713597217E+18 1.00000218876E+00 2.12093425168E+27
 3.57295110689E+03 2.60077426169E+18 1.00000219614E+00 2.13319311280E+27
 3.59360254718E+03 2.62462936893E+18 1.00000220355E+00 2.14552282934E+27
 3.61437335160E+03 2.64870328259E+18 1.00000221098E+00 2.15792381083E+27
 3.63526421006E+03 2.67299800966E+18 1.00000221844E+00 2.17039646919E+27
 3.65627581647E+03 2.69751557548E+18 1.00000222592E+00 2.18294121869E+27
 3.67740886876E+03 2.72225802402E+18 1.00000223343E+00 2.19555847603E+27
 3.69866406886E+03 2.74722741796E+18 1.00000224096E+00 2.20824866028E+27
 3.72004212278E+03 2.77242583891E+18 1.00000224852E+00 2.22101219297E+27
 3.74154374063E+03 2.79785538759E+18 1.00000225610E+00 2.23384949804E+27
 3.76316963658E+03 2.82351818397E+18 1.00000226371E+00 2.24676100190E+27
 3.78492052896E+03 2.84941636746E+18 1.00000227135E+00 2.25974713340E+27
 3.80679714024E+03 2.87555209712E+18 1.00000227901E+00 2.27280832390E+27
 3.82880019706E+03 2.90192755179E+18 1.00000228669E+00 2.28594500722E+27
 3.85093043029E+03 2.92854493029E+18 1.00000229441E+00 2.29915761970E+27
 3.87318857499E+03 2.95540645164E+18 1.00000230215E+00 2.31244660023E+27
 3.89557537048E+03 2.98251435519E+18 1.00000230991E+00 2.32581239019E+27
 3.91809156036E+03 3.00987090082E+18 1.00000231770E+00 2.33925543354E+27
 3.94073789252E+03 3.03747836917E+18 1.00000232552E+00 2.35277617680E+27
 3.96351511918E+03 3.06533906176E+18 1.00000233336E+00 2.36637506908E+27
 3.98642399689E+03 3.09345530126E+18 1.00000234123E+00 2.38005256206E+27
 4.00946528660E+03 3.12182943163E+18 1.00000234913E+00 2.39380911005E+27
 4.03263975364E+03 3.15046381830E+18 1.00000235705E+00 2.40764516999E+27
 4.05594816777E+03 3.17936084844E+18 1.00000236500E+00 2.42156120146E+27
 4.07939130319E+03 3.20852293109E+18 1.00000237298E+00 2.43555766667E+27
 4.10296993859E+03 3.23795249740E+18 1.00000238098E+00 2.44963503053E+27
 4.12668485714E+03 3.26765200081E+18 1.00000238901E+00 2.46379376064E+27
 4.15053684657E+03 3.29762391726E+18 1.00000239707E+00 2.47803432728E+27
 4.17452669912E+03 3.32787074542E+18 1.00000240516E+00 2.49235720346E+27
 4.19865521165E+03 3.35839500685E+18 1.00000241327E+00 2.50676286493E+27
 4.22292318560E+03 3.38919924627E+18 1.00000242141E+00 2.52125179018E+27
 4.24733142705E+03 3.42028603171E+18 1.00000242958E+00 2.53582446047E+27
 4.27188074673E+03 3.45165795478E+18 1.00000243777E+00 2.55048135984E+27
 4.29657196008E+03 3.48331763085E+18 1.00000244599E+00 2.56522297513E+27
 4.32140588723E+03 3.51526769928E+18 1.00000245424E+00 2.58004979599E+27
 4.34638335306E+03 3.54751082363E+18 1.00000246252E+00 2.59496231491E+27
 4.37150518722E+03 3.58004969190E+18 1.00000247083E+00 2.60996102720E+27
 4.39677222414E+03 3.61288701676E+18 1.00000247916E+00 2.62504643107E+27
 4.42218530310E+03 3.64602553573E+18 1.00000248752E+00 2.64021902759E+27
 4.44774526820E+03 3.67946801146E+18 1.00000249591E+00 2.65547932073E+27
 4.47345296844E+03 3.71321723194E+18 1.00000250433E+00 2.67082781735E+27
 4.49930925773E+03 3.74727601073E+18 1.00000251278E+00 2.68626502729E+27
 4.52531499489E+03 3.78164718719E+18 1.00000252125E+00 2.70179146329E+27
 4.55147104373E+03 3.81633362673E+18 1.00000252976E+00 2.71740764107E+27
 4.57777827305E+03 3.85133822103E+18 1.00000253829E+00 2.73311407933E+27
 4.60423755666E+03 3.88666388832E+18 1.00000254685E+00 2.74891129978E+27
 4.63084977342E+03 3.92231357357E+18 1.00000255544E+00 2.76479982713E+27
 4.65761580729E+03 3.95829024878E+18 1.00000256406E+00 2.78078018913E+27
 4.68453654731E+03 3.99459691320E+18 1.00000257271E+00 2.79685291658E+27
 4.71161288768E+03 4.03123659360E+18 1.00000258139E+00 2.81301854333E+27
 4.73884572776E+03 4.06821234449E+18 1.00000259009E+00 2.82927760636E+27
 4.76623597211E+03 4.10552724843E+18 1.00000259883E+00 2.84563064570E+27
 4.79378453052E+03 4.14318441622E+18 1.00000260759E+00 2.86207820454E+27
 4.82149231804E+03 4.18118698723E+18 1.00000261639E+00 2.87862082919E+27
 4.84936025501E+03 4.21953812958E+18 1.00000262521E+00 2.89525906913E+27
 4.87738926707E+03 4.25824104050E+18 1.00000263407E+00 2.91199347700E+27
 4.90558028524E+03 4.29729894650E+18 1.00000264295E+00 2.92882460866E+27
 4.93393424590E+03 4.33671510372E+18 1.00000265187E+00 2.94575302316E+27
 4.96245209085E+03 4.37649279815E+18 1.00000266081E+00 2.96277928278E+27
 4.99113476733E+03 4.41663534591E+18 1.00000266979E+00 2.97990395308E+27
 5.01998322807E+03 4.45714609355E+18 1.00000267879E+00 2.99712760284E+27
 5.04899843128E+03 4.49802841832E+18 1.00000268783E+00 3.01445080417E+27
 5.07818134073E+03 4.53928572844E+18 1.00000269689E+00 3.03187413247E+27
 5.10753292576E+03 4.58092146339E+18 1.00000270599E+00 3.04939816647E+27
 5.13705416129E+03 4.62293909420E+18 1.00000271512E+00 3.06702348824E+27
 5.16674602790E+03 4.66534212374E+18 1.00000272427E+00 3.08475068322E+27
 5.19660951183E+03 4.70813408700E+18 1.00000273346E+00 3.10258034022E+27
 5.22664560502E+03 4.75131855140E+18 1.00000274268E+00 3.12051305147E+27
 5.25685530515E+03 4.79489911709E+18 1.00000275193E+00 3.13854941262E+27
 5.28723961564E+03 4.83887941722E+18 1.00000276121E+00 3.15669002275E+27
 5.31779954574E+03 4.88326311830E+18 1.00000277053E+00 3.17493548442E+27
 5.34853611052E+03 4.92805392043E+18 1.00000277987E+00 3.19328640367E+27
 5.37945033093E+03 4.97325555768E+18 1.00000278925E+00 3.21174339003E+27
 5.41054323380E+03 5.01887179834E+18 1.00000279866E+00 3.23030705656E+27
 5.44181585190E+03 5.06490644530E+18 1.00000280810E+00 3.24897801987E+27
 5.47326922399E+03 5.11136333630E+18 1.00000281757E+00 3.26775690013E+27
 5.50490439481E+03 5.15824634429E+18 1.00000282707E+00 3.28664432108E+27
 5.53672241515E+03 5.20555937776E+18 1.00000283661E+00 3.30564091009E+27
 5.56872434187E+03 5.25330638103E+18 1.00000284617E+00 3.32474729814E+27
 5.60091123794E+03 5.30149133460E+18 1.00000285577E+00 3.34396411987E+27
 5.63328417247E+03 5.35011825550E+18 1.00000286541E+00 3.36329201356E+27
 5.66584422076E+03 5.39919119758E+18 1.00000287507E+00 3.38273162122E+27
 5.69859246431E+03 5.44871425189E+18 1.00000288477E+00 3.40228358853E+27
 5.73152999089E+03 5.49869154699E+18 1.00000289450E+00 3.42194856494E+27
 5.76465789454E+03 5.54912724933E+18 1.00000290426E+00 3.44172720362E+27
 5.79797727563E+03 5.60002556355E+18 1.00000291406E+00 3.46162016154E+27
 5.83148924088E+03 5.65139073288E+18 1.00000292388E+00 3.48162809945E+27
 5.86519490344E+03 5.70322703945E+18 1.00000293375E+00 3.50175168193E+27
 5.89909538285E+03 5.75553880469E+18 1.00000294364E+00 3.52199157741E+27
 5.93319180515E+03 5.80833038964E+18 1.00000295357E+00 3.54234845815E+27
 5.96748530289E+03 5.86160619537E+18 1.00000296353E+00 3.56282300033E+27
 6.00197701513E+03 5.91537066329E+18 1.00000297353E+00 3.58341588403E+27
 6.03666808757E+03 5.96962827557E+18 1.00000298356E+00 3.60412779325E+27
 6.07155967248E+03 6.02438355547E+18 1.00000299362E+00 3.62495941594E+27
 6.10665292882E+03 6.07964106777E+18 1.00000300372E+00 3.64591144405E+27
 6.14194902225E+03 6.13540541908E+18 1.00000301385E+00 3.66698457351E+27
 6.17744912514E+03 6.19168125830E+18 1.00000302401E+00 3.68817950428E+27
 6.21315441667E+03 6.24847327696E+18 1.00000303421E+00 3.70949694036E+27
 6.24906608281E+03 6.30578620960E+18 1.00000304445E+00 3.73093758983E+27
 6.28518531640E+03 6.36362483421E+18 1.00000305472E+00 3.75250216485E+27
 6.32151331717E+03 6.42199397261E+18 1.00000306502E+00 3.77419138170E+27
 6.35805129179E+03 6.48089849083E+18 1.00000307536E+00 3.79600596080E+27
 6.39480045388E+03 6.54034329954E+18 1.00000308573E+00 3.81794662674E+27
 6.43176202411E+03 6.60033335445E+18 1.00000309614E+00 3.84001410830E+27
 6.46893723019E+03 6.66087365673E+18 1.00000310658E+00 3.86220913845E+27
 6.50632730691E+03 6.72196925341E+18 1.00000311706E+00 3.88453245442E+27
 6.54393349622E+03 6.78362523784E+18 1.00000312757E+00 3.90698479770E+27
 6.58175704725E+03 6.84584675005E+18 1.00000313812E+00 3.92956691406E+27
 6.61979921632E+03 6.90863897725E+18 1.00000314871E+00 3.95227955356E+27
 6.65806126705E+03 6.97200715421E+18 1.00000315933E+00 3.97512347064E+27
 6.69654447034E+03 7.03595656372E+18 1.00000316998E+00 3.99809942406E+27
 6.73525010443E+03 7.10049253703E+18 1.00000318067E+00 4.02120817699E+27
 6.77417945497E+03 7.16562045428E+18 1.00000319140E+00 4.04445049700E+27
 6.81333381503E+03 7.23134574496E+18 1.00000320217E+00 4.06782715610E+27
 6.85271448515E+03 7.29767388837E+18 1.00000321297E+00 4.09133893075E+27
 6.89232277340E+03 7.36461041405E+18 1.00000322380E+00 4.11498660192E+27
 6.93215999539E+03 7.43216090229E+18 1.00000323468E+00 4.13877095509E+27
 6.97222747436E+03 7.50033098453E+18 1.00000324559E+00 4.16269278026E+27
 7.01252654116E+03 7.56912634389E+18 1.00000325653E+00 4.18675287201E+27
 7.05305853439E+03 7.63855271559E+18 1.00000326752E+00 4.21095202952E+27
 7.09382480032E+03 7.70861588748E+18 1.00000327854E+00 4.23529105657E+27
 7.13482669306E+03 7.77932170049E+18 1.00000328960E+00 4.25977076161E+27
 7.17606557451E+03 7.85067604913E+18 1.00000330069E+00 4.28439195774E+27
 7.21754281446E+03 7.92268488195E+18 1.00000331183E+00 4.30915546277E+27
 7.25925979060E+03 7.99535420210E+18 1.00000332300E+00 4.33406209924E+27
 7.30121788861E+03 8.06869006776E+18 1.00000333420E+00 4.35911269444E+27
 7.34341850214E+03 8.14269859270E+18 1.00000334545E+00 4.38430808043E+27
 7.38586303294E+03 8.21738594676E+18 1.00000335673E+00 4.40964909411E+27
 7.42855289083E+03 8.29275835637E+18 1.00000336806E+00 4.43513657719E+27
 7.47148949380E+03 8.36882210507E+18 1.00000337942E+00 4.46077137625E+27
 7.51467426800E+03 8.44558353403E+18 1.00000339081E+00 4.48655434278E+27
 7.55810864787E+03 8.52304904261E+18 1.00000340225E+00 4.51248633316E+27
 7.60179407612E+03 8.60122508883E+18 1.00000341373E+00 4.53856820875E+27
 7.64573200378E+03 8.68011818996E+18 1.00000342524E+00 4.56480083587E+27
 7.68992389030E+03 8.75973492305E+18 1.00000343679E+00 4.59118508586E+27
 7.73437120354E+03 8.84008192549E+18 1.00000344839E+00 4.61772183508E+27
 7.77907541987E+03 8.92116589552E+18 1.00000346002E+00 4.64441196498E+27
 7.82403802416E+03 9.00299359285E+18 1.00000347169E+00 4.67125636209E+27
 7.86926050989E+03 9.08557183917E+18 1.00000348340E+00 4.69825591805E+27
 7.91474437916E+03 9.16890751874E+18 1.00000349515E+00 4.72541152968E+27
 7.96049114276E+03 9.25300757898E+18 1.00000350693E+00 4.75272409896E+27
 8.00650232019E+03 9.33787903103E+18 1.00000351876E+00 4.78019453311E+27
 8.05277943977E+03 9.42352895033E+18 1.00000353063E+00 4.80782374457E+27
 8.09932403863E+03 9.50996447723E+18 1.00000354254E+00 4.83561265106E+27
 8.14613766277E+03 9.59719281755E+18 1.00000355449E+00 4.86356217561E+27
 8.19322186716E+03 9.68522124324E+18 1.00000356648E+00 4.89167324658E+27
 8.24057821575E+03 9.77405709291E+18 1.00000357851E+00 4.91994679771E+27
 8.28820828149E+03 9.86370777253E+18 1.00000359058E+00 4.94838376810E+27
 8.33611364648E+03 9.95418075594E+18 1.00000360269E+00 4.97698510233E+27
 8.38429590193E+03 1.00454835856E+19 1.00000361484E+00 5.00575175040E+27
 8.43275664825E+03 1.01376238731E+19 1.00000362703E+00 5.03468466780E+27
 8.48149749511E+03 1.02306092998E+19 1.00000363926E+00 5.06378481558E+27
 8.53052006147E+03 1.03244476177E+19 1.00000365154E+00 5.09305316030E+27
 8.57982597566E+03 1.04191466497E+19 1.00000366385E+00 5.12249067415E+27
 8.62941687542E+03 1.05147142906E+19 1.00000367621E+00 5.15209833489E+27
 8.67929440795E+03 1.06111585075E+19 1.00000368861E+00 5.18187712597E+27
 8.72946022998E+03 1.07084873406E+19 1.00000370105E+00 5.21182803652E+27
 8.77991600780E+03 1.08067089039E+19 1.00000371354E+00 5.24195206137E+27
 8.83066341735E+03 1.09058313859E+19 1.00000372606E+00 5.27225020111E+27
 8.88170414425E+03 1.10058630499E+19 1.00000373863E+00 5.30272346212E+27
 8.93303988385E+03 1.11068122353E+19 1.00000375124E+00 5.33337285658E+27
 8.98467234131E+03 1.12086873580E+19 1.00000376389E+00 5.36419940253E+27
 9.03660323166E+03 1.13114969109E+19 1.00000377659E+00 5.39520412390E+27
 9.08883427982E+03 1.14152494648E+19 1.00000378933E+00 5.42638805053E+27
 9.14136722069E+03 1.15199536692E+19 1.00000380211E+00 5.45775221822E+27
 9.19420379920E+03 1.16256182531E+19 1.00000381493E+00 5.48929766874E+27
 9.24734577035E+03 1.17322520253E+19 1.00000382780E+00 5.52102544990E+27
 9.30079489931E+03 1.18398638755E+19 1.00000384071E+00 5.55293661556E+27
 9.35455296143E+03 1.19484627749E+19 1.00000385366E+00 5.58503222566E+27
 9.40862174232E+03 1.20580577770E+19 1.00000386666E+00 5.61731334629E+27
 9.46300303794E+03 1.21686580185E+19 1.00000387970E+00 5.64978104969E+27
 9.51769865461E+03 1.22802727196E+19 1.00000389279E+00 5.68243641428E+27
 9.57271040908E+03 1.23929111853E+19 1.00000390592E+00 5.71528052475E+27
 9.62804012861E+03 1.25065828060E+19 1.00000391909E+00 5.74831447202E+27
 9.68368965104E+03 1.26212970580E+19 1.00000393231E+00 5.78153935335E+27
 9.73966082480E+03 1.27370635046E+19 1.00000394557E+00 5.81495627231E+27
 9.79595550903E+03 1.28538917970E+19 1.00000395888E+00 5.84856633888E+27
 9.85257557361E+03 1.29717916746E+19 1.00000397223E+00 5.88237066943E+27
 9.90952289921E+03 1.30907729664E+19 1.00000398563E+00 5.91637038680E+27
 9.96679937740E+03 1.32108455915E+19 1.00000399908E+00 5.95056662031E+27
 1.00244069107E+04 1.33320195599E+19 1.00000401256E+00 5.98496050581E+27
 1.00823474125E+04 1.34543049735E+19 1.00000402610E+00 6.01955318572E+27
 1.01406228074E+04 1.35777120268E+19 1.00000403968E+00 6.05434580906E+27
 1.01992350310E+04 1.37022510079E+19 1.00000405330E+00 6.08933953147E+27
 1.02581860303E+04 1.38279322990E+19 1.00000406697E+00 6.12453551532E+27
 1.03174777634E+04 1.39547663779E+19 1.00000408069E+00 6.15993492964E+27
 1.03771121995E+04 1.40827638182E+19 1.00000409446E+00 6.19553895027E+27
 1.04370913197E+04 1.42119352907E+19 1.00000410827E+00 6.23134875980E+27
 1.04974171160E+04 1.43422915640E+19 1.00000412212E+00 6.26736554768E+27
 1.05580915924E+04 1.44738435054E+19 1.00000413603E+00 6.30359051025E+27
 1.06191167641E+04 1.46066020819E+19 1.00000414998E+00 6.34002485072E+27
 1.06804946582E+04 1.47405783613E+19 1.00000416397E+00 6.37666977930E+27
 1.07422273133E+04 1.48757835126E+19 1.00000417802E+00 6.41352651316E+27
 1.08043167800E+04 1.50122288074E+19 1.00000419211E+00 6.45059627654E+27
 1.08667651207E+04 1.51499256207E+19 1.00000420625E+00 6.48788030072E+27
 1.09295744095E+04 1.52888854319E+19 1.00000422044E+00 6.52537982411E+27
 1.09927467329E+04 1.54291198255E+19 1.00000423467E+00 6.56309609230E+27
 1.10562841890E+04 1.55706404924E+19 1.00000424895E+00 6.60103035805E+27
 1.11201888884E+04 1.57134592307E+19 1.00000426329E+00 6.63918388137E+27
 1.11844629537E+04 1.58575879467E+19 1.00000427766E+00 6.67755792956E+27
 1.12491085198E+04 1.60030386560E+19 1.00000429209E+00 6.71615377724E+27
 1.13141277340E+04 1.61498234842E+19 1.00000430657E+00 6.75497270639E+27
 1.13795227559E+04 1.62979546683E+19 1.00000432110E+00 6.79401600641E+27
 1.14452957578E+04 1.64474445575E+19 1.00000433567E+00 6.83328497414E+27
 1.15114489242E+04 1.65983056144E+19 1.00000435029E+00 6.87278091394E+27
 1.15779844526E+04 1.67505504155E+19 1.00000436497E+00 6.91250513768E+27
 1.16449045530E+04 1.69041916532E+19 1.00000437969E+00 6.95245896484E+27
 1.17122114482E+04 1.70592421359E+19 1.00000439446E+00 6.99264372250E+27
 1.17799073738E+04 1.72157147896E+19 1.00000440928E+00 7.03306074543E+27
 1.18479945785E+04 1.73736226590E+19 1.00000442416E+00 7.07371137611E+27
 1.19164753237E+04 1.75329789083E+19 1.00000443908E+00 7.11459696477E+27
 1.19853518842E+04 1.76937968224E+19 1.00000445405E+00 7.15571886946E+27
 1.20546265478E+04 1.78560898084E+19 1.00000446907E+00 7.19707845607E+27
 1.21243016154E+04 1.80198713958E+19 1.00000448415E+00 7.23867709837E+27
 1.21943794014E+04 1.81851552387E+19 1.00000449927E+00 7.28051617811E+27
 1.22648622335E+04 1.83519551162E+19 1.00000451445E+00 7.32259708499E+27
 1.23357524529E+04 1.85202849339E+19 1.00000452967E+00 7.36492121675E+27
 1.24070524141E+04 1.86901587248E+19 1.00000454495E+00 7.40748997923E+27
 1.24787644856E+04 1.88615906508E+19 1.00000456028E+00 7.45030478637E+27
 1.25508910492E+04 1.90345950034E+19 1.00000457566E+00 7.49336706029E+27
 1.26234345008E+04 1.92091862056E+19 1.00000459110E+00 7.53667823133E+27
 1.26963972499E+04 1.93853788124E+19 1.00000460658E+00 7.58023973810E+27
 1.27697817200E+04 1.95631875124E+19 1.00000462212E+00 7.62405302754E+27
 1.28435903488E+04 1.97426271288E+19 1.00000463771E+00 7.66811955492E+27
 1.29178255877E+04 1.99237126210E+19 1.00000465335E+00 7.71244078394E+27
 1.29924899026E+04 2.01064590854E+19 1.00000466905E+00 7.75701818676E+27
 1.30675857736E+04 2.02908817570E+19 1.00000468479E+00 7.80185324405E+27
 1.31431156949E+04 2.04769960105E+19 1.00000470059E+00 7.84694744504E+27
 1.32190821755E+04 2.06648173616E+19 1.00000471645E+00 7.89230228756E+27
 1.32954877386E+04 2.08543614683E+19 1.00000473236E+00 7.93791927810E+27
 1.33723349220E+04 2.10456441323E+19 1.00000474832E+00 7.98379993186E+27
 1.34496262784E+04 2.12386813001E+19 1.00000476433E+00 8.02994577279E+27
 1.35273643750E+04 2.14334890646E+19 1.00000478040E+00 8.07635833367E+27
 1.36055517940E+04 2.16300836663E+19 1.00000479653E+00 8.12303915610E+27
 1.36841911324E+04 2.18284814946E+19 1.00000481271E+00 8.16998979064E+27
 1.37632850023E+04 2.20286990892E+19 1.00000482894E+00 8.21721179677E+27
 1.38428360309E+04 2.22307531416E+19 1.00000484523E+00 8.26470674300E+27
 1.39228468605E+04 2.24346604964E+19 1.00000486157E+00 8.31247620691E+27
 1.40033201488E+04 2.26404381526E+19 1.00000487797E+00 8.36052177520E+27
 1.40842585688E+04 2.28481032653E+19 1.00000489442E+00 8.40884504372E+27
 1.41656648089E+04 2.30576731467E+19 1.00000491093E+00 8.45744761758E+27
 1.42475415731E+04 2.32691652679E+19 1.00000492749E+00 8.50633111112E+27
 1.43298915809E+04 2.34825972604E+19 1.00000494411E+00 8.55549714807E+27
 1.44127175679E+04 2.36979869173E+19 1.00000496079E+00 8.60494736148E+27
 1.44960222850E+04 2.39153521948E+19 1.00000497752E+00 8.65468339389E+27
 1.45798084993E+04 2.41347112140E+19 1.00000499431E+00 8.70470689732E+27
 1.46640789938E+04 2.43560822621E+19 1.00000501115E+00 8.75501953332E+27
 1.47488365677E+04 2.45794837940E+19 1.00000502805E+00 8.80562297306E+27
 1.48340840363E+04 2.48049344339E+19 1.00000504501E+00 8.85651889737E+27
 1.49198242312E+04 2.50324529770E+19 1.00000506203E+00 8.90770899679E+27
 1.50060600002E+04 2.52620583906E+19 1.00000507910E+00 8.95919497163E+27
 1.50927942078E+04 2.54937698162E+19 1.00000509623E+00 9.01097853204E+27
 1.51800297350E+04 2.57276065708E+19 1.00000511342E+00 9.06306139803E+27
 1.52677694793E+04 2.59635881486E+19 1.00000513067E+00 9.11544529959E+27
 1.53560163551E+04 2.62017342225E+19 1.00000514798E+00 9.16813197666E+27
 1.54447732936E+04 2.64420646459E+19 1.00000516534E+00 9.22112317928E+27
 1.55340432429E+04 2.66845994545E+19 1.00000518276E+00 9.27442066758E+27
 1.56238291683E+04 2.69293588674E+19 1.00000520024E+00 9.32802621187E+27
 1.57141340520E+04 2.71763632896E+19 1.00000521778E+00 9.38194159270E+27
 1.58049608937E+04 2.74256333128E+19 1.00000523538E+00 9.43616860090E+27
 1.58963127101E+04 2.76771897178E+19 1.00000525304E+00 9.49070903766E+27
 1.59881925357E+04 2.79310534762E+19 1.00000527076E+00 9.54556471458E+27
 1.60806034223E+04 2.81872457516E+19 1.00000528853E+00 9.60073745371E+27
 1.61735484395E+04 2.84457879019E+19 1.00000530637E+00 9.65622908767E+27
 1.62670306744E+04 2.87067014809E+19 1.00000532427E+00 9.71204145963E+27
 1.63610532322E+04 2.89700082400E+19 1.00000534223E+00 9.76817642345E+27
 1.64556192359E+04 2.92357301304E+19 1.00000536025E+00 9.82463584369E+27
 1.65507318267E+04 2.95038893042E+19 1.00000537833E+00 9.88142159568E+27
 1.66463941637E+04 2.97745081171E+19 1.00000539647E+00 9.93853556560E+27
 1.67426094246E+04 3.00476091295E+19 1.00000541467E+00 9.99597965053E+27
 1.68393808051E+04 3.03232151090E+19 1.00000543293E+00 1.00537557585E+28
 1.69367115196E+04 3.06013490320E+19 1.00000545126E+00 1.01118658086E+28
 1.70346048011E+04 3.08820340855E+19 1.00000546964E+00 1.01703117310E+28
 1.71330639012E+04 3.11652936692E+19 1.00000548809E+00 1.02290954670E+28
 1.72320920902E+04 3.14511513976E+19 1.00000550660E+00 1.02882189691E+28
 1.73316926576E+04 3.17396311016E+19 1.00000552517E+00 1.03476842012E+28
 1.74318689115E+04 3.20307568309E+19 1.00000554381E+00 1.04074931385E+28
 1.75326241796E+04 3.23245528555E+19 1.00000556251E+00 1.04676477675E+28
 1.76339618084E+04 3.26210436683E+19 1.00000558127E+00 1.05281500863E+28
 1.77358851639E+04 3.29202539866E+19 1.00000560010E+00 1.05890021045E+28
 1.78383976317E+04 3.32222087547E+19 1.00000561898E+00 1.06502058435E+28
 1.79415026169E+04 3.35269331455E+19 1.00000563794E+00 1.07117633360E+28
 1.80452035440E+04 3.38344525628E+19 1.00000565695E+00 1.07736766268E+28
 1.81495038577E+04 3.41447926434E+19 1.00000567603E+00 1.08359477724E+28
 1.82544070224E+04 3.44579792594E+19 1.00000569518E+00 1.08985788412E+28
 1.83599165226E+04 3.47740385201E+19 1.00000571439E+00 1.09615719134E+28
 1.84660358628E+04 3.50929967742E+19 1.00000573366E+00 1.10249290814E+28
 1.85727685679E+04 3.54148806123E+19 1.00000575300E+00 1.10886524497E+28
 1.86801181831E+04 3.57397168686E+19 1.00000577240E+00 1.11527441350E+28
 1.87880882742E+04 3.60675326237E+19 1.00000579187E+00 1.12172062659E+28
 1.88966824274E+04 3.63983552065E+19 1.00000581141E+00 1.12820409838E+28
 1.90059042499E+04 3.67322121965E+19 1.00000583101E+00 1.13472504421E+28
 1.91157573695E+04 3.70691314262E+19 1.00000585068E+00 1.14128368068E+28
 1.92262454351E+04 3.74091409835E+19 1.00000587041E+00 1.14788022563E+28
 1.93373721168E+04 3.77522692137E+19 1.00000589021E+00 1.15451489819E+28
 1.94491411055E+04 3.80985447224E+19 1.00000591008E+00 1.16118791872E+28
 1.95615561140E+04 3.84479963774E+19 1.00000593001E+00 1.16789950887E+28
 1.96746208761E+04 3.88006533111E+19 1.00000595001E+00 1.17464989157E+28
 1.97883391474E+04 3.91565449236E+19 1.00000597008E+00 1.18143929105E+28
 1.99027147052E+04 3.95157008841E+19 1.00000599022E+00 1.18826793280E+28
 2.00177513485E+04 3.98781511344E+19 1.00000601042E+00 1.19513604366E+28
 2.01334528984E+04 4.02439258906E+19 1.00000603069E+00 1.20204385175E+28
 2.02498231981E+04 4.06130556463E+19 1.00000605104E+00 1.20899158652E+28
 2.03668661129E+04 4.09855711744E+19 1.00000607144E+00 1.21597947875E+28
 2.04845855304E+04 4.13615035303E+19 1.00000609192E+00 1.22300776053E+28
 2.06029853610E+04 4.17408840543E+19 1.00000611247E+00 1.23007666532E+28
 2.07220695372E+04 4.21237443739E+19 1.00000613309E+00 1.23718642791E+28
 2.08418420147E+04 4.25101164071E+19 1.00000615377E+00 1.24433728447E+28
 2.09623067717E+04 4.29000323642E+19 1.00000617453E+00 1.25152947251E+28
 2.10834678097E+04 4.32935247512E+19 1.00000619536E+00 1.25876323093E+28
 2.12053291530E+04 4.36906263724E+19 1.00000621625E+00 1.26603880000E+28
 2.13278948496E+04 4.40913703326E+19 1.00000623722E+00 1.27335642138E+28
 2.14511689704E+04 4.44957900406E+19 1.00000625826E+00 1.28071633813E+28
 2.15751556102E+04 4.49039192114E+19 1.00000627936E+00 1.28811879472E+28
 2.16998588872E+04 4.53157918694E+19 1.00000630054E+00 1.29556403703E+28
 2.18252829437E+04 4.57314423511E+19 1.00000632179E+00 1.30305231235E+28
 2.19514319458E+04 4.61509053077E+19 1.00000634312E+00 1.31058386940E+28
 2.20783100835E+04 4.65742157085E+19 1.00000636451E+00 1.31815895837E+28
 2.22059215713E+04 4.70014088434E+19 1.00000638598E+00 1.32577783085E+28
 2.23342706479E+04 4.74325203261E+19 1.00000640752E+00 1.33344073992E+28
 2.24633615765E+04 4.78675860969E+19 1.00000642913E+00 1.34114794010E+28
 2.25931986450E+04 4.83066424257E+19 1.00000645081E+00 1.34889968740E+28
 2.27237861662E+04 4.87497259152E+19 1.00000647257E+00 1.35669623928E+28
 2.28551284775E+04 4.91968735037E+19 1.00000649440E+00 1.36453785473E+28
 2.29872299417E+04 4.96481224685E+19 1.00000651631E+00 1.37242479419E+28
 2.31200949466E+04 5.01035104285E+19 1.00000653829E+00 1.38035731966E+28
 2.32537279055E+04 5.05630753480E+19 1.00000656034E+00 1.38833569460E+28
 2.33881332571E+04 5.10268555392E+19 1.00000658247E+00 1.39636018402E+28
 2.35233154659E+04 5.14948896661E+19 1.00000660467E+00 1.40443105447E+28
 2.36592790220E+04 5.19672167470E+19 1.00000662695E+00 1.41254857402E+28
 2.37960284415E+04 5.24438761582E+19 1.00000664930E+00 1.42071301231E+28
 2.39335682669E+04 5.29249076371E+19 1.00000667172E+00 1.42892464051E+28
 2.40719030666E+04 5.34103512859E+19 1.00000669423E+00 1.43718373138E+28
 2.42110374354E+04 5.39002475741E+19 1.00000671681E+00 1.44549055926E+28
 2.43509759950E+04 5.43946373429E+19 1.00000673946E+00 1.45384540006E+28
 2.44917233935E+04 5.48935618078E+19 1.00000676219E+00 1.46224853130E+28
 2.46332843060E+04 5.53970625624E+19 1.00000678500E+00 1.47070023208E+28
 2.47756634345E+04 5.59051815820E+19 1.00000680789E+00 1.47920078314E+28
 2.49188655083E+04 5.64179612266E+19 1.00000683085E+00 1.48775046683E+28
 2.50628952841E+04 5.69354442450E+19 1.00000685389E+00 1.49634956713E+28
 2.52077575459E+04 5.74576737779E+19 1.00000687700E+00 1.50499836967E+28
 2.53534571054E+04 5.79846933619E+19 1.00000690020E+00 1.51369716171E+28
 2.54999988023E+04 5.85165469328E+19 1.00000692347E+00 1.52244623221E+28
 2.56473875040E+04 5.90532788294E+19 1.00000694683E+00 1.53124587177E+28
 2.57956281063E+04 5.95949337972E+19 1.00000697026E+00 1.54009637266E+28
 2.59447255330E+04 6.01415569922E+19 1.00000699377E+00 1.54899802887E+28
 2.60946847366E+04 6.06931939845E+19 1.00000701736E+00 1.55795113607E+28
 2.62455106981E+04 6.12498907622E+19 1.00000704102E+00 1.56695599164E+28
 2.63972084275E+04 6.18116937352E+19 1.00000706477E+00 1.57601289469E+28
 2.65497829634E+04 6.23786497391E+19 1.00000708860E+00 1.58512214604E+28
 2.67032393738E+04 6.29508060391E+19 1.00000711251E+00 1.59428404827E+28
 2.68575827559E+04 6.35282103339E+19 1.00000713650E+00 1.60349890570E+28
 2.70128182363E+04 6.41109107598E+19 1.00000716057E+00 1.61276702440E+28
 2.71689509715E+04 6.46989558946E+19 1.00000718472E+00 1.62208871222E+28
 2.73259861474E+04 6.52923947614E+19 1.00000720896E+00 1.63146427878E+28
 2.74839289803E+04 6.58912768334E+19 1.00000723327E+00 1.64089403551E+28
 2.76427847162E+04 6.64956520373E+19 1.00000725767E+00 1.65037829561E+28
 2.78025586317E+04 6.71055707579E+19 1.00000728215E+00 1.65991737411E+28
 2.79632560340E+04 6.77210838418E+19 1.00000730671E+00 1.66951158787E+28
 2.81248822607E+04 6.83422426025E+19 1.00000733135E+00 1.67916125555E+28
 2.82874426805E+04 6.89690988237E+19 1.00000735608E+00 1.68886669767E+28
 2.84509426929E+04 6.96017047644E+19 1.00000738089E+00 1.69862823662E+28
 2.86153877287E+04 7.02401131628E+19 1.00000740579E+00 1.70844619663E+28
 2.87807832502E+04 7.08843772407E+19 1.00000743077E+00 1.71832090380E+28
 2.89471347512E+04 7.15345507084E+19 1.00000745583E+00 1.72825268613E+28
 2.91144477571E+04 7.21906877685E+19 1.00000748098E+00 1.73824187351E+28
 2.92827278255E+04 7.28528431211E+19 1.00000750621E+00 1.74828879774E+28
 2.94519805460E+04 7.35210719676E+19 1.00000753153E+00 1.75839379254E+28
 2.96222115404E+04 7.41954300162E+19 1.00000755693E+00 1.76855719354E+28
 2.97934264631E+04 7.48759734857E+19 1.00000758242E+00 1.77877933834E+28
 2.99656310014E+04 7.55627591107E+19 1.00000760799E+00 1.78906056647E+28
 3.01388308750E+04 7.62558441462E+19 1.00000763365E+00 1.79940121942E+28
 3.03130318370E+04 7.69552863724E+19 1.00000765940E+00 1.80980164066E+28
 3.04882396737E+04 7.76611440994E+19 1.00000768523E+00 1.82026217567E+28
 3.06644602048E+04 7.83734761721E+19 1.00000771116E+00 1.83078317187E+28
 3.08416992836E+04 7.90923419752E+19 1.00000773717E+00 1.84136497875E+28
 3.10199627973E+04 7.98178014383E+19 1.00000776326E+00 1.85200794778E+28
 3.11992566672E+04 8.05499150402E+19 1.00000778945E+00 1.86271243248E+28
 3.13795868486E+04 8.12887438149E+19 1.00000781572E+00 1.87347878839E+28
 3.15609593314E+04 8.20343493560E+19 1.00000784208E+00 1.88430737314E+28
 3.17433801401E+04 8.27867938222E+19 1.00000786853E+00 1.89519854639E+28
 3.19268553340E+04 8.35461399420E+19 1.00000789507E+00 1.90615266992E+28
 3.21113910075E+04 8.43124510198E+19 1.00000792170E+00 1.91717010756E+28
 3.22969932900E+04 8.50857909401E+19 1.00000794842E+00 1.92825122527E+28
 3.24836683465E+04 8.58662241737E+19 1.00000797523E+00 1.93939639112E+28
 3.26714223777E+04 8.66538157828E+19 1.00000800213E+00 1.95060597529E+28
 3.28602616200E+04 8.74486314261E+19 1.00000802912E+00 1.96188035013E+28
 3.30501923458E+04 8.82507373647E+19 1.00000805620E+00 1.97321989012E+28
 3.32412208641E+04 8.90602004674E+19 1.00000808337E+00 1.98462497190E+28
 3.34333535198E+04 8.98770882165E+19 1.00000811064E+00 1.99609597431E+28
 3.36265966950E+04 9.07014687131E+19 1.00000813799E+00 2.00763327837E+28
 3.38209568085E+04 9.15334106830E+19 1.00000816544E+00 2.01923726728E+28
 3.40164403161E+04 9.23729834824E+19 1.00000819298E+00 2.03090832650E+28
 3.42130537109E+04 9.32202571036E+19 1.00000822062E+00 2.04264684367E+28
 3.44108035238E+04 9.40753021809E+19 1.00000824834E+00 2.05445320870E+28
 3.46096963232E+04 9.49381899966E+19 1.00000827616E+00 2.06632781374E+28
 3.48097387155E+04 9.58089924866E+19 1.00000830408E+00 2.07827105323E+28
 3.50109373454E+04 9.66877822468E+19 1.00000833209E+00 2.09028332386E+28
 3.52132988958E+04 9.75746325390E+19 1.00000836019E+00 2.10236502463E+28
 3.54168300885E+04 9.84696172968E+19 1.00000838839E+00 2.11451655684E+28
 3.56215376840E+04 9.93728111320E+19 1.00000841668E+00 2.12673832411E+28
 3.58274284817E+04 1.00284289341E+20 1.00000844507E+00 2.13903073239E+28
 3.60345093207E+04 1.01204127910E+20 1.00000847355E+00 2.15139418999E+28
 3.62427870794E+04 1.02132403524E+20 1.00000850213E+00 2.16382910756E+28
 3.64522686758E+04 1.03069193569E+20 1.00000853081E+00 2.17633589814E+28
 3.66629610682E+04 1.04014576143E+20 1.00000855958E+00 2.18891497716E+28
 3.68748712550E+04 1.04968630059E+20 1.00000858845E+00 2.20156676243E+28
 3.70880062749E+04 1.05931434852E+20 1.00000861742E+00 2.21429167418E+28
 3.73023732075E+04 1.06903070790E+20 1.00000864649E+00 2.22709013510E+28
 3.75179791733E+04 1.07883618873E+20 1.00000867565E+00 2.23996257028E+28
 3.77348313337E+04 1.08873160847E+20 1.00000870491E+00 2.25290940729E+28
 3.79529368918E+04 1.09871779207E+20 1.00000873427E+00 2.26593107618E+28
 3.81723030922E+04 1.10879557203E+20 1.00000876373E+00 2.27902800945E+28
 3.83929372214E+04 1.11896578852E+20 1.00000879329E+00 2.29220064215E+28
 3.86148466080E+04 1.12922928938E+20 1.00000882295E+00 2.30544941180E+28
 3.88380386229E+04 1.13958693025E+20 1.00000885271E+00 2.31877475847E+28
 3.90625206798E+04 1.15003957462E+20 1.00000888257E+00 2.33217712477E+28
 3.92883002350E+04 1.16058809387E+20 1.00000891253E+00 2.34565695587E+28
 3.95153847881E+04 1.17123336741E+20 1.00000894259E+00 2.35921469951E+28
 3.97437818819E+04 1.18197628270E+20 1.00000897275E+00 2.37285080602E+28
 3.99734991029E+04 1.19281773534E+20 1.00000900302E+00 2.38656572834E+28
 4.02045440814E+04 1.20375862913E+20 1.00000903338E+00 2.40035992201E+28
 4.04369244918E+04 1.21479987620E+20 1.00000906385E+00 2.41423384522E+28
 4.06706480529E+04 1.22594239700E+20 1.00000909442E+00 2.42818795879E+28
 4.09057225281E+04 1.23718712046E+20 1.00000912510E+00 2.44222272623E+28
 4.11421557256E+04 1.24853498400E+20 1.00000915587E+00 2.45633861370E+28
 4.13799554989E+04 1.25998693367E+20 1.00000918676E+00 2.47053609008E+28
 4.16191297467E+04 1.27154392416E+20 1.00000921774E+00 2.48481562694E+28
 4.18596864134E+04 1.28320691895E+20 1.00000924883E+00 2.49917769859E+28
 4.21016334895E+04 1.29497689034E+20 1.00000928003E+00 2.51362278208E+28
 4.23449790114E+04 1.30685481956E+20 1.00000931133E+00 2.52815135720E+28
 4.25897310622E+04 1.31884169682E+20 1.00000934273E+00 2.54276390653E+28
 4.28358977716E+04 1.33093852143E+20 1.00000937424E+00 2.55746091545E+28
 4.30834873162E+04 1.34314630187E+20 1.00000940586E+00 2.57224287211E+28
 4.33325079201E+04 1.35546605585E+20 1.00000943759E+00 2.58711026752E+28
 4.35829678548E+04 1.36789881043E+20 1.00000946942E+00 2.60206359549E+28
 4.38348754395E+04 1.38044560209E+20 1.00000950136E+00 2.61710335273E+28
 4.40882390416E+04 1.39310747681E+20 1.00000953341E+00 2.63223003877E+28
 4.43430670770E+04 1.40588549016E+20 1.00000956556E+00 2.64744415607E+28
 4.45993680100E+04 1.41878070741E+20 1.00000959782E+00 2.66274620998E+28
 4.48571503539E+04 1.43179420359E+20 1.00000963020E+00 2.67813670875E+28
 4.51164226713E+04 1.44492706359E+20 1.00000966268E+00 2.69361616360E+28
 4.53771935742E+04 1.45818038225E+20 1.00000969527E+00 2.70918508868E+28
 4.56394717244E+04 1.47155526445E+20 1.00000972797E+00 2.72484400113E+28
 4.59032658338E+04 1.48505282522E+20 1.00000976078E+00 2.74059342107E+28
 4.61685846646E+04 1.49867418979E+20 1.00000979370E+00 2.75643387163E+28
 4.64354370297E+04 1.51242049374E+20 1.00000982674E+00 2.77236587895E+28
 4.67038317928E+04 1.52629288305E+20 1.00000985988E+00 2.78838997223E+28
 4.69737778691E+04 1.54029251421E+20 1.00000989314E+00 2.80450668373E+28
 4.72452842251E+04 1.55442055433E+20 1.00000992651E+00 2.82071654876E+28
 4.75183598791E+04 1.56867818120E+20 1.00000995999E+00 2.83702010575E+28
 4.77930139018E+04 1.58306658345E+20 1.00000999358E+00 2.85341789623E+28
 4.80692554161E+04 1.59758696058E+20 1.00001002729E+00 2.86991046486E+28
 4.83470935975E+04 1.61224052311E+20 1.00001006111E+00 2.88649835947E+28
 4.86265376750E+04 1.62702849265E+20 1.00001009504E+00 2.90318213102E+28
 4.89075969305E+04 1.64195210203E+20 1.00001012909E+00 2.91996233367E+28
 4.91902806997E+04 1.65701259538E+20 1.00001016326E+00 2.93683952480E+28
 4.94745983723E+04 1.67221122824E+20 1.00001019754E+00 2.95381426499E+28
 4.97605593923E+04 1.68754926767E+20 1.00001023193E+00 2.97088711806E+28
 5.00481732582E+04 1.70302799234E+20 1.00001026644E+00 2.98805865111E+28
 5.03374495234E+04 1.71864869268E+20 1.00001030107E+00 3.00532943450E+28
 5.06283977965E+04 1.73441267092E+20 1.00001033581E+00 3.02270004188E+28
 5.09210277418E+04 1.75032124125E+20 1.00001037068E+00 3.04017105024E+28
 5.12153490793E+04 1.76637572991E+20 1.00001040565E+00 3.05774303988E+28
 5.15113715853E+04 1.78257747532E+20 1.00001044075E+00 3.07541659447E+28
 5.18091050924E+04 1.79892782816E+20 1.00001047597E+00 3.09319230105E+28
 5.21085594902E+04 1.81542815150E+20 1.00001051130E+00 3.11107075004E+28
 5.24097447256E+04 1.83207982091E+20 1.00001054675E+00 3.12905253531E+28
 5.27126708026E+04 1.84888422460E+20 1.00001058233E+00 3.14713825411E+28
 5.30173477834E+04 1.86584276348E+20 1.00001061802E+00 3.16532850719E+28
 5.33237857881E+04 1.88295685134E+20 1.00001065383E+00 3.18362389874E+28
 5.36319949955E+04 1.90022791491E+20 1.00001068977E+00 3.20202503645E+28
 5.39419856431E+04 1.91765739403E+20 1.00001072582E+00 3.22053253154E+28
 5.42537680276E+04 1.93524674172E+20 1.00001076200E+00 3.23914699873E+28
 5.45673525053E+04 1.95299742437E+20 1.00001079830E+00 3.25786905633E+28
 5.48827494922E+04 1.97091092177E+20 1.00001083472E+00 3.27669932619E+28
 5.51999694645E+04 1.98898872733E+20 1.00001087126E+00 3.29563843378E+28
 5.55190229593E+04 2.00723234811E+20 1.00001090793E+00 3.31468700818E+28
 5.58399205741E+04 2.02564330504E+20 1.00001094472E+00 3.33384568208E+28
 5.61626729680E+04 2.04422313297E+20 1.00001098164E+00 3.35311509187E+28
 5.64872908616E+04 2.06297338083E+20 1.00001101868E+00 3.37249587758E+28
 5.68137850376E+04 2.08189561178E+20 1.00001105584E+00 3.39198868297E+28
 5.71421663407E+04 2.10099140329E+20 1.00001109313E+00 3.41159415549E+28
 5.74724456786E+04 2.12026234732E+20 1.00001113055E+00 3.43131294637E+28
 5.78046340218E+04 2.13971005042E+20 1.00001116809E+00 3.45114571056E+28
 5.81387424046E+04 2.15933613387E+20 1.00001120576E+00 3.47109310683E+28
 5.84747819245E+04 2.17914223384E+20 1.00001124356E+00 3.49115579775E+28
 5.88127637437E+04 2.19913000150E+20 1.00001128148E+00 3.51133444971E+28
 5.91526990887E+04 2.21930110315E+20 1.00001131953E+00 3.53162973295E+28
 5.94945992506E+04 2.23965722040E+20 1.00001135771E+00 3.55204232160E+28
 5.98384755863E+04 2.26020005026E+20 1.00001139602E+00 3.57257289368E+28
 6.01843395180E+04 2.28093130532E+20 1.00001143445E+00 3.59322213112E+28
 6.05322025339E+04 2.30185271387E+20 1.00001147302E+00 3.61399071980E+28
 6.08820761888E+04 2.32296602007E+20 1.00001151172E+00 3.63487934957E+28
 6.12339721042E+04 2.34427298405E+20 1.00001155055E+00 3.65588871425E+28
 6.15879019687E+04 2.36577538210E+20 1.00001158950E+00 3.67701951167E+28
 6.19438775385E+04 2.38747500681E+20 1.00001162859E+00 3.69827244373E+28
 6.23019106378E+04 2.40937366720E+20 1.00001166782E+00 3.71964821634E+28
 6.26620131592E+04 2.43147318889E+20 1.00001170717E+00 3.74114753952E+28
 6.30241970638E+04 2.45377541424E+20 1.00001174666E+00 3.76277112738E+28
 6.33884743821E+04 2.47628220250E+20 1.00001178628E+00 3.78451969816E+28
 6.37548572140E+04 2.49899543000E+20 1.00001182603E+00 3.80639397425E+28
 6.41233577294E+04 2.52191699026E+20 1.00001186592E+00 3.82839468223E+28
 6.44939881684E+04 2.54504879418E+20 1.00001190594E+00 3.85052255286E+28
 6.48667608420E+04 2.56839277016E+20 1.00001194610E+00 3.87277832114E+28
 6.52416881324E+04 2.59195086432E+20 1.00001198639E+00 3.89516272630E+28
 6.56187824931E+04 2.61572504062E+20 1.00001202682E+00 3.91767651185E+28
 6.59980564500E+04 2.63971728104E+20 1.00001206739E+00 3.94032042561E+28
 6.63795226010E+04 2.66392958571E+20 1.00001210809E+00 3.96309521971E+28
 6.67631936170E+04 2.68836397314E+20 1.00001214893E+00 3.98600165063E+28
 6.71490822421E+04 2.71302248034E+20 1.00001218990E+00 4.00904047922E+28
 6.75372012942E+04 2.73790716301E+20 1.00001223102E+00 4.03221247073E+28
 6.79275636651E+04 2.76302009570E+20 1.00001227227E+00 4.05551839484E+28
 6.83201823211E+04 2.78836337199E+20 1.00001231366E+00 4.07895902566E+28
 6.87150703036E+04 2.81393910466E+20 1.00001235520E+00 4.10253514179E+28
 6.91122407294E+04 2.83974942587E+20 1.00001239687E+00 4.12624752633E+28
 6.95117067909E+04 2.86579648735E+20 1.00001243868E+00 4.15009696690E+28
 6.99134817568E+04 2.89208246054E+20 1.00001248064E+00 4.17408425568E+28
 7.03175789728E+04 2.91860953682E+20 1.00001252273E+00 4.19821018941E+28
 7.07240118614E+04 2.94537992766E+20 1.00001256497E+00 4.22247556947E+28
 7.11327939227E+04 2.97239586482E+20 1.00001260735E+00 4.24688120183E+28
 7.15439387351E+04 2.99965960053E+20 1.00001264987E+00 4.27142789714E+28
 7.19574599552E+04 3.02717340766E+20 1.00001269254E+00 4.29611647075E+28
 7.23733713186E+04 3.05493957996E+20 1.00001273535E+00 4.32094774270E+28
 7.27916866404E+04 3.08296043219E+20 1.00001277831E+00 4.34592253778E+28
 7.32124198155E+04 3.11123830036E+20 1.00001282141E+00 4.37104168553E+28
 7.36355848190E+04 3.13977554190E+20 1.00001286465E+00 4.39630602032E+28
 7.40611957071E+04 3.16857453586E+20 1.00001290804E+00 4.42171638130E+28
 7.44892666168E+04 3.19763768311E+20 1.00001295158E+00 4.44727361251E+28
 7.49198117671E+04 3.22696740655E+20 1.00001299526E+00 4.47297856284E+28
 7.53528454591E+04 3.25656615130E+20 1.00001303909E+00 4.49883208611E+28
 7.57883820766E+04 3.28643638491E+20 1.00001308307E+00 4.52483504104E+28
 7.62264360866E+04 3.31658059755E+20 1.00001312720E+00 4.55098829135E+28
 7.66670220396E+04 3.34700130225E+20 1.00001317148E+00 4.57729270574E+28
 7.71101545702E+04 3.37770103508E+20 1.00001321590E+00 4.60374915792E+28
 7.75558483976E+04 3.40868235537E+20 1.00001326048E+00 4.63035852666E+28
 7.80041183262E+04 3.43994784593E+20 1.00001330521E+00 4.65712169581E+28
 7.84549792458E+04 3.47150011325E+20 1.00001335008E+00 4.68403955432E+28
 7.89084461324E+04 3.50334178774E+20 1.00001339511E+00 4.71111299630E+28
 7.93645340485E+04 3.53547552394E+20 1.00001344029E+00 4.73834292100E+28
 7.98232581437E+04 3.56790400072E+20 1.00001348562E+00 4.76573023288E+28
 8.02846336550E+04 3.60062992153E+20 1.00001353111E+00 4.79327584163E+28
 8.07486759077E+04 3.63365601463E+20 1.00001357675E+00 4.82098066219E+28
 8.12154003156E+04 3.66698503328E+20 1.00001362254E+00 4.84884561481E+28
 8.16848223816E+04 3.70061975602E+20 1.00001366849E+00 4.87687162502E+28
 8.21569576981E+04 3.73456298686E+20 1.00001371459E+00 4.90505962374E+28
 8.26318219478E+04 3.76881755552E+20 1.00001376085E+00 4.93341054725E+28
 8.31094309038E+04 3.80338631770E+20 1.00001380726E+00 4.96192533724E+28
 8.35898004307E+04 3.83827215528E+20 1.00001385383E+00 4.99060494085E+28
 8.40729464846E+04 3.87347797656E+20 1.00001390056E+00 5.01945031069E+28
 8.45588851137E+04 3.90900671655E+20 1.00001394744E+00 5.04846240488E+28
 8.50476324593E+04 3.94486133714E+20 1.00001399449E+00 5.07764218707E+28
 8.55392047557E+04 3.98104482742E+20 1.00001404169E+00 5.10699062650E+28
 8.60336183312E+04 4.01756020389E+20 1.00001408905E+00 5.13650869798E+28
 8.65308896083E+04 4.05441051070E+20 1.00001413657E+00 5.16619738198E+28
 8.70310351047E+04 4.09159881994E+20 1.00001418425E+00 5.19605766464E+28
 8.75340714333E+04 4.12912823187E+20 1.00001423209E+00 5.22609053777E+28
 8.80400153033E+04 4.16700187520E+20 1.00001428010E+00 5.25629699895E+28
 8.85488835201E+04 4.20522290732E+20 1.00001432826E+00 5.28667805149E+28
 8.90606929866E+04 4.24379451458E+20 1.00001437659E+00 5.31723470452E+28
 8.95754607033E+04 4.28271991257E+20 1.00001442508E+00 5.34796797301E+28
 9.00932037688E+04 4.32200234638E+20 1.00001447373E+00 5.37887887779E+28
 9.06139393807E+04 4.36164509083E+20 1.00001452255E+00 5.40996844556E+28
 9.11376848359E+04 4.40165145082E+20 1.00001457153E+00 5.44123770900E+28
 9.16644575315E+04 4.44202476154E+20 1.00001462068E+00 5.47268770674E+28
 9.21942749648E+04 4.48276838877E+20 1.00001467000E+00 5.50431948341E+28
 9.27271547345E+04 4.52388572917E+20 1.00001471948E+00 5.53613408967E+28
 9.32631145410E+04 4.56538021055E+20 1.00001476912E+00 5.56813258228E+28
 9.38021721869E+04 4.60725529218E+20 1.00001481894E+00 5.60031602408E+28
 9.43443455777E+04 4.64951446502E+20 1.00001486892E+00 5.63268548406E+28
 9.48896527225E+04 4.69216125209E+20 1.00001491907E+00 5.66524203741E+28
 9.54381117345E+04 4.73519920870E+20 1.00001496939E+00 5.69798676550E+28
 9.59897408315E+04 4.77863192279E+20 1.00001501988E+00 5.73092075598E+28
 9.65445583366E+04 4.82246301518E+20 1.00001507054E+00 5.76404510276E+28
 9.71025826788E+04 4.86669613993E+20 1.00001512137E+00 5.79736090610E+28
 9.76638323939E+04 4.91133498460E+20 1.00001517237E+00 5.83086927261E+28
 9.82283261243E+04 4.95638327059E+20 1.00001522355E+00 5.86457131528E+28
 9.87960826207E+04 5.00184475341E+20 1.00001527490E+00 5.89846815354E+28
 9.93671207418E+04 5.04772322303E+20 1.00001532642E+00 5.93256091332E+28
 9.99414594555E+04 5.09402250420E+20 1.00001537811E+00 5.96685072701E+28
 1.00519117839E+05 5.14074645671E+20 1.00001542998E+00 6.00133873359E+28
 1.01100115081E+05 5.18789897579E+20 1.00001548202E+00 6.03602607858E+28
 1.01684470479E+05 5.23548399238E+20 1.00001553424E+00 6.07091391415E+28
 1.02272203444E+05 5.28350547348E+20 1.00001558664E+00 6.10600339914E+28
 1.02863333498E+05 5.33196742249E+20 1.00001563921E+00 6.14129569904E+28
 1.03457880276E+05 5.38087387950E+20 1.00001569196E+00 6.17679198613E+28
 1.04055863527E+05 5.43022892169E+20 1.00001574489E+00 6.21249343944E+28
 1.04657303114E+05 5.48003666362E+20 1.00001579799E+00 6.24840124481E+28
 1.05262219015E+05 5.53030125759E+20 1.00001585128E+00 6.28451659494E+28
 1.05870631323E+05 5.58102689398E+20 1.00001590474E+00 6.32084068943E+28
 1.06482560246E+05 5.63221780163E+20 1.00001595838E+00 6.35737473481E+28
 1.07098026112E+05 5.68387824814E+20 1.00001601221E+00 6.39411994459E+28
 1.07717049364E+05 5.73601254027E+20 1.00001606622E+00 6.43107753926E+28
 1.08339650563E+05 5.78862502428E+20 1.00001612041E+00 6.46824874642E+28
 1.08965850390E+05 5.84172008628E+20 1.00001617478E+00 6.50563480072E+28
 1.09595669646E+05 5.89530215265E+20 1.00001622933E+00 6.54323694397E+28
 1.10229129250E+05 5.94937569033E+20 1.00001628407E+00 6.58105642514E+28
 1.10866250245E+05 6.00394520725E+20 1.00001633900E+00 6.61909450044E+28
 1.11507053792E+05 6.05901525268E+20 1.00001639411E+00 6.65735243332E+28
 1.12151561177E+05 6.11459041763E+20 1.00001644940E+00 6.69583149455E+28
 1.12799793809E+05 6.17067533521E+20 1.00001650489E+00 6.73453296223E+28
 1.13451773219E+05 6.22727468103E+20 1.00001656055E+00 6.77345812187E+28
 1.14107521064E+05 6.28439317359E+20 1.00001661641E+00 6.81260826638E+28
 1.14767059126E+05 6.34203557465E+20 1.00001667246E+00 6.85198469616E+28
 1.15430409311E+05 6.40020668967E+20 1.00001672869E+00 6.89158871912E+28
 1.16097593655E+05 6.45891136818E+20 1.00001678511E+00 6.93142165075E+28
 1.16768634319E+05 6.51815450419E+20 1.00001684173E+00 6.97148481412E+28
 1.17443553591E+05 6.57794103659E+20 1.00001689853E+00 7.01177953994E+28
 1.18122373892E+05 6.63827594959E+20 1.00001695553E+00 7.05230716665E+28
 1.18805117769E+05 6.69916427311E+20 1.00001701272E+00 7.09306904038E+28
 1.19491807900E+05 6.76061108319E+20 1.00001707010E+00 7.13406651507E+28
 1.20182467094E+05 6.82262150245E+20 1.00001712768E+00 7.17530095249E+28
 1.20877118294E+05 6.88520070048E+20 1.00001718545E+00 7.21677372225E+28
 1.21575784573E+05 6.94835389431E+20 1.00001724341E+00 7.25848620190E+28
 1.22278489137E+05 7.01208634879E+20 1.00001730157E+00 7.30043977696E+28
 1.22985255329E+05 7.07640337709E+20 1.00001735993E+00 7.34263584094E+28
 1.23696106625E+05 7.14131034110E+20 1.00001741848E+00 7.38507579540E+28
 1.24411066637E+05 7.20681265189E+20 1.00001747723E+00 7.42776105002E+28
 1.25130159114E+05 7.27291577017E+20 1.00001753618E+00 7.47069302262E+28
 1.25853407940E+05 7.33962520673E+20 1.00001759533E+00 7.51387313921E+28
 1.26580837141E+05 7.40694652290E+20 1.00001765467E+00 7.55730283405E+28
 1.27312470878E+05 7.47488533104E+20 1.00001771422E+00 7.60098354968E+28
 1.28048333454E+05 7.54344729498E+20 1.00001777397E+00 7.64491673698E+28
 1.28788449312E+05 7.61263813049E+20 1.00001783392E+00 7.68910385524E+28
 1.29532843035E+05 7.68246360578E+20 1.00001789407E+00 7.73354637214E+28
 1.30281539351E+05 7.75292954197E+20 1.00001795442E+00 7.77824576388E+28
 1.31034563128E+05 7.82404181354E+20 1.00001801498E+00 7.82320351518E+28
 1.31791939380E+05 7.89580634891E+20 1.00001807574E+00 7.86842111934E+28
 1.32553693262E+05 7.96822913082E+20 1.00001813671E+00 7.91390007829E+28
 1.33319850079E+05 8.04131619693E+20 1.00001819788E+00 7.95964190265E+28
 1.34090435280E+05 8.11507364024E+20 1.00001825926E+00 8.00564811175E+28
 1.34865474460E+05 8.18950760968E+20 1.00001832085E+00 8.05192023373E+28
 1.35644993364E+05 8.26462431055E+20 1.00001838264E+00 8.09845980555E+28
 1.36429017885E+05 8.34043000506E+20 1.00001844465E+00 8.14526837305E+28
 1.37217574065E+05 8.41693101289E+20 1.00001850686E+00 8.19234749100E+28
 1.38010688098E+05 8.49413371167E+20 1.00001856928E+00 8.23969872318E+28
 1.38808386327E+05 8.57204453751E+20 1.00001863191E+00 8.28732364237E+28
 1.39610695251E+05 8.65066998558E+20 1.00001869476E+00 8.33522383048E+28
 1.40417641518E+05 8.73001661063E+20 1.00001875781E+00 8.38340087854E+28
 1.41229251934E+05 8.81009102749E+20 1.00001882108E+00 8.43185638679E+28
 1.42045553456E+05 8.89089991172E+20 1.00001888456E+00 8.48059196470E+28
 1.42866573199E+05 8.97245000007E+20 1.00001894825E+00 8.52960923106E+28
 1.43692338436E+05 9.05474809109E+20 1.00001901216E+00 8.57890981401E+28
 1.44522876595E+05 9.13780104570E+20 1.00001907629E+00 8.62849535110E+28
 1.45358215264E+05 9.22161578773E+20 1.00001914063E+00 8.67836748935E+28
 1.46198382189E+05 9.30619930455E+20 1.00001920519E+00 8.72852788529E+28
 1.47043405280E+05 9.39155864758E+20 1.00001926997E+00 8.77897820504E+28
 1.47893312603E+05 9.47770093296E+20 1.00001933496E+00 8.82972012434E+28
 1.48748132391E+05 9.56463334206E+20 1.00001940018E+00 8.88075532861E+28
 1.49607893037E+05 9.65236312215E+20 1.00001946561E+00 8.93208551301E+28
 1.50472623101E+05 9.74089758696E+20 1.00001953127E+00 8.98371238252E+28
 1.51342351304E+05 9.83024411731E+20 1.00001959714E+00 9.03563765196E+28
 1.52217106538E+05 9.92041016171E+20 1.00001966324E+00 9.08786304606E+28
 1.53096917857E+05 1.00114032370E+21 1.00001972957E+00 9.14039029951E+28
 1.53981814488E+05 1.01032309290E+21 1.00001979611E+00 9.19322115705E+28
 1.54871825822E+05 1.01959008930E+21 1.00001986288E+00 9.24635737349E+28
 1.55766981423E+05 1.02894208546E+21 1.00001992988E+00 9.29980071378E+28
 1.56667311026E+05 1.03837986103E+21 1.00001999710E+00 9.35355295308E+28
 1.57572844535E+05 1.04790420280E+21 1.00002006454E+00 9.40761587680E+28
 1.58483612031E+05 1.05751590479E+21 1.00002013222E+00 9.46199128068E+28
 1.59399643765E+05 1.06721576828E+21 1.00002020012E+00 9.51668097084E+28
 1.60320970165E+05 1.07700460192E+21 1.00002026826E+00 9.57168676383E+28
 1.61247621835E+05 1.08688322178E+21 1.00002033662E+00 9.62701048670E+28
 1.62179629555E+05 1.09685245140E+21 1.00002040521E+00 9.68265397706E+28
 1.63117024283E+05 1.10691312189E+21 1.00002047404E+00 9.73861908316E+28
 1.64059837155E+05 1.11706607196E+21 1.00002054309E+00 9.79490766390E+28
 1.65008099490E+05 1.12731214803E+21 1.00002061238E+00 9.85152158896E+28
 1.65961842786E+05 1.13765220429E+21 1.00002068190E+00 9.90846273880E+28
 1.66921098722E+05 1.14808710274E+21 1.00002075166E+00 9.96573300476E+28
 1.67885899162E+05 1.15861771332E+21 1.00002082166E+00 1.00233342891E+29
 1.68856276154E+05 1.16924491392E+21 1.00002089188E+00 1.00812685051E+29
 1.69832261929E+05 1.17996959050E+21 1.00002096235E+00 1.01395375771E+29
 1.70813888908E+05 1.19079263713E+21 1.00002103305E+00 1.01981434405E+29
 1.71801189696E+05 1.20171495610E+21 1.00002110400E+00 1.02570880419E+29
 1.72794197089E+05 1.21273745796E+21 1.00002117518E+00 1.03163733393E+29
 1.73792944071E+05 1.22386106163E+21 1.00002124660E+00 1.03760013018E+29
 1.74797463817E+05 1.23508669443E+21 1.00002131826E+00 1.04359739101E+29
 1.75807789693E+05 1.24641529222E+21 1.00002139016E+00 1.04962931561E+29
 1.76823955261E+05 1.25784779941E+21 1.00002146231E+00 1.05569610433E+29
 1.77845994272E+05 1.26938516910E+21 1.00002153470E+00 1.06179795870E+29
 1.78873940677E+05 1.28102836312E+21 1.00002160733E+00 1.06793508139E+29
 1.79907828620E+05 1.29277835212E+21 1.00002168021E+00 1.07410767625E+29
 1.80947692443E+05 1.30463611567E+21 1.00002175334E+00 1.08031594830E+29
 1.81993566688E+05 1.31660264229E+21 1.00002182671E+00 1.08656010376E+29
 1.83045486095E+05 1.32867892960E+21 1.00002190033E+00 1.09284035002E+29
 1.84103485605E+05 1.34086598436E+21 1.00002197420E+00 1.09915689570E+29
 1.85167600362E+05 1.35316482256E+21 1.00002204831E+00 1.10550995060E+29
 1.86237865712E+05 1.36557646952E+21 1.00002212268E+00 1.11189972574E+29
 1.87314317205E+05 1.37810195995E+21 1.00002219730E+00 1.11832643336E+29
 1.88396990599E+05 1.39074233805E+21 1.00002227216E+00 1.12479028693E+29
 1.89485921856E+05 1.40349865762E+21 1.00002234729E+00 1.13129150116E+29
 1.90581147147E+05 1.41637198211E+21 1.00002242266E+00 1.13783029197E+29
 1.91682702851E+05 1.42936338471E+21 1.00002249829E+00 1.14440687657E+29
 1.92790625559E+05 1.44247394849E+21 1.00002257417E+00 1.15102147340E+29
 1.93904952072E+05 1.45570476641E+21 1.00002265031E+00 1.15767430216E+29
 1.95025719405E+05 1.46905694150E+21 1.00002272671E+00 1.16436558384E+29
 1.96152964787E+05 1.48253158687E+21 1.00002280336E+00 1.17109554068E+29
 1.97286725659E+05 1.49612982587E+21 1.00002288028E+00 1.17786439624E+29
 1.98427039684E+05 1.50985279213E+21 1.00002295745E+00 1.18467237534E+29
 1.99573944737E+05 1.52370162968E+21 1.00002303488E+00 1.19151970411E+29
 2.00727478916E+05 1.53767749306E+21 1.00002311258E+00 1.19840661000E+29
 2.01887680537E+05 1.55178154739E+21 1.00002319053E+00 1.20533332175E+29
 2.03054588139E+05 1.56601496848E+21 1.00002326875E+00 1.21230006944E+29
 2.04228240483E+05 1.58037894292E+21 1.00002334723E+00 1.21930708448E+29
 2.05408676552E+05 1.59487466817E+21 1.00002342598E+00 1.22635459960E+29
 2.06595935559E+05 1.60950335271E+21 1.00002350499E+00 1.23344284890E+29
 2.07790056940E+05 1.62426621608E+21 1.00002358427E+00 1.24057206782E+29
 2.08991080359E+05 1.63916448901E+21 1.00002366382E+00 1.24774249315E+29
 2.10199045711E+05 1.65419941350E+21 1.00002374364E+00 1.25495436308E+29
 2.11413993121E+05 1.66937224299E+21 1.00002382372E+00 1.26220791714E+29
 2.12635962946E+05 1.68468424236E+21 1.00002390408E+00 1.26950339627E+29
 2.13864995775E+05 1.70013668814E+21 1.00002398470E+00 1.27684104279E+29
 2.15101132433E+05 1.71573086854E+21 1.00002406560E+00 1.28422110042E+29
 2.16344413981E+05 1.73146808359E+21 1.00002414677E+00 1.29164381431E+29
 2.17594881717E+05 1.74734964525E+21 1.00002422821E+00 1.29910943100E+29
 2.18852577177E+05 1.76337687752E+21 1.00002430993E+00 1.30661819846E+29
 2.20117542137E+05 1.77955111652E+21 1.00002439193E+00 1.31417036611E+29
 2.21389818617E+05 1.79587371066E+21 1.00002447420E+00 1.32176618479E+29
 2.22669448877E+05 1.81234602069E+21 1.00002455675E+00 1.32940590681E+29
 2.23956475423E+05 1.82896941985E+21 1.00002463957E+00 1.33708978592E+29
 2.25250941005E+05 1.84574529397E+21 1.00002472268E+00 1.34481807734E+29
 2.26552888622E+05 1.86267504161E+21 1.00002480607E+00 1.35259103779E+29
 2.27862361521E+05 1.87976007414E+21 1.00002488973E+00 1.36040892544E+29
 2.29179403197E+05 1.89700181588E+21 1.00002497368E+00 1.36827199997E+29
 2.30504057399E+05 1.91440170422E+21 1.00002505792E+00 1.37618052255E+29
 2.31836368129E+05 1.93196118972E+21 1.00002514243E+00 1.38413475588E+29
 2.33176379640E+05 1.94968173626E+21 1.00002522724E+00 1.39213496415E+29
 2.34524136445E+05 1.96756482115E+21 1.00002531233E+00 1.40018141311E+29
 2.35879683312E+05 1.98561193523E+21 1.00002539770E+00 1.40827437001E+29
 2.37243065267E+05 2.00382458303E+21 1.00002548336E+00 1.41641410367E+29
 2.38614327598E+05 2.02220428288E+21 1.00002556932E+00 1.42460088446E+29
 2.39993515855E+05 2.04075256704E+21 1.00002565556E+00 1.43283498431E+29
 2.41380675849E+05 2.05947098179E+21 1.00002574209E+00 1.44111667672E+29
 2.42775853658E+05 2.07836108765E+21 1.00002582892E+00 1.44944623676E+29
 2.44179095626E+05 2.09742445942E+21 1.00002591603E+00 1.45782394112E+29
 2.45590448363E+05 2.11666268633E+21 1.00002600345E+00 1.46625006806E+29
 2.47009958752E+05 2.13607737222E+21 1.00002609115E+00 1.47472489747E+29
 2.48437673942E+05 2.15567013562E+21 1.00002617916E+00 1.48324871083E+29
 2.49873641360E+05 2.17544260992E+21 1.00002626745E+00 1.49182179127E+29
 2.51317908703E+05 2.19539644348E+21 1.00002635605E+00 1.50044442356E+29
 2.52770523946E+05 2.21553329979E+21 1.00002644495E+00 1.50911689410E+29
 2.54231535339E+05 2.23585485757E+21 1.00002653414E+00 1.51783949095E+29
 2.55700991415E+05 2.25636281098E+21 1.00002662364E+00 1.52661250384E+29
 2.57178940982E+05 2.27705886970E+21 1.00002671344E+00 1.53543622417E+29
 2.58665433135E+05 2.29794475907E+21 1.00002680354E+00 1.54431094503E+29
 2.60160517251E+05 2.31902222029E+21 1.00002689394E+00 1.55323696119E+29
 2.61664242991E+05 2.34029301052E+21 1.00002698465E+00 1.56221456914E+29
 2.63176660304E+05 2.36175890302E+21 1.00002707567E+00 1.57124406708E+29
 2.64697819430E+05 2.38342168734E+21 1.00002716699E+00 1.58032575492E+29
 2.66227770895E+05 2.40528316943E+21 1.00002725862E+00 1.58945993433E+29
 2.67766565521E+05 2.42734517180E+21 1.00002735056E+00 1.59864690869E+29
 2.69314254422E+05 2.44960953370E+21 1.00002744281E+00 1.60788698316E+29
 2.70870889007E+05 2.47207811122E+21 1.00002753538E+00 1.61718046466E+29
 2.72436520983E+05 2.49475277749E+21 1.00002762825E+00 1.62652766188E+29
 2.74011202356E+05 2.51763542283E+21 1.00002772144E+00 1.63592888528E+29
 2.75594985432E+05 2.54072795488E+21 1.00002781494E+00 1.64538444714E+29
 2.77187922820E+05 2.56403229879E+21 1.00002790875E+00 1.65489466152E+29
 2.78790067432E+05 2.58755039735E+21 1.00002800289E+00 1.66445984433E+29
 2.80401472487E+05 2.61128421121E+21 1.00002809734E+00 1.67408031326E+29
 2.82022191511E+05 2.63523571896E+21 1.00002819211E+00 1.68375638788E+29
 2.83652278340E+05 2.65940691735E+21 1.00002828719E+00 1.69348838957E+29
 2.85291787120E+05 2.68379982147E+21 1.00002838260E+00 1.70327664159E+29
 2.86940772311E+05 2.70841646486E+21 1.00002847833E+00 1.71312146907E+29
 2.88599288688E+05 2.73325889973E+21 1.00002857439E+00 1.72302319901E+29
 2.90267391341E+05 2.75832919711E+21 1.00002867077E+00 1.73298216030E+29
 2.91945135680E+05 2.78362944702E+21 1.00002876747E+00 1.74299868374E+29
 2.93632577435E+05 2.80916175867E+21 1.00002886450E+00 1.75307310202E+29
 2.95329772658E+05 2.83492826058E+21 1.00002896186E+00 1.76320574978E+29
 2.97036777725E+05 2.86093110083E+21 1.00002905954E+00 1.77339696358E+29
 2.98753649337E+05 2.88717244719E+21 1.00002915755E+00 1.78364708193E+29
 3.00480444524E+05 2.91365448731E+21 1.00002925590E+00 1.79395644530E+29
 3.02217220646E+05 2.94037942890E+21 1.00002935458E+00 1.80432539611E+29
 3.03964035392E+05 2.96734949994E+21 1.00002945359E+00 1.81475427877E+29
 3.05720946788E+05 2.99456694882E+21 1.00002955293E+00 1.82524343970E+29
 3.07488013192E+05 3.02203404458E+21 1.00002965261E+00 1.83579322729E+29
 3.09265293302E+05 3.04975307705E+21 1.00002975262E+00 1.84640399196E+29
 3.11052846153E+05 3.07772635707E+21 1.00002985297E+00 1.85707608616E+29
 3.12850731124E+05 3.10595621668E+21 1.00002995366E+00 1.86780986436E+29
 3.14659007934E+05 3.13444500931E+21 1.00003005470E+00 1.87860568309E+29
 3.16477736650E+05 3.16319510997E+21 1.00003015607E+00 1.88946390096E+29
 3.18306977685E+05 3.19220891546E+21 1.00003025778E+00 1.90038487861E+29
 3.20146791801E+05 3.22148884456E+21 1.00003035983E+00 1.91136897879E+29
 3.21997240111E+05 3.25103733825E+21 1.00003046223E+00 1.92241656636E+29
 3.23858384082E+05 3.28085685987E+21 1.00003056498E+00 1.93352800826E+29
 3.25730285536E+05 3.31094989538E+21 1.00003066807E+00 1.94470367357E+29
 3.27613006652E+05 3.34131895354E+21 1.00003077151E+00 1.95594393349E+29
 3.29506609969E+05 3.37196656610E+21 1.00003087530E+00 1.96724916137E+29
 3.31411158388E+05 3.40289528806E+21 1.00003097944E+00 1.97861973274E+29
 3.33326715171E+05 3.43410769785E+21 1.00003108393E+00 1.99005602526E+29
 3.35253343949E+05 3.46560639752E+21 1.00003118877E+00 2.00155841880E+29
 3.37191108718E+05 3.49739401303E+21 1.00003129397E+00 2.01312729543E+29
 3.39140073847E+05 3.52947319439E+21 1.00003139952E+00 2.02476303940E+29
 3.41100304073E+05 3.56184661594E+21 1.00003150543E+00 2.03646603721E+29
 3.43071864511E+05 3.59451697654E+21 1.00003161169E+00 2.04823667759E+29
 3.45054820651E+05 3.62748699982E+21 1.00003171831E+00 2.06007535149E+29
 3.47049238360E+05 3.66075943436E+21 1.00003182529E+00 2.07198245216E+29
 3.49055183888E+05 3.69433705397E+21 1.00003193264E+00 2.08395837509E+29
 3.51072723866E+05 3.72822265792E+21 1.00003204034E+00 2.09600351807E+29
 3.53101925313E+05 3.76241907112E+21 1.00003214841E+00 2.10811828118E+29
 3.55142855631E+05 3.79692914442E+21 1.00003225684E+00 2.12030306683E+29
 3.57195582617E+05 3.83175575480E+21 1.00003236564E+00 2.13255827975E+29
 3.59260174455E+05 3.86690180565E+21 1.00003247481E+00 2.14488432700E+29
 3.61336699726E+05 3.90237022695E+21 1.00003258434E+00 2.15728161799E+29
 3.63425227406E+05 3.93816397561E+21 1.00003269424E+00 2.16975056451E+29
 3.65525826870E+05 3.97428603562E+21 1.00003280452E+00 2.18229158073E+29
 3.67638567896E+05 4.01073941835E+21 1.00003291516E+00 2.19490508320E+29
 3.69763520661E+05 4.04752716280E+21 1.00003302618E+00 2.20759149088E+29
 3.71900755752E+05 4.08465233585E+21 1.00003313757E+00 2.22035122518E+29
 3.74050344162E+05 4.12211803247E+21 1.00003324934E+00 2.23318470990E+29
 3.76212357295E+05 4.15992737608E+21 1.00003336149E+00 2.24609237133E+29
 3.78386866965E+05 4.19808351870E+21 1.00003347401E+00 2.25907463819E+29
 3.80573945406E+05 4.23658964128E+21 1.00003358692E+00 2.27213194170E+29
 3.82773665266E+05 4.27544895394E+21 1.00003370020E+00 2.28526471558E+29
 3.84986099614E+05 4.31466469626E+21 1.00003381387E+00 2.29847339602E+29
 3.87211321941E+05 4.35424013752E+21 1.00003392792E+00 2.31175842178E+29
 3.89449406162E+05 4.39417857698E+21 1.00003404235E+00 2.32512023411E+29
 3.91700426623E+05 4.43448334418E+21 1.00003415718E+00 2.33855927685E+29
 3.93964458094E+05 4.47515779919E+21 1.00003427238E+00 2.35207599637E+29
 3.96241575782E+05 4.51620533291E+21 1.00003438798E+00 2.36567084165E+29
 3.98531855326E+05 4.55762936732E+21 1.00003450397E+00 2.37934426424E+29
 4.00835372804E+05 4.59943335581E+21 1.00003462034E+00 2.39309671832E+29
 4.03152204732E+05 4.64162078343E+21 1.00003473711E+00 2.40692866068E+29
 4.05482428069E+05 4.68419516721E+21 1.00003485428E+00 2.42084055077E+29
 4.07826120220E+05 4.72716005642E+21 1.00003497184E+00 2.43483285067E+29
 4.10183359035E+05 4.77051903291E+21 1.00003508979E+00 2.44890602515E+29
 4.12554222817E+05 4.81427571136E+21 1.00003520815E+00 2.46306054165E+29
 4.14938790319E+05 4.85843373963E+21 1.00003532690E+00 2.47729687033E+29
 4.17337140750E+05 4.90299679900E+21 1.00003544605E+00 2.49161548406E+29
 4.19749353777E+05 4.94796860457E+21 1.00003556561E+00 2.50601685844E+29
 4.22175509529E+05 4.99335290547E+21 1.00003568557E+00 2.52050147182E+29
 4.24615688595E+05 5.03915348523E+21 1.00003580593E+00 2.53506980532E+29
 4.27069972032E+05 5.08537416210E+21 1.00003592670E+00 2.54972234283E+29
 4.29538441365E+05 5.13201878934E+21 1.00003604788E+00 2.56445957105E+29
 4.32021178591E+05 5.17909125555E+21 1.00003616946E+00 2.57928197949E+29
 4.34518266180E+05 5.22659548500E+21 1.00003629146E+00 2.59419006047E+29
 4.37029787078E+05 5.27453543796E+21 1.00003641386E+00 2.60918430919E+29
 4.39555824713E+05 5.32291511103E+21 1.00003653668E+00 2.62426522368E+29
 4.42096462992E+05 5.37173853744E+21 1.00003665992E+00 2.63943330487E+29
 4.44651786309E+05 5.42100978744E+21 1.00003678357E+00 2.65468905658E+29
 4.47221879546E+05 5.47073296861E+21 1.00003690763E+00 2.67003298553E+29
 4.49806828076E+05 5.52091222621E+21 1.00003703212E+00 2.68546560139E+29
 4.52406717762E+05 5.57155174350E+21 1.00003715702E+00 2.70098741676E+29
 4.55021634968E+05 5.62265574213E+21 1.00003728235E+00 2.71659894720E+29
 4.57651666554E+05 5.67422848246E+21 1.00003740810E+00 2.73230071127E+29
 4.60296899884E+05 5.72627426395E+21 1.00003753427E+00 2.74809323051E+29
 4.62957422826E+05 5.77879742547E+21 1.00003766087E+00 2.76397702947E+29
 4.65633323755E+05 5.83180234570E+21 1.00003778790E+00 2.77995263575E+29
 4.68324691559E+05 5.88529344348E+21 1.00003791535E+00 2.79602057999E+29
 4.71031615639E+05 5.93927517818E+21 1.00003804323E+00 2.81218139590E+29
 4.73754185911E+05 5.99375205007E+21 1.00003817155E+00 2.82843562026E+29
 4.76492492813E+05 6.04872860071E+21 1.00003830030E+00 2.84478379298E+29
 4.79246627304E+05 6.10420941330E+21 1.00003842948E+00 2.86122645707E+29
 4.82016680871E+05 6.16019911309E+21 1.00003855910E+00 2.87776415867E+29
 4.84802745529E+05 6.21670236776E+21 1.00003868915E+00 2.89439744711E+29
 4.87604913822E+05 6.27372388778E+21 1.00003881965E+00 2.91112687487E+29
 4.90423278833E+05 6.33126842684E+21 1.00003895058E+00 2.92795299763E+29
 4.93257934182E+05 6.38934078225E+21 1.00003908196E+00 2.94487637427E+29
 4.96108974027E+05 6.44794579529E+21 1.00003921377E+00 2.96189756692E+29
 4.98976493075E+05 6.50708835167E+21 1.00003934604E+00 2.97901714095E+29
 5.01860586578E+05 6.56677338189E+21 1.00003947875E+00 2.99623566500E+29
 5.04761350337E+05 6.62700586170E+21 1.00003961190E+00 3.01355371099E+29
 5.07678880711E+05 6.68779081248E+21 1.00003974551E+00 3.03097185415E+29
 5.10613274612E+05 6.74913330166E+21 1.00003987957E+00 3.04849067304E+29
 5.13564629513E+05 6.81103844315E+21 1.00004001408E+00 3.06611074956E+29
 5.16533043453E+05 6.87351139777E+21 1.00004014904E+00 3.08383266896E+29
 5.19518615035E+05 6.93655737369E+21 1.00004028446E+00 3.10165701990E+29
 5.22521443432E+05 7.00018162684E+21 1.00004042033E+00 3.11958439442E+29
 5.25541628391E+05 7.06438946134E+21 1.00004055666E+00 3.13761538799E+29
 5.28579270237E+05 7.12918622999E+21 1.00004069346E+00 3.15575059953E+29
 5.31634469873E+05 7.19457733468E+21 1.00004083071E+00 3.17399063139E+29
 5.34707328785E+05 7.26056822684E+21 1.00004096843E+00 3.19233608945E+29
 5.37797949046E+05 7.32716440790E+21 1.00004110661E+00 3.21078758306E+29
 5.40906433321E+05 7.39437142977E+21 1.00004124526E+00 3.22934572509E+29
 5.44032884865E+05 7.46219489526E+21 1.00004138437E+00 3.24801113197E+29
 5.47177407533E+05 7.53064045859E+21 1.00004152396E+00 3.26678442367E+29
 5.50340105778E+05 7.59971382583E+21 1.00004166401E+00 3.28566622378E+29
 5.53521084658E+05 7.66942075540E+21 1.00004180454E+00 3.30465715945E+29
 5.56720449838E+05 7.73976705851E+21 1.00004194554E+00 3.32375786148E+29
 5.59938307594E+05 7.81075859972E+21 1.00004208702E+00 3.34296896433E+29
 5.63174764816E+05 7.88240129733E+21 1.00004222897E+00 3.36229110609E+29
 5.66429929012E+05 7.95470112396E+21 1.00004237141E+00 3.38172492857E+29
 5.69703908310E+05 8.02766410699E+21 1.00004251432E+00 3.40127107726E+29
 5.72996811466E+05 8.10129632911E+21 1.00004265772E+00 3.42093020142E+29
 5.76308747862E+05 8.17560392878E+21 1.00004280160E+00 3.44070295403E+29
 5.79639827514E+05 8.25059310078E+21 1.00004294596E+00 3.46058999185E+29
 5.82990161073E+05 8.32627009669E+21 1.00004309081E+00 3.48059197545E+29
 5.86359859829E+05 8.40264122546E+21 1.00004323615E+00 3.50070956920E+29
 5.89749035716E+05 8.47971285387E+21 1.00004338198E+00 3.52094344133E+29
 5.93157801317E+05 8.55749140714E+21 1.00004352831E+00 3.54129426392E+29
 5.96586269862E+05 8.63598336939E+21 1.00004367512E+00 3.56176271293E+29
 6.00034555238E+05 8.71519528424E+21 1.00004382243E+00 3.58234946823E+29
 6.03502771989E+05 8.79513375531E+21 1.00004397024E+00 3.60305521364E+29
 6.06991035322E+05 8.87580544681E+21 1.00004411855E+00 3.62388063689E+29
 6.10499461111E+05 8.95721708404E+21 1.00004426735E+00 3.64482642973E+29
 6.14028165896E+05 9.03937545404E+21 1.00004441666E+00 3.66589328788E+29
 6.17577266895E+05 9.12228740606E+21 1.00004456647E+00 3.68708191109E+29
 6.21146882002E+05 9.20595985219E+21 1.00004471679E+00 3.70839300315E+29
 6.24737129790E+05 9.29039976791E+21 1.00004486762E+00 3.72982727194E+29
 6.28348129521E+05 9.37561419270E+21 1.00004501895E+00 3.75138542939E+29
 6.31980001145E+05 9.46161023060E+21 1.00004517079E+00 3.77306819158E+29
 6.35632865304E+05 9.54839505079E+21 1.00004532315E+00 3.79487627872E+29
 6.39306843340E+05 9.63597588824E+21 1.00004547602E+00 3.81681041517E+29
 6.43002057294E+05 9.72436004427E+21 1.00004562940E+00 3.83887132950E+29
 6.46718629914E+05 9.81355488715E+21 1.00004578330E+00 3.86105975446E+29
 6.50456684656E+05 9.90356785277E+21 1.00004593773E+00 3.88337642707E+29
 6.54216345692E+05 9.99440644519E+21 1.00004609267E+00 3.90582208859E+29
 6.57997737909E+05 1.00860782373E+22 1.00004624813E+00 3.92839748456E+29
 6.61800986918E+05 1.01785908715E+22 1.00004640412E+00 3.95110336484E+29
 6.65626219055E+05 1.02719520603E+22 1.00004656064E+00 3.97394048363E+29
 6.69473561387E+05 1.03661695868E+22 1.00004671768E+00 3.99690959946E+29
 6.73343141713E+05 1.04612513056E+22 1.00004687526E+00 4.02001147528E+29
 6.77235088576E+05 1.05572051434E+22 1.00004703336E+00 4.04324687843E+29
 6.81149531256E+05 1.06540390996E+22 1.00004719200E+00 4.06661658069E+29
 6.85086599784E+05 1.07517612468E+22 1.00004735117E+00 4.09012135830E+29
 6.89046424942E+05 1.08503797318E+22 1.00004751088E+00 4.11376199198E+29
 6.93029138267E+05 1.09499027761E+22 1.00004767113E+00 4.13753926698E+29
 6.97034872057E+05 1.10503386765E+22 1.00004783192E+00 4.16145397308E+29
 7.01063759375E+05 1.11516958062E+22 1.00004799325E+00 4.18550690460E+29
 7.05115934053E+05 1.12539826149E+22 1.00004815512E+00 4.20969886050E+29
 7.09191530697E+05 1.13572076299E+22 1.00004831755E+00 4.23403064432E+29
 7.13290684689E+05 1.14613794567E+22 1.00004848052E+00 4.25850306426E+29
 7.17413532195E+05 1.15665067797E+22 1.00004864403E+00 4.28311693318E+29
 7.21560210170E+05 1.16725983631E+22 1.00004880811E+00 4.30787306865E+29
 7.25730856357E+05 1.17796630514E+22 1.00004897273E+00 4.33277229296E+29
 7.29925609297E+05 1.18877097702E+22 1.00004913791E+00 4.35781543317E+29
 7.34144608333E+05 1.19967475270E+22 1.00004930364E+00 4.38300332108E+29
 7.38387993612E+05 1.21067854118E+22 1.00004946994E+00 4.40833679333E+29
 7.42655906091E+05 1.22178325983E+22 1.00004963680E+00 4.43381669140E+29
 7.46948487542E+05 1.23298983439E+22 1.00004980421E+00 4.45944386161E+29
 7.51265880556E+05 1.24429919912E+22 1.00004997220E+00 4.48521915518E+29
 7.55608228551E+05 1.25571229686E+22 1.00005014075E+00 4.51114342827E+29
 7.59975675769E+05 1.26723007906E+22 1.00005030987E+00 4.53721754196E+29
 7.64368367291E+05 1.27885350592E+22 1.00005047956E+00 4.56344236231E+29
 7.68786449034E+05 1.29058354646E+22 1.00005064982E+00 4.58981876041E+29
 7.73230067757E+05 1.30242117857E+22 1.00005082065E+00 4.61634761237E+29
 7.77699371070E+05 1.31436738910E+22 1.00005099207E+00 4.64302979935E+29
 7.82194507436E+05 1.32642317398E+22 1.00005116406E+00 4.66986620763E+29
 7.86715626174E+05 1.33858953825E+22 1.00005133663E+00 4.69685772859E+29
 7.91262877469E+05 1.35086749618E+22 1.00005150978E+00 4.72400525877E+29
 7.95836412372E+05 1.36325807135E+22 1.00005168351E+00 4.75130969990E+29
 8.00436382807E+05 1.37576229671E+22 1.00005185784E+00 4.77877195891E+29
 8.05062941579E+05 1.38838121470E+22 1.00005203275E+00 4.80639294799E+29
 8.09716242372E+05 1.40111587731E+22 1.00005220825E+00 4.83417358457E+29
 8.14396439762E+05 1.41396734620E+22 1.00005238434E+00 4.86211479141E+29
 8.19103689217E+05 1.42693669274E+22 1.00005256103E+00 4.89021749660E+29
 8.23838147104E+05 1.44002499814E+22 1.00005273831E+00 4.91848263358E+29
 8.28599970692E+05 1.45323335354E+22 1.00005291619E+00 4.94691114121E+29
 8.33389318163E+05 1.46656286006E+22 1.00005309467E+00 4.97550396375E+29
 8.38206348609E+05 1.48001462895E+22 1.00005327375E+00 5.00426205093E+29
 8.43051222046E+05 1.49358978162E+22 1.00005345344E+00 5.03318635797E+29
 8.47924099410E+05 1.50728944981E+22 1.00005363373E+00 5.06227784561E+29
 8.52825142572E+05 1.52111477559E+22 1.00005381463E+00 5.09153748015E+29
 8.57754514335E+05 1.53506691155E+22 1.00005399614E+00 5.12096623346E+29
 8.62712378446E+05 1.54914702082E+22 1.00005417826E+00 5.15056508304E+29
 8.67698899597E+05 1.56335627721E+22 1.00005436100E+00 5.18033501202E+29
 8.72714243431E+05 1.57769586530E+22 1.00005454435E+00 5.21027700926E+29
 8.77758576551E+05 1.59216698054E+22 1.00005472832E+00 5.24039206927E+29
 8.82832066521E+05 1.60677082933E+22 1.00005491291E+00 5.27068119236E+29
 8.87934881875E+05 1.62150862915E+22 1.00005509813E+00 5.30114538460E+29
 8.93067192119E+05 1.63638160863E+22 1.00005528397E+00 5.33178565787E+29
 8.98229167741E+05 1.65139100769E+22 1.00005547043E+00 5.36260302992E+29
 9.03420980214E+05 1.66653807760E+22 1.00005565753E+00 5.39359852436E+29
 9.08642802002E+05 1.68182408114E+22 1.00005584526E+00 5.42477317073E+29
 9.13894806565E+05 1.69725029263E+22 1.00005603362E+00 5.45612800452E+29
 9.19177168368E+05 1.71281799811E+22 1.00005622261E+00 5.48766406719E+29
 9.24490062881E+05 1.72852849542E+22 1.00005641224E+00 5.51938240624E+29
 9.29833666593E+05 1.74438309426E+22 1.00005660251E+00 5.55128407521E+29
 9.35208157008E+05 1.76038311641E+22 1.00005679343E+00 5.58337013374E+29
 9.40613712659E+05 1.77652989571E+22 1.00005698498E+00 5.61564164759E+29
 9.46050513112E+05 1.79282477827E+22 1.00005717719E+00 5.64809968868E+29
 9.51518738967E+05 1.80926912255E+22 1.00005737004E+00 5.68074533511E+29
 9.57018571873E+05 1.82586429944E+22 1.00005756354E+00 5.71357967125E+29
 9.62550194525E+05 1.84261169244E+22 1.00005775770E+00 5.74660378770E+29
 9.68113790676E+05 1.85951269771E+22 1.00005795251E+00 5.77981878138E+29
 9.73709545140E+05 1.87656872424E+22 1.00005814797E+00 5.81322575556E+29
 9.79337643800E+05 1.89378119394E+22 1.00005834410E+00 5.84682581985E+29
 9.84998273615E+05 1.91115154173E+22 1.00005854089E+00 5.88062009032E+29
 9.90691622621E+05 1.92868121574E+22 1.00005873834E+00 5.91460968945E+29
 9.96417879944E+05 1.94637167734E+22 1.00005893646E+00 5.94879574625E+29
 1.00217723580E+06 1.96422440134E+22 1.00005913524E+00 5.98317939622E+29
 1.00796988151E+06 1.98224087606E+22 1.00005933470E+00 6.01776178143E+29
 1.01379600950E+06 2.00042260346E+22 1.00005953483E+00 6.05254405056E+29
 1.01965581331E+06 2.01877109930E+22 1.00005973563E+00 6.08752735893E+29
 1.02554948757E+06 2.03728789323E+22 1.00005993711E+00 6.12271286854E+29
 1.03147722809E+06 2.05597452893E+22 1.00006013927E+00 6.15810174808E+29
 1.03743923177E+06 2.07483256424E+22 1.00006034212E+00 6.19369517304E+29
 1.04343569665E+06 2.09386357129E+22 1.00006054564E+00 6.22949432566E+29
 1.04946682194E+06 2.11306913664E+22 1.00006074986E+00 6.26550039504E+29
 1.05553280798E+06 2.13245086138E+22 1.00006095476E+00 6.30171457714E+29
 1.06163385628E+06 2.15201036130E+22 1.00006116035E+00 6.33813807484E+29
 1.06777016950E+06 2.17174926701E+22 1.00006136664E+00 6.37477209798E+29
 1.07394195148E+06 2.19166922409E+22 1.00006157362E+00 6.41161786337E+29
 1.08014940724E+06 2.21177189318E+22 1.00006178130E+00 6.44867659487E+29
 1.08639274299E+06 2.23205895018E+22 1.00006198968E+00 6.48594952342E+29
 1.09267216613E+06 2.25253208635E+22 1.00006219876E+00 6.52343788705E+29
 1.09898788524E+06 2.27319300847E+22 1.00006240855E+00 6.56114293097E+29
 1.10534011012E+06 2.29404343897E+22 1.00006261905E+00 6.59906590757E+29
 1.11172905180E+06 2.31508511607E+22 1.00006283026E+00 6.63720807650E+29
 1.11815492251E+06 2.33631979396E+22 1.00006304218E+00 6.67557070467E+29
 1.12461793569E+06 2.35774924289E+22 1.00006325481E+00 6.71415506631E+29
 1.13111830606E+06 2.37937524937E+22 1.00006346816E+00 6.75296244304E+29
 1.13765624954E+06 2.40119961627E+22 1.00006368223E+00 6.79199412387E+29
 1.14423198331E+06 2.42322416303E+22 1.00006389702E+00 6.83125140526E+29
 1.15084572582E+06 2.44545072576E+22 1.00006411254E+00 6.87073559116E+29
 1.15749769676E+06 2.46788115740E+22 1.00006432878E+00 6.91044799307E+29
 1.16418811710E+06 2.49051732792E+22 1.00006454576E+00 6.95038993007E+29
 1.17091720910E+06 2.51336112440E+22 1.00006476346E+00 6.99056272885E+29
 1.17768519629E+06 2.53641445126E+22 1.00006498190E+00 7.03096772377E+29
 1.18449230349E+06 2.55967923037E+22 1.00006520108E+00 7.07160625692E+29
 1.19133875683E+06 2.58315740125E+22 1.00006542099E+00 7.11247967813E+29
 1.19822478373E+06 2.60685092118E+22 1.00006564165E+00 7.15358934504E+29
 1.20515061295E+06 2.63076176542E+22 1.00006586305E+00 7.19493662313E+29
 1.21211647456E+06 2.65489192733E+22 1.00006608520E+00 7.23652288579E+29
 1.21912259995E+06 2.67924341856E+22 1.00006630810E+00 7.27834951432E+29
 1.22616922185E+06 2.70381826921E+22 1.00006653175E+00 7.32041789802E+29
 1.23325657436E+06 2.72861852801E+22 1.00006675615E+00 7.36272943423E+29
 1.24038489291E+06 2.75364626246E+22 1.00006698131E+00 7.40528552834E+29
 1.24755441428E+06 2.77890355904E+22 1.00006720723E+00 7.44808759390E+29
 1.25476537665E+06 2.80439252338E+22 1.00006743391E+00 7.49113705259E+29
 1.26201801956E+06 2.83011528039E+22 1.00006766136E+00 7.53443533433E+29
 1.26931258393E+06 2.85607397450E+22 1.00006788957E+00 7.57798387731E+29
 1.27664931209E+06 2.88227076979E+22 1.00006811856E+00 7.62178412802E+29
 1.28402844774E+06 2.90870785020E+22 1.00006834831E+00 7.66583754130E+29
 1.29145023602E+06 2.93538741971E+22 1.00006857884E+00 7.71014558044E+29
 1.29891492348E+06 2.96231170249E+22 1.00006881015E+00 7.75470971713E+29
 1.30642275808E+06 2.98948294313E+22 1.00006904224E+00 7.79953143162E+29
 1.31397398923E+06 3.01690340681E+22 1.00006927511E+00 7.84461221269E+29
 1.32156886777E+06 3.04457537948E+22 1.00006950877E+00 7.88995355772E+29
 1.32920764600E+06 3.07250116806E+22 1.00006974321E+00 7.93555697275E+29
 1.33689057768E+06 3.10068310062E+22 1.00006997845E+00 7.98142397254E+29
 1.34461791801E+06 3.12912352659E+22 1.00007021448E+00 8.02755608059E+29
 1.35238992371E+06 3.15782481696E+22 1.00007045130E+00 8.07395482919E+29
 1.36020685294E+06 3.18678936446E+22 1.00007068893E+00 8.12062175953E+29
 1.36806896538E+06 3.21601958377E+22 1.00007092735E+00 8.16755842167E+29
 1.37597652221E+06 3.24551791170E+22 1.00007116658E+00 8.21476637465E+29
 1.38392978610E+06 3.27528680743E+22 1.00007140662E+00 8.26224718650E+29
 1.39192902126E+06 3.30532875269E+22 1.00007164746E+00 8.31000243434E+29
 1.39997449342E+06 3.33564625199E+22 1.00007188912E+00 8.35803370438E+29
 1.40806646984E+06 3.36624183278E+22 1.00007213159E+00 8.40634259202E+29
 1.41620521933E+06 3.39711804571E+22 1.00007237489E+00 8.45493070186E+29
 1.42439101225E+06 3.42827746484E+22 1.00007261900E+00 8.50379964780E+29
 1.43262412054E+06 3.45972268781E+22 1.00007286393E+00 8.55295105305E+29
 1.44090481768E+06 3.49145633610E+22 1.00007310969E+00 8.60238655021E+29
 1.44923337876E+06 3.52348105525E+22 1.00007335628E+00 8.65210778130E+29
 1.45761008044E+06 3.55579951505E+22 1.00007360371E+00 8.70211639785E+29
 1.46603520100E+06 3.58841440977E+22 1.00007385196E+00 8.75241406093E+29
 1.47450902032E+06 3.62132845841E+22 1.00007410106E+00 8.80300244121E+29
 1.48303181988E+06 3.65454440490E+22 1.00007435099E+00 8.85388321902E+29
 1.49160388281E+06 3.68806501834E+22 1.00007460177E+00 8.90505808439E+29
 1.50022549387E+06 3.72189309323E+22 1.00007485339E+00 8.95652873713E+29
 1.50889693946E+06 3.75603144971E+22 1.00007510586E+00 9.00829688688E+29
 1.51761850764E+06 3.79048293377E+22 1.00007535918E+00 9.06036425314E+29
 1.52639048815E+06 3.82525041751E+22 1.00007561336E+00 9.11273256538E+29
 1.53521317237E+06 3.86033679938E+22 1.00007586840E+00 9.16540356302E+29
 1.54408685340E+06 3.89574500442E+22 1.00007612429E+00 9.21837899559E+29
 1.55301182601E+06 3.93147798448E+22 1.00007638105E+00 9.27166062269E+29
 1.56198838668E+06 3.96753871851E+22 1.00007663867E+00 9.32525021410E+29
 1.57101683362E+06 4.00393021276E+22 1.00007689717E+00 9.37914954985E+29
 1.58009746674E+06 4.04065550107E+22 1.00007715653E+00 9.43336042022E+29
 1.58923058770E+06 4.07771764510E+22 1.00007741677E+00 9.48788462588E+29
 1.59841649990E+06 4.11511973459E+22 1.00007767789E+00 9.54272397788E+29
 1.60765550848E+06 4.15286488764E+22 1.00007793989E+00 9.59788029774E+29
 1.61694792036E+06 4.19095625093E+22 1.00007820277E+00 9.65335541752E+29
 1.62629404424E+06 4.22939700000E+22 1.00007846654E+00 9.70915117986E+29
 1.63569419059E+06 4.26819033953E+22 1.00007873120E+00 9.76526943806E+29
 1.64514867167E+06 4.30733950359E+22 1.00007899675E+00 9.82171205611E+29
 1.65465780157E+06 4.34684775591E+22 1.00007926319E+00 9.87848090880E+29
 1.66422189616E+06 4.38671839016E+22 1.00007953054E+00 9.93557788174E+29
 1.67384127317E+06 4.42695473021E+22 1.00007979879E+00 9.99300487145E+29
 1.68351625215E+06 4.46756013045E+22 1.00008006794E+00 1.00507637854E+30
 1.69324715450E+06 4.50853797599E+22 1.00008033800E+00 1.01088565421E+30
 1.70303430348E+06 4.54989168303E+22 1.00008060897E+00 1.01672850711E+30
 1.71287802420E+06 4.59162469908E+22 1.00008088085E+00 1.02260513132E+30
 1.72277864369E+06 4.63374050328E+22 1.00008115365E+00 1.02851572203E+30
 1.73273649082E+06 4.67624260669E+22 1.00008142738E+00 1.03446047557E+30
 1.74275189641E+06 4.71913455256E+22 1.00008170202E+00 1.04043958940E+30
 1.75282519316E+06 4.76241991664E+22 1.00008197759E+00 1.04645326211E+30
 1.76295671570E+06 4.80610230748E+22 1.00008225409E+00 1.05250169346E+30
 1.77314680060E+06 4.85018536676E+22 1.00008253152E+00 1.05858508434E+30
 1.78339578637E+06 4.89467276950E+22 1.00008280989E+00 1.06470363683E+30
 1.79370401348E+06 4.93956822449E+22 1.00008308920E+00 1.07085755415E+30
 1.80407182437E+06 4.98487547450E+22 1.00008336945E+00 1.07704704070E+30
 1.81449956345E+06 5.03059829664E+22 1.00008365065E+00 1.08327230209E+30
 1.82498757714E+06 5.07674050267E+22 1.00008393279E+00 1.08953354508E+30
 1.83553621384E+06 5.12330593931E+22 1.00008421589E+00 1.09583097764E+30
 1.84614582398E+06 5.17029848856E+22 1.00008449994E+00 1.10216480895E+30
 1.85681676000E+06 5.21772206803E+22 1.00008478494E+00 1.10853524939E+30
 1.86754937641E+06 5.26558063126E+22 1.00008507091E+00 1.11494251056E+30
 1.87834402972E+06 5.31387816806E+22 1.00008535785E+00 1.12138680528E+30
 1.88920107855E+06 5.36261870483E+22 1.00008564575E+00 1.12786834760E+30
 1.90012088355E+06 5.41180630491E+22 1.00008593462E+00 1.13438735281E+30
 1.91110380749E+06 5.46144506889E+22 1.00008622447E+00 1.14094403745E+30
 1.92215021522E+06 5.51153913499E+22 1.00008651529E+00 1.14753861929E+30
 1.93326047370E+06 5.56209267938E+22 1.00008680710E+00 1.15417131738E+30
 1.94443495201E+06 5.61310991654E+22 1.00008709989E+00 1.16084235204E+30
 1.95567402137E+06 5.66459509961E+22 1.00008739367E+00 1.16755194484E+30
 1.96697805514E+06 5.71655252073E+22 1.00008768844E+00 1.17430031864E+30
 1.97834742884E+06 5.76898651141E+22 1.00008798420E+00 1.18108769761E+30
 1.98978252017E+06 5.82190144289E+22 1.00008828096E+00 1.18791430718E+30
 2.00128370899E+06 5.87530172652E+22 1.00008857872E+00 1.19478037410E+30
 2.01285137738E+06 5.92919181410E+22 1.00008887748E+00 1.20168612645E+30
 2.02448590962E+06 5.98357619825E+22 1.00008917726E+00 1.20863179359E+30
 2.03618769221E+06 6.03845941282E+22 1.00008947804E+00 1.21561760623E+30
 2.04795711388E+06 6.09384603324E+22 1.00008977984E+00 1.22264379641E+30
 2.05979456562E+06 6.14974067690E+22 1.00009008266E+00 1.22971059751E+30
 2.07170044066E+06 6.20614800355E+22 1.00009038650E+00 1.23681824426E+30
 2.08367513453E+06 6.26307271567E+22 1.00009069136E+00 1.24396697274E+30
 2.09571904502E+06 6.32051955889E+22 1.00009099725E+00 1.25115702041E+30
 2.10783257223E+06 6.37849332235E+22 1.00009130417E+00 1.25838862607E+30
 2.12001611859E+06 6.43699883913E+22 1.00009161213E+00 1.26566202995E+30
 2.13227008883E+06 6.49604098663E+22 1.00009192113E+00 1.27297747363E+30
 2.14459489002E+06 6.55562468700E+22 1.00009223117E+00 1.28033520009E+30
 2.15699093161E+06 6.61575490753E+22 1.00009254225E+00 1.28773545372E+30
 2.16945862539E+06 6.67643666107E+22 1.00009285438E+00 1.29517848034E+30
 2.18199838555E+06 6.73767500645E+22 1.00009316757E+00 1.30266452717E+30
 2.19461062865E+06 6.79947504891E+22 1.00009348181E+00 1.31019384285E+30
 2.20729577369E+06 6.86184194050E+22 1.00009379712E+00 1.31776667749E+30
 2.22005424207E+06 6.92478088054E+22 1.00009411348E+00 1.32538328262E+30
 2.23288645762E+06 6.98829711604E+22 1.00009443092E+00 1.33304391122E+30
 2.24579284664E+06 7.05239594213E+22 1.00009474942E+00 1.34074881776E+30
 2.25877383789E+06 7.11708270251E+22 1.00009506900E+00 1.34849825815E+30
 2.27182986259E+06 7.18236278989E+22 1.00009538966E+00 1.35629248980E+30
 2.28496135448E+06 7.24824164646E+22 1.00009571139E+00 1.36413177160E+30
 2.29816874979E+06 7.31472476431E+22 1.00009603422E+00 1.37201636393E+30
 2.31145248728E+06 7.38181768592E+22 1.00009635813E+00 1.37994652870E+30
 2.32481300823E+06 7.44952600458E+22 1.00009668313E+00 1.38792252929E+30
 2.33825075650E+06 7.51785536492E+22 1.00009700923E+00 1.39594463065E+30
 2.35176617848E+06 7.58681146332E+22 1.00009733643E+00 1.40401309923E+30
 2.36535972317E+06 7.65640004842E+22 1.00009766474E+00 1.41212820302E+30
 2.37903184216E+06 7.72662692158E+22 1.00009799415E+00 1.42029021159E+30
 2.39278298964E+06 7.79749793738E+22 1.00009832467E+00 1.42849939603E+30
 2.40661362242E+06 7.86901900408E+22 1.00009865631E+00 1.43675602902E+30
 2.42052419998E+06 7.94119608417E+22 1.00009898907E+00 1.44506038481E+30
 2.43451518443E+06 8.01403519480E+22 1.00009932294E+00 1.45341273923E+30
 2.44858704056E+06 8.08754240831E+22 1.00009965795E+00 1.46181336971E+30
 2.46274023585E+06 8.16172385276E+22 1.00009999408E+00 1.47026255529E+30
 2.47697524047E+06 8.23658571240E+22 1.00010033135E+00 1.47876057661E+30
 2.49129252732E+06 8.31213422821E+22 1.00010066976E+00 1.48730771593E+30
 2.50569257204E+06 8.38837569841E+22 1.00010100930E+00 1.49590425716E+30
 2.52017585299E+06 8.46531647899E+22 1.00010135000E+00 1.50455048583E+30
 2.53474285133E+06 8.54296298425E+22 1.00010169184E+00 1.51324668914E+30
 2.54939405099E+06 8.62132168731E+22 1.00010203483E+00 1.52199315594E+30
 2.56412993868E+06 8.70039912067E+22 1.00010237898E+00 1.53079017674E+30
 2.57895100395E+06 8.78020187674E+22 1.00010272430E+00 1.53963804375E+30
 2.59385773916E+06 8.86073660842E+22 1.00010307077E+00 1.54853705085E+30
 2.60885063952E+06 8.94201002960E+22 1.00010341842E+00 1.55748749362E+30
 2.62393020312E+06 9.02402891578E+22 1.00010376724E+00 1.56648966937E+30
 2.63909693091E+06 9.10680010460E+22 1.00010411723E+00 1.57554387711E+30
 2.65435132674E+06 9.19033049640E+22 1.00010446840E+00 1.58465041757E+30
 2.66969389737E+06 9.27462705483E+22 1.00010482076E+00 1.59380959324E+30
 2.68512515251E+06 9.35969680741E+22 1.00010517431E+00 1.60302170835E+30
 2.70064560479E+06 9.44554684612E+22 1.00010552905E+00 1.61228706888E+30
 2.71625576980E+06 9.53218432797E+22 1.00010588499E+00 1.62160598259E+30
 2.73195616615E+06 9.61961647565E+22 1.00010624213E+00 1.63097875901E+30
 2.74774731541E+06 9.70785057808E+22 1.00010660047E+00 1.64040570946E+30
 2.76362974218E+06 9.79689399102E+22 1.00010696002E+00 1.64988714707E+30
 2.77960397409E+06 9.88675413774E+22 1.00010732078E+00 1.65942338676E+30
 2.79567054182E+06 9.97743850955E+22 1.00010768276E+00 1.66901474530E+30
 2.81182997912E+06 1.00689546665E+23 1.00010804596E+00 1.67866154127E+30
 2.82808282282E+06 1.01613102380E+23 1.00010841039E+00 1.68836409508E+30
 2.84442961286E+06 1.02545129235E+23 1.00010877605E+00 1.69812272902E+30
 2.86087089229E+06 1.03485704928E+23 1.00010914293E+00 1.70793776722E+30
 2.87740720733E+06 1.04434907873E+23 1.00010951106E+00 1.71780953570E+30
 2.89403910731E+06 1.05392817201E+23 1.00010988043E+00 1.72773836236E+30
 2.91076714477E+06 1.06359512771E+23 1.00011025104E+00 1.73772457698E+30
 2.92759187544E+06 1.07335075172E+23 1.00011062290E+00 1.74776851128E+30
 2.94451385826E+06 1.08319585733E+23 1.00011099602E+00 1.75787049885E+30
 2.96153365539E+06 1.09313126530E+23 1.00011137040E+00 1.76803087525E+30
 2.97865183225E+06 1.10315780391E+23 1.00011174604E+00 1.77824997796E+30
 2.99586895752E+06 1.11327630904E+23 1.00011212294E+00 1.78852814642E+30
 3.01318560320E+06 1.12348762424E+23 1.00011250112E+00 1.79886572202E+30
 3.03060234455E+06 1.13379260078E+23 1.00011288057E+00 1.80926304813E+30
 3.04811976018E+06 1.14419209776E+23 1.00011326131E+00 1.81972047010E+30
 3.06573843204E+06 1.15468698214E+23 1.00011364332E+00 1.83023833528E+30
 3.08345894546E+06 1.16527812886E+23 1.00011402663E+00 1.84081699304E+30
 3.10128188912E+06 1.17596642085E+23 1.00011441123E+00 1.85145679475E+30
 3.11920785514E+06 1.18675274917E+23 1.00011479712E+00 1.86215809381E+30
 3.13723743904E+06 1.19763801304E+23 1.00011518432E+00 1.87292124569E+30
 3.15537123978E+06 1.20862311992E+23 1.00011557282E+00 1.88374660787E+30
 3.17360985980E+06 1.21970898560E+23 1.00011596264E+00 1.89463453994E+30
 3.19195390501E+06 1.23089653427E+23 1.00011635376E+00 1.90558540355E+30
 3.21040398483E+06 1.24218669861E+23 1.00011674621E+00 1.91659956243E+30
 3.22896071220E+06 1.25358041984E+23 1.00011713998E+00 1.92767738243E+30
 3.24762470360E+06 1.26507864780E+23 1.00011753508E+00 1.93881923150E+30
 3.26639657908E+06 1.27668234107E+23 1.00011793151E+00 1.95002547973E+30
 3.28527696226E+06 1.28839246701E+23 1.00011832928E+00 1.96129649934E+30
 3.30426648039E+06 1.30021000186E+23 1.00011872839E+00 1.97263266471E+30
 3.32336576432E+06 1.31213593079E+23 1.00011912885E+00 1.98403435237E+30
 3.34257544857E+06 1.32417124805E+23 1.00011953066E+00 1.99550194104E+30
 3.36189617131E+06 1.33631695695E+23 1.00011993382E+00 2.00703581162E+30
 3.38132857441E+06 1.34857407007E+23 1.00012033834E+00 2.01863634721E+30
 3.40087330345E+06 1.36094360922E+23 1.00012074423E+00 2.03030393315E+30
 3.42053100773E+06 1.37342660562E+23 1.00012115148E+00 2.04203895696E+30
 3.44030234032E+06 1.38602409992E+23 1.00012156011E+00 2.05384180845E+30
 3.46018795806E+06 1.39873714235E+23 1.00012197012E+00 2.06571287964E+30
 3.48018852158E+06 1.41156679274E+23 1.00012238151E+00 2.07765256485E+30
 3.50030469534E+06 1.42451412066E+23 1.00012279429E+00 2.08966126066E+30
 3.52053714763E+06 1.43758020549E+23 1.00012320846E+00 2.10173936595E+30
 3.54088655061E+06 1.45076613649E+23 1.00012362403E+00 2.11388728189E+30
 3.56135358032E+06 1.46407301293E+23 1.00012404100E+00 2.12610541199E+30
 3.58193891672E+06 1.47750194417E+23 1.00012445937E+00 2.13839416208E+30
 3.60264324370E+06 1.49105404972E+23 1.00012487916E+00 2.15075394034E+30
 3.62346724909E+06 1.50473045939E+23 1.00012530036E+00 2.16318515731E+30
 3.64441162469E+06 1.51853231332E+23 1.00012572298E+00 2.17568822591E+30
 3.66547706634E+06 1.53246076213E+23 1.00012614703E+00 2.18826356142E+30
 3.68666427386E+06 1.54651696699E+23 1.00012657251E+00 2.20091158155E+30
 3.70797395113E+06 1.56070209971E+23 1.00012699943E+00 2.21363270640E+30
 3.72940680610E+06 1.57501734287E+23 1.00012742778E+00 2.22642735852E+30
 3.75096355083E+06 1.58946388987E+23 1.00012785758E+00 2.23929596290E+30
 3.77264490146E+06 1.60404294508E+23 1.00012828883E+00 2.25223894697E+30
 3.79445157829E+06 1.61875572389E+23 1.00012872153E+00 2.26525674063E+30
 3.81638430579E+06 1.63360345287E+23 1.00012915569E+00 2.27834977629E+30
 3.83844381262E+06 1.64858736983E+23 1.00012959132E+00 2.29151848885E+30
 3.86063083163E+06 1.66370872391E+23 1.00013002841E+00 2.30476331569E+30
 3.88294609993E+06 1.67896877573E+23 1.00013046698E+00 2.31808469677E+30
 3.90539035887E+06 1.69436879748E+23 1.00013090703E+00 2.33148307456E+30
 3.92796435412E+06 1.70991007300E+23 1.00013134857E+00 2.34495889410E+30
 3.95066883561E+06 1.72559389791E+23 1.00013179159E+00 2.35851260299E+30
 3.97350455766E+06 1.74142157972E+23 1.00013223611E+00 2.37214465143E+30
 3.99647227891E+06 1.75739443793E+23 1.00013268212E+00 2.38585549222E+30
 4.01957276241E+06 1.77351380415E+23 1.00013312964E+00 2.39964558077E+30
 4.04280677560E+06 1.78978102219E+23 1.00013357868E+00 2.41351537513E+30
 4.06617509037E+06 1.80619744819E+23 1.00013402922E+00 2.42746533600E+30
 4.08967848308E+06 1.82276445073E+23 1.00013448128E+00 2.44149592672E+30
 4.11331773457E+06 1.83948341096E+23 1.00013493487E+00 2.45560761334E+30
 4.13709363018E+06 1.85635572267E+23 1.00013538999E+00 2.46980086458E+30
 4.16100695981E+06 1.87338279244E+23 1.00013584665E+00 2.48407615189E+30
 4.18505851793E+06 1.89056603978E+23 1.00013630484E+00 2.49843394943E+30
 4.20924910357E+06 1.90790689719E+23 1.00013676458E+00 2.51287473409E+30
 4.23357952042E+06 1.92540681031E+23 1.00013722587E+00 2.52739898554E+30
 4.25805057679E+06 1.94306723805E+23 1.00013768872E+00 2.54200718622E+30
 4.28266308568E+06 1.96088965271E+23 1.00013815313E+00 2.55669982134E+30
 4.30741786477E+06 1.97887554008E+23 1.00013861910E+00 2.57147737893E+30
 4.33231573648E+06 1.99702639958E+23 1.00013908665E+00 2.58634034983E+30
 4.35735752799E+06 2.01534374439E+23 1.00013955577E+00 2.60128922774E+30
 4.38254407124E+06 2.03382910155E+23 1.00014002647E+00 2.61632450917E+30
 4.40787620301E+06 2.05248401214E+23 1.00014049877E+00 2.63144669355E+30
 4.43335476490E+06 2.07131003135E+23 1.00014097265E+00 2.64665628317E+30
 4.45898060337E+06 2.09030872864E+23 1.00014144814E+00 2.66195378322E+30
 4.48475456977E+06 2.10948168787E+23 1.00014192522E+00 2.67733970182E+30
 4.51067752041E+06 2.12883050741E+23 1.00014240392E+00 2.69281455002E+30
 4.53675031650E+06 2.14835680033E+23 1.00014288423E+00 2.70837884183E+30
 4.56297382426E+06 2.16806219445E+23 1.00014336616E+00 2.72403309423E+30
 4.58934891491E+06 2.18794833255E+23 1.00014384972E+00 2.73977782718E+30
 4.61587646471E+06 2.20801687248E+23 1.00014433491E+00 2.75561356365E+30
 4.64255735497E+06 2.22826948726E+23 1.00014482173E+00 2.77154082965E+30
 4.66939247212E+06 2.24870786531E+23 1.00014531020E+00 2.78756015420E+30
 4.69638270769E+06 2.26933371049E+23 1.00014580031E+00 2.80367206940E+30
 4.72352895837E+06 2.29014874231E+23 1.00014629208E+00 2.81987711042E+30
 4.75083212606E+06 2.31115469605E+23 1.00014678550E+00 2.83617581551E+30
 4.77829311784E+06 2.33235332290E+23 1.00014728059E+00 2.85256872604E+30
 4.80591284606E+06 2.35374639013E+23 1.00014777735E+00 2.86905638653E+30
 4.83369222831E+06 2.37533568120E+23 1.00014827579E+00 2.88563934462E+30
 4.86163218752E+06 2.39712299594E+23 1.00014877591E+00 2.90231815112E+30
 4.88973365194E+06 2.41911015067E+23 1.00014927771E+00 2.91909336003E+30
 4.91799755519E+06 2.44129897840E+23 1.00014978121E+00 2.93596552854E+30
 4.94642483629E+06 2.46369132894E+23 1.00015028640E+00 2.95293521709E+30
 4.97501643968E+06 2.48628906904E+23 1.00015079330E+00 2.97000298933E+30
 5.00377331526E+06 2.50909408263E+23 1.00015130190E+00 2.98716941217E+30
 5.03269641843E+06 2.53210827086E+23 1.00015181223E+00 3.00443505581E+30
 5.06178671012E+06 2.55533355235E+23 1.00015232427E+00 3.02180049375E+30
 5.09104515679E+06 2.57877186332E+23 1.00015283804E+00 3.03926630277E+30
 5.12047273051E+06 2.60242515774E+23 1.00015335355E+00 3.05683306303E+30
 5.15007040896E+06 2.62629540751E+23 1.00015387079E+00 3.07450135801E+30
 5.17983917547E+06 2.65038460260E+23 1.00015438978E+00 3.09227177459E+30
 5.20978001907E+06 2.67469475125E+23 1.00015491052E+00 3.11014490300E+30
 5.23989393449E+06 2.69922788012E+23 1.00015543301E+00 3.12812133693E+30
 5.27018192222E+06 2.72398603444E+23 1.00015595727E+00 3.14620167347E+30
 5.30064498853E+06 2.74897127823E+23 1.00015648329E+00 3.16438651317E+30
 5.33128414551E+06 2.77418569441E+23 1.00015701109E+00 3.18267646006E+30
 5.36210041111E+06 2.79963138503E+23 1.00015754067E+00 3.20107212164E+30
 5.39309480914E+06 2.82531047140E+23 1.00015807204E+00 3.21957410894E+30
 5.42426836935E+06 2.85122509431E+23 1.00015860520E+00 3.23818303651E+30
 5.45562212744E+06 2.87737741417E+23 1.00015914015E+00 3.25689952247E+30
 5.48715712509E+06 2.90376961121E+23 1.00015967691E+00 3.27572418849E+30
 5.51887441002E+06 2.93040388566E+23 1.00016021549E+00 3.29465765985E+30
 5.55077503598E+06 2.95728245792E+23 1.00016075587E+00 3.31370056543E+30
 5.58286006284E+06 2.98440756878E+23 1.00016129808E+00 3.33285353777E+30
 5.61513055658E+06 3.01178147955E+23 1.00016184212E+00 3.35211721302E+30
 5.64758758935E+06 3.03940647232E+23 1.00016238800E+00 3.37149223106E+30
 5.68023223948E+06 3.06728485008E+23 1.00016293571E+00 3.39097923544E+30
 5.71306559157E+06 3.09541893695E+23 1.00016348527E+00 3.41057887342E+30
 5.74608873646E+06 3.12381107839E+23 1.00016403669E+00 3.43029179603E+30
 5.77930277130E+06 3.15246364134E+23 1.00016458997E+00 3.45011865804E+30
 5.81270879961E+06 3.18137901447E+23 1.00016514511E+00 3.47006011802E+30
 5.84630793125E+06 3.21055960837E+23 1.00016570212E+00 3.49011683833E+30
 5.88010128253E+06 3.24000785571E+23 1.00016626102E+00 3.51028948517E+30
 5.91408997618E+06 3.26972621150E+23 1.00016682180E+00 3.53057872858E+30
 5.94827514147E+06 3.29971715326E+23 1.00016738447E+00 3.55098524250E+30
 5.98265791414E+06 3.32998318123E+23 1.00016794903E+00 3.57150970473E+30
 6.01723943654E+06 3.36052681858E+23 1.00016851551E+00 3.59215279701E+30
 6.05202085762E+06 3.39135061163E+23 1.00016908389E+00 3.61291520501E+30
 6.08700333294E+06 3.42245713006E+23 1.00016965419E+00 3.63379761837E+30
 6.12218802477E+06 3.45384896712E+23 1.00017022641E+00 3.65480073071E+30
 6.15757610210E+06 3.48552873983E+23 1.00017080056E+00 3.67592523967E+30
 6.19316874067E+06 3.51749908923E+23 1.00017137665E+00 3.69717184690E+30
 6.22896712301E+06 3.54976268058E+23 1.00017195469E+00 3.71854125814E+30
 6.26497243851E+06 3.58232220359E+23 1.00017253467E+00 3.74003418317E+30
 6.30118588340E+06 3.61518037263E+23 1.00017311661E+00 3.76165133590E+30
 6.33760866087E+06 3.64833992697E+23 1.00017370051E+00 3.78339343436E+30
 6.37424198102E+06 3.68180363102E+23 1.00017428638E+00 3.80526120072E+30
 6.41108706099E+06 3.71557427452E+23 1.00017487423E+00 3.82725536134E+30
 6.44814512492E+06 3.74965467284E+23 1.00017546406E+00 3.84937664678E+30
 6.48541740406E+06 3.78404766712E+23 1.00017605588E+00 3.87162579179E+30
 6.52290513674E+06 3.81875612460E+23 1.00017664969E+00 3.89400353540E+30
 6.56060956850E+06 3.85378293881E+23 1.00017724551E+00 3.91651062091E+30
 6.59853195202E+06 3.88913102981E+23 1.00017784334E+00 3.93914779590E+30
 6.63667354728E+06 3.92480334445E+23 1.00017844318E+00 3.96191581228E+30
 6.67503562151E+06 3.96080285661E+23 1.00017904505E+00 3.98481542630E+30
 6.71361944927E+06 3.99713256744E+23 1.00017964895E+00 4.00784739859E+30
 6.75242631250E+06 4.03379550564E+23 1.00018025488E+00 4.03101249417E+30
 6.79145750055E+06 4.07079472767E+23 1.00018086286E+00 4.05431148249E+30
 6.83071431021E+06 4.10813331803E+23 1.00018147289E+00 4.07774513744E+30
 6.87019804579E+06 4.14581438950E+23 1.00018208498E+00 4.10131423738E+30
 6.90991001911E+06 4.18384108343E+23 1.00018269913E+00 4.12501956517E+30
 6.94985154961E+06 4.22221656998E+23 1.00018331535E+00 4.14886190820E+30
 6.99002396433E+06 4.26094404838E+23 1.00018393365E+00 4.17284205842E+30
 7.03042859800E+06 4.30002674721E+23 1.00018455404E+00 4.19696081234E+30
 7.07106679306E+06 4.33946792467E+23 1.00018517651E+00 4.22121897107E+30
 7.11193989970E+06 4.37927086882E+23 1.00018580109E+00 4.24561734038E+30
 7.15304927594E+06 4.41943889790E+23 1.00018642778E+00 4.27015673066E+30
 7.19439628763E+06 4.45997536059E+23 1.00018705658E+00 4.29483795701E+30
 7.23598230853E+06 4.50088363628E+23 1.00018768750E+00 4.31966183923E+30
 7.27780872034E+06 4.54216713534E+23 1.00018832054E+00 4.34462920187E+30
 7.31987691274E+06 4.58382929945E+23 1.00018895573E+00 4.36974087423E+30
 7.36218828345E+06 4.62587360183E+23 1.00018959305E+00 4.39499769041E+30
 7.40474423828E+06 4.66830354758E+23 1.00019023252E+00 4.42040048933E+30
 7.44754619116E+06 4.71112267393E+23 1.00019087416E+00 4.44595011477E+30
 7.49059556418E+06 4.75433455058E+23 1.00019151795E+00 4.47164741537E+30
 7.53389378768E+06 4.79794277995E+23 1.00019216392E+00 4.49749324469E+30
 7.57744230025E+06 4.84195099750E+23 1.00019281207E+00 4.52348846121E+30
 7.62124254880E+06 4.88636287207E+23 1.00019346240E+00 4.54963392838E+30
 7.66529598861E+06 4.93118210610E+23 1.00019411492E+00 4.57593051463E+30
 7.70960408338E+06 4.97641243603E+23 1.00019476965E+00 4.60237909344E+30
 7.75416830525E+06 5.02205763256E+23 1.00019542658E+00 4.62898054329E+30
 7.79899013490E+06 5.06812150098E+23 1.00019608573E+00 4.65573574779E+30
 7.84407106155E+06 5.11460788146E+23 1.00019674711E+00 4.68264559562E+30
 7.88941258303E+06 5.16152064943E+23 1.00019741071E+00 4.70971098060E+30
 7.93501620585E+06 5.20886371584E+23 1.00019807655E+00 4.73693280174E+30
 7.98088344521E+06 5.25664102752E+23 1.00019874464E+00 4.76431196322E+30
 8.02701582508E+06 5.30485656751E+23 1.00019941499E+00 4.79184937447E+30
 8.07341487823E+06 5.35351435537E+23 1.00020008759E+00 4.81954595015E+30
 8.12008214630E+06 5.40261844752E+23 1.00020076246E+00 4.84740261022E+30
 8.16701917986E+06 5.45217293763E+23 1.00020143961E+00 4.87542027996E+30
 8.21422753841E+06 5.50218195687E+23 1.00020211904E+00 4.90359989000E+30
 8.26170879049E+06 5.55264967433E+23 1.00020280076E+00 4.93194237635E+30
 8.30946451370E+06 5.60358029732E+23 1.00020348479E+00 4.96044868040E+30
 8.35749629477E+06 5.65497807177E+23 1.00020417111E+00 4.98911974903E+30
 8.40580572959E+06 5.70684728253E+23 1.00020485976E+00 5.01795653456E+30
 8.45439442330E+06 5.75919225376E+23 1.00020555073E+00 5.04695999482E+30
 8.50326399029E+06 5.81201734928E+23 1.00020624403E+00 5.07613109318E+30
 8.55241605431E+06 5.86532697294E+23 1.00020693966E+00 5.10547079859E+30
 8.60185224848E+06 5.91912556898E+23 1.00020763764E+00 5.13498008556E+30
 8.65157421537E+06 5.97341762242E+23 1.00020833798E+00 5.16465993429E+30
 8.70158360705E+06 6.02820765939E+23 1.00020904068E+00 5.19451133060E+30
 8.75188208514E+06 6.08350024755E+23 1.00020974575E+00 5.22453526602E+30
 8.80247132086E+06 6.13929999646E+23 1.00021045320E+00 5.25473273782E+30
 8.85335299510E+06 6.19561155795E+23 1.00021116303E+00 5.28510474904E+30
 8.90452879846E+06 6.25243962653E+23 1.00021187526E+00 5.31565230849E+30
 8.95600043134E+06 6.30978893976E+23 1.00021258989E+00 5.34637643083E+30
 9.00776960393E+06 6.36766427865E+23 1.00021330693E+00 5.37727813660E+30
 9.05983803634E+06 6.42607046809E+23 1.00021402639E+00 5.40835845219E+30
 9.11220745861E+06 6.48501237718E+23 1.00021474827E+00 5.43961840998E+30
 9.16487961079E+06 6.54449491973E+23 1.00021547259E+00 5.47105904828E+30
 9.21785624300E+06 6.60452305459E+23 1.00021619936E+00 5.50268141140E+30
 9.27113911545E+06 6.66510178609E+23 1.00021692857E+00 5.53448654972E+30
 9.32472999855E+06 6.72623616449E+23 1.00021766024E+00 5.56647551965E+30
 9.37863067295E+06 6.78793128635E+23 1.00021839439E+00 5.59864938374E+30
 9.43284292957E+06 6.85019229497E+23 1.00021913100E+00 5.63100921065E+30
 9.48736856971E+06 6.91302438086E+23 1.00021987011E+00 5.66355607524E+30
 9.54220940507E+06 6.97643278210E+23 1.00022061170E+00 5.69629105859E+30
 9.59736725783E+06 7.04042278484E+23 1.00022135580E+00 5.72921524799E+30
 9.65284396072E+06 7.10499972371E+23 1.00022210241E+00 5.76232973705E+30
 9.70864135703E+06 7.17016898227E+23 1.00022285153E+00 5.79563562569E+30
 9.76476130075E+06 7.23593599346E+23 1.00022360318E+00 5.82913402018E+30
 9.82120565655E+06 7.30230624005E+23 1.00022435737E+00 5.86282603321E+30
 9.87797629991E+06 7.36928525510E+23 1.00022511410E+00 5.89671278386E+30
 9.93507511715E+06 7.43687862243E+23 1.00022587338E+00 5.93079539771E+30
 9.99250400548E+06 7.50509197706E+23 1.00022663523E+00 5.96507500684E+30
 1.00502648731E+07 7.57393100571E+23 1.00022739964E+00 5.99955274987E+30
 1.01083596392E+07 7.64340144726E+23 1.00022816663E+00 6.03422977199E+30
 1.01667902342E+07 7.71350909322E+23 1.00022893621E+00 6.06910722503E+30
 1.02255585994E+07 7.78425978823E+23 1.00022970838E+00 6.10418626747E+30
 1.02846666877E+07 7.85565943054E+23 1.00023048316E+00 6.13946806447E+30
 1.03441164630E+07 7.92771397248E+23 1.00023126056E+00 6.17495378796E+30
 1.04039099006E+07 8.00042942100E+23 1.00023204057E+00 6.21064461660E+30
 1.04640489874E+07 8.07381183814E+23 1.00023282321E+00 6.24654173589E+30
 1.05245357215E+07 8.14786734155E+23 1.00023360850E+00 6.28264633818E+30
 1.05853721129E+07 8.22260210497E+23 1.00023439643E+00 6.31895962271E+30
 1.06465601829E+07 8.29802235880E+23 1.00023518702E+00 6.35548279565E+30
 1.07081019647E+07 8.37413439056E+23 1.00023598028E+00 6.39221707014E+30
 1.07699995031E+07 8.45094454546E+23 1.00023677621E+00 6.42916366633E+30
 1.08322548548E+07 8.52845922689E+23 1.00023757483E+00 6.46632381142E+30
 1.08948700885E+07 8.60668489699E+23 1.00023837614E+00 6.50369873972E+30
 1.09578472847E+07 8.68562807718E+23 1.00023918016E+00 6.54128969267E+30
 1.10211885359E+07 8.76529534866E+23 1.00023998688E+00 6.57909791885E+30
 1.10848959470E+07 8.84569335305E+23 1.00024079633E+00 6.61712467411E+30
 1.11489716346E+07 8.92682879283E+23 1.00024160851E+00 6.65537122153E+30
 1.12134177279E+07 9.00870843201E+23 1.00024242342E+00 6.69383883148E+30
 1.12782363683E+07 9.09133909660E+23 1.00024324109E+00 6.73252878171E+30
 1.13434297096E+07 9.17472767524E+23 1.00024406151E+00 6.77144235731E+30
 1.14089999180E+07 9.25888111977E+23 1.00024488470E+00 6.81058085083E+30
 1.14749491723E+07 9.34380644575E+23 1.00024571067E+00 6.84994556228E+30
 1.15412796638E+07 9.42951073314E+23 1.00024653942E+00 6.88953779919E+30
 1.16079935966E+07 9.51600112680E+23 1.00024737097E+00 6.92935887663E+30
 1.16750931874E+07 9.60328483714E+23 1.00024820532E+00 6.96941011730E+30
 1.17425806659E+07 9.69136914072E+23 1.00024904249E+00 7.00969285151E+30
 1.18104582744E+07 9.78026138081E+23 1.00024988248E+00 7.05020841729E+30
 1.18787282686E+07 9.86996896808E+23 1.00025072530E+00 7.09095816039E+30
 1.19473929168E+07 9.96049938112E+23 1.00025157097E+00 7.13194343434E+30
 1.20164545006E+07 1.00518601672E+24 1.00025241949E+00 7.17316560048E+30
 1.20859153149E+07 1.01440589426E+24 1.00025327087E+00 7.21462602805E+30
 1.21557776678E+07 1.02371033938E+24 1.00025412512E+00 7.25632609418E+30
 1.22260438805E+07 1.03310012776E+24 1.00025498226E+00 7.29826718395E+30
 1.22967162881E+07 1.04257604218E+24 1.00025584228E+00 7.34045069048E+30
 1.23677972387E+07 1.05213887262E+24 1.00025670521E+00 7.38287801492E+30
 1.24392890944E+07 1.06178941631E+24 1.00025757104E+00 7.42555056651E+30
 1.25111942306E+07 1.07152847777E+24 1.00025843980E+00 7.46846976266E+30
 1.25835150368E+07 1.08135686892E+24 1.00025931148E+00 7.51163702895E+30
 1.26562539160E+07 1.09127540912E+24 1.00026018611E+00 7.55505379922E+30
 1.27294132852E+07 1.10128492525E+24 1.00026106369E+00 7.59872151558E+30
 1.28029955754E+07 1.11138625176E+24 1.00026194422E+00 7.64264162847E+30
 1.28770032318E+07 1.12158023076E+24 1.00026282773E+00 7.68681559675E+30
 1.29514387134E+07 1.13186771209E+24 1.00026371422E+00 7.73124488767E+30
 1.30263044936E+07 1.14224955340E+24 1.00026460369E+00 7.77593097698E+30
 1.31016030603E+07 1.15272662016E+24 1.00026549617E+00 7.82087534896E+30
 1.31773369154E+07 1.16329978583E+24 1.00026639166E+00 7.86607949647E+30
 1.32535085756E+07 1.17396993185E+24 1.00026729016E+00 7.91154492100E+30
 1.33301205718E+07 1.18473794776E+24 1.00026819170E+00 7.95727313270E+30
 1.34071754500E+07 1.19560473124E+24 1.00026909628E+00 8.00326565047E+30
 1.34846757706E+07 1.20657118823E+24 1.00027000391E+00 8.04952400198E+30
 1.35626241087E+07 1.21763823296E+24 1.00027091460E+00 8.09604972374E+30
 1.36410230547E+07 1.22880678805E+24 1.00027182836E+00 8.14284436112E+30
 1.37198752136E+07 1.24007778459E+24 1.00027274521E+00 8.18990946844E+30
 1.37991832056E+07 1.25145216220E+24 1.00027366515E+00 8.23724660900E+30
 1.38789496661E+07 1.26293086912E+24 1.00027458818E+00 8.28485735514E+30
 1.39591772457E+07 1.27451486230E+24 1.00027551434E+00 8.33274328827E+30
 1.40398686103E+07 1.28620510746E+24 1.00027644361E+00 8.38090599896E+30
 1.41210264412E+07 1.29800257916E+24 1.00027737603E+00 8.42934708696E+30
 1.42026534353E+07 1.30990826093E+24 1.00027831158E+00 8.47806816128E+30
 1.42847523049E+07 1.32192314531E+24 1.00027925029E+00 8.52707084022E+30
 1.43673257783E+07 1.33404823392E+24 1.00028019217E+00 8.57635675144E+30
 1.44503765993E+07 1.34628453760E+24 1.00028113723E+00 8.62592753200E+30
 1.45339075277E+07 1.35863307645E+24 1.00028208547E+00 8.67578482843E+30
 1.46179213391E+07 1.37109487993E+24 1.00028303691E+00 8.72593029676E+30
 1.47024208253E+07 1.38367098693E+24 1.00028399156E+00 8.77636560262E+30
 1.47874087944E+07 1.39636244587E+24 1.00028494943E+00 8.82709242124E+30
 1.48728880703E+07 1.40917031481E+24 1.00028591053E+00 8.87811243756E+30
 1.49588614935E+07 1.42209566149E+24 1.00028687487E+00 8.92942734622E+30
 1.50453319210E+07 1.43513956346E+24 1.00028784246E+00 8.98103885171E+30
 1.51323022262E+07 1.44830310813E+24 1.00028881332E+00 9.03294866831E+30
 1.52197752992E+07 1.46158739292E+24 1.00028978746E+00 9.08515852026E+30
 1.53077540465E+07 1.47499352528E+24 1.00029076487E+00 9.13767014173E+30
 1.53962413919E+07 1.48852262284E+24 1.00029174559E+00 9.19048527693E+30
 1.54852402758E+07 1.50217581347E+24 1.00029272961E+00 9.24360568017E+30
 1.55747536556E+07 1.51595423540E+24 1.00029371695E+00 9.29703311585E+30
 1.56647845058E+07 1.52985903728E+24 1.00029470763E+00 9.35076935861E+30
 1.57553358184E+07 1.54389137832E+24 1.00029570164E+00 9.40481619334E+30
 1.58464106022E+07 1.55805242833E+24 1.00029669901E+00 9.45917541524E+30
 1.59380118838E+07 1.57234336788E+24 1.00029769974E+00 9.51384882988E+30
 1.60301427072E+07 1.58676538835E+24 1.00029870384E+00 9.56883825327E+30
 1.61228061338E+07 1.60131969206E+24 1.00029971133E+00 9.62414551194E+30
 1.62160052430E+07 1.61600749236E+24 1.00030072222E+00 9.67977244294E+30
 1.63097431319E+07 1.63083001371E+24 1.00030173652E+00 9.73572089395E+30
 1.64040229154E+07 1.64578849182E+24 1.00030275425E+00 9.79199272336E+30
 1.64988477265E+07 1.66088417373E+24 1.00030377540E+00 9.84858980025E+30
 1.65942207163E+07 1.67611831790E+24 1.00030480000E+00 9.90551400454E+30
 1.66901450541E+07 1.69149219437E+24 1.00030582805E+00 9.96276722701E+30
 1.67866239277E+07 1.70700708479E+24 1.00030685957E+00 1.00203513693E+31
 1.68836605431E+07 1.72266428259E+24 1.00030789457E+00 1.00782683443E+31
 1.69812581250E+07 1.73846509306E+24 1.00030893306E+00 1.01365200755E+31
 1.70794199165E+07 1.75441083347E+24 1.00030997506E+00 1.01951084979E+31
 1.71781491798E+07 1.77050283314E+24 1.00031102057E+00 1.02540355576E+31
 1.72774491958E+07 1.78674243362E+24 1.00031206960E+00 1.03133032118E+31
 1.73773232642E+07 1.80313098874E+24 1.00031312218E+00 1.03729134292E+31
 1.74777747041E+07 1.81966986477E+24 1.00031417830E+00 1.04328681898E+31
 1.75788068536E+07 1.83636044050E+24 1.00031523799E+00 1.04931694849E+31
 1.76804230701E+07 1.85320410735E+24 1.00031630125E+00 1.05538193176E+31
 1.77826267305E+07 1.87020226954E+24 1.00031736809E+00 1.06148197023E+31
 1.78854212313E+07 1.88735634413E+24 1.00031843854E+00 1.06761726653E+31
 1.79888099883E+07 1.90466776121E+24 1.00031951259E+00 1.07378802443E+31
 1.80927964374E+07 1.92213796398E+24 1.00032059027E+00 1.07999444892E+31
 1.81973840342E+07 1.93976840885E+24 1.00032167158E+00 1.08623674613E+31
 1.83025762544E+07 1.95756056563E+24 1.00032275654E+00 1.09251512341E+31
 1.84083765937E+07 1.97551591758E+24 1.00032384516E+00 1.09882978930E+31
 1.85147885680E+07 1.99363596158E+24 1.00032493745E+00 1.10518095354E+31
 1.86218157137E+07 2.01192220824E+24 1.00032603343E+00 1.11156882710E+31
 1.87294615873E+07 2.03037618201E+24 1.00032713310E+00 1.11799362215E+31
 1.88377297663E+07 2.04899942136E+24 1.00032823648E+00 1.12445555210E+31
 1.89466238486E+07 2.06779347882E+24 1.00032934358E+00 1.13095483158E+31
 1.90561474530E+07 2.08675992120E+24 1.00033045442E+00 1.13749167646E+31
 1.91663042192E+07 2.10590032966E+24 1.00033156900E+00 1.14406630388E+31
 1.92770978079E+07 2.12521629989E+24 1.00033268734E+00 1.15067893222E+31
 1.93885319011E+07 2.14470944217E+24 1.00033380946E+00 1.15732978112E+31
 1.95006102020E+07 2.16438138159E+24 1.00033493536E+00 1.16401907149E+31
 1.96133364353E+07 2.18423375814E+24 1.00033606505E+00 1.17074702552E+31
 1.97267143470E+07 2.20426822683E+24 1.00033719856E+00 1.17751386668E+31
 1.98407477051E+07 2.22448645788E+24 1.00033833589E+00 1.18431981974E+31
 1.99554402991E+07 2.24489013681E+24 1.00033947706E+00 1.19116511077E+31
 2.00707959407E+07 2.26548096460E+24 1.00034062207E+00 1.19804996712E+31
 2.01868184633E+07 2.28626065784E+24 1.00034177095E+00 1.20497461750E+31
 2.03035117228E+07 2.30723094887E+24 1.00034292370E+00 1.21193929191E+31
 2.04208795971E+07 2.32839358590E+24 1.00034408034E+00 1.21894422167E+31
 2.05389259868E+07 2.34975033319E+24 1.00034524089E+00 1.22598963947E+31
 2.06576548149E+07 2.37130297119E+24 1.00034640534E+00 1.23307577933E+31
 2.07770700270E+07 2.39305329666E+24 1.00034757373E+00 1.24020287661E+31
 2.08971755918E+07 2.41500312285E+24 1.00034874605E+00 1.24737116804E+31
 2.10179755007E+07 2.43715427965E+24 1.00034992233E+00 1.25458089173E+31
 2.11394737683E+07 2.45950861372E+24 1.00035110258E+00 1.26183228715E+31
 2.12616744323E+07 2.48206798867E+24 1.00035228680E+00 1.26912559516E+31
 2.13845815539E+07 2.50483428520E+24 1.00035347502E+00 1.27646105802E+31
 2.15081992177E+07 2.52780940124E+24 1.00035466725E+00 1.28383891937E+31
 2.16325315319E+07 2.55099525218E+24 1.00035586350E+00 1.29125942427E+31
 2.17575826286E+07 2.57439377091E+24 1.00035706379E+00 1.29872281921E+31
 2.18833566636E+07 2.59800690812E+24 1.00035826812E+00 1.30622935208E+31
 2.20098578168E+07 2.62183663233E+24 1.00035947652E+00 1.31377927222E+31
 2.21370902924E+07 2.64588493015E+24 1.00036068899E+00 1.32137283041E+31
 2.22650583187E+07 2.67015380641E+24 1.00036190555E+00 1.32901027886E+31
 2.23937661486E+07 2.69464528432E+24 1.00036312621E+00 1.33669187127E+31
 2.25232180595E+07 2.71936140566E+24 1.00036435099E+00 1.34441786278E+31
 2.26534183537E+07 2.74430423092E+24 1.00036557991E+00 1.35218851001E+31
 2.27843713582E+07 2.76947583949E+24 1.00036681296E+00 1.36000407107E+31
 2.29160814252E+07 2.79487832986E+24 1.00036805018E+00 1.36786480557E+31
 2.30485529318E+07 2.82051381974E+24 1.00036929157E+00 1.37577097460E+31
 2.31817902806E+07 2.84638444628E+24 1.00037053714E+00 1.38372284076E+31
 2.33157978998E+07 2.87249236622E+24 1.00037178692E+00 1.39172066819E+31
 2.34505802429E+07 2.89883975608E+24 1.00037304092E+00 1.39976472254E+31
 2.35861417893E+07 2.92542881237E+24 1.00037429914E+00 1.40785527100E+31
 2.37224870444E+07 2.95226175172E+24 1.00037556160E+00 1.41599258230E+31
 2.38596205395E+07 2.97934081111E+24 1.00037682833E+00 1.42417692673E+31
 2.39975468321E+07 3.00666824801E+24 1.00037809932E+00 1.43240857613E+31
 2.41362705062E+07 3.03424634063E+24 1.00037937461E+00 1.44068780392E+31
 2.42757961723E+07 3.06207738806E+24 1.00038065419E+00 1.44901488511E+31
 2.44161284673E+07 3.08995465686E+24 1.00038192856E+00 1.45739009629E+31
 2.45572720369E+07 3.11296509619E+24 1.00038297439E+00 1.46581371563E+31
 2.46992315556E+07 3.13614689088E+24 1.00038402195E+00 1.47428602295E+31
 2.48420117406E+07 3.15950131700E+24 1.00038507124E+00 1.48280729964E+31
 2.49856173365E+07 3.18302966011E+24 1.00038612228E+00 1.49137782876E+31
 2.51300531153E+07 3.20673321534E+24 1.00038717505E+00 1.49999789497E+31
 2.52753238763E+07 3.23061328747E+24 1.00038822957E+00 1.50866778461E+31
 2.54214344471E+07 3.25467119099E+24 1.00038928584E+00 1.51738778563E+31
 2.55683896826E+07 3.27890825020E+24 1.00039034386E+00 1.52615818770E+31
 2.57161944663E+07 3.30332579923E+24 1.00039140363E+00 1.53497928211E+31
 2.58648537095E+07 3.32792518218E+24 1.00039246516E+00 1.54385136187E+31
 2.60143723522E+07 3.35270775311E+24 1.00039352844E+00 1.55277472167E+31
 2.61647553628E+07 3.37767487623E+24 1.00039459349E+00 1.56174965791E+31
 2.63160077386E+07 3.40282792584E+24 1.00039566031E+00 1.57077646869E+31
 2.64681345055E+07 3.42816828653E+24 1.00039672889E+00 1.57985545384E+31
 2.66211407188E+07 3.45369735318E+24 1.00039779925E+00 1.58898691494E+31
 2.67750314628E+07 3.47941653103E+24 1.00039887137E+00 1.59817115528E+31
 2.69298118512E+07 3.50532723584E+24 1.00039994528E+00 1.60740847993E+31
 2.70854870273E+07 3.53143089386E+24 1.00040102096E+00 1.61669919571E+31
 2.72420621643E+07 3.55772894200E+24 1.00040209843E+00 1.62604361123E+31
 2.73995424651E+07 3.58422282785E+24 1.00040317768E+00 1.63544203685E+31
 2.75579331627E+07 3.61091400978E+24 1.00040425873E+00 1.64489478475E+31
 2.77172395205E+07 3.63780395704E+24 1.00040534156E+00 1.65440216892E+31
 2.78774668322E+07 3.66489414978E+24 1.00040642619E+00 1.66396450515E+31
 2.80386204221E+07 3.69218607922E+24 1.00040751261E+00 1.67358211106E+31
 2.82007056453E+07 3.71968124766E+24 1.00040860084E+00 1.68325530610E+31
 2.83637278881E+07 3.74738116858E+24 1.00040969087E+00 1.69298441157E+31
 2.85276925675E+07 3.77528736676E+24 1.00041078271E+00 1.70276975063E+31
 2.86926051322E+07 3.80340137830E+24 1.00041187635E+00 1.71261164832E+31
 2.88584710622E+07 3.83172475077E+24 1.00041297181E+00 1.72251043152E+31
 2.90252958692E+07 3.86025904323E+24 1.00041406908E+00 1.73246642905E+31
 2.91930850968E+07 3.88900582639E+24 1.00041516818E+00 1.74247997159E+31
 2.93618443208E+07 3.91796668263E+24 1.00041626909E+00 1.75255139175E+31
 2.95315791490E+07 3.94714320612E+24 1.00041737183E+00 1.76268102407E+31
 2.97022952217E+07 3.97653700291E+24 1.00041847640E+00 1.77286920499E+31
 2.98739982119E+07 4.00614969099E+24 1.00041958279E+00 1.78311627293E+31
 3.00466938252E+07 4.03598290041E+24 1.00042069102E+00 1.79342256825E+31
 3.02203878005E+07 4.06603827337E+24 1.00042180109E+00 1.80378843329E+31
 3.03950859096E+07 4.09631746429E+24 1.00042291300E+00 1.81421421234E+31
 3.05707939577E+07 4.12682213990E+24 1.00042402675E+00 1.82470025172E+31
 3.07475177838E+07 4.15755397937E+24 1.00042514235E+00 1.83524689972E+31
 3.09252632604E+07 4.18851467433E+24 1.00042625979E+00 1.84585450665E+31
 3.11040362941E+07 4.21970592905E+24 1.00042737909E+00 1.85652342486E+31
 3.12838428256E+07 4.25112946047E+24 1.00042850024E+00 1.86725400871E+31
 3.14646888298E+07 4.28278699832E+24 1.00042962325E+00 1.87804661464E+31
 3.16465803165E+07 4.31468028522E+24 1.00043074812E+00 1.88890160112E+31
 3.18295233299E+07 4.34681107675E+24 1.00043187485E+00 1.89981932872E+31
 3.20135239494E+07 4.37918114157E+24 1.00043300346E+00 1.91080016006E+31
 3.21985882893E+07 4.41179226152E+24 1.00043413393E+00 1.92184445989E+31
 3.23847224995E+07 4.44464623170E+24 1.00043526628E+00 1.93295259506E+31
 3.25719327654E+07 4.47774486058E+24 1.00043640050E+00 1.94412493451E+31
 3.27602253080E+07 4.51108997009E+24 1.00043753660E+00 1.95536184936E+31
 3.29496063843E+07 4.54468339575E+24 1.00043867459E+00 1.96666371284E+31
 3.31400822878E+07 4.57852698672E+24 1.00043981446E+00 1.97803090035E+31
 3.33316593479E+07 4.61262260595E+24 1.00044095622E+00 1.98946378945E+31
 3.35243439311E+07 4.64697213027E+24 1.00044209988E+00 2.00096275991E+31
 3.37181424402E+07 4.68157745045E+24 1.00044324543E+00 2.01252819367E+31
 3.39130613153E+07 4.71644047138E+24 1.00044439288E+00 2.02416047488E+31
 3.41091070339E+07 4.75156311211E+24 1.00044554222E+00 2.03585998991E+31
 3.43062861106E+07 4.78694730600E+24 1.00044669348E+00 2.04762712737E+31
 3.45046050978E+07 4.82259500080E+24 1.00044784664E+00 2.05946227811E+31
 3.47040705860E+07 4.85850815875E+24 1.00044900171E+00 2.07136583525E+31
 3.49046892033E+07 4.89468875672E+24 1.00045015870E+00 2.08333819417E+31
 3.51064676168E+07 4.93113878631E+24 1.00045131761E+00 2.09537975255E+31
 3.53094125315E+07 4.96786025391E+24 1.00045247843E+00 2.10749091034E+31
 3.55135306915E+07 5.00485518091E+24 1.00045364118E+00 2.11967206983E+31
 3.57188288800E+07 5.04212560370E+24 1.00045480586E+00 2.13192363563E+31
 3.59253139192E+07 5.07967357387E+24 1.00045597247E+00 2.14424601467E+31
 3.61329926707E+07 5.11750115827E+24 1.00045714101E+00 2.15663961626E+31
 3.63418720360E+07 5.15561043914E+24 1.00045831149E+00 2.16910485205E+31
 3.65519589563E+07 5.19400351424E+24 1.00045948390E+00 2.18164213609E+31
 3.67632604131E+07 5.23268249694E+24 1.00046065826E+00 2.19425188482E+31
 3.69757834281E+07 5.27164951635E+24 1.00046183457E+00 2.20693451706E+31
 3.71895350638E+07 5.31090671745E+24 1.00046301283E+00 2.21969045409E+31
 3.74045224234E+07 5.35045626117E+24 1.00046419304E+00 2.23252011960E+31
 3.76207526511E+07 5.39030032454E+24 1.00046537520E+00 2.24542393973E+31
 3.78382329326E+07 5.43044110081E+24 1.00046655933E+00 2.25840234310E+31
 3.80569704950E+07 5.47088079955E+24 1.00046774541E+00 2.27145576080E+31
 3.82769726072E+07 5.51162164680E+24 1.00046893346E+00 2.28458462639E+31
 3.84982465801E+07 5.55266588517E+24 1.00047012349E+00 2.29778937597E+31
 3.87207997671E+07 5.59401577397E+24 1.00047131548E+00 2.31107044813E+31
 3.89446395639E+07 5.63567358932E+24 1.00047250945E+00 2.32442828402E+31
 3.91697734089E+07 5.67764162432E+24 1.00047370540E+00 2.33786332733E+31
 3.93962087837E+07 5.71992218913E+24 1.00047490333E+00 2.35137602431E+31
 3.96239532131E+07 5.76251761110E+24 1.00047610324E+00 2.36496682380E+31
 3.98530142653E+07 5.80543023493E+24 1.00047730515E+00 2.37863617721E+31
 4.00833995524E+07 5.84866242278E+24 1.00047850904E+00 2.39238453859E+31
 4.03151167304E+07 5.89221655440E+24 1.00047971494E+00 2.40621236461E+31
 4.05481734997E+07 5.93609502725E+24 1.00048092283E+00 2.42012011455E+31
 4.07825776051E+07 5.98030025665E+24 1.00048213272E+00 2.43410825037E+31
 4.10183368363E+07 6.02483467592E+24 1.00048334461E+00 2.44817723671E+31
 4.12554590278E+07 6.06970073647E+24 1.00048455852E+00 2.46232754086E+31
 4.14939520596E+07 6.11490090801E+24 1.00048577444E+00 2.47655963285E+31
 4.17338238574E+07 6.16043767859E+24 1.00048699237E+00 2.49087398539E+31
 4.19750823923E+07 6.20631355483E+24 1.00048821232E+00 2.50527107396E+31
 4.22177356819E+07 6.25253106199E+24 1.00048943430E+00 2.51975137675E+31
 4.24617917900E+07 6.29909274416E+24 1.00049065829E+00 2.53431537475E+31
 4.27072588270E+07 6.34600116434E+24 1.00049188432E+00 2.54896355170E+31
 4.29541449502E+07 6.39325890465E+24 1.00049311238E+00 2.56369639416E+31
 4.32024583640E+07 6.44086856643E+24 1.00049434247E+00 2.57851439148E+31
 4.34522073204E+07 6.48883277038E+24 1.00049557461E+00 2.59341803586E+31
 4.37034001191E+07 6.53715415672E+24 1.00049680878E+00 2.60840782232E+31
 4.39560451076E+07 6.58583538534E+24 1.00049804500E+00 2.62348424877E+31
 4.42101506818E+07 6.63487913594E+24 1.00049928327E+00 2.63864781598E+31
 4.44657252862E+07 6.68428810815E+24 1.00050052359E+00 2.65389902761E+31
 4.47227774140E+07 6.73406502174E+24 1.00050176597E+00 2.66923839025E+31
 4.49813156075E+07 6.78421261671E+24 1.00050301041E+00 2.68466641340E+31
 4.52413484586E+07 6.83473365346E+24 1.00050425690E+00 2.70018360951E+31
 4.55028846087E+07 6.88563091297E+24 1.00050550547E+00 2.71579049401E+31
 4.57659327491E+07 6.93690719690E+24 1.00050675610E+00 2.73148758527E+31
 4.60305016216E+07 6.98856532781E+24 1.00050800881E+00 2.74727540469E+31
 4.62966000182E+07 7.04060814925E+24 1.00050926359E+00 2.76315447667E+31
 4.65642367822E+07 7.09303852594E+24 1.00051052045E+00 2.77912532865E+31
 4.68334208075E+07 7.14585934397E+24 1.00051177940E+00 2.79518849111E+31
 4.71041610398E+07 7.19907351088E+24 1.00051304043E+00 2.81134449760E+31
 4.73764664764E+07 7.25268395589E+24 1.00051430355E+00 2.82759388475E+31
 4.76503461667E+07 7.30669363003E+24 1.00051556877E+00 2.84393719229E+31
 4.79258092123E+07 7.36110550629E+24 1.00051683608E+00 2.86037496308E+31
 4.82028647675E+07 7.41592257981E+24 1.00051810549E+00 2.87690774310E+31
 4.84815220394E+07 7.47114786805E+24 1.00051937701E+00 2.89353608152E+31
 4.87617902887E+07 7.52678441091E+24 1.00052065063E+00 2.91026053064E+31
 4.90436788292E+07 7.58283527095E+24 1.00052192637E+00 2.92708164598E+31
 4.93271970289E+07 7.63930353353E+24 1.00052320422E+00 2.94399998627E+31
 4.96123543096E+07 7.69619230698E+24 1.00052448418E+00 2.96101611345E+31
 4.98991601480E+07 7.75350472279E+24 1.00052576627E+00 2.97813059274E+31
 5.01876240753E+07 7.81124393575E+24 1.00052705048E+00 2.99534399260E+31
 5.04777556780E+07 7.86941312417E+24 1.00052833682E+00 3.01265688478E+31
 5.07695645977E+07 7.92801549001E+24 1.00052962530E+00 3.03006984435E+31
 5.10630605322E+07 7.98705425907E+24 1.00053091591E+00 3.04758344968E+31
 5.13582532351E+07 8.04653268119E+24 1.00053220865E+00 3.06519828250E+31
 5.16551525164E+07 8.10645403040E+24 1.00053350354E+00 3.08291492791E+31
 5.19537682430E+07 8.16682160511E+24 1.00053480058E+00 3.10073397436E+31
 5.22541103385E+07 8.22763872831E+24 1.00053609976E+00 3.11865601374E+31
 5.25561887842E+07 8.28890874770E+24 1.00053740110E+00 3.13668164133E+31
 5.28600136191E+07 8.35063503594E+24 1.00053870460E+00 3.15481145587E+31
 5.31655949401E+07 8.41282099081E+24 1.00054001026E+00 3.17304605955E+31
 5.34729429025E+07 8.47547003536E+24 1.00054131808E+00 3.19138605805E+31
 5.37820677204E+07 8.53858561816E+24 1.00054262806E+00 3.20983206053E+31
 5.40929796669E+07 8.60217121346E+24 1.00054394022E+00 3.22838467971E+31
 5.44056890746E+07 8.66623032136E+24 1.00054525455E+00 3.24704453180E+31
 5.47202063357E+07 8.73076646805E+24 1.00054657107E+00 3.26581223662E+31
 5.50365419025E+07 8.79578320595E+24 1.00054788976E+00 3.28468841755E+31
 5.53547062879E+07 8.86128411398E+24 1.00054921064E+00 3.30367370157E+31
 5.56747100654E+07 8.92727279766E+24 1.00055053371E+00 3.32276871928E+31
 5.59965638697E+07 8.99375288940E+24 1.00055185897E+00 3.34197410495E+31
 5.63202783971E+07 9.06072804863E+24 1.00055318642E+00 3.36129049649E+31
 5.66458644055E+07 9.12820196206E+24 1.00055451608E+00 3.38071853550E+31
 5.69733327153E+07 9.19617834383E+24 1.00055584794E+00 3.40025886731E+31
 5.73026942093E+07 9.26466093574E+24 1.00055718201E+00 3.41991214096E+31
 5.76339598333E+07 9.33365350748E+24 1.00055851829E+00 3.43967900925E+31
 5.79671405961E+07 9.40315985679E+24 1.00055985678E+00 3.45956012874E+31
 5.83022475707E+07 9.47318380968E+24 1.00056119750E+00 3.47955615980E+31
 5.86392918936E+07 9.54372922069E+24 1.00056254043E+00 3.49966776660E+31
 5.89782847660E+07 9.61479997304E+24 1.00056388559E+00 3.51989561718E+31
 5.93192374538E+07 9.68639997885E+24 1.00056523298E+00 3.54024038342E+31
 5.96621612879E+07 9.75853317942E+24 1.00056658260E+00 3.56070274106E+31
 6.00070676650E+07 9.83120354535E+24 1.00056793446E+00 3.58128336980E+31
 6.03539680475E+07 9.90441507684E+24 1.00056928856E+00 3.60198295322E+31
 6.07028739640E+07 9.97817180388E+24 1.00057064491E+00 3.62280217888E+31
 6.10537970099E+07 1.00524777864E+25 1.00057200350E+00 3.64374173830E+31
 6.14067488478E+07 1.01273371148E+25 1.00057336434E+00 3.66480232701E+31
 6.17617412074E+07 1.02027539095E+25 1.00057472744E+00 3.68598464454E+31
 6.21187858863E+07 1.02787323221E+25 1.00057609280E+00 3.70728939447E+31
 6.24778947506E+07 1.03552765348E+25 1.00057746042E+00 3.72871728447E+31
 6.28390797347E+07 1.04323907610E+25 1.00057883031E+00 3.75026902627E+31
 6.32023528422E+07 1.05100792456E+25 1.00058020246E+00 3.77194533572E+31
 6.35677261459E+07 1.05883462649E+25 1.00058157690E+00 3.79374693282E+31
 6.39352117885E+07 1.06671961272E+25 1.00058295361E+00 3.81567454173E+31
 6.43048219831E+07 1.07466331729E+25 1.00058433260E+00 3.83772889078E+31
 6.46765690132E+07 1.08266617746E+25 1.00058571388E+00 3.85991071253E+31
 6.50504652334E+07 1.09072863376E+25 1.00058709744E+00 3.88222074375E+31
 6.54265230696E+07 1.09885112999E+25 1.00058848330E+00 3.90465972550E+31
 6.58047550199E+07 1.10703411326E+25 1.00058987146E+00 3.92722840308E+31
 6.61851736542E+07 1.11527803400E+25 1.00059126191E+00 3.94992752615E+31
 6.65677916155E+07 1.12358334601E+25 1.00059265468E+00 3.97275784866E+31
 6.69526216197E+07 1.13195050647E+25 1.00059404974E+00 3.99572012895E+31
 6.73396764562E+07 1.14037997594E+25 1.00059544713E+00 4.01881512970E+31
 6.77289689884E+07 1.14887221844E+25 1.00059684682E+00 4.04204361806E+31
 6.81205121542E+07 1.15742770142E+25 1.00059824884E+00 4.06540636555E+31
 6.85143189660E+07 1.16604689582E+25 1.00059965318E+00 4.08890414819E+31
 6.89104025119E+07 1.17473027611E+25 1.00060105985E+00 4.11253774648E+31
 6.93087759551E+07 1.18347832025E+25 1.00060246885E+00 4.13630794542E+31
 6.97094525355E+07 1.19229150980E+25 1.00060388019E+00 4.16021553456E+31
 7.01124455692E+07 1.20117032987E+25 1.00060529386E+00 4.18426130799E+31
 7.05177684494E+07 1.21011526922E+25 1.00060670988E+00 4.20844606442E+31
 7.09254346466E+07 1.21912682022E+25 1.00060812824E+00 4.23277060716E+31
 7.13354577095E+07 1.22820547892E+25 1.00060954896E+00 4.25723574417E+31
 7.17478512649E+07 1.23735174506E+25 1.00061097202E+00 4.28184228806E+31
 7.21626290184E+07 1.24656612211E+25 1.00061239745E+00 4.30659105617E+31
 7.25798047549E+07 1.25584911726E+25 1.00061382524E+00 4.33148287053E+31
 7.29993923391E+07 1.26520124153E+25 1.00061525540E+00 4.35651855796E+31
 7.34214057158E+07 1.27462300969E+25 1.00061668793E+00 4.38169895002E+31
 7.38458589103E+07 1.28411494037E+25 1.00061812283E+00 4.40702488309E+31
 7.42727660291E+07 1.29367755607E+25 1.00061956011E+00 4.43249719840E+31
 7.47021412605E+07 1.30331138317E+25 1.00062099977E+00 4.45811674203E+31
 7.51339988744E+07 1.31301695197E+25 1.00062244181E+00 4.48388436494E+31
 7.55683532235E+07 1.32279479672E+25 1.00062388625E+00 4.50980092303E+31
 7.60052187435E+07 1.33264545564E+25 1.00062533308E+00 4.53586727712E+31
 7.64446099535E+07 1.34256947098E+25 1.00062678231E+00 4.56208429303E+31
 7.68865414565E+07 1.35256738900E+25 1.00062823394E+00 4.58845284158E+31
 7.73310279400E+07 1.36263976005E+25 1.00062968798E+00 4.61497379862E+31
 7.77780841764E+07 1.37278713857E+25 1.00063114442E+00 4.64164804505E+31
 7.82277250236E+07 1.38301008313E+25 1.00063260328E+00 4.66847646687E+31
 7.86799654254E+07 1.39330915647E+25 1.00063406456E+00 4.69545995522E+31
 7.91348204119E+07 1.40368492549E+25 1.00063552826E+00 4.72259940637E+31
 7.95923051001E+07 1.41413796134E+25 1.00063699439E+00 4.74989572176E+31
 8.00524346947E+07 1.42466883942E+25 1.00063846294E+00 4.77734980807E+31
 8.05152244880E+07 1.43527813940E+25 1.00063993393E+00 4.80496257721E+31
 8.09806898607E+07 1.44596644529E+25 1.00064140736E+00 4.83273494634E+31
 8.14488462828E+07 1.45673434542E+25 1.00064288323E+00 4.86066783795E+31
 8.19197093134E+07 1.46758243252E+25 1.00064436154E+00 4.88876217984E+31
 8.23932946018E+07 1.47851130374E+25 1.00064584231E+00 4.91701890519E+31
 8.28696178876E+07 1.48952156066E+25 1.00064732553E+00 4.94543895256E+31
 8.33486950014E+07 1.50061380935E+25 1.00064881121E+00 4.97402326594E+31
 8.38305418657E+07 1.51178866039E+25 1.00065029935E+00 5.00277279479E+31
 8.43151744946E+07 1.52304672891E+25 1.00065178995E+00 5.03168849403E+31
 8.48026089950E+07 1.53438863461E+25 1.00065328303E+00 5.06077132411E+31
 8.52928615671E+07 1.54581500183E+25 1.00065477858E+00 5.09002225106E+31
 8.57859485045E+07 1.55732645952E+25 1.00065627661E+00 5.11944224644E+31
 8.62818861952E+07 1.56892364135E+25 1.00065777712E+00 5.14903228747E+31
 8.67806911219E+07 1.58060718570E+25 1.00065928012E+00 5.17879335700E+31
 8.72823798625E+07 1.59237773568E+25 1.00066078561E+00 5.20872644357E+31
 8.77869690910E+07 1.60423593923E+25 1.00066229360E+00 5.23883254142E+31
 8.82944755777E+07 1.61618244908E+25 1.00066380408E+00 5.26911265054E+31
 8.88049161897E+07 1.62821792283E+25 1.00066531707E+00 5.29956777670E+31
 8.93183078920E+07 1.64034302300E+25 1.00066683257E+00 5.33019893151E+31
 8.98346677473E+07 1.65255841701E+25 1.00066835058E+00 5.36100713238E+31
 9.03540129174E+07 1.66486477727E+25 1.00066987110E+00 5.39199340264E+31
 9.08763606628E+07 1.67726278118E+25 1.00067139414E+00 5.42315877151E+31
 9.14017283444E+07 1.68975311122E+25 1.00067291971E+00 5.45450427418E+31
 9.19301334229E+07 1.70233645491E+25 1.00067444781E+00 5.48603095179E+31
 9.24615934605E+07 1.71501350492E+25 1.00067597844E+00 5.51773985154E+31
 9.29961261206E+07 1.72778495906E+25 1.00067751160E+00 5.54963202666E+31
 9.35337491689E+07 1.74065152035E+25 1.00067904731E+00 5.58170853645E+31
 9.40744804737E+07 1.75361389703E+25 1.00068058556E+00 5.61397044638E+31
 9.46183380068E+07 1.76667280263E+25 1.00068212636E+00 5.64641882803E+31
 9.51653398437E+07 1.77982895599E+25 1.00068366971E+00 5.67905475921E+31
 9.57155041647E+07 1.79308308129E+25 1.00068521563E+00 5.71187932392E+31
 9.62688492550E+07 1.80643590812E+25 1.00068676410E+00 5.74489361248E+31
 9.68253935056E+07 1.81988817150E+25 1.00068831514E+00 5.77809872146E+31
 9.73851554139E+07 1.83344061190E+25 1.00068986875E+00 5.81149575380E+31
 9.79481535841E+07 1.84709397535E+25 1.00069142494E+00 5.84508581880E+31
 9.85144067283E+07 1.86084901339E+25 1.00069298370E+00 5.87887003217E+31
 9.90839336664E+07 1.87470648318E+25 1.00069454505E+00 5.91284951609E+31
 9.96567533274E+07 1.88866714752E+25 1.00069610899E+00 5.94702539919E+31
 1.00232884750E+08 1.90273177488E+25 1.00069767552E+00 5.98139881667E+31
 1.00812347082E+08 1.91690113945E+25 1.00069924464E+00 6.01597091025E+31
 1.01395159583E+08 1.93117602121E+25 1.00070081637E+00 6.05074282826E+31
 1.01981341623E+08 1.94555720592E+25 1.00070239070E+00 6.08571572569E+31
 1.02570912686E+08 1.96004548520E+25 1.00070396764E+00 6.12089076417E+31
 1.03163892366E+08 1.97464165658E+25 1.00070554719E+00 6.15626911208E+31
 1.03760300372E+08 1.98934652350E+25 1.00070712936E+00 6.19185194451E+31
 1.04360156527E+08 2.00416089541E+25 1.00070871416E+00 6.22764044339E+31
 1.04963480767E+08 2.01908558778E+25 1.00071030157E+00 6.26363579745E+31
 1.05570293144E+08 2.03412142214E+25 1.00071189163E+00 6.29983920230E+31
 1.06180613829E+08 2.04926922616E+25 1.00071348431E+00 6.33625186046E+31
 1.06794463104E+08 2.06452983365E+25 1.00071507964E+00 6.37287498140E+31
 1.07411861374E+08 2.07990408465E+25 1.00071667761E+00 6.40970978159E+31
 1.08032829157E+08 2.09539282545E+25 1.00071827822E+00 6.44675748450E+31
 1.08657387093E+08 2.11099690862E+25 1.00071988149E+00 6.48401932071E+31
 1.09285555941E+08 2.12671719312E+25 1.00072148742E+00 6.52149652790E+31
 1.09917356578E+08 2.14255454427E+25 1.00072309601E+00 6.55919035089E+31
 1.10552810004E+08 2.15850983385E+25 1.00072470727E+00 6.59710204171E+31
 1.11191937338E+08 2.17458394013E+25 1.00072632119E+00 6.63523285962E+31
 1.11834759825E+08 2.19077774793E+25 1.00072793779E+00 6.67358407116E+31
 1.12481298829E+08 2.20709214863E+25 1.00072955707E+00 6.71215695020E+31
 1.13131575838E+08 2.22352804029E+25 1.00073117903E+00 6.75095277795E+31
 1.13785612468E+08 2.24008632763E+25 1.00073280369E+00 6.78997284304E+31
 1.14443430455E+08 2.25676792210E+25 1.00073443103E+00 6.82921844156E+31
 1.15105051664E+08 2.27357374196E+25 1.00073606107E+00 6.86869087706E+31
 1.15770498084E+08 2.29050471230E+25 1.00073769381E+00 6.90839146066E+31
 1.16439791835E+08 2.30756176509E+25 1.00073932926E+00 6.94832151104E+31
 1.17112955160E+08 2.32474583926E+25 1.00074096742E+00 6.98848235449E+31
 1.17790010435E+08 2.34205788070E+25 1.00074260830E+00 7.02887532498E+31
 1.18470980163E+08 2.35949884238E+25 1.00074425189E+00 7.06950176421E+31
 1.19155886976E+08 2.37706968434E+25 1.00074589821E+00 7.11036302159E+31
 1.19844753641E+08 2.39477137379E+25 1.00074754725E+00 7.15146045436E+31
 1.20537603052E+08 2.41260488512E+25 1.00074919903E+00 7.19279542760E+31
 1.21234458238E+08 2.43057120000E+25 1.00075085355E+00 7.23436931429E+31
 1.21935342362E+08 2.44867130739E+25 1.00075251081E+00 7.27618349531E+31
 1.22640278718E+08 2.46690620363E+25 1.00075417081E+00 7.31823935957E+31
 1.23349290738E+08 2.48527689247E+25 1.00075583357E+00 7.36053830397E+31
 1.24062401986E+08 2.50378438513E+25 1.00075749908E+00 7.40308173349E+31
 1.24779636165E+08 2.52242970038E+25 1.00075916736E+00 7.44587106126E+31
 1.25501017115E+08 2.54121386456E+25 1.00076083839E+00 7.48890770854E+31
 1.26226568811E+08 2.56013791165E+25 1.00076251220E+00 7.53219310482E+31
 1.26956315371E+08 2.57920288335E+25 1.00076418878E+00 7.57572868786E+31
 1.27690281048E+08 2.59840982909E+25 1.00076586814E+00 7.61951590372E+31
 1.28428490239E+08 2.61775980615E+25 1.00076755028E+00 7.66355620681E+31
 1.29170967479E+08 2.63725387965E+25 1.00076923522E+00 7.70785105998E+31
 1.29917737448E+08 2.65689312265E+25 1.00077092294E+00 7.75240193450E+31
 1.30668824966E+08 2.67667861622E+25 1.00077261346E+00 7.79721031016E+31
 1.31424254998E+08 2.69661144946E+25 1.00077430678E+00 7.84227767530E+31
 1.32184052652E+08 2.71669271959E+25 1.00077600291E+00 7.88760552685E+31
 1.32948243184E+08 2.73692353199E+25 1.00077770185E+00 7.93319537042E+31
 1.33716851992E+08 2.75730500028E+25 1.00077940361E+00 7.97904872030E+31
 1.34489904625E+08 2.77783824639E+25 1.00078110818E+00 8.02516709954E+31
 1.35267426777E+08 2.79852440056E+25 1.00078281558E+00 8.07155204000E+31
 1.36049444291E+08 2.81936460149E+25 1.00078452581E+00 8.11820508237E+31
 1.36835983161E+08 2.84035999634E+25 1.00078623888E+00 8.16512777628E+31
 1.37627069529E+08 2.86151174082E+25 1.00078795478E+00 8.21232168028E+31
 1.38422729689E+08 2.88282099925E+25 1.00078967353E+00 8.25978836196E+31
 1.39222990089E+08 2.90428894459E+25 1.00079139513E+00 8.30752939795E+31
 1.40027877328E+08 2.92591675858E+25 1.00079311958E+00 8.35554637400E+31
 1.40837418158E+08 2.94770563172E+25 1.00079484689E+00 8.40384088504E+31
 1.41651639487E+08 2.96965676341E+25 1.00079657706E+00 8.45241453518E+31
 1.42470568379E+08 2.99177136196E+25 1.00079831010E+00 8.50126893784E+31
 1.43294232054E+08 3.01405064468E+25 1.00080004601E+00 8.55040571575E+31
 1.44122657890E+08 3.03649583796E+25 1.00080178479E+00 8.59982650103E+31
 1.44955873421E+08 3.05910817729E+25 1.00080352646E+00 8.64953293520E+31
 1.45793906343E+08 3.08188890741E+25 1.00080527102E+00 8.69952666931E+31
 1.46636784511E+08 3.10483928228E+25 1.00080701847E+00 8.74980936393E+31
 1.47484535941E+08 3.12796056523E+25 1.00080876881E+00 8.80038268923E+31
 1.48337188811E+08 3.15125402898E+25 1.00081052205E+00 8.85124832504E+31
 1.49194771463E+08 3.17472095574E+25 1.00081227820E+00 8.90240796090E+31
 1.50057312401E+08 3.19836263727E+25 1.00081403726E+00 8.95386329610E+31
 1.50924840295E+08 3.22218037493E+25 1.00081579924E+00 9.00561603978E+31
 1.51797383981E+08 3.24617547980E+25 1.00081756413E+00 9.05766791092E+31
 1.52674972462E+08 3.27034927269E+25 1.00081933195E+00 9.11002063847E+31
 1.53557634907E+08 3.29470308427E+25 1.00082110271E+00 9.16267596136E+31
 1.54445400654E+08 3.31923825512E+25 1.00082287639E+00 9.21563562856E+31
 1.55338299214E+08 3.34395613578E+25 1.00082465302E+00 9.26890139918E+31
 1.56236360264E+08 3.36885808688E+25 1.00082643259E+00 9.32247504246E+31
 1.57139613656E+08 3.39394547916E+25 1.00082821511E+00 9.37635833790E+31
 1.58048089412E+08 3.41921969358E+25 1.00083000058E+00 9.43055307525E+31
 1.58961817731E+08 3.44468212136E+25 1.00083178901E+00 9.48506105464E+31
 1.59880828983E+08 3.47033416411E+25 1.00083358041E+00 9.53988408658E+31
 1.60805153715E+08 3.49617723386E+25 1.00083537477E+00 9.59502399206E+31
 1.61734822652E+08 3.52221275316E+25 1.00083717211E+00 9.65048260258E+31
 1.62669866696E+08 3.54844215516E+25 1.00083897243E+00 9.70626176024E+31
 1.63610316926E+08 3.57486688366E+25 1.00084077573E+00 9.76236331777E+31
 1.64556204602E+08 3.60148839325E+25 1.00084258202E+00 9.81878913864E+31
 1.65507561165E+08 3.62830814932E+25 1.00084439131E+00 9.87554109706E+31
 1.66464418239E+08 3.65532762818E+25 1.00084620359E+00 9.93262107808E+31
 1.67426807627E+08 3.68254831713E+25 1.00084801887E+00 9.99003097766E+31
 1.68394761321E+08 3.70997171457E+25 1.00084983717E+00 1.00477727027E+32
 1.69368311493E+08 3.73759933002E+25 1.00085165848E+00 1.01058481711E+32
 1.70347490505E+08 3.76543268428E+25 1.00085348280E+00 1.01642593120E+32
 1.71332330905E+08 3.79347330945E+25 1.00085531015E+00 1.02230080654E+32
 1.72322865427E+08 3.82172274904E+25 1.00085714053E+00 1.02820963827E+32
 1.73319126998E+08 3.85018255807E+25 1.00085897395E+00 1.03415262267E+32
 1.74321148732E+08 3.87885430312E+25 1.00086081040E+00 1.04012995712E+32
 1.75328963937E+08 3.90773956245E+25 1.00086264989E+00 1.04614184018E+32
 1.76342606113E+08 3.93683992608E+25 1.00086449244E+00 1.05218847153E+32
 1.77362108952E+08 3.96615699585E+25 1.00086633803E+00 1.05827005201E+32
 1.78387506343E+08 3.99569238553E+25 1.00086818669E+00 1.06438678363E+32
 1.79418832371E+08 4.02544772094E+25 1.00087003841E+00 1.07053886956E+32
 1.80456121316E+08 4.05542463996E+25 1.00087189320E+00 1.07672651414E+32
 1.81499407659E+08 4.08562479271E+25 1.00087375106E+00 1.08294992290E+32
 1.82548726077E+08 4.11604984157E+25 1.00087561200E+00 1.08920930256E+32
 1.83604111452E+08 4.14670146130E+25 1.00087747603E+00 1.09550486102E+32
 1.84665598863E+08 4.17758133915E+25 1.00087934314E+00 1.10183680740E+32
 1.85733223595E+08 4.20869117493E+25 1.00088121335E+00 1.10820535201E+32
 1.86807021137E+08 4.24003268109E+25 1.00088308666E+00 1.11461070640E+32
 1.87887027181E+08 4.27160758286E+25 1.00088496307E+00 1.12105308331E+32
 1.88973277627E+08 4.30341761828E+25 1.00088684260E+00 1.12753269674E+32
 1.90065808583E+08 4.33546453838E+25 1.00088872524E+00 1.13404976191E+32
 1.91164656365E+08 4.36775010720E+25 1.00089061100E+00 1.14060449529E+32
 1.92269857500E+08 4.40027610191E+25 1.00089249988E+00 1.14719711460E+32
 1.93381448724E+08 4.43304431294E+25 1.00089439190E+00 1.15382783882E+32
 1.94499466988E+08 4.46605654403E+25 1.00089628705E+00 1.16049688819E+32
 1.95623949455E+08 4.49931461236E+25 1.00089818534E+00 1.16720448423E+32
 1.96754933504E+08 4.53282034865E+25 1.00090008678E+00 1.17395084974E+32
 1.97892456729E+08 4.56657559725E+25 1.00090199136E+00 1.18073620880E+32
 1.99036556943E+08 4.60058221624E+25 1.00090389911E+00 1.18756078679E+32
 2.00187272177E+08 4.63484207754E+25 1.00090581002E+00 1.19442481039E+32
 2.01344640681E+08 4.66935706699E+25 1.00090772409E+00 1.20132850760E+32
 2.02508700927E+08 4.70412908452E+25 1.00090964134E+00 1.20827210772E+32
 2.03679491609E+08 4.73916004416E+25 1.00091156176E+00 1.21525584140E+32
 2.04857051646E+08 4.77445187422E+25 1.00091348537E+00 1.22227994061E+32
 2.06041420181E+08 4.81000651737E+25 1.00091541216E+00 1.22934463865E+32
 2.07232636584E+08 4.84582593073E+25 1.00091734215E+00 1.23645017018E+32
 2.08430740451E+08 4.88191208601E+25 1.00091927534E+00 1.24359677122E+32
 2.09635771610E+08 4.91826696960E+25 1.00092121173E+00 1.25078467914E+32
 2.10847770117E+08 4.95489258268E+25 1.00092315133E+00 1.25801413270E+32
 2.12066776260E+08 4.99179094133E+25 1.00092509415E+00 1.26528537203E+32
 2.13292830561E+08 5.02896407664E+25 1.00092704018E+00 1.27259863864E+32
 2.14525973774E+08 5.06641403485E+25 1.00092898944E+00 1.27995417546E+32
 2.15766246892E+08 5.10414287740E+25 1.00093094193E+00 1.28735222680E+32
 2.17013691143E+08 5.14215268111E+25 1.00093289766E+00 1.29479303840E+32
 2.18268347993E+08 5.18044553826E+25 1.00093485662E+00 1.30227685739E+32
 2.19530259150E+08 5.21902355670E+25 1.00093681884E+00 1.30980393237E+32
 2.20799466561E+08 5.25788885999E+25 1.00093878431E+00 1.31737451335E+32
 2.22076012416E+08 5.29704358750E+25 1.00094075303E+00 1.32498885180E+32
 2.23359939150E+08 5.33648989452E+25 1.00094272502E+00 1.33264720062E+32
 2.24651289443E+08 5.37622995240E+25 1.00094470027E+00 1.34034981419E+32
 2.25950106221E+08 5.41626594867E+25 1.00094667880E+00 1.34809694837E+32
 2.27256432659E+08 5.45660008714E+25 1.00094866061E+00 1.35588886048E+32
 2.28570312182E+08 5.49723458802E+25 1.00095064570E+00 1.36372580932E+32
 2.29891788466E+08 5.53817168807E+25 1.00095263408E+00 1.37160805522E+32
 2.31220905438E+08 5.57941364071E+25 1.00095462576E+00 1.37953585999E+32
 2.32557707282E+08 5.62096271612E+25 1.00095662074E+00 1.38750948695E+32
 2.33902238435E+08 5.66282120140E+25 1.00095861902E+00 1.39552920094E+32
 2.35254543592E+08 5.70499140069E+25 1.00096062062E+00 1.40359526837E+32
 2.36614667706E+08 5.74747563527E+25 1.00096262553E+00 1.41170795713E+32
 2.37982655991E+08 5.79027624371E+25 1.00096463377E+00 1.41986753670E+32
 2.39358553922E+08 5.83339558201E+25 1.00096664534E+00 1.42807427811E+32
 2.40742407235E+08 5.87683602370E+25 1.00096866024E+00 1.43632845394E+32
 2.42134261935E+08 5.92059995999E+25 1.00097067847E+00 1.44463033838E+32
 2.43534164288E+08 5.96468979990E+25 1.00097270006E+00 1.45298020716E+32
 2.44942160831E+08 6.00910797039E+25 1.00097472499E+00 1.46137833763E+32
 2.46358298370E+08 6.05385691647E+25 1.00097675328E+00 1.46982500875E+32
 2.47782623979E+08 6.09893910140E+25 1.00097878493E+00 1.47832050108E+32
 2.49215185006E+08 6.14435700675E+25 1.00098081995E+00 1.48686509679E+32
 2.50656029075E+08 6.19011313259E+25 1.00098285834E+00 1.49545907971E+32
 2.52105204081E+08 6.23620999758E+25 1.00098490011E+00 1.50410273529E+32
 2.53562758200E+08 6.28265013917E+25 1.00098694527E+00 1.51279635063E+32
 2.55028739883E+08 6.32943611368E+25 1.00098899381E+00 1.52154021450E+32
 2.56503197865E+08 6.37657049649E+25 1.00099104575E+00 1.53033461733E+32
 2.57986181160E+08 6.42405588214E+25 1.00099310109E+00 1.53917985123E+32
 2.59477739066E+08 6.47189488449E+25 1.00099515983E+00 1.54807621001E+32
 2.60977921168E+08 6.52009013688E+25 1.00099722199E+00 1.55702398916E+32
 2.62486777335E+08 6.56864429225E+25 1.00099928756E+00 1.56602348588E+32
 2.64004357725E+08 6.61756002329E+25 1.00100135656E+00 1.57507499911E+32
 2.65530712789E+08 6.66684002262E+25 1.00100342899E+00 1.58417882949E+32
 2.67065893266E+08 6.71648700287E+25 1.00100550485E+00 1.59333527941E+32
 2.68609950190E+08 6.76650369691E+25 1.00100758415E+00 1.60254465301E+32
 2.70162934891E+08 6.81689285793E+25 1.00100966690E+00 1.61180725620E+32
 2.71724898994E+08 6.86765725965E+25 1.00101175310E+00 1.62112339662E+32
 2.73295894424E+08 6.91879969643E+25 1.00101384276E+00 1.63049338372E+32
 2.74875973406E+08 6.97032298343E+25 1.00101593588E+00 1.63991752873E+32
 2.76465188467E+08 7.02222995680E+25 1.00101803247E+00 1.64939614469E+32
 2.78063592438E+08 7.07452347379E+25 1.00102013254E+00 1.65892954643E+32
 2.79671238454E+08 7.12720641294E+25 1.00102223608E+00 1.66851805060E+32
 2.81288179960E+08 7.18028167421E+25 1.00102434311E+00 1.67816197570E+32
 2.82914470708E+08 7.23375217917E+25 1.00102645364E+00 1.68786164206E+32
 2.84550164761E+08 7.28762087114E+25 1.00102856766E+00 1.69761737185E+32
 2.86195316497E+08 7.34189071536E+25 1.00103068518E+00 1.70742948912E+32
 2.87849980604E+08 7.39656469915E+25 1.00103280622E+00 1.71729831979E+32
 2.89514212091E+08 7.45164583209E+25 1.00103493077E+00 1.72722419165E+32
 2.91188066283E+08 7.50713714615E+25 1.00103705884E+00 1.73720743440E+32
 2.92871598824E+08 7.56304169589E+25 1.00103919044E+00 1.74724837965E+32
 2.94564865681E+08 7.61936255862E+25 1.00104132557E+00 1.75734736089E+32
 2.96267923146E+08 7.67610283455E+25 1.00104346424E+00 1.76750471359E+32
 2.97980827833E+08 7.73326564700E+25 1.00104560645E+00 1.77772077512E+32
 2.99703636688E+08 7.79085414254E+25 1.00104775222E+00 1.78799588482E+32
 3.01436406982E+08 7.84887149115E+25 1.00104990154E+00 1.79833038398E+32
 3.03179196320E+08 7.90732088646E+25 1.00105205442E+00 1.80872461587E+32
 3.04932062639E+08 7.96620554584E+25 1.00105421087E+00 1.81917892574E+32
 3.06695064212E+08 8.02552871065E+25 1.00105637090E+00 1.82969366083E+32
 3.08468259648E+08 8.08529364638E+25 1.00105853450E+00 1.84026917041E+32
 3.10251707895E+08 8.14550364281E+25 1.00106070169E+00 1.85090580574E+32
 3.12045468243E+08 8.20616201426E+25 1.00106287248E+00 1.86160392012E+32
 3.13849600323E+08 8.26727209972E+25 1.00106504686E+00 1.87236386891E+32
 3.15664164113E+08 8.32883726302E+25 1.00106722484E+00 1.88318600949E+32
 3.17489219938E+08 8.39086089306E+25 1.00106940643E+00 1.89407070134E+32
 3.19324828469E+08 8.45334640398E+25 1.00107159164E+00 1.90501830600E+32
 3.21171050731E+08 8.51629723535E+25 1.00107378047E+00 1.91602918709E+32
 3.23027948099E+08 8.57971685232E+25 1.00107597293E+00 1.92710371036E+32
 3.24895582307E+08 8.64360874589E+25 1.00107816902E+00 1.93824224364E+32
 3.26774015443E+08 8.70797643302E+25 1.00108036876E+00 1.94944515692E+32
 3.28663309954E+08 8.77282345688E+25 1.00108257213E+00 1.96071282230E+32
 3.30563528649E+08 8.83815338702E+25 1.00108477916E+00 1.97204561406E+32
 3.32474734701E+08 8.90396981957E+25 1.00108698985E+00 1.98344390860E+32
 3.34396991647E+08 8.97027637744E+25 1.00108920420E+00 1.99490808454E+32
 3.36330363393E+08 9.03707671054E+25 1.00109142222E+00 2.00643852267E+32
 3.38274914212E+08 9.10437449591E+25 1.00109364392E+00 2.01803560598E+32
 3.40230708752E+08 9.17217343803E+25 1.00109586930E+00 2.02969971967E+32
 3.42197812033E+08 9.24047726894E+25 1.00109809836E+00 2.04143125117E+32
 3.44176289451E+08 9.30928974845E+25 1.00110033112E+00 2.05323059016E+32
 3.46166206781E+08 9.37861466442E+25 1.00110256759E+00 2.06509812855E+32
 3.48167630178E+08 9.44845583287E+25 1.00110480775E+00 2.07703426054E+32
 3.50180626179E+08 9.51881709826E+25 1.00110705164E+00 2.08903938259E+32
 3.52205261706E+08 9.58970233368E+25 1.00110929924E+00 2.10111389345E+32
 3.54241604071E+08 9.66111544105E+25 1.00111155056E+00 2.11325819421E+32
 3.56289720970E+08 9.73306035137E+25 1.00111380562E+00 2.12547268822E+32
 3.58349680495E+08 9.80554102489E+25 1.00111606441E+00 2.13775778121E+32
 3.60421551130E+08 9.87856145135E+25 1.00111832695E+00 2.15011388123E+32
 3.62505401755E+08 9.95212565023E+25 1.00112059323E+00 2.16254139871E+32
 3.64601301649E+08 1.00262376709E+26 1.00112286328E+00 2.17504074642E+32
 3.66709320490E+08 1.01009015929E+26 1.00112513708E+00 2.18761233954E+32
 3.68829528362E+08 1.01761215263E+26 1.00112741466E+00 2.20025659565E+32
 3.70961995753E+08 1.02519016114E+26 1.00112969601E+00 2.21297393473E+32
 3.73106793556E+08 1.03282460197E+26 1.00113198113E+00 2.22576477919E+32
 3.75263993079E+08 1.04051589536E+26 1.00113427005E+00 2.23862955390E+32
 3.77433666038E+08 1.04826446469E+26 1.00113656276E+00 2.25156868617E+32
 3.79615884566E+08 1.05607073648E+26 1.00113885927E+00 2.26458260577E+32
 3.81810721214E+08 1.06393514043E+26 1.00114115959E+00 2.27767174498E+32
 3.84018248950E+08 1.07185810944E+26 1.00114346372E+00 2.29083653855E+32
 3.86238541167E+08 1.07984007964E+26 1.00114577166E+00 2.30407742377E+32
 3.88471671679E+08 1.08788149040E+26 1.00114808344E+00 2.31739484044E+32
 3.90717714730E+08 1.09598278437E+26 1.00115039904E+00 2.33078923091E+32
 3.92976744992E+08 1.10414440749E+26 1.00115271848E+00 2.34426104007E+32
 3.95248837570E+08 1.11236680902E+26 1.00115504177E+00 2.35781071541E+32
 3.97534068001E+08 1.12065044157E+26 1.00115736890E+00 2.37143870699E+32
 3.99832512262E+08 1.12899576111E+26 1.00115969989E+00 2.38514546747E+32
 4.02144246766E+08 1.13740322703E+26 1.00116203475E+00 2.39893145212E+32
 4.04469348372E+08 1.14587330211E+26 1.00116437348E+00 2.41279711887E+32
 4.06807894381E+08 1.15440645260E+26 1.00116671608E+00 2.42674292825E+32
 4.09159962540E+08 1.16300314821E+26 1.00116906256E+00 2.44076934351E+32
 4.11525631048E+08 1.17166386215E+26 1.00117141294E+00 2.45487683053E+32
 4.13904978556E+08 1.18038907116E+26 1.00117376720E+00 2.46906585789E+32
 4.16298084169E+08 1.18917925552E+26 1.00117612537E+00 2.48333689691E+32
 4.18705027450E+08 1.19803489910E+26 1.00117848745E+00 2.49769042160E+32
 4.21125888421E+08 1.20695648935E+26 1.00118085345E+00 2.51212690872E+32
 4.23560747570E+08 1.21594451738E+26 1.00118322336E+00 2.52664683779E+32
 4.26009685846E+08 1.22499947794E+26 1.00118559720E+00 2.54125069110E+32
 4.28472784670E+08 1.23412186946E+26 1.00118797498E+00 2.55593895373E+32
 4.30950125933E+08 1.24331219409E+26 1.00119035670E+00 2.57071211355E+32
 4.33441791998E+08 1.25257095773E+26 1.00119274236E+00 2.58557066128E+32
 4.35947865707E+08 1.26189867001E+26 1.00119513198E+00 2.60051509043E+32
 4.38468430378E+08 1.27129584441E+26 1.00119752556E+00 2.61554589740E+32
 4.41003569814E+08 1.28076299818E+26 1.00119992311E+00 2.63066358146E+32
 4.43553368301E+08 1.29030065246E+26 1.00120232463E+00 2.64586864474E+32
 4.46117910613E+08 1.29990933226E+26 1.00120473013E+00 2.66116159229E+32
 4.48697282014E+08 1.30958956648E+26 1.00120713961E+00 2.67654293208E+32
 4.51291568261E+08 1.31934188799E+26 1.00120955309E+00 2.69201317500E+32
 4.53900855608E+08 1.32916683361E+26 1.00121197057E+00 2.70757283491E+32
 4.56525230807E+08 1.33906494415E+26 1.00121439206E+00 2.72322242864E+32
 4.59164781112E+08 1.34903676448E+26 1.00121681756E+00 2.73896247600E+32
 4.61819594281E+08 1.35908284349E+26 1.00121924708E+00 2.75479349980E+32
 4.64489758582E+08 1.36920373417E+26 1.00122168062E+00 2.77071602588E+32
 4.67175362791E+08 1.37939999365E+26 1.00122411820E+00 2.78673058312E+32
 4.69876496197E+08 1.38967218317E+26 1.00122655982E+00 2.80283770346E+32
 4.72593248609E+08 1.40002086819E+26 1.00122900549E+00 2.81903792189E+32
 4.75325710351E+08 1.41044661834E+26 1.00123145521E+00 2.83533177653E+32
 4.78073972273E+08 1.42095000753E+26 1.00123390898E+00 2.85171980858E+32
 4.80838125750E+08 1.43153161392E+26 1.00123636683E+00 2.86820256238E+32
 4.83618262682E+08 1.44219201998E+26 1.00123882875E+00 2.88478058542E+32
 4.86414475506E+08 1.45293181252E+26 1.00124129475E+00 2.90145442834E+32
 4.89226857189E+08 1.46375158272E+26 1.00124376484E+00 2.91822464499E+32
 4.92055501238E+08 1.47465192616E+26 1.00124623902E+00 2.93509179239E+32
 4.94900501700E+08 1.48563344286E+26 1.00124871730E+00 2.95205643080E+32
 4.97761953168E+08 1.49669673731E+26 1.00125119968E+00 2.96911912371E+32
 5.00639950778E+08 1.50784241849E+26 1.00125368619E+00 2.98628043787E+32
 5.03534590222E+08 1.51907109992E+26 1.00125617681E+00 3.00354094330E+32
 5.06445967739E+08 1.53038339969E+26 1.00125867156E+00 3.02090121332E+32
 5.09374180130E+08 1.54177994051E+26 1.00126117045E+00 3.03836182456E+32
 5.12319324754E+08 1.55326134969E+26 1.00126367347E+00 3.05592335699E+32
 5.15281499531E+08 1.56482825925E+26 1.00126618065E+00 3.07358639394E+32
 5.18260802952E+08 1.57648130588E+26 1.00126869198E+00 3.09135152208E+32
 5.21257334073E+08 1.58822113105E+26 1.00127120747E+00 3.10921933149E+32
 5.24271192526E+08 1.60004838097E+26 1.00127372714E+00 3.12719041568E+32
 5.27302478517E+08 1.61196370668E+26 1.00127625097E+00 3.14526537156E+32
 5.30351292835E+08 1.62396776409E+26 1.00127877899E+00 3.16344479949E+32
 5.33417736848E+08 1.63606121394E+26 1.00128131120E+00 3.18172930333E+32
 5.36501912514E+08 1.64824472195E+26 1.00128384761E+00 3.20011949041E+32
 5.39603922377E+08 1.66051895875E+26 1.00128638822E+00 3.21861597156E+32
 5.42723869576E+08 1.67288459999E+26 1.00128893304E+00 3.23721936117E+32
 5.45861857849E+08 1.68534232636E+26 1.00129148208E+00 3.25593027715E+32
 5.49017991529E+08 1.69789282358E+26 1.00129403535E+00 3.27474934099E+32
 5.52192375557E+08 1.71053678252E+26 1.00129659284E+00 3.29367717780E+32
 5.55385115478E+08 1.72327489916E+26 1.00129915458E+00 3.31271441626E+32
 5.58596317450E+08 1.73610787469E+26 1.00130172056E+00 3.33186168871E+32
 5.61826088242E+08 1.74903641551E+26 1.00130429079E+00 3.35111963115E+32
 5.65074535243E+08 1.76206123328E+26 1.00130686528E+00 3.37048888323E+32
 5.68341766463E+08 1.77518304496E+26 1.00130944404E+00 3.38997008832E+32
 5.71627890535E+08 1.78840257284E+26 1.00131202707E+00 3.40956389350E+32
 5.74933016723E+08 1.80172054461E+26 1.00131461439E+00 3.42927094959E+32
 5.78257254920E+08 1.81513769337E+26 1.00131720599E+00 3.44909191118E+32
 5.81600715657E+08 1.82865475766E+26 1.00131980189E+00 3.46902743662E+32
 5.84963510103E+08 1.84227248155E+26 1.00132240209E+00 3.48907818810E+32
 5.88345750071E+08 1.85599161463E+26 1.00132500659E+00 3.50924483161E+32
 5.91747548020E+08 1.86981291209E+26 1.00132761542E+00 3.52952803700E+32
 5.95169017061E+08 1.88373713472E+26 1.00133022857E+00 3.54992847799E+32
 5.98610270956E+08 1.89776504900E+26 1.00133284605E+00 3.57044683219E+32
 6.02071424129E+08 1.91189742709E+26 1.00133546787E+00 3.59108378113E+32
 6.05552591662E+08 1.92613504694E+26 1.00133809403E+00 3.61184001029E+32
 6.09053889307E+08 1.94047869225E+26 1.00134072455E+00 3.63271620909E+32
 6.12575433481E+08 1.95492915259E+26 1.00134335942E+00 3.65371307096E+32
 6.16117341278E+08 1.96948722338E+26 1.00134599866E+00 3.67483129332E+32
 6.19679730467E+08 1.98415370600E+26 1.00134864228E+00 3.69607157761E+32
 6.23262719500E+08 1.99892940776E+26 1.00135129028E+00 3.71743462936E+32
 6.26866427512E+08 2.01381514200E+26 1.00135394266E+00 3.73892115815E+32
 6.30490974329E+08 2.02881172813E+26 1.00135659945E+00 3.76053187767E+32
 6.34136480470E+08 2.04391999163E+26 1.00135926063E+00 3.78226750573E+32
 6.37803067150E+08 2.05914076416E+26 1.00136192623E+00 3.80412876430E+32
 6.41490856286E+08 2.07447488355E+26 1.00136459624E+00 3.82611637952E+32
 6.45199970499E+08 2.08992319388E+26 1.00136727068E+00 3.84823108171E+32
 6.48930533122E+08 2.10548654551E+26 1.00136994955E+00 3.87047360543E+32
 6.52682668198E+08 2.12116579514E+26 1.00137263286E+00 3.89284468948E+32
 6.56456500491E+08 2.13696180584E+26 1.00137532062E+00 3.91534507694E+32
 6.60252155483E+08 2.15287544712E+26 1.00137801283E+00 3.93797551516E+32
 6.64069759385E+08 2.16890759495E+26 1.00138070951E+00 3.96073675583E+32
 6.67909439136E+08 2.18505913184E+26 1.00138341065E+00 3.98362955498E+32
 6.71771322411E+08 2.20133094685E+26 1.00138611627E+00 4.00665467301E+32
 6.75655537621E+08 2.21772393568E+26 1.00138882638E+00 4.02981287472E+32
 6.79562213922E+08 2.23423900070E+26 1.00139154097E+00 4.05310492932E+32
 6.83491481217E+08 2.25087705099E+26 1.00139426007E+00 4.07653161047E+32
 6.87443470160E+08 2.26763900240E+26 1.00139698367E+00 4.10009369630E+32
 6.91418312160E+08 2.28452577760E+26 1.00139971179E+00 4.12379196944E+32
 6.95416139386E+08 2.30153830614E+26 1.00140244443E+00 4.14762721706E+32
 6.99437084774E+08 2.31867752449E+26 1.00140518159E+00 4.17160023084E+32
 7.03481282026E+08 2.33594437608E+26 1.00140792329E+00 4.19571180707E+32
 7.07548865619E+08 2.35333981139E+26 1.00141066954E+00 4.21996274664E+32
 7.11639970807E+08 2.37086478795E+26 1.00141342034E+00 4.24435385505E+32
 7.15754733628E+08 2.38852027044E+26 1.00141617570E+00 4.26888594247E+32
 7.19893290906E+08 2.40630723073E+26 1.00141893562E+00 4.29355982375E+32
 7.24055780254E+08 2.42422664790E+26 1.00142170012E+00 4.31837631844E+32
 7.28242340086E+08 2.44227950834E+26 1.00142446920E+00 4.34333625085E+32
 7.32453109612E+08 2.46046680579E+26 1.00142724286E+00 4.36844045004E+32
 7.36688228850E+08 2.47878954137E+26 1.00143002113E+00 4.39368974985E+32
 7.40947838628E+08 2.49724872368E+26 1.00143280400E+00 4.41908498897E+32
 7.45232080586E+08 2.51584536882E+26 1.00143559148E+00 4.44462701090E+32
 7.49541097186E+08 2.53458050044E+26 1.00143838358E+00 4.47031666405E+32
 7.53875031714E+08 2.55345514984E+26 1.00144118031E+00 4.49615480171E+32
 7.58234028283E+08 2.57247035600E+26 1.00144398168E+00 4.52214228212E+32
 7.62618231841E+08 2.59162716560E+26 1.00144678769E+00 4.54827996846E+32
 7.67027788174E+08 2.61092663315E+26 1.00144959834E+00 4.57456872891E+32
 7.71462843912E+08 2.63036982101E+26 1.00145241366E+00 4.60100943669E+32
 7.75923546532E+08 2.64995779944E+26 1.00145523364E+00 4.62760297002E+32
 7.80410044365E+08 2.66969164668E+26 1.00145805830E+00 4.65435021223E+32
 7.84922486599E+08 2.68957244898E+26 1.00146088764E+00 4.68125205175E+32
 7.89461023288E+08 2.70960130070E+26 1.00146372166E+00 4.70830938215E+32
 7.94025805350E+08 2.72977930435E+26 1.00146656039E+00 4.73552310214E+32
 7.98616984578E+08 2.75010757062E+26 1.00146940381E+00 4.76289411565E+32
 8.03234713643E+08 2.77058721852E+26 1.00147225195E+00 4.79042333183E+32
 8.07879146100E+08 2.79121937536E+26 1.00147510482E+00 4.81811166507E+32
 8.12550436390E+08 2.81200517684E+26 1.00147796240E+00 4.84596003507E+32
 8.17248739849E+08 2.83294576713E+26 1.00148082473E+00 4.87396936682E+32
 8.21974212711E+08 2.85404229893E+26 1.00148369180E+00 4.90214059068E+32
 8.26727012115E+08 2.87529593352E+26 1.00148656362E+00 4.93047464237E+32
 8.31507296108E+08 2.89670784080E+26 1.00148944020E+00 4.95897246302E+32
 8.36315223650E+08 2.91827919942E+26 1.00149232155E+00 4.98763499921E+32
 8.41150954623E+08 2.94001119678E+26 1.00149520767E+00 5.01646320298E+32
 8.46014649832E+08 2.96190502914E+26 1.00149809858E+00 5.04545803188E+32
 8.50906471014E+08 2.98396190166E+26 1.00150099427E+00 5.07462044900E+32
 8.55826580839E+08 3.00618302848E+26 1.00150389477E+00 5.10395142298E+32
 8.60775142920E+08 3.02856963277E+26 1.00150680007E+00 5.13345192806E+32
 8.65752321817E+08 3.05112294682E+26 1.00150971019E+00 5.16312294414E+32
 8.70758283040E+08 3.07384421209E+26 1.00151262514E+00 5.19296545674E+32
 8.75793193058E+08 3.09673467929E+26 1.00151554491E+00 5.22298045711E+32
 8.80857219301E+08 3.11979560845E+26 1.00151846952E+00 5.25316894223E+32
 8.85950530171E+08 3.14302826897E+26 1.00152139898E+00 5.28353191480E+32
 8.91073295040E+08 3.16643393970E+26 1.00152433329E+00 5.31407038338E+32
 8.96225684263E+08 3.19001390904E+26 1.00152727247E+00 5.34478536230E+32
 9.01407869179E+08 3.21376947494E+26 1.00153021652E+00 5.37567787179E+32
 9.06620022119E+08 3.23770194507E+26 1.00153316545E+00 5.40674893796E+32
 9.11862316410E+08 3.26181263679E+26 1.00153611926E+00 5.43799959286E+32
 9.17134926382E+08 3.28610287729E+26 1.00153907797E+00 5.46943087450E+32
 9.22438027373E+08 3.31057400366E+26 1.00154204159E+00 5.50104382689E+32
 9.27771795737E+08 3.33522736292E+26 1.00154501011E+00 5.53283950007E+32
 9.33136408847E+08 3.36006431213E+26 1.00154798356E+00 5.56481895017E+32
 9.38532045101E+08 3.38508621845E+26 1.00155096193E+00 5.59698323939E+32
 9.43958883931E+08 3.41029445925E+26 1.00155394524E+00 5.62933343610E+32
 9.49417105806E+08 3.43569042212E+26 1.00155693350E+00 5.66187061482E+32
 9.54906892239E+08 3.46127550500E+26 1.00155992671E+00 5.69459585631E+32
 9.60428425794E+08 3.48705111625E+26 1.00156292487E+00 5.72751024756E+32
 9.65981890088E+08 3.51301867469E+26 1.00156592801E+00 5.76061488183E+32
 9.71567469805E+08 3.53917960973E+26 1.00156893612E+00 5.79391085871E+32
 9.77185350693E+08 3.56553536142E+26 1.00157194922E+00 5.82739928417E+32
 9.82835719578E+08 3.59208738053E+26 1.00157496732E+00 5.86108127053E+32
 9.88518764364E+08 3.61883712863E+26 1.00157799041E+00 5.89495793657E+32
 9.94234674044E+08 3.64578607819E+26 1.00158101852E+00 5.92903040752E+32
 9.99983638703E+08 3.67293571262E+26 1.00158405164E+00 5.96329981512E+32
 1.00576584953E+09 3.70028752640E+26 1.00158708979E+00 5.99776729766E+32
 1.01158149880E+09 3.72784302513E+26 1.00159013298E+00 6.03243399998E+32
 1.01743077994E+09 3.75560372561E+26 1.00159318121E+00 6.06730107358E+32
 1.02331388746E+09 3.78357115597E+26 1.00159623449E+00 6.10236967658E+32
 1.02923101701E+09 3.81174685567E+26 1.00159929283E+00 6.13764097381E+32
 1.03518236537E+09 3.84013237568E+26 1.00160235624E+00 6.17311613683E+32
 1.04116813045E+09 3.86872927850E+26 1.00160542473E+00 6.20879634396E+32
 1.04718851132E+09 3.89753913826E+26 1.00160849830E+00 6.24468278036E+32
 1.05324370820E+09 3.92656354082E+26 1.00161157697E+00 6.28077663802E+32
 1.05933392245E+09 3.95580408386E+26 1.00161466074E+00 6.31707911580E+32
 1.06545935662E+09 3.98526237693E+26 1.00161774962E+00 6.35359141953E+32
 1.07162021441E+09 4.01494004159E+26 1.00162084362E+00 6.39031476199E+32
 1.07781670071E+09 4.04483871146E+26 1.00162394275E+00 6.42725036296E+32
 1.08404902160E+09 4.07496003235E+26 1.00162704701E+00 6.46439944929E+32
 1.09031738434E+09 4.10530566230E+26 1.00163015642E+00 6.50176325490E+32
 1.09662199739E+09 4.13587727171E+26 1.00163327099E+00 6.53934302087E+32
 1.10296307042E+09 4.16667654341E+26 1.00163639071E+00 6.57713999542E+32
 1.10934081433E+09 4.19770517277E+26 1.00163951560E+00 6.61515543401E+32
 1.11575544120E+09 4.22896486778E+26 1.00164264568E+00 6.65339059935E+32
 1.12220716438E+09 4.26045734916E+26 1.00164578094E+00 6.69184676144E+32
 1.12869619842E+09 4.29218435044E+26 1.00164892140E+00 6.73052519762E+32
 1.13522275913E+09 4.32414761804E+26 1.00165206706E+00 6.76942719264E+32
 1.14178706357E+09 4.35634891140E+26 1.00165521793E+00 6.80855403864E+32
 1.14838933005E+09 4.38879000308E+26 1.00165837403E+00 6.84790703525E+32
 1.15502977813E+09 4.42147267882E+26 1.00166153536E+00 6.88748748961E+32
 1.16170862866E+09 4.45439873764E+26 1.00166470193E+00 6.92729671640E+32
 1.16842610377E+09 4.48756999200E+26 1.00166787374E+00 6.96733603791E+32
 1.17518242686E+09 4.52098826783E+26 1.00167105082E+00 7.00760678408E+32
 1.18197782262E+09 4.55465540466E+26 1.00167423315E+00 7.04811029253E+32
 1.18881251705E+09 4.58857325572E+26 1.00167742077E+00 7.08884790860E+32
 1.19568673747E+09 4.62274368805E+26 1.00168061366E+00 7.12982098543E+32
 1.20260071249E+09 4.65716858257E+26 1.00168381185E+00 7.17103088396E+32
 1.20955467205E+09 4.69184983424E+26 1.00168701534E+00 7.21247897301E+32
 1.21654884743E+09 4.72678935210E+26 1.00169022413E+00 7.25416662930E+32
 1.22358347123E+09 4.76198905944E+26 1.00169343825E+00 7.29609523751E+32
 1.23065877743E+09 4.79745089383E+26 1.00169665769E+00 7.33826619033E+32
 1.23777500132E+09 4.83317680730E+26 1.00169988247E+00 7.38068088850E+32
 1.24493237958E+09 4.86916876641E+26 1.00170311259E+00 7.42334074084E+32
 1.25213115025E+09 4.90542875237E+26 1.00170634806E+00 7.46624716435E+32
 1.25937155275E+09 4.94195876113E+26 1.00170958890E+00 7.50940158417E+32
 1.26665382788E+09 4.97876080350E+26 1.00171283511E+00 7.55280543371E+32
 1.27397821784E+09 5.01583690529E+26 1.00171608670E+00 7.59646015466E+32
 1.28134496623E+09 5.05318910738E+26 1.00171934368E+00 7.64036719704E+32
 1.28875431805E+09 5.09081946583E+26 1.00172260605E+00 7.68452801925E+32
 1.29620651973E+09 5.12873005205E+26 1.00172587384E+00 7.72894408812E+32
 1.30370181912E+09 5.16692295285E+26 1.00172914704E+00 7.77361687896E+32
 1.31124046550E+09 5.20540027058E+26 1.00173242566E+00 7.81854787561E+32
 1.31882270960E+09 5.24416412326E+26 1.00173570972E+00 7.86373857047E+32
 1.32644880360E+09 5.28321664466E+26 1.00173899922E+00 7.90919046460E+32
 1.33411900113E+09 5.32255998446E+26 1.00174229417E+00 7.95490506769E+32
 1.34183355729E+09 5.36219630835E+26 1.00174559458E+00 8.00088389820E+32
 1.34959272867E+09 5.40212779813E+26 1.00174890046E+00 8.04712848335E+32
 1.35739677333E+09 5.44235665186E+26 1.00175221182E+00 8.09364035916E+32
 1.36524595082E+09 5.48288508397E+26 1.00175552867E+00 8.14042107057E+32
 1.37314052221E+09 5.52371532537E+26 1.00175885102E+00 8.18747217143E+32
 1.38108075006E+09 5.56484962359E+26 1.00176217887E+00 8.23479522458E+32
 1.38906689845E+09 5.60629024290E+26 1.00176551224E+00 8.28239180187E+32
 1.39709923301E+09 5.64803946443E+26 1.00176885113E+00 8.33026348427E+32
 1.40517802089E+09 5.69009958628E+26 1.00177219556E+00 8.37841186185E+32
 1.41330353078E+09 5.73247292370E+26 1.00177554553E+00 8.42683853391E+32
 1.42147603294E+09 5.77516180915E+26 1.00177890105E+00 8.47554510896E+32
 1.42969579919E+09 5.81816859248E+26 1.00178226213E+00 8.52453320482E+32
 1.43796310290E+09 5.86149564101E+26 1.00178562879E+00 8.57380444867E+32
 1.44627821905E+09 5.90514533972E+26 1.00178900102E+00 8.62336047709E+32
 1.45464142421E+09 5.94912009134E+26 1.00179237884E+00 8.67320293610E+32
 1.46305299653E+09 5.99342231649E+26 1.00179576226E+00 8.72333348127E+32
 1.47151321579E+09 6.03805445381E+26 1.00179915129E+00 8.77375377770E+32
 1.48002236337E+09 6.08301896011E+26 1.00180254593E+00 8.82446550015E+32
 1.48858072229E+09 6.12831831051E+26 1.00180594620E+00 8.87547033303E+32
 1.49718857720E+09 6.17395499852E+26 1.00180935211E+00 8.92676997051E+32
 1.50584621441E+09 6.21993153626E+26 1.00181276366E+00 8.97836611653E+32
 1.51455392187E+09 6.26625045453E+26 1.00181618086E+00 9.03026048490E+32
 1.52331198921E+09 6.31291430300E+26 1.00181960373E+00 9.08245479932E+32
 1.53212070773E+09 6.35992565031E+26 1.00182303227E+00 9.13495079347E+32
 1.54098037041E+09 6.40728708422E+26 1.00182646649E+00 9.18775021102E+32
 1.54989127193E+09 6.45500121180E+26 1.00182990641E+00 9.24085480575E+32
 1.55885370868E+09 6.50307065948E+26 1.00183335203E+00 9.29426634156E+32
 1.56786797876E+09 6.55149807330E+26 1.00183680335E+00 9.34798659255E+32
 1.57693438198E+09 6.60028611896E+26 1.00184026040E+00 9.40201734307E+32
 1.58605321992E+09 6.64943748205E+26 1.00184372317E+00 9.45636038779E+32
 1.59522479586E+09 6.69895486814E+26 1.00184719169E+00 9.51101753176E+32
 1.60444941488E+09 6.74884100294E+26 1.00185066595E+00 9.56599059044E+32
 1.61372738380E+09 6.79909863247E+26 1.00185414597E+00 9.62128138980E+32
 1.62305901121E+09 6.84973052320E+26 1.00185763176E+00 9.67689176636E+32
 1.63244460749E+09 6.90073946220E+26 1.00186112333E+00 9.73282356725E+32
 1.64188448484E+09 6.95212825729E+26 1.00186462068E+00 9.78907865030E+32
 1.65137895723E+09 7.00389973720E+26 1.00186812383E+00 9.84565888404E+32
 1.66092834046E+09 7.05605675173E+26 1.00187163279E+00 9.90256614783E+32
 1.67053295218E+09 7.10860217190E+26 1.00187514756E+00 9.95980233187E+32
 1.68019311183E+09 7.16153889012E+26 1.00187866815E+00 1.00173693373E+33
 1.68990914075E+09 7.21486982031E+26 1.00188219458E+00 1.00752690763E+33
 1.69968136211E+09 7.26859789813E+26 1.00188572686E+00 1.01335034719E+33
 1.70951010094E+09 7.32272608106E+26 1.00188926499E+00 1.01920744586E+33
 1.71939568418E+09 7.37725734863E+26 1.00189280898E+00 1.02509839817E+33
 1.72933844065E+09 7.43219470256E+26 1.00189635885E+00 1.03102339981E+33
 1.73933870106E+09 7.48754116691E+26 1.00189991460E+00 1.03698264756E+33
 1.74939679804E+09 7.54329978826E+26 1.00190347624E+00 1.04297633937E+33
 1.75951306616E+09 7.59947363590E+26 1.00190704379E+00 1.04900467434E+33
 1.76968784190E+09 7.65606580194E+26 1.00191061724E+00 1.05506785268E+33
 1.77992146372E+09 7.71307940154E+26 1.00191419663E+00 1.06116607580E+33
 1.79021427200E+09 7.77051757307E+26 1.00191778194E+00 1.06729954624E+33
 1.80056660911E+09 7.82838347823E+26 1.00192137319E+00 1.07346846775E+33
 1.81097881941E+09 7.88668030231E+26 1.00192497040E+00 1.07967304521E+33
 1.82145124923E+09 7.94541125429E+26 1.00192857357E+00 1.08591348473E+33
 1.83198424692E+09 8.00457956706E+26 1.00193218271E+00 1.09218999358E+33
 1.84257816283E+09 8.06418849758E+26 1.00193579783E+00 1.09850278024E+33
 1.85323334937E+09 8.12424132707E+26 1.00193941895E+00 1.10485205440E+33
 1.86395016095E+09 8.18474136118E+26 1.00194304606E+00 1.11123802694E+33
 1.87472895406E+09 8.24569193016E+26 1.00194667919E+00 1.11766090999E+33
 1.88557008722E+09 8.30709638910E+26 1.00195031834E+00 1.12412091688E+33
 1.89647392106E+09 8.36895811805E+26 1.00195396352E+00 1.13061826219E+33
 1.90744081828E+09 8.43128052222E+26 1.00195761474E+00 1.13715316172E+33
 1.91847114367E+09 8.49406703219E+26 1.00196127201E+00 1.14372583255E+33
 1.92956526416E+09 8.55732110411E+26 1.00196493534E+00 1.15033649299E+33
 1.94072354876E+09 8.62104621982E+26 1.00196860475E+00 1.15698536261E+33
 1.95194636865E+09 8.68524588712E+26 1.00197228023E+00 1.16367266226E+33
 1.96323409714E+09 8.74992363994E+26 1.00197596181E+00 1.17039861407E+33
 1.97458710972E+09 8.81508303850E+26 1.00197964949E+00 1.17716344144E+33
 1.98600578402E+09 8.88072766955E+26 1.00198334328E+00 1.18396736906E+33
 1.99749049989E+09 8.94686114654E+26 1.00198704319E+00 1.19081062295E+33
 2.00904163936E+09 9.01348710984E+26 1.00199074924E+00 1.19769343039E+33
 2.02065958666E+09 9.08060922692E+26 1.00199446143E+00 1.20461602001E+33
 2.03234472826E+09 9.14823119257E+26 1.00199817977E+00 1.21157862174E+33
 2.04409745286E+09 9.21635672908E+26 1.00200190427E+00 1.21858146686E+33
 2.05591815142E+09 9.28498958647E+26 1.00200563494E+00 1.22562478796E+33
 2.06780721714E+09 9.35413354269E+26 1.00200937180E+00 1.23270881899E+33
 2.07976504552E+09 9.42379240381E+26 1.00201311485E+00 1.23983379527E+33
 2.09179203433E+09 9.49397000427E+26 1.00201686410E+00 1.24699995344E+33
 2.10388858364E+09 9.56467020702E+26 1.00202061957E+00 1.25420753153E+33
 2.11605509586E+09 9.63589690382E+26 1.00202438127E+00 1.26145676895E+33
 2.12829197569E+09 9.70765401538E+26 1.00202814919E+00 1.26874790649E+33
 2.14059963021E+09 9.77994549164E+26 1.00203192336E+00 1.27608118633E+33
 2.15297846883E+09 9.85277531192E+26 1.00203570379E+00 1.28345685205E+33
 2.16542890333E+09 9.92614748520E+26 1.00203949048E+00 1.29087514863E+33
 2.17795134790E+09 1.00000660503E+27 1.00204328345E+00 1.29833632248E+33
 2.19054621908E+09 1.00745350761E+27 1.00204708270E+00 1.30584062143E+33
 2.20321393587E+09 1.01495586618E+27 1.00205088825E+00 1.31338829473E+33
 2.21595491966E+09 1.02251409372E+27 1.00205470011E+00 1.32097959309E+33
 2.22876959429E+09 1.03012860627E+27 1.00205851829E+00 1.32861476866E+33
 2.24165838605E+09 1.03779982298E+27 1.00206234279E+00 1.33629407504E+33
 2.25462172370E+09 1.04552816611E+27 1.00206617363E+00 1.34401776731E+33
 2.26766003848E+09 1.05331406109E+27 1.00207001082E+00 1.35178610202E+33
 2.28077376412E+09 1.06115793648E+27 1.00207385437E+00 1.35959933719E+33
 2.29396333687E+09 1.06906022406E+27 1.00207770429E+00 1.36745773235E+33
 2.30722919550E+09 1.07702135882E+27 1.00208156059E+00 1.37536154852E+33
 2.32057178131E+09 1.08504177898E+27 1.00208542329E+00 1.38331104823E+33
 2.33399153816E+09 1.09312192603E+27 1.00208929238E+00 1.39130649553E+33
 2.34748891249E+09 1.10126224476E+27 1.00209316789E+00 1.39934815599E+33
 2.36106435330E+09 1.10946318325E+27 1.00209704982E+00 1.40743629672E+33
 2.37471831220E+09 1.11772519292E+27 1.00210093818E+00 1.41557118638E+33
 2.38845124343E+09 1.12604872857E+27 1.00210483299E+00 1.42375309516E+33
 2.40226360383E+09 1.13443424836E+27 1.00210873425E+00 1.43198229484E+33
 2.41615585289E+09 1.14288221390E+27 1.00211264198E+00 1.44025905876E+33
 2.43012845278E+09 1.15139309019E+27 1.00211655618E+00 1.44858366183E+33
 2.44418186831E+09 1.15996734573E+27 1.00212047687E+00 1.45695638056E+33
 2.45831656701E+09 1.16860545250E+27 1.00212440406E+00 1.46537749306E+33
 2.47253301911E+09 1.17730788598E+27 1.00212833776E+00 1.47384727904E+33
 2.48683169754E+09 1.18607512521E+27 1.00213227798E+00 1.48236601982E+33
 2.50121307799E+09 1.19490765278E+27 1.00213622473E+00 1.49093399837E+33
 2.51567763889E+09 1.20380595489E+27 1.00214017802E+00 1.49955149927E+33
 2.53022586144E+09 1.21277052135E+27 1.00214413786E+00 1.50821880877E+33
 2.54485822963E+09 1.22180184562E+27 1.00214810426E+00 1.51693621475E+33
 2.55957523025E+09 1.23090042484E+27 1.00215207724E+00 1.52570400676E+33
 2.57437735290E+09 1.24006675985E+27 1.00215605680E+00 1.53452247603E+33
 2.58926509001E+09 1.24930135521E+27 1.00216004296E+00 1.54339191549E+33
 2.60423893689E+09 1.25860471925E+27 1.00216403573E+00 1.55231261972E+33
 2.61929939166E+09 1.26797736407E+27 1.00216803511E+00 1.56128488503E+33
 2.63444695539E+09 1.27741980561E+27 1.00217204112E+00 1.57030900946E+33
 2.64968213198E+09 1.28693256363E+27 1.00217605377E+00 1.57938529273E+33
 2.66500542831E+09 1.29651616176E+27 1.00218007307E+00 1.58851403632E+33
 2.68041735415E+09 1.30617112754E+27 1.00218409903E+00 1.59769554346E+33
 2.69591842223E+09 1.31589799243E+27 1.00218813166E+00 1.60693011910E+33
 2.71150914826E+09 1.32569729187E+27 1.00219217098E+00 1.61621806999E+33
 2.72719005091E+09 1.33556956524E+27 1.00219621699E+00 1.62555970463E+33
 2.74296165189E+09 1.34551535599E+27 1.00220026970E+00 1.63495533330E+33
 2.75882447588E+09 1.35553521159E+27 1.00220432914E+00 1.64440526809E+33
 2.77477905063E+09 1.36562968358E+27 1.00220839530E+00 1.65390982289E+33
 2.79082590694E+09 1.37579932763E+27 1.00221246820E+00 1.66346931339E+33
 2.80696557868E+09 1.38604470352E+27 1.00221654785E+00 1.67308405712E+33
 2.82319860279E+09 1.39636637523E+27 1.00222063426E+00 1.68275437344E+33
 2.83952551935E+09 1.40676491091E+27 1.00222472745E+00 1.69248058355E+33
 2.85594687154E+09 1.41724088296E+27 1.00222882742E+00 1.70226301052E+33
 2.87246320569E+09 1.42779486804E+27 1.00223293418E+00 1.71210197928E+33
 2.88907507129E+09 1.43842744710E+27 1.00223704775E+00 1.72199781664E+33
 2.90578302102E+09 1.44913920542E+27 1.00224116814E+00 1.73195085129E+33
 2.92258761076E+09 1.45993073263E+27 1.00224529535E+00 1.74196141382E+33
 2.93948939958E+09 1.47080262276E+27 1.00224942941E+00 1.75202983675E+33
 2.95648894981E+09 1.48175547426E+27 1.00225357032E+00 1.76215645451E+33
 2.97358682702E+09 1.49278989005E+27 1.00225771809E+00 1.77234160345E+33
 2.99078360008E+09 1.50390647751E+27 1.00226187273E+00 1.78258562189E+33
 3.00807984111E+09 1.51510584856E+27 1.00226603426E+00 1.79288885009E+33
 3.02547612558E+09 1.52638861969E+27 1.00227020269E+00 1.80325163027E+33
 3.04297303226E+09 1.53775541197E+27 1.00227437803E+00 1.81367430664E+33
 3.06057114329E+09 1.54920685108E+27 1.00227856028E+00 1.82415722539E+33
 3.07827104416E+09 1.56074356738E+27 1.00228274947E+00 1.83470073473E+33
 3.09607332378E+09 1.57236619591E+27 1.00228694560E+00 1.84530518487E+33
 3.11397857442E+09 1.58407537645E+27 1.00229114869E+00 1.85597092803E+33
 3.13198739183E+09 1.59587175355E+27 1.00229535874E+00 1.86669831849E+33
 3.15010037517E+09 1.60775597653E+27 1.00229957576E+00 1.87748771257E+33
 3.16831812707E+09 1.61972869958E+27 1.00230379978E+00 1.88833946863E+33
 3.18664125367E+09 1.63179058175E+27 1.00230803080E+00 1.89925394714E+33
 3.20507036461E+09 1.64394228698E+27 1.00231226883E+00 1.91023151061E+33
 3.22360607303E+09 1.65618448418E+27 1.00231651388E+00 1.92127252369E+33
 3.24224899567E+09 1.66851784723E+27 1.00232076597E+00 1.93237735310E+33
 3.26099975278E+09 1.68094305502E+27 1.00232502511E+00 1.94354636769E+33
 3.27985896825E+09 1.69346079152E+27 1.00232929131E+00 1.95477993846E+33
 3.29882726954E+09 1.70607174576E+27 1.00233356457E+00 1.96607843853E+33
 3.31790528779E+09 1.71877661193E+27 1.00233784492E+00 1.97744224319E+33
 3.33709365773E+09 1.73157608938E+27 1.00234213236E+00 1.98887172990E+33
 3.35639301782E+09 1.74447088266E+27 1.00234642691E+00 2.00036727830E+33
 3.37580401018E+09 1.75746170157E+27 1.00235072858E+00 2.01192927021E+33
 3.39532728066E+09 1.77054926121E+27 1.00235503737E+00 2.02355808967E+33
 3.41496347885E+09 1.78373428199E+27 1.00235935331E+00 2.03525412296E+33
 3.43471325809E+09 1.79701748968E+27 1.00236367640E+00 2.04701775855E+33
 3.45457727549E+09 1.81039961547E+27 1.00236800665E+00 2.05884938718E+33
 3.47455619200E+09 1.82388139599E+27 1.00237234408E+00 2.07074940185E+33
 3.49465067236E+09 1.83746357336E+27 1.00237668870E+00 2.08271819783E+33
 3.51486138518E+09 1.85114689521E+27 1.00238104052E+00 2.09475617266E+33
 3.53518900292E+09 1.86493211475E+27 1.00238539955E+00 2.10686372621E+33
 3.55563420194E+09 1.87881999080E+27 1.00238976581E+00 2.11904126061E+33
 3.57619766251E+09 1.89281128782E+27 1.00239413930E+00 2.13128918037E+33
 3.59688006886E+09 1.90690677599E+27 1.00239852004E+00 2.14360789231E+33
 3.61768210915E+09 1.92110723118E+27 1.00240290805E+00 2.15599780559E+33
 3.63860447553E+09 1.93541343509E+27 1.00240730332E+00 2.16845933176E+33
 3.65964786416E+09 1.94982617520E+27 1.00241170588E+00 2.18099288474E+33
 3.68081297524E+09 1.96434624487E+27 1.00241611573E+00 2.19359888083E+33
 3.70210051300E+09 1.97897444337E+27 1.00242053290E+00 2.20627773875E+33
 3.72351118575E+09 1.99371157592E+27 1.00242495738E+00 2.21902987964E+33
 3.74504570592E+09 2.00855845374E+27 1.00242938920E+00 2.23185572708E+33
 3.76670479005E+09 2.02351589408E+27 1.00243382836E+00 2.24475570707E+33
 3.78848915881E+09 2.03858472028E+27 1.00243827488E+00 2.25773024810E+33
 3.81039953706E+09 2.05376576183E+27 1.00244272877E+00 2.27077978113E+33
 3.83243665386E+09 2.06905985436E+27 1.00244719004E+00 2.28390473960E+33
 3.85460124248E+09 2.08446783976E+27 1.00245165870E+00 2.29710555948E+33
 3.87689404042E+09 2.09999056617E+27 1.00245613478E+00 2.31038267923E+33
 3.89931578947E+09 2.11562888805E+27 1.00246061826E+00 2.32373653986E+33
 3.92186723572E+09 2.13138366621E+27 1.00246510918E+00 2.33716758493E+33
 3.94454912953E+09 2.14725576790E+27 1.00246960755E+00 2.35067626057E+33
 3.96736222567E+09 2.16324606681E+27 1.00247411336E+00 2.36426301546E+33
 3.99030728322E+09 2.17935544312E+27 1.00247862665E+00 2.37792830091E+33
 4.01338506569E+09 2.19558478360E+27 1.00248314741E+00 2.39167257081E+33
 4.03659634099E+09 2.21193498160E+27 1.00248767567E+00 2.40549628170E+33
 4.05994188148E+09 2.22840693713E+27 1.00249221144E+00 2.41939989273E+33
 4.08342246399E+09 2.24500155689E+27 1.00249675472E+00 2.43338386572E+33
 4.10703886985E+09 2.26171975436E+27 1.00250130553E+00 2.44744866516E+33
 4.13079188490E+09 2.27856244979E+27 1.00250586388E+00 2.46159475821E+33
 4.15468229954E+09 2.29553057030E+27 1.00251042978E+00 2.47582261476E+33
 4.17871090875E+09 2.31262504992E+27 1.00251500326E+00 2.49013270739E+33
 4.20287851208E+09 2.32984682962E+27 1.00251958431E+00 2.50452551142E+33
 4.22718591375E+09 2.34719685740E+27 1.00252417296E+00 2.51900150491E+33
 4.25163392260E+09 2.36467608828E+27 1.00252876921E+00 2.53356116870E+33
 4.27622335217E+09 2.38228548444E+27 1.00253337308E+00 2.54820498639E+33
 4.30095502070E+09 2.40002601518E+27 1.00253798458E+00 2.56293344439E+33
 4.32582975117E+09 2.41789865706E+27 1.00254260372E+00 2.57774703191E+33
 4.35084837132E+09 2.43590439388E+27 1.00254723052E+00 2.59264624100E+33
 4.37601171368E+09 2.45404421679E+27 1.00255186498E+00 2.60763156654E+33
 4.40132061560E+09 2.47231912429E+27 1.00255650713E+00 2.62270350629E+33
 4.42677591929E+09 2.49073012236E+27 1.00256115697E+00 2.63786256085E+33
 4.45237847180E+09 2.50927822442E+27 1.00256581451E+00 2.65310923376E+33
 4.47812912512E+09 2.52796445149E+27 1.00257047978E+00 2.66844403144E+33
 4.50402873615E+09 2.54678983214E+27 1.00257515278E+00 2.68386746325E+33
 4.53007816675E+09 2.56575540265E+27 1.00257983352E+00 2.69938004148E+33
 4.55627828377E+09 2.58486220698E+27 1.00258452202E+00 2.71498228140E+33
 4.58262995909E+09 2.60411129688E+27 1.00258921829E+00 2.73067470125E+33
 4.60913406962E+09 2.62350373193E+27 1.00259392234E+00 2.74645782226E+33
 4.63579149735E+09 2.64304057960E+27 1.00259863419E+00 2.76233216867E+33
 4.66260312938E+09 2.66272291531E+27 1.00260335385E+00 2.77829826776E+33
 4.68956985793E+09 2.68255182249E+27 1.00260808133E+00 2.79435664986E+33
 4.71669258040E+09 2.70252839264E+27 1.00261281665E+00 2.81050784836E+33
 4.74397219938E+09 2.72265372537E+27 1.00261755981E+00 2.82675239973E+33
 4.77140962268E+09 2.74292892851E+27 1.00262231084E+00 2.84309084354E+33
 4.79900576337E+09 2.76335511811E+27 1.00262706974E+00 2.85952372249E+33
 4.82676153979E+09 2.78393341855E+27 1.00263183652E+00 2.87605158240E+33
 4.85467787561E+09 2.80466496258E+27 1.00263661121E+00 2.89267497227E+33
 4.88275569985E+09 2.82555089138E+27 1.00264139381E+00 2.90939444423E+33
 4.91099594689E+09 2.84659235463E+27 1.00264618433E+00 2.92621055365E+33
 4.93939955654E+09 2.86779051057E+27 1.00265098280E+00 2.94312385908E+33
 4.96796747402E+09 2.88914652606E+27 1.00265578922E+00 2.96013492231E+33
 4.99670065004E+09 2.91066157668E+27 1.00266060360E+00 2.97724430837E+33
 5.02560004082E+09 2.93233684672E+27 1.00266542596E+00 2.99445258556E+33
 5.05466660809E+09 2.95417352932E+27 1.00267025632E+00 3.01176032547E+33
 5.08390131918E+09 2.97617282650E+27 1.00267509468E+00 3.02916810298E+33
 5.11330514699E+09 2.99833594921E+27 1.00267994106E+00 3.04667649631E+33
 5.14287907006E+09 3.02066411745E+27 1.00268479547E+00 3.06428608700E+33
 5.17262407260E+09 3.04315856029E+27 1.00268965793E+00 3.08199745998E+33
 5.20254114450E+09 3.06582051594E+27 1.00269452845E+00 3.09981120353E+33
 5.23263128140E+09 3.08865123186E+27 1.00269940703E+00 3.11772790935E+33
 5.26289548469E+09 3.11165196477E+27 1.00270429371E+00 3.13574817256E+33
 5.29333476157E+09 3.13482398077E+27 1.00270918848E+00 3.15387259171E+33
 5.32395012505E+09 3.15816855537E+27 1.00271409136E+00 3.17210176881E+33
 5.35474259401E+09 3.18168697360E+27 1.00271900237E+00 3.19043630937E+33
 5.38571319324E+09 3.20538053004E+27 1.00272392152E+00 3.20887682237E+33
 5.41686295344E+09 3.22925052892E+27 1.00272884883E+00 3.22742392033E+33
 5.44819291130E+09 3.25329828418E+27 1.00273378430E+00 3.24607821930E+33
 5.47970410949E+09 3.27752511955E+27 1.00273872794E+00 3.26484033890E+33
 5.51139759672E+09 3.30193236861E+27 1.00274367979E+00 3.28371090232E+33
 5.54327442778E+09 3.32652137488E+27 1.00274863983E+00 3.30269053636E+33
 5.57533566356E+09 3.35129349187E+27 1.00275360810E+00 3.32177987145E+33
 5.60758237109E+09 3.37625008319E+27 1.00275858461E+00 3.34097954164E+33
 5.64001562357E+09 3.40139252258E+27 1.00276356936E+00 3.36029018467E+33
 5.67263650042E+09 3.42672219403E+27 1.00276856237E+00 3.37971244195E+33
 5.70544608730E+09 3.45224049184E+27 1.00277356366E+00 3.39924695860E+33
 5.73844547616E+09 3.47794882066E+27 1.00277857323E+00 3.41889438349E+33
 5.77163576528E+09 3.50384859564E+27 1.00278359111E+00 3.43865536920E+33
 5.80501805928E+09 3.52994124245E+27 1.00278861731E+00 3.45853057212E+33
 5.83859346917E+09 3.55622819738E+27 1.00279365183E+00 3.47852065240E+33
 5.87236311242E+09 3.58271090740E+27 1.00279869470E+00 3.49862627405E+33
 5.90632811294E+09 3.60939083028E+27 1.00280374593E+00 3.51884810487E+33
 5.94048960116E+09 3.63626943464E+27 1.00280880553E+00 3.53918681655E+33
 5.97484871404E+09 3.66334820002E+27 1.00281387351E+00 3.55964308465E+33
 6.00940659514E+09 3.69062861700E+27 1.00281894990E+00 3.58021758864E+33
 6.04416439462E+09 3.71811218724E+27 1.00282403469E+00 3.60091101192E+33
 6.07912326931E+09 3.74580042361E+27 1.00282912792E+00 3.62172404183E+33
 6.11428438274E+09 3.77369485021E+27 1.00283422958E+00 3.64265736969E+33
 6.14964890515E+09 3.80179700251E+27 1.00283933970E+00 3.66371169081E+33
 6.18521801359E+09 3.83010842742E+27 1.00284445829E+00 3.68488770453E+33
 6.22099289189E+09 3.85863068337E+27 1.00284958536E+00 3.70618611423E+33
 6.25697473076E+09 3.88736534037E+27 1.00285472093E+00 3.72760762734E+33
 6.29316472778E+09 3.91631398015E+27 1.00285986501E+00 3.74915295539E+33
 6.32956408747E+09 3.94547819621E+27 1.00286501762E+00 3.77082281403E+33
 6.36617402134E+09 3.97485959391E+27 1.00287017877E+00 3.79261792303E+33
 6.40299574788E+09 4.00445979057E+27 1.00287534847E+00 3.81453900633E+33
 6.44003049266E+09 4.03428041555E+27 1.00288052674E+00 3.83658679206E+33
 6.47727948832E+09 4.06432311036E+27 1.00288571359E+00 3.85876201255E+33
 6.51474397467E+09 4.09458952871E+27 1.00289090903E+00 3.88106540437E+33
 6.55242519867E+09 4.12508133664E+27 1.00289611309E+00 3.90349770832E+33
 6.59032441449E+09 4.15580021259E+27 1.00290132577E+00 3.92605966953E+33
 6.62844288359E+09 4.18674784751E+27 1.00290654710E+00 3.94875203739E+33
 6.66678187471E+09 4.21792594493E+27 1.00291177707E+00 3.97157556566E+33
 6.70534266394E+09 4.24933622108E+27 1.00291701571E+00 3.99453101242E+33
 6.74412653476E+09 4.28098040494E+27 1.00292226304E+00 4.01761914016E+33
 6.78313477808E+09 4.31286023840E+27 1.00292751906E+00 4.04084071577E+33
 6.82236869227E+09 4.34497747630E+27 1.00293278379E+00 4.06419651057E+33
 6.86182958323E+09 4.37733388657E+27 1.00293805725E+00 4.08768730033E+33
 6.90151876442E+09 4.40993125029E+27 1.00294333945E+00 4.11131386532E+33
 6.94143755689E+09 4.44277136179E+27 1.00294863040E+00 4.13507699031E+33
 6.98158728935E+09 4.47585602878E+27 1.00295393012E+00 4.15897746460E+33
 7.02196929819E+09 4.50918707244E+27 1.00295923863E+00 4.18301608207E+33
 7.06258492755E+09 4.54276632750E+27 1.00296455593E+00 4.20719364118E+33
 7.10343552934E+09 4.57659564235E+27 1.00296988205E+00 4.23151094500E+33
 7.14452246330E+09 4.61067687914E+27 1.00297521699E+00 4.25596880124E+33
 7.18584709704E+09 4.64501191391E+27 1.00298056077E+00 4.28056802228E+33
 7.22741080608E+09 4.67960263665E+27 1.00298591341E+00 4.30530942522E+33
 7.26921497393E+09 4.71445095143E+27 1.00299127492E+00 4.33019383184E+33
 7.31126099208E+09 4.74955877650E+27 1.00299664532E+00 4.35522206871E+33
 7.35355026007E+09 4.78492804440E+27 1.00300202462E+00 4.38039496714E+33
 7.39608418557E+09 4.82056070205E+27 1.00300741283E+00 4.40571336328E+33
 7.43886418439E+09 4.85645871087E+27 1.00301280998E+00 4.43117809809E+33
 7.48189168051E+09 4.89262404691E+27 1.00301821607E+00 4.45679001741E+33
 7.52516810619E+09 4.92905870090E+27 1.00302363112E+00 4.48254997194E+33
 7.56869490196E+09 4.96576467842E+27 1.00302905514E+00 4.50845881732E+33
 7.61247351670E+09 5.00274399997E+27 1.00303448815E+00 4.53451741413E+33
 7.65650540766E+09 5.03999870111E+27 1.00303993017E+00 4.56072662792E+33
 7.70079204055E+09 5.07753083255E+27 1.00304538120E+00 4.58708732925E+33
 7.74533488954E+09 5.11534246026E+27 1.00305084127E+00 4.61360039372E+33
 7.79013543736E+09 5.15343566563E+27 1.00305631039E+00 4.64026670195E+33
 7.83519517530E+09 5.19181254551E+27 1.00306178858E+00 4.66708713971E+33
 7.88051560329E+09 5.23047521238E+27 1.00306727584E+00 4.69406259784E+33
 7.92609822996E+09 5.26942579447E+27 1.00307277220E+00 4.72119397235E+33
 7.97194457264E+09 5.30866643584E+27 1.00307827766E+00 4.74848216443E+33
 8.01805615749E+09 5.34819929651E+27 1.00308379225E+00 4.77592808047E+33
 8.06443451945E+09 5.38802655259E+27 1.00308931598E+00 4.80353263211E+33
 8.11108120240E+09 5.42815039642E+27 1.00309484887E+00 4.83129673626E+33
 8.15799775912E+09 5.46857303662E+27 1.00310039092E+00 4.85922131510E+33
 8.20518575138E+09 5.50929669830E+27 1.00310594216E+00 4.88730729619E+33
 8.25264675003E+09 5.55032362312E+27 1.00311150261E+00 4.91555561240E+33
 8.30038233496E+09 5.59165606943E+27 1.00311707226E+00 4.94396720204E+33
 8.34839409525E+09 5.63329631242E+27 1.00312265115E+00 4.97254300880E+33
 8.39668362915E+09 5.67524664418E+27 1.00312823928E+00 5.00128398186E+33
 8.44525254419E+09 5.71750937392E+27 1.00313383667E+00 5.03019107585E+33
 8.49410245717E+09 5.76008682801E+27 1.00313944335E+00 5.05926525096E+33
 8.54323499430E+09 5.80298135016E+27 1.00314505931E+00 5.08850747290E+33
 8.59265179115E+09 5.84619530152E+27 1.00315068458E+00 5.11791871297E+33
 8.64235449279E+09 5.88973106085E+27 1.00315631917E+00 5.14749994807E+33
 8.69234475382E+09 5.93359102459E+27 1.00316196311E+00 5.17725216078E+33
 8.74262423840E+09 5.97777760705E+27 1.00316761639E+00 5.20717633934E+33
 8.79319462033E+09 6.02229324052E+27 1.00317327905E+00 5.23727347768E+33
 8.84405758310E+09 6.06714037538E+27 1.00317895109E+00 5.26754457552E+33
 8.89521481995E+09 6.11232148028E+27 1.00318463253E+00 5.29799063831E+33
 8.94666803392E+09 6.15783904224E+27 1.00319032339E+00 5.32861267736E+33
 8.99841893791E+09 6.20369556682E+27 1.00319602367E+00 5.35941170979E+33
 9.05046925474E+09 6.24989357821E+27 1.00320173341E+00 5.39038875861E+33
 9.10282071720E+09 6.29643561942E+27 1.00320745261E+00 5.42154485274E+33
 9.15547506812E+09 6.34332425238E+27 1.00321318129E+00 5.45288102706E+33
 9.20843406039E+09 6.39056205812E+27 1.00321891946E+00 5.48439832242E+33
 9.26169945709E+09 6.43815163688E+27 1.00322466714E+00 5.51609778568E+33
 9.31527303149E+09 6.48609560825E+27 1.00323042435E+00 5.54798046976E+33
 9.36915656711E+09 6.53439661135E+27 1.00323619110E+00 5.58004743366E+33
 9.42335185782E+09 6.58305730493E+27 1.00324196741E+00 5.61229974252E+33
 9.47786070787E+09 6.63208036757E+27 1.00324775329E+00 5.64473846762E+33
 9.53268493194E+09 6.68146849777E+27 1.00325354875E+00 5.67736468642E+33
 9.58782635524E+09 6.73122441413E+27 1.00325935383E+00 5.71017948263E+33
 9.64328681352E+09 6.78135085551E+27 1.00326516852E+00 5.74318394621E+33
 9.69906815318E+09 6.83185058115E+27 1.00327099286E+00 5.77637917343E+33
 9.75517223131E+09 6.88272637084E+27 1.00327682684E+00 5.80976626689E+33
 9.81160091574E+09 6.93398102508E+27 1.00328267050E+00 5.84334633557E+33
 9.86835608511E+09 6.98561736521E+27 1.00328852384E+00 5.87712049485E+33
 9.92543962896E+09 7.03763823360E+27 1.00329438688E+00 5.91108986655E+33
 9.98285344774E+09 7.09004649377E+27 1.00330025963E+00 5.94525557900E+33
 1.00405994529E+10 7.14284503057E+27 1.00330614212E+00 5.97961876703E+33
 1.00986795671E+10 7.19603675033E+27 1.00331203436E+00 6.01418057204E+33
 1.01570957238E+10 7.24962458103E+27 1.00331793637E+00 6.04894214202E+33
 1.02158498680E+10 7.30361147245E+27 1.00332384816E+00 6.08390463159E+33
 1.02749439558E+10 7.35800039634E+27 1.00332976974E+00 6.11906920207E+33
 1.03343799546E+10 7.41279434657E+27 1.00333570114E+00 6.15443702147E+33
 1.03941598433E+10 7.46799633931E+27 1.00334164237E+00 6.19000926454E+33
 1.04542856122E+10 7.52360941320E+27 1.00334759344E+00 6.22578711285E+33
 1.05147592631E+10 7.57963662949E+27 1.00335355438E+00 6.26177175478E+33
 1.05755828093E+10 7.63608107226E+27 1.00335952520E+00 6.29796438559E+33
 1.06367582760E+10 7.69294584851E+27 1.00336550591E+00 6.33436620743E+33
 1.06982877000E+10 7.75023408842E+27 1.00337149654E+00 6.37097842942E+33
 1.07601731298E+10 7.80794894545E+27 1.00337749709E+00 6.40780226765E+33
 1.08224166259E+10 7.86609359656E+27 1.00338350759E+00 6.44483894526E+33
 1.08850202606E+10 7.92467124236E+27 1.00338952805E+00 6.48208969244E+33
 1.09479861184E+10 7.98368510730E+27 1.00339555849E+00 6.51955574651E+33
 1.10113162956E+10 8.04313843984E+27 1.00340159892E+00 6.55723835191E+33
 1.10750129009E+10 8.10303451263E+27 1.00340764937E+00 6.59513876030E+33
 1.11390780550E+10 8.16337662270E+27 1.00341370984E+00 6.63325823057E+33
 1.12035138910E+10 8.22416809161E+27 1.00341978036E+00 6.67159802889E+33
 1.12683225543E+10 8.28541226568E+27 1.00342586093E+00 6.71015942873E+33
 1.13335062028E+10 8.34711251614E+27 1.00343195159E+00 6.74894371094E+33
 1.13990670068E+10 8.40927223931E+27 1.00343805233E+00 6.78795216375E+33
 1.14650071491E+10 8.47189485683E+27 1.00344416319E+00 6.82718608288E+33
 1.15313288254E+10 8.53498381581E+27 1.00345028418E+00 6.86664677148E+33
 1.15980342439E+10 8.59854258901E+27 1.00345641531E+00 6.90633554028E+33
 1.16651256256E+10 8.66257467507E+27 1.00346255661E+00 6.94625370757E+33
 1.17326052044E+10 8.72708359870E+27 1.00346870808E+00 6.98640259925E+33
 1.18004752272E+10 8.79207291082E+27 1.00347486975E+00 7.02678354890E+33
 1.18687379537E+10 8.85754618882E+27 1.00348104162E+00 7.06739789779E+33
 1.19373956570E+10 8.92350703672E+27 1.00348722373E+00 7.10824699497E+33
 1.20064506231E+10 8.98995908539E+27 1.00349341608E+00 7.14933219724E+33
 1.20759051513E+10 9.05690599272E+27 1.00349961870E+00 7.19065486930E+33
 1.21457615543E+10 9.12435144386E+27 1.00350583160E+00 7.23221638370E+33
 1.22160221580E+10 9.19229915138E+27 1.00351205479E+00 7.27401812093E+33
 1.22866893021E+10 9.26075285552E+27 1.00351828830E+00 7.31606146946E+33
 1.23577653394E+10 9.32971632436E+27 1.00352453213E+00 7.35834782579E+33
 1.24292526368E+10 9.39919335404E+27 1.00353078632E+00 7.40087859450E+33
 1.25011535746E+10 9.46918776897E+27 1.00353705087E+00 7.44365518827E+33
 1.25734705468E+10 9.53970342205E+27 1.00354332581E+00 7.48667902794E+33
 1.26462059616E+10 9.61074419486E+27 1.00354961114E+00 7.52995154260E+33
 1.27193622409E+10 9.68231399789E+27 1.00355590689E+00 7.57347416955E+33
 1.27929418207E+10 9.75441677076E+27 1.00356221307E+00 7.61724835444E+33
 1.28669471511E+10 9.82705648240E+27 1.00356852971E+00 7.66127555126E+33
 1.29413806963E+10 9.90023713132E+27 1.00357485682E+00 7.70555722238E+33
 1.30162449349E+10 9.97396274581E+27 1.00358119441E+00 7.75009483867E+33
 1.30915423598E+10 1.00482373841E+28 1.00358754250E+00 7.79488987947E+33
 1.31672754783E+10 1.01230651348E+28 1.00359390112E+00 7.83994383267E+33
 1.32434468123E+10 1.01984501168E+28 1.00360027027E+00 7.88525819476E+33
 1.33200588983E+10 1.02743964796E+28 1.00360664998E+00 7.93083447091E+33
 1.33971142873E+10 1.03509084039E+28 1.00361304026E+00 7.97667417494E+33
 1.34746155452E+10 1.04279901013E+28 1.00361944114E+00 8.02277882947E+33
 1.35525652530E+10 1.05056458148E+28 1.00362585262E+00 8.06914996588E+33
 1.36309660062E+10 1.05838798190E+28 1.00363227473E+00 8.11578912442E+33
 1.37098204156E+10 1.06626964204E+28 1.00363870748E+00 8.16269785425E+33
 1.37891311071E+10 1.07420999574E+28 1.00364515089E+00 8.20987771346E+33
 1.38689007218E+10 1.08220948009E+28 1.00365160499E+00 8.25733026917E+33
 1.39491319159E+10 1.09026853543E+28 1.00365806978E+00 8.30505709755E+33
 1.40298273613E+10 1.09838760538E+28 1.00366454528E+00 8.35305978387E+33
 1.41109897452E+10 1.10656713685E+28 1.00367103151E+00 8.40133992257E+33
 1.41926217704E+10 1.11480758008E+28 1.00367752850E+00 8.44989911732E+33
 1.42747261552E+10 1.12310938870E+28 1.00368403625E+00 8.49873898103E+33
 1.43573056339E+10 1.13147301966E+28 1.00369055479E+00 8.54786113595E+33
 1.44403629564E+10 1.13989893336E+28 1.00369708413E+00 8.59726721372E+33
 1.45239008887E+10 1.14838759360E+28 1.00370362430E+00 8.64695885538E+33
 1.46079222127E+10 1.15693946765E+28 1.00371017530E+00 8.69693771148E+33
 1.46924297265E+10 1.16555502625E+28 1.00371673716E+00 8.74720544209E+33
 1.47774262443E+10 1.17423474365E+28 1.00372330989E+00 8.79776371690E+33
 1.48629145966E+10 1.18297909764E+28 1.00372989352E+00 8.84861421522E+33
 1.49488976305E+10 1.19178856955E+28 1.00373648806E+00 8.89975862610E+33
 1.50353782094E+10 1.20066364430E+28 1.00374309353E+00 8.95119864832E+33
 1.51223592132E+10 1.20960481044E+28 1.00374970995E+00 9.00293599050E+33
 1.52098435387E+10 1.21861256013E+28 1.00375633733E+00 9.05497237113E+33
 1.52978340993E+10 1.22768738921E+28 1.00376297570E+00 9.10730951864E+33
 1.53863338253E+10 1.23682979721E+28 1.00376962506E+00 9.15994917143E+33
 1.54753456641E+10 1.24604028738E+28 1.00377628545E+00 9.21289307797E+33
 1.55648725801E+10 1.25531936673E+28 1.00378295688E+00 9.26614299682E+33
 1.56549175547E+10 1.26466754601E+28 1.00378963936E+00 9.31970069672E+33
 1.57454835868E+10 1.27408533982E+28 1.00379633292E+00 9.37356795662E+33
 1.58365736925E+10 1.28357326656E+28 1.00380303757E+00 9.42774656575E+33
 1.59281909056E+10 1.29313184850E+28 1.00380975334E+00 9.48223832370E+33
 1.60203382771E+10 1.30276161179E+28 1.00381648023E+00 9.53704504044E+33
 1.61130188760E+10 1.31246308652E+28 1.00382321827E+00 9.59216853642E+33
 1.62062357889E+10 1.32223680672E+28 1.00382996748E+00 9.64761064259E+33
 1.62999921203E+10 1.33208331037E+28 1.00383672788E+00 9.70337320051E+33
 1.63942909928E+10 1.34200313949E+28 1.00384349948E+00 9.75945806236E+33
 1.64891355469E+10 1.35199684012E+28 1.00385028230E+00 9.81586709104E+33
 1.65845289415E+10 1.36206496238E+28 1.00385707637E+00 9.87260216022E+33
 1.66804743534E+10 1.37220806047E+28 1.00386388169E+00 9.92966515438E+33
 1.67769749784E+10 1.38242669272E+28 1.00387069830E+00 9.98705796891E+33
 1.68740340302E+10 1.39272142163E+28 1.00387752620E+00 1.00447825101E+34
 1.69716547415E+10 1.40309281388E+28 1.00388436542E+00 1.01028406955E+34
 1.70698403636E+10 1.41354144036E+28 1.00389121597E+00 1.01612344533E+34
 1.71685941666E+10 1.42406787624E+28 1.00389807787E+00 1.02199657232E+34
 1.72679194396E+10 1.43467270093E+28 1.00390495115E+00 1.02790364560E+34
 1.73678194907E+10 1.44535649821E+28 1.00391183582E+00 1.03384486138E+34
 1.74682976472E+10 1.45611985615E+28 1.00391873190E+00 1.03982041700E+34
 1.75693572556E+10 1.46696336725E+28 1.00392563941E+00 1.04583051093E+34
 1.76710016819E+10 1.47788762838E+28 1.00393255837E+00 1.05187534282E+34
 1.77732343115E+10 1.48889324088E+28 1.00393948879E+00 1.05795511344E+34
 1.78760585494E+10 1.49998081056E+28 1.00394643070E+00 1.06407002473E+34
 1.79794778204E+10 1.51115094776E+28 1.00395338412E+00 1.07022027981E+34
 1.80834955690E+10 1.52240426732E+28 1.00396034906E+00 1.07640608297E+34
 1.81881152597E+10 1.53374138871E+28 1.00396732554E+00 1.08262763966E+34
 1.82933403773E+10 1.54516293597E+28 1.00397431358E+00 1.08888515654E+34
 1.83991744263E+10 1.55666953783E+28 1.00398131321E+00 1.09517884146E+34
 1.85056209320E+10 1.56826182766E+28 1.00398832444E+00 1.10150890346E+34
 1.86126834398E+10 1.57994044357E+28 1.00399534728E+00 1.10787555281E+34
 1.87203655158E+10 1.59170602843E+28 1.00400238177E+00 1.11427900098E+34
 1.88286707465E+10 1.60355922987E+28 1.00400942792E+00 1.12071946066E+34
 1.89376027395E+10 1.61550070036E+28 1.00401648574E+00 1.12719714577E+34
 1.90471651232E+10 1.62753109724E+28 1.00402355526E+00 1.13371227148E+34
 1.91573615467E+10 1.63965108272E+28 1.00403063650E+00 1.14026505419E+34
 1.92681956807E+10 1.65186132395E+28 1.00403772947E+00 1.14685571155E+34
 1.93796712170E+10 1.66416249305E+28 1.00404483420E+00 1.15348446248E+34
 1.94917918685E+10 1.67655526716E+28 1.00405195070E+00 1.16015152716E+34
 1.96045613701E+10 1.68904032845E+28 1.00405907900E+00 1.16685712704E+34
 1.97179834778E+10 1.70161836415E+28 1.00406621911E+00 1.17360148484E+34
 1.98320619699E+10 1.71429006664E+28 1.00407337106E+00 1.18038482459E+34
 1.99468006461E+10 1.72705613344E+28 1.00408053485E+00 1.18720737160E+34
 2.00622033283E+10 1.73991726727E+28 1.00408771052E+00 1.19406935249E+34
 2.01782738607E+10 1.75287417608E+28 1.00409489809E+00 1.20097099518E+34
 2.02950161096E+10 1.76592757309E+28 1.00410209756E+00 1.20791252890E+34
 2.04124339636E+10 1.77907817683E+28 1.00410930897E+00 1.21489418424E+34
 2.05305313339E+10 1.79232671119E+28 1.00411653233E+00 1.22191619309E+34
 2.06493121545E+10 1.80567390544E+28 1.00412376766E+00 1.22897878869E+34
 2.07687803821E+10 1.81912049430E+28 1.00413101499E+00 1.23608220564E+34
 2.08889399961E+10 1.83266721792E+28 1.00413827432E+00 1.24322667986E+34
 2.10097949993E+10 1.84631482202E+28 1.00414554569E+00 1.25041244868E+34
 2.11313494174E+10 1.86006405782E+28 1.00415282910E+00 1.25763975077E+34
 2.12536072996E+10 1.87391568216E+28 1.00416012459E+00 1.26490882620E+34
 2.13765727185E+10 1.88787045752E+28 1.00416743217E+00 1.27221991641E+34
 2.15002497702E+10 1.90192915204E+28 1.00417475186E+00 1.27957326424E+34
 2.16246425746E+10 1.91609253961E+28 1.00418208368E+00 1.28696911393E+34
 2.17497552756E+10 1.93036139984E+28 1.00418942765E+00 1.29440771116E+34
 2.18755920408E+10 1.94473651818E+28 1.00419678380E+00 1.30188930299E+34
 2.20021570622E+10 1.95921868592E+28 1.00420415213E+00 1.30941413793E+34
 2.21294545560E+10 1.97380870025E+28 1.00421153268E+00 1.31698246592E+34
 2.22574887627E+10 1.98850736427E+28 1.00421892546E+00 1.32459453836E+34
 2.23862639475E+10 2.00331548708E+28 1.00422633049E+00 1.33225060807E+34
 2.25157844004E+10 2.01823388382E+28 1.00423374779E+00 1.33995092937E+34
 2.26460544359E+10 2.03326337566E+28 1.00424117739E+00 1.34769575802E+34
 2.27770783938E+10 2.04840478994E+28 1.00424861930E+00 1.35548535127E+34
 2.29088606391E+10 2.06365896010E+28 1.00425607354E+00 1.36331996786E+34
 2.30414055617E+10 2.07902672583E+28 1.00426354014E+00 1.37119986803E+34
 2.31747175773E+10 2.09450893306E+28 1.00427101912E+00 1.37912531349E+34
 2.33088011269E+10 2.11010643402E+28 1.00427851048E+00 1.38709656752E+34
 2.34436606775E+10 2.12582008728E+28 1.00428601427E+00 1.39511389487E+34
 2.35793007218E+10 2.14165075781E+28 1.00429353049E+00 1.40317756185E+34
 2.37157257786E+10 2.15759931703E+28 1.00430105917E+00 1.41128783630E+34
 2.38529403927E+10 2.17366664283E+28 1.00430860032E+00 1.41944498760E+34
 2.39909491354E+10 2.18985361964E+28 1.00431615398E+00 1.42764928670E+34
 2.41297566045E+10 2.20616113851E+28 1.00432372015E+00 1.43590100611E+34
 2.42693674243E+10 2.22259009707E+28 1.00433129886E+00 1.44420041993E+34
 2.44097862459E+10 2.23914139968E+28 1.00433889013E+00 1.45254780381E+34
 2.45510177476E+10 2.25581595741E+28 1.00434649399E+00 1.46094343502E+34
 2.46930666344E+10 2.27261468813E+28 1.00435411044E+00 1.46938759243E+34
 2.48359376388E+10 2.28953851654E+28 1.00436173952E+00 1.47788055652E+34
 2.49796355207E+10 2.30658837421E+28 1.00436938124E+00 1.48642260938E+34
 2.51241650676E+10 2.32376519967E+28 1.00437703563E+00 1.49501403475E+34
 2.52695310944E+10 2.34106993844E+28 1.00438470270E+00 1.50365511800E+34
 2.54157384445E+10 2.35850354306E+28 1.00439238249E+00 1.51234614614E+34
 2.55627919887E+10 2.37606697317E+28 1.00440007499E+00 1.52108740786E+34
 2.57106966265E+10 2.39376119558E+28 1.00440778025E+00 1.52987919350E+34
 2.58594572856E+10 2.41158718426E+28 1.00441549828E+00 1.53872179508E+34
 2.60090789222E+10 2.42954592047E+28 1.00442322910E+00 1.54761550632E+34
 2.61595665214E+10 2.44763839276E+28 1.00443097273E+00 1.55656062263E+34
 2.63109250968E+10 2.46586559703E+28 1.00443872920E+00 1.56555744113E+34
 2.64631596914E+10 2.48422853662E+28 1.00444649852E+00 1.57460626064E+34
 2.66162753774E+10 2.50272822233E+28 1.00445428072E+00 1.58370738175E+34
 2.67702772561E+10 2.52136567249E+28 1.00446207581E+00 1.59286110673E+34
 2.69251704587E+10 2.54014191301E+28 1.00446988383E+00 1.60206773965E+34
 2.70809601458E+10 2.55905797743E+28 1.00447770478E+00 1.61132758630E+34
 2.72376515082E+10 2.57811490702E+28 1.00448553870E+00 1.62064095426E+34
 2.73952497664E+10 2.59731375077E+28 1.00449338560E+00 1.63000815288E+34
 2.75537601716E+10 2.61665556549E+28 1.00450124550E+00 1.63942949329E+34
 2.77131880050E+10 2.63614141587E+28 1.00450911843E+00 1.64890528844E+34
 2.78735385787E+10 2.65577237452E+28 1.00451700441E+00 1.65843585306E+34
 2.80348172353E+10 2.67554952204E+28 1.00452490346E+00 1.66802150372E+34
 2.81970293486E+10 2.69547394708E+28 1.00453281560E+00 1.67766255881E+34
 2.83601803234E+10 2.71554674639E+28 1.00454074086E+00 1.68735933857E+34
 2.85242755959E+10 2.73576902490E+28 1.00454867925E+00 1.69711216508E+34
 2.86893206336E+10 2.75614189575E+28 1.00455663079E+00 1.70692136229E+34
 2.88553209359E+10 2.77666648038E+28 1.00456459552E+00 1.71678725601E+34
 2.90222820340E+10 2.79734390859E+28 1.00457257344E+00 1.72671017396E+34
 2.91902094909E+10 2.81817531857E+28 1.00458056459E+00 1.73669044573E+34
 2.93591089023E+10 2.83916185701E+28 1.00458856898E+00 1.74672840281E+34
 2.95289858958E+10 2.86030467912E+28 1.00459658663E+00 1.75682437862E+34
 2.96998461320E+10 2.88160494873E+28 1.00460461758E+00 1.76697870852E+34
 2.98716953041E+10 2.90306383832E+28 1.00461266183E+00 1.77719172977E+34
 3.00445391383E+10 2.92468252912E+28 1.00462071942E+00 1.78746378163E+34
 3.02183833940E+10 2.94646221114E+28 1.00462879036E+00 1.79779520526E+34
 3.03932338640E+10 2.96840408326E+28 1.00463687468E+00 1.80818634386E+34
 3.05690963746E+10 2.99050935328E+28 1.00464497239E+00 1.81863754255E+34
 3.07459767859E+10 3.01277923801E+28 1.00465308353E+00 1.82914914848E+34
 3.09238809919E+10 3.03521496331E+28 1.00466120811E+00 1.83972151081E+34
 3.11028149208E+10 3.05781776416E+28 1.00466934615E+00 1.85035498070E+34
 3.12827845351E+10 3.08058888476E+28 1.00467749768E+00 1.86104991136E+34
 3.14637958318E+10 3.10352957855E+28 1.00468566272E+00 1.87180665801E+34
 3.16458548428E+10 3.12664110833E+28 1.00469384130E+00 1.88262557795E+34
 3.18289676347E+10 3.14992474628E+28 1.00470203343E+00 1.89350703054E+34
 3.20131403096E+10 3.17338177407E+28 1.00471023913E+00 1.90445137722E+34
 3.21983790046E+10 3.19701348290E+28 1.00471845844E+00 1.91545898150E+34
 3.23846898926E+10 3.22082117361E+28 1.00472669136E+00 1.92653020901E+34
 3.25720791820E+10 3.24480615670E+28 1.00473493794E+00 1.93766542750E+34
 3.27605531175E+10 3.26896975244E+28 1.00474319818E+00 1.94886500682E+34
 3.29501179797E+10 3.29331329094E+28 1.00475147211E+00 1.96012931897E+34
 3.31407800858E+10 3.31783811220E+28 1.00475975975E+00 1.97145873811E+34
 3.33325457895E+10 3.34254556621E+28 1.00476806113E+00 1.98285364055E+34
 3.35254214812E+10 3.36743701301E+28 1.00477637626E+00 1.99431440478E+34
 3.37194135885E+10 3.39251382276E+28 1.00478470518E+00 2.00584141148E+34
 3.39145285762E+10 3.41777737583E+28 1.00479304790E+00 2.01743504352E+34
 3.41107729465E+10 3.44322906289E+28 1.00480140445E+00 2.02909568600E+34
 3.43081532393E+10 3.46887028492E+28 1.00480977484E+00 2.04082372623E+34
 3.45066760324E+10 3.49470245338E+28 1.00481815911E+00 2.05261955376E+34
 3.47063479417E+10 3.52072699020E+28 1.00482655728E+00 2.06448356040E+34
 3.49071756214E+10 3.54694532794E+28 1.00483496936E+00 2.07641614023E+34
 3.51091657643E+10 3.57335890980E+28 1.00484339539E+00 2.08841768958E+34
 3.53123251021E+10 3.59996918973E+28 1.00485183538E+00 2.10048860711E+34
 3.55166604051E+10 3.62677763251E+28 1.00486028936E+00 2.11262929374E+34
 3.57221784833E+10 3.65378571383E+28 1.00486875734E+00 2.12484015275E+34
 3.59288861859E+10 3.68099492038E+28 1.00487723937E+00 2.13712158973E+34
 3.61367904019E+10 3.70840674989E+28 1.00488573545E+00 2.14947401261E+34
 3.63458980600E+10 3.73602271129E+28 1.00489424561E+00 2.16189783168E+34
 3.65562161292E+10 3.76384432470E+28 1.00490276988E+00 2.17439345962E+34
 3.67677516190E+10 3.79187312158E+28 1.00491130827E+00 2.18696131146E+34
 3.69805115794E+10 3.82011064481E+28 1.00491986082E+00 2.19960180467E+34
 3.71945031011E+10 3.84855844873E+28 1.00492842754E+00 2.21231535910E+34
 3.74097333160E+10 3.87721809928E+28 1.00493700845E+00 2.22510239705E+34
 3.76262093975E+10 3.90609117404E+28 1.00494560359E+00 2.23796334323E+34
 3.78439385603E+10 3.93517926236E+28 1.00495421298E+00 2.25089862484E+34
 3.80629280610E+10 3.96448396541E+28 1.00496283663E+00 2.26390867153E+34
 3.82831851983E+10 3.99400689629E+28 1.00497147457E+00 2.27699391545E+34
 3.85047173131E+10 4.02374968010E+28 1.00498012684E+00 2.29015479121E+34
 3.87275317890E+10 4.05371395406E+28 1.00498879344E+00 2.30339173597E+34
 3.89516360520E+10 4.08390136758E+28 1.00499747440E+00 2.31670518941E+34
 3.91770375717E+10 4.11431358234E+28 1.00500616975E+00 2.33009559374E+34
 3.94037438604E+10 4.14495227241E+28 1.00501487951E+00 2.34356339373E+34
 3.96317624744E+10 4.17581912431E+28 1.00502360371E+00 2.35710903672E+34
 3.98611010134E+10 4.20691583713E+28 1.00503234237E+00 2.37073297264E+34
 4.00917671215E+10 4.23824412261E+28 1.00504109551E+00 2.38443565402E+34
 4.03237684868E+10 4.26980570525E+28 1.00504986315E+00 2.39821753600E+34
 4.05571128421E+10 4.30160232236E+28 1.00505864533E+00 2.41207907635E+34
 4.07918079649E+10 4.33363572421E+28 1.00506744206E+00 2.42602073550E+34
 4.10278616779E+10 4.36590767411E+28 1.00507625338E+00 2.44004297653E+34
 4.12652818490E+10 4.39841994850E+28 1.00508507929E+00 2.45414626519E+34
 4.15040763919E+10 4.43117433702E+28 1.00509391983E+00 2.46833106994E+34
 4.17442532658E+10 4.46417264268E+28 1.00510277503E+00 2.48259786193E+34
 4.19858204764E+10 4.49741668187E+28 1.00511164490E+00 2.49694711505E+34
 4.22287860755E+10 4.53090828456E+28 1.00512052947E+00 2.51137930590E+34
 4.24731581617E+10 4.56464929430E+28 1.00512942877E+00 2.52589491388E+34
 4.27189448806E+10 4.59864156839E+28 1.00513834281E+00 2.54049442112E+34
 4.29661544248E+10 4.63288697796E+28 1.00514727163E+00 2.55517831256E+34
 4.32147950344E+10 4.66738740808E+28 1.00515621524E+00 2.56994707593E+34
 4.34648749976E+10 4.70214475784E+28 1.00516517368E+00 2.58480120178E+34
 4.37164026500E+10 4.73716094049E+28 1.00517414697E+00 2.59974118351E+34
 4.39693863762E+10 4.77243788352E+28 1.00518313513E+00 2.61476751735E+34
 4.42238346088E+10 4.80797752878E+28 1.00519213818E+00 2.62988070242E+34
 4.44797558296E+10 4.84378183256E+28 1.00520115616E+00 2.64508124071E+34
 4.47371585694E+10 4.87985276574E+28 1.00521018908E+00 2.66036963712E+34
 4.49960514086E+10 4.91619231387E+28 1.00521923697E+00 2.67574639946E+34
 4.52564429771E+10 4.95280247729E+28 1.00522829986E+00 2.69121203847E+34
 4.55183419550E+10 4.98968527123E+28 1.00523737777E+00 2.70676706787E+34
 4.57817570727E+10 5.02684272593E+28 1.00524647072E+00 2.72241200432E+34
 4.60466971109E+10 5.06427688675E+28 1.00525557874E+00 2.73814736748E+34
 4.63131709016E+10 5.10198981428E+28 1.00526470186E+00 2.75397368000E+34
 4.65811873277E+10 5.13998358444E+28 1.00527384010E+00 2.76989146758E+34
 4.68507553237E+10 5.17826028865E+28 1.00528299348E+00 2.78590125893E+34
 4.71218838757E+10 5.21682203386E+28 1.00529216203E+00 2.80200358582E+34
 4.73945820222E+10 5.25567094273E+28 1.00530134578E+00 2.81819898311E+34
 4.76688588538E+10 5.29480915373E+28 1.00531054475E+00 2.83448798873E+34
 4.79447235139E+10 5.33423882125E+28 1.00531975897E+00 2.85087114374E+34
 4.82221851988E+10 5.37396211572E+28 1.00532898846E+00 2.86734899232E+34
 4.85012531582E+10 5.41398122374E+28 1.00533823324E+00 2.88392208178E+34
 4.87819366953E+10 5.45429834820E+28 1.00534749334E+00 2.90059096261E+34
 4.90642451674E+10 5.49491570837E+28 1.00535676879E+00 2.91735618848E+34
 4.93481879857E+10 5.53583554006E+28 1.00536605962E+00 2.93421831626E+34
 4.96337746163E+10 5.57706009574E+28 1.00537536584E+00 2.95117790604E+34
 4.99210145800E+10 5.61859164465E+28 1.00538468749E+00 2.96823552113E+34
 5.02099174527E+10 5.66043247291E+28 1.00539402458E+00 2.98539172812E+34
 5.05004928659E+10 5.70258488369E+28 1.00540337715E+00 3.00264709687E+34
 5.07927505068E+10 5.74505119728E+28 1.00541274522E+00 3.02000220051E+34
 5.10867001190E+10 5.78783375129E+28 1.00542212882E+00 3.03745761552E+34
 5.13823515022E+10 5.83093490071E+28 1.00543152797E+00 3.05501392169E+34
 5.16797145133E+10 5.87435701807E+28 1.00544094269E+00 3.07267170215E+34
 5.19787990659E+10 5.91810249357E+28 1.00545037302E+00 3.09043154343E+34
 5.22796151315E+10 5.96217373521E+28 1.00545981898E+00 3.10829403544E+34
 5.25821727389E+10 6.00657316893E+28 1.00546928059E+00 3.12625977147E+34
 5.28864819755E+10 6.05130323873E+28 1.00547875789E+00 3.14432934828E+34
 5.31925529869E+10 6.09636640679E+28 1.00548825089E+00 3.16250336607E+34
 5.35003959774E+10 6.14176515366E+28 1.00549775962E+00 3.18078242849E+34
 5.38100212108E+10 6.18750197834E+28 1.00550728412E+00 3.19916714269E+34
 5.41214390100E+10 6.23357939845E+28 1.00551682440E+00 3.21765811933E+34
 5.44346597580E+10 6.27999995036E+28 1.00552638049E+00 3.23625597261E+34
 5.47496938978E+10 6.32676618931E+28 1.00553595242E+00 3.25496132027E+34
 5.50665519331E+10 6.37388068958E+28 1.00554554021E+00 3.27377478361E+34
 5.53852444282E+10 6.42134604463E+28 1.00555514389E+00 3.29269698754E+34
 5.57057820090E+10 6.46916486722E+28 1.00556476349E+00 3.31172856056E+34
 5.60281753627E+10 6.51733978957E+28 1.00557439903E+00 3.33087013483E+34
 5.63524352385E+10 6.56587346350E+28 1.00558405054E+00 3.35012234615E+34
 5.66785724480E+10 6.61476856059E+28 1.00559371805E+00 3.36948583399E+34
 5.70065978654E+10 6.66402777230E+28 1.00560340158E+00 3.38896124152E+34
 5.73365224278E+10 6.71365381014E+28 1.00561310116E+00 3.40854921564E+34
 5.76683571360E+10 6.76364940581E+28 1.00562281681E+00 3.42825040696E+34
 5.80021130542E+10 6.81401731134E+28 1.00563254857E+00 3.44806546987E+34
 5.83378013110E+10 6.86476029929E+28 1.00564229646E+00 3.46799506255E+34
 5.86754330994E+10 6.91588116283E+28 1.00565206050E+00 3.48803984698E+34
 5.90150196772E+10 6.96738271594E+28 1.00566184072E+00 3.50820048894E+34
 5.93565723676E+10 7.01926779357E+28 1.00567163715E+00 3.52847765810E+34
 5.97001025594E+10 7.07153925176E+28 1.00568144982E+00 3.54887202796E+34
 6.00456217072E+10 7.12419996784E+28 1.00569127875E+00 3.56938427595E+34
 6.03931413323E+10 7.17725284056E+28 1.00570112397E+00 3.59001508339E+34
 6.07426730227E+10 7.23070079024E+28 1.00571098551E+00 3.61076513555E+34
 6.10942284333E+10 7.28454675896E+28 1.00572086339E+00 3.63163512165E+34
 6.14478192870E+10 7.33879371072E+28 1.00573075764E+00 3.65262573490E+34
 6.18034573742E+10 7.39344463158E+28 1.00574066829E+00 3.67373767252E+34
 6.21611545540E+10 7.44850252983E+28 1.00575059537E+00 3.69497163576E+34
 6.25209227540E+10 7.50397043618E+28 1.00576053890E+00 3.71632832992E+34
 6.28827739711E+10 7.55985140389E+28 1.00577049891E+00 3.73780846437E+34
 6.32467202716E+10 7.61614850898E+28 1.00578047542E+00 3.75941275259E+34
 6.36127737918E+10 7.67286485036E+28 1.00579046847E+00 3.78114191219E+34
 6.39809467385E+10 7.73000355001E+28 1.00580047808E+00 3.80299666490E+34
 6.43512513889E+10 7.78756775319E+28 1.00581050429E+00 3.82497773665E+34
 6.47237000917E+10 7.84556062855E+28 1.00582054710E+00 3.84708585756E+34
 6.50983052670E+10 7.90398536835E+28 1.00583060657E+00 3.86932176197E+34
 6.54750794070E+10 7.96284518862E+28 1.00584068270E+00 3.89168618844E+34
 6.58540350762E+10 8.02214332934E+28 1.00585077554E+00 3.91417987983E+34
 6.62351849120E+10 8.08188305462E+28 1.00586088510E+00 3.93680358329E+34
 6.66185416251E+10 8.14206765288E+28 1.00587101141E+00 3.95955805027E+34
 6.70041179998E+10 8.20270043702E+28 1.00588115451E+00 3.98244403658E+34
 6.73919268945E+10 8.26378474462E+28 1.00589131442E+00 4.00546230240E+34
 6.77819812421E+10 8.32532393809E+28 1.00590149117E+00 4.02861361228E+34
 6.81742940507E+10 8.38732140492E+28 1.00591168478E+00 4.05189873522E+34
 6.85688784035E+10 8.44978055780E+28 1.00592189529E+00 4.07531844464E+34
 6.89657474597E+10 8.51270483483E+28 1.00593212272E+00 4.09887351846E+34
 6.93649144549E+10 8.57609769972E+28 1.00594236710E+00 4.12256473905E+34
 6.97663927011E+10 8.63996264199E+28 1.00595262846E+00 4.14639289336E+34
 7.01701955877E+10 8.70430317712E+28 1.00596290683E+00 4.17035877283E+34
 7.05763365817E+10 8.76912284678E+28 1.00597320223E+00 4.19446317352E+34
 7.09848292281E+10 8.83442521902E+28 1.00598351469E+00 4.21870689606E+34
 7.13956871505E+10 8.90021388845E+28 1.00599384425E+00 4.24309074574E+34
 7.18089240515E+10 8.96649247645E+28 1.00600419092E+00 4.26761553247E+34
 7.22245537129E+10 9.03326463139E+28 1.00601455475E+00 4.29228207086E+34
 7.26425899966E+10 9.10053402877E+28 1.00602493575E+00 4.31709118023E+34
 7.30630468449E+10 9.16830437150E+28 1.00603533395E+00 4.34204368462E+34
 7.34859382808E+10 9.23657939003E+28 1.00604574939E+00 4.36714041286E+34
 7.39112784086E+10 9.30536284261E+28 1.00605618209E+00 4.39238219854E+34
 7.43390814144E+10 9.37465851548E+28 1.00606663207E+00 4.41776988010E+34
 7.47693615666E+10 9.44447022307E+28 1.00607709938E+00 4.44330430079E+34
 7.52021332162E+10 9.51480180821E+28 1.00608758404E+00 4.46898630876E+34
 7.56374107974E+10 9.58565714236E+28 1.00609808607E+00 4.49481675705E+34
 7.60752088283E+10 9.65704012579E+28 1.00610860551E+00 4.52079650365E+34
 7.65155419108E+10 9.72895468783E+28 1.00611914239E+00 4.54692641148E+34
 7.69584247318E+10 9.80140478707E+28 1.00612969672E+00 4.57320734846E+34
 7.74038720631E+10 9.87439441158E+28 1.00614026855E+00 4.59964018755E+34
 7.78518987622E+10 9.94792757912E+28 1.00615085790E+00 4.62622580671E+34
 7.83025197728E+10 1.00220083374E+29 1.00616146480E+00 4.65296508901E+34
 7.87557501253E+10 1.00966407642E+29 1.00617208928E+00 4.67985892261E+34
 7.92116049370E+10 1.01718289677E+29 1.00618273137E+00 4.70690820080E+34
 7.96700994130E+10 1.02475770868E+29 1.00619339109E+00 4.73411382206E+34
 8.01312488466E+10 1.03238892910E+29 1.00620406848E+00 4.76147669002E+34
 8.05950686196E+10 1.04007697810E+29 1.00621476357E+00 4.78899771358E+34
 8.10615742031E+10 1.04782227888E+29 1.00622547638E+00 4.81667780684E+34
 8.15307811578E+10 1.05562525777E+29 1.00623620695E+00 4.84451788923E+34
 8.20027051349E+10 1.06348634431E+29 1.00624695530E+00 4.87251888548E+34
 8.24773618759E+10 1.07140597120E+29 1.00625772147E+00 4.90068172565E+34
 8.29547672139E+10 1.07938457439E+29 1.00626850548E+00 4.92900734519E+34
 8.34349370736E+10 1.08742259308E+29 1.00627930736E+00 4.95749668496E+34
 8.39178874721E+10 1.09552046970E+29 1.00629012714E+00 4.98615069125E+34
 8.44036345195E+10 1.10367865003E+29 1.00630096486E+00 5.01497031582E+34
 8.48921944191E+10 1.11189758313E+29 1.00631182054E+00 5.04395651593E+34
 8.53835834681E+10 1.12017772143E+29 1.00632269420E+00 5.07311025438E+34
 8.58778180585E+10 1.12851952069E+29 1.00633358590E+00 5.10243249953E+34
 8.63749146770E+10 1.13692344012E+29 1.00634449564E+00 5.13192422534E+34
 8.68748899062E+10 1.14538994230E+29 1.00635542346E+00 5.16158641139E+34
 8.73777604245E+10 1.15391949328E+29 1.00636636939E+00 5.19142004294E+34
 8.78835430072E+10 1.16251256257E+29 1.00637733347E+00 5.22142611092E+34
 8.83922545269E+10 1.17116962319E+29 1.00638831572E+00 5.25160561201E+34
 8.89039119540E+10 1.17989115168E+29 1.00639931616E+00 5.28195954865E+34
 8.94185323572E+10 1.18867762811E+29 1.00641033484E+00 5.31248892905E+34
 8.99361329043E+10 1.19752953614E+29 1.00642137178E+00 5.34319476726E+34
 9.04567308624E+10 1.20644736303E+29 1.00643242702E+00 5.37407808322E+34
 9.09803435992E+10 1.21543159967E+29 1.00644350057E+00 5.40513990272E+34
 9.15069885825E+10 1.22448274060E+29 1.00645459248E+00 5.43638125750E+34
 9.20366833818E+10 1.23360128405E+29 1.00646570277E+00 5.46780318526E+34
 9.25694456683E+10 1.24278773196E+29 1.00647683148E+00 5.49940672972E+34
 9.31052932157E+10 1.25204259000E+29 1.00648797862E+00 5.53119294059E+34
 9.36442439009E+10 1.26136636762E+29 1.00649914425E+00 5.56316287367E+34
 9.41863157041E+10 1.27075957803E+29 1.00651032838E+00 5.59531759088E+34
 9.47315267102E+10 1.28022273831E+29 1.00652153104E+00 5.62765816025E+34
 9.52798951086E+10 1.28975636935E+29 1.00653275227E+00 5.66018565599E+34
 9.58314391943E+10 1.29936099595E+29 1.00654399210E+00 5.69290115853E+34
 9.63861773685E+10 1.30903714679E+29 1.00655525056E+00 5.72580575453E+34
 9.69441281389E+10 1.31878535451E+29 1.00656652767E+00 5.75890053695E+34
 9.75053101206E+10 1.32860615571E+29 1.00657782348E+00 5.79218660503E+34
 9.80697420367E+10 1.33850009097E+29 1.00658913800E+00 5.82566506441E+34
 9.86374427188E+10 1.34846770492E+29 1.00660047128E+00 5.85933702710E+34
 9.92084311077E+10 1.35850954622E+29 1.00661182334E+00 5.89320361153E+34
 9.97827262541E+10 1.36862616765E+29 1.00662319422E+00 5.92726594259E+34
 1.00360347319E+11 1.37881812607E+29 1.00663458394E+00 5.96152515170E+34
 1.00941313575E+11 1.38908598251E+29 1.00664599254E+00 5.99598237680E+34
 1.01525644405E+11 1.39943030218E+29 1.00665742004E+00 6.03063876240E+34
 1.02113359307E+11 1.40985165447E+29 1.00666886649E+00 6.06549545964E+34
 1.02704477889E+11 1.42035061305E+29 1.00668033191E+00 6.10055362631E+34
 1.03299019875E+11 1.43092775584E+29 1.00669181632E+00 6.13581442689E+34
 1.03897005102E+11 1.44158366505E+29 1.00670331977E+00 6.17127903258E+34
 1.04498453523E+11 1.45231892726E+29 1.00671484229E+00 6.20694862138E+34
 1.05103385206E+11 1.46313413339E+29 1.00672638390E+00 6.24282437806E+34
 1.05711820336E+11 1.47402987878E+29 1.00673794465E+00 6.27890749427E+34
 1.06323779214E+11 1.48500676319E+29 1.00674952455E+00 6.31519916853E+34
 1.06939282259E+11 1.49606539084E+29 1.00676112364E+00 6.35170060629E+34
 1.07558350011E+11 1.50720637048E+29 1.00677274196E+00 6.38841301997E+34
 1.08181003125E+11 1.51843031535E+29 1.00678437953E+00 6.42533762899E+34
 1.08807262378E+11 1.52973784330E+29 1.00679603639E+00 6.46247565984E+34
 1.09437148667E+11 1.54112957675E+29 1.00680771257E+00 6.49982834608E+34
 1.10070683012E+11 1.55260614277E+29 1.00681940810E+00 6.53739692840E+34
 1.10707886551E+11 1.56416817310E+29 1.00683112302E+00 6.57518265467E+34
 1.11348780548E+11 1.57581630417E+29 1.00684285735E+00 6.61318677995E+34
 1.11993386390E+11 1.58755117716E+29 1.00685461112E+00 6.65141056660E+34
 1.12641725586E+11 1.59937343803E+29 1.00686638438E+00 6.68985528423E+34
 1.13293819771E+11 1.61128373755E+29 1.00687817715E+00 6.72852220981E+34
 1.13949690706E+11 1.62328273132E+29 1.00688998946E+00 6.76741262769E+34
 1.14609360277E+11 1.63537107984E+29 1.00690182136E+00 6.80652782964E+34
 1.15272850498E+11 1.64754944852E+29 1.00691367286E+00 6.84586911489E+34
 1.15940183510E+11 1.65981850772E+29 1.00692554400E+00 6.88543779020E+34
 1.16611381583E+11 1.67217893281E+29 1.00693743482E+00 6.92523516986E+34
 1.17286467116E+11 1.68463140417E+29 1.00694934534E+00 6.96526257577E+34
 1.17965462636E+11 1.69717660726E+29 1.00696127561E+00 7.00552133747E+34
 1.18648390804E+11 1.70981523264E+29 1.00697322564E+00 7.04601279217E+34
 1.19335274411E+11 1.72254797601E+29 1.00698519549E+00 7.08673828483E+34
 1.20026136378E+11 1.73537553825E+29 1.00699718517E+00 7.12769916817E+34
 1.20720999763E+11 1.74829862547E+29 1.00700919472E+00 7.16889680273E+34
 1.21419887754E+11 1.76131794902E+29 1.00702122417E+00 7.21033255693E+34
 1.22122823676E+11 1.77443422557E+29 1.00703327356E+00 7.25200780707E+34
 1.22829830988E+11 1.78764817710E+29 1.00704534293E+00 7.29392393743E+34
 1.23540933286E+11 1.80096053100E+29 1.00705743229E+00 7.33608234028E+34
 1.24256154301E+11 1.81437202004E+29 1.00706954169E+00 7.37848441594E+34
 1.24975517904E+11 1.82788338248E+29 1.00708167116E+00 7.42113157282E+34
 1.25699048103E+11 1.84149536205E+29 1.00709382074E+00 7.46402522748E+34
 1.26426769046E+11 1.85520870804E+29 1.00710599045E+00 7.50716680465E+34
 1.27158705020E+11 1.86902417531E+29 1.00711818032E+00 7.55055773731E+34
 1.27894880453E+11 1.88294252433E+29 1.00713039041E+00 7.59419946672E+34
 1.28635319917E+11 1.89696452126E+29 1.00714262072E+00 7.63809344247E+34
 1.29380048124E+11 1.91109093794E+29 1.00715487131E+00 7.68224112253E+34
 1.30129089929E+11 1.92532255198E+29 1.00716714220E+00 7.72664397328E+34
 1.30882470333E+11 1.93966014676E+29 1.00717943343E+00 7.77130346961E+34
 1.31640214482E+11 1.95410451151E+29 1.00719174503E+00 7.81622109491E+34
 1.32402347666E+11 1.96865644133E+29 1.00720407703E+00 7.86139834113E+34
 1.33168895323E+11 1.98331673723E+29 1.00721642947E+00 7.90683670889E+34
 1.33939883038E+11 1.99808620621E+29 1.00722880239E+00 7.95253770743E+34
 1.34715336546E+11 2.01296566125E+29 1.00724119581E+00 7.99850285475E+34
 1.35495281728E+11 2.02795592142E+29 1.00725360976E+00 8.04473367762E+34
 1.36279744619E+11 2.04305781186E+29 1.00726604430E+00 8.09123171161E+34
 1.37068751402E+11 2.05827216386E+29 1.00727849944E+00 8.13799850120E+34
 1.37862328414E+11 2.07359981491E+29 1.00729097523E+00 8.18503559977E+34
 1.38660502142E+11 2.08904160873E+29 1.00730347169E+00 8.23234456969E+34
 1.39463299230E+11 2.10459839533E+29 1.00731598886E+00 8.27992698236E+34
 1.40270746475E+11 2.12027103103E+29 1.00732852678E+00 8.32778441826E+34
 1.41082870828E+11 2.13606037855E+29 1.00734108547E+00 8.37591846700E+34
 1.41899699399E+11 2.15196730704E+29 1.00735366498E+00 8.42433072740E+34
 1.42721259453E+11 2.16799269208E+29 1.00736626534E+00 8.47302280749E+34
 1.43547578415E+11 2.18413741582E+29 1.00737888659E+00 8.52199632462E+34
 1.44378683867E+11 2.20040236695E+29 1.00739152875E+00 8.57125290547E+34
 1.45214603554E+11 2.21678844078E+29 1.00740419186E+00 8.62079418613E+34
 1.46055365379E+11 2.23329653931E+29 1.00741687596E+00 8.67062181215E+34
 1.46900997408E+11 2.24992757122E+29 1.00742958108E+00 8.72073743859E+34
 1.47751527870E+11 2.26668245199E+29 1.00744230726E+00 8.77114273007E+34
 1.48606985158E+11 2.28356210391E+29 1.00745505453E+00 8.82183936083E+34
 1.49467397828E+11 2.30056745611E+29 1.00746782292E+00 8.87282901480E+34
 1.50332794605E+11 2.31769944468E+29 1.00748061248E+00 8.92411338563E+34
 1.51203204376E+11 2.33495901266E+29 1.00749342323E+00 8.97569417677E+34
 1.52078656200E+11 2.35234711011E+29 1.00750625522E+00 9.02757310150E+34
 1.52959179302E+11 2.36986469417E+29 1.00751910847E+00 9.07975188302E+34
 1.53844803078E+11 2.38751272911E+29 1.00753198303E+00 9.13223225448E+34
 1.54735557092E+11 2.40529218638E+29 1.00754487892E+00 9.18501595906E+34
 1.55631471083E+11 2.42320404467E+29 1.00755779619E+00 9.23810474999E+34
 1.56532574960E+11 2.44124928993E+29 1.00757073486E+00 9.29150039066E+34
 1.57438898807E+11 2.45942891549E+29 1.00758369498E+00 9.34520465463E+34
 1.58350472881E+11 2.47774392206E+29 1.00759667658E+00 9.39921932574E+34
 1.59267327616E+11 2.49619531780E+29 1.00760967969E+00 9.45354619810E+34
 1.60189493621E+11 2.51478411837E+29 1.00762270435E+00 9.50818707624E+34
 1.61117001685E+11 2.53351134702E+29 1.00763575060E+00 9.56314377507E+34
 1.62049882772E+11 2.55237803460E+29 1.00764881847E+00 9.61841812002E+34
 1.62988168030E+11 2.57138521963E+29 1.00766190800E+00 9.67401194707E+34
 1.63931888784E+11 2.59053394838E+29 1.00767501922E+00 9.72992710280E+34
 1.64881076543E+11 2.60982527491E+29 1.00768815218E+00 9.78616544447E+34
 1.65835762997E+11 2.62926026111E+29 1.00770130689E+00 9.84272884007E+34
 1.66795980021E+11 2.64883997681E+29 1.00771448341E+00 9.89961916839E+34
 1.67761759676E+11 2.66856549979E+29 1.00772768177E+00 9.95683831909E+34
 1.68733134206E+11 2.68843791584E+29 1.00774090200E+00 1.00143881927E+35
 1.69710136045E+11 2.70845831886E+29 1.00775414415E+00 1.00722707009E+35
 1.70692797814E+11 2.72862781088E+29 1.00776740824E+00 1.01304877661E+35
 1.71681152323E+11 2.74894750216E+29 1.00778069431E+00 1.01890413222E+35
 1.72675232572E+11 2.76941851120E+29 1.00779400240E+00 1.02479333140E+35
 1.73675071755E+11 2.79004196484E+29 1.00780733255E+00 1.03071656977E+35
 1.74680703254E+11 2.81081899831E+29 1.00782068479E+00 1.03667404406E+35
 1.75692160649E+11 2.83175075531E+29 1.00783405916E+00 1.04266595217E+35
 1.76709477713E+11 2.85283838804E+29 1.00784745569E+00 1.04869249311E+35
 1.77732688415E+11 2.87408305727E+29 1.00786087443E+00 1.05475386707E+35
 1.78761826921E+11 2.89548593244E+29 1.00787431541E+00 1.06085027537E+35
 1.79796927596E+11 2.91704819169E+29 1.00788777866E+00 1.06698192051E+35
 1.80838025003E+11 2.93877102192E+29 1.00790126423E+00 1.07314900616E+35
 1.81885153907E+11 2.96065561888E+29 1.00791477215E+00 1.07935173716E+35
 1.82938349274E+11 2.98270318722E+29 1.00792830245E+00 1.08559031954E+35
 1.83997646272E+11 3.00491494058E+29 1.00794185518E+00 1.09186496052E+35
 1.85063080276E+11 3.02729210160E+29 1.00795543037E+00 1.09817586851E+35
 1.86134686863E+11 3.04983590206E+29 1.00796902806E+00 1.10452325313E+35
 1.87212501817E+11 3.07254758290E+29 1.00798264829E+00 1.11090732523E+35
 1.88296561132E+11 3.09542839430E+29 1.00799629108E+00 1.11732829684E+35
 1.89386901007E+11 3.11847959575E+29 1.00800995649E+00 1.12378638125E+35
 1.90483557856E+11 3.14170245611E+29 1.00802364455E+00 1.13028179296E+35
 1.91586568299E+11 3.16509825371E+29 1.00803735529E+00 1.13681474773E+35
 1.92695969173E+11 3.18866827638E+29 1.00805108876E+00 1.14338546255E+35
 1.93811797525E+11 3.21241382156E+29 1.00806484499E+00 1.14999415567E+35
 1.94934090619E+11 3.23633619633E+29 1.00807862401E+00 1.15664104660E+35
 1.96062885936E+11 3.26043671752E+29 1.00809242588E+00 1.16332635613E+35
 1.97198221173E+11 3.28471671176E+29 1.00810625061E+00 1.17005030631E+35
 1.98340134245E+11 3.30917751556E+29 1.00812009826E+00 1.17681312048E+35
 1.99488663290E+11 3.33382047537E+29 1.00813396886E+00 1.18361502327E+35
 2.00643846664E+11 3.35864694769E+29 1.00814786245E+00 1.19045624062E+35
 2.01805722948E+11 3.38365829912E+29 1.00816177906E+00 1.19733699976E+35
 2.02974330945E+11 3.40885590641E+29 1.00817571874E+00 1.20425752923E+35
 2.04149709685E+11 3.43424115659E+29 1.00818968152E+00 1.21121805891E+35
 2.05331898423E+11 3.45981544700E+29 1.00820366745E+00 1.21821882000E+35
 2.06520936643E+11 3.48558018541E+29 1.00821767655E+00 1.22526004502E+35
 2.07716864057E+11 3.51153679004E+29 1.00823170887E+00 1.23234196787E+35
 2.08919720607E+11 3.53768668971E+29 1.00824576444E+00 1.23946482377E+35
 2.10129546470E+11 3.56403132384E+29 1.00825984332E+00 1.24662884930E+35
 2.11346382052E+11 3.59057214260E+29 1.00827394552E+00 1.25383428244E+35
 2.12570267996E+11 3.61731060695E+29 1.00828807110E+00 1.26108136251E+35
 2.13801245180E+11 3.64424818872E+29 1.00830222008E+00 1.26837033022E+35
 2.15039354720E+11 3.67138637072E+29 1.00831639252E+00 1.27570142770E+35
 2.16284637969E+11 3.69872664678E+29 1.00833058845E+00 1.28307489843E+35
 2.17537136522E+11 3.72627052186E+29 1.00834480790E+00 1.29049098735E+35
 2.18796892214E+11 3.75401951215E+29 1.00835905092E+00 1.29794994077E+35
 2.20063947123E+11 3.78197514509E+29 1.00837331755E+00 1.30545200646E+35
 2.21338343572E+11 3.81013895954E+29 1.00838760782E+00 1.31299743359E+35
 2.22620124128E+11 3.83851250578E+29 1.00840192177E+00 1.32058647280E+35
 2.23909331607E+11 3.86709734567E+29 1.00841625945E+00 1.32821937616E+35
 2.25206009073E+11 3.89589505266E+29 1.00843062088E+00 1.33589639720E+35
 2.26510199837E+11 3.92490721196E+29 1.00844500613E+00 1.34361779092E+35
 2.27821947467E+11 3.95413542055E+29 1.00845941521E+00 1.35138381378E+35
 2.29141295778E+11 3.98358128733E+29 1.00847384817E+00 1.35919472376E+35
 2.30468288843E+11 4.01324643317E+29 1.00848830505E+00 1.36705078028E+35
 2.31802970990E+11 4.04313249099E+29 1.00850278590E+00 1.37495224429E+35
 2.33145386804E+11 4.07324110590E+29 1.00851729074E+00 1.38289937825E+35
 2.34495581128E+11 4.10357393526E+29 1.00853181962E+00 1.39089244612E+35
 2.35853599066E+11 4.13413264875E+29 1.00854637258E+00 1.39893171341E+35
 2.37219485985E+11 4.16491892850E+29 1.00856094966E+00 1.40701744713E+35
 2.38593287513E+11 4.19593446916E+29 1.00857555090E+00 1.41514991586E+35
 2.39975049545E+11 4.22718097800E+29 1.00859017634E+00 1.42332938973E+35
 2.41364818240E+11 4.25866017502E+29 1.00860482602E+00 1.43155614042E+35
 2.42762640026E+11 4.29037379300E+29 1.00861949998E+00 1.43983044119E+35
 2.44168561602E+11 4.32232357764E+29 1.00863419826E+00 1.44815256688E+35
 2.45582629936E+11 4.35451128765E+29 1.00864892090E+00 1.45652279391E+35
 2.47004892269E+11 4.38693869481E+29 1.00866366793E+00 1.46494140031E+35
 2.48435396118E+11 4.41960758412E+29 1.00867843941E+00 1.47340866569E+35
 2.49874189272E+11 4.45251975386E+29 1.00869323537E+00 1.48192487132E+35
 2.51321319801E+11 4.48567701571E+29 1.00870805586E+00 1.49049030006E+35
 2.52776836053E+11 4.51908119482E+29 1.00872290090E+00 1.49910523642E+35
 2.54240786655E+11 4.55273412995E+29 1.00873777055E+00 1.50776996655E+35
 2.55713220519E+11 4.58663767356E+29 1.00875266484E+00 1.51648477824E+35
 2.57194186839E+11 4.62079369189E+29 1.00876758382E+00 1.52524996098E+35
 2.58683735095E+11 4.65520406508E+29 1.00878252752E+00 1.53406580590E+35
 2.60181915054E+11 4.68987068728E+29 1.00879749599E+00 1.54293260583E+35
 2.61688776772E+11 4.72479546672E+29 1.00881248927E+00 1.55185065528E+35
 2.63204370595E+11 4.75998032588E+29 1.00882750740E+00 1.56082025048E+35
 2.64728747164E+11 4.79542720153E+29 1.00884255041E+00 1.56984168934E+35
 2.66261957410E+11 4.83113804487E+29 1.00885761836E+00 1.57891527153E+35
 2.67804052562E+11 4.86711482161E+29 1.00887271128E+00 1.58804129844E+35
 2.69355084145E+11 4.90335951215E+29 1.00888782922E+00 1.59722007318E+35
 2.70915103986E+11 4.93987411157E+29 1.00890297221E+00 1.60645190064E+35
 2.72484164209E+11 4.97666062987E+29 1.00891814029E+00 1.61573708745E+35
 2.74062317243E+11 5.01372109197E+29 1.00893333352E+00 1.62507594204E+35
 2.75649615820E+11 5.05105753791E+29 1.00894855193E+00 1.63446877460E+35
 2.77246112979E+11 5.08867202288E+29 1.00896379555E+00 1.64391589711E+35
 2.78851862068E+11 5.12656661741E+29 1.00897906445E+00 1.65341762338E+35
 2.80466916742E+11 5.16474340742E+29 1.00899435865E+00 1.66297426900E+35
 2.82091330969E+11 5.20320449440E+29 1.00900967819E+00 1.67258615140E+35
 2.83725159030E+11 5.24195199545E+29 1.00902502313E+00 1.68225358986E+35
 2.85368455522E+11 5.28098804346E+29 1.00904039349E+00 1.69197690548E+35
 2.87021275358E+11 5.32031478720E+29 1.00905578933E+00 1.70175642122E+35
 2.88683673769E+11 5.35993439143E+29 1.00907121069E+00 1.71159246193E+35
 2.90355706308E+11 5.39984903705E+29 1.00908665761E+00 1.72148535431E+35
 2.92037428851E+11 5.44006092118E+29 1.00910213012E+00 1.73143542695E+35
 2.93728897596E+11 5.48057225732E+29 1.00911762828E+00 1.74144301037E+35
 2.95430169070E+11 5.52138527544E+29 1.00913315213E+00 1.75150843696E+35
 2.97141300126E+11 5.56250222212E+29 1.00914870170E+00 1.76163204106E+35
 2.98862347948E+11 5.60392536067E+29 1.00916427705E+00 1.77181415893E+35
 3.00593370052E+11 5.64565697127E+29 1.00917987821E+00 1.78205512878E+35
 3.02334424289E+11 5.68769935105E+29 1.00919550522E+00 1.79235529076E+35
 3.04085568843E+11 5.73005481427E+29 1.00921115814E+00 1.80271498700E+35
 3.05846862238E+11 5.77272569241E+29 1.00922683699E+00 1.81313456160E+35
 3.07618363337E+11 5.81571433433E+29 1.00924254183E+00 1.82361436067E+35
 3.09400131345E+11 5.85902310636E+29 1.00925827270E+00 1.83415473229E+35
 3.11192225812E+11 5.90265439247E+29 1.00927402964E+00 1.84475602657E+35
 3.12994706631E+11 5.94661059437E+29 1.00928981270E+00 1.85541859563E+35
 3.14807634044E+11 5.99089413166E+29 1.00930562191E+00 1.86614279364E+35
 3.16631068644E+11 6.03550744196E+29 1.00932145733E+00 1.87692897682E+35
 3.18465071375E+11 6.08045298104E+29 1.00933731899E+00 1.88777750343E+35
 3.20309703533E+11 6.12573322296E+29 1.00935320693E+00 1.89868873381E+35
 3.22165026772E+11 6.17135066021E+29 1.00936912121E+00 1.90966303040E+35
 3.24031103104E+11 6.21730780382E+29 1.00938506187E+00 1.92070075769E+35
 3.25907994900E+11 6.26360718354E+29 1.00940102894E+00 1.93180228233E+35
 3.27795764893E+11 6.31025134796E+29 1.00941702248E+00 1.94296797305E+35
 3.29694476183E+11 6.35724286463E+29 1.00943304252E+00 1.95419820074E+35
 3.31604192231E+11 6.40458432024E+29 1.00944908912E+00 1.96549333840E+35
 3.33524976873E+11 6.45227832072E+29 1.00946516230E+00 1.97685376122E+35
 3.35456894309E+11 6.50032749144E+29 1.00948126213E+00 1.98827984655E+35
 3.37400009118E+11 6.54873447728E+29 1.00949738864E+00 1.99977197389E+35
 3.39354386249E+11 6.59750194285E+29 1.00951354188E+00 2.01133052498E+35
 3.41320091032E+11 6.64663257259E+29 1.00952972189E+00 2.02295588374E+35
 3.43297189172E+11 6.69612907093E+29 1.00954592871E+00 2.03464843632E+35
 3.45285746761E+11 6.74599416243E+29 1.00956216240E+00 2.04640857108E+35
 3.47285830269E+11 6.79623059196E+29 1.00957842299E+00 2.05823667864E+35
 3.49297506557E+11 6.84684112481E+29 1.00959471053E+00 2.07013315190E+35
 3.51320842871E+11 6.89782854688E+29 1.00961102506E+00 2.08209838599E+35
 3.53355906848E+11 6.94919566481E+29 1.00962736663E+00 2.09413277836E+35
 3.55402766519E+11 7.00094530614E+29 1.00964373528E+00 2.10623672872E+35
 3.57461490308E+11 7.05308031946E+29 1.00966013107E+00 2.11841063912E+35
 3.59532147040E+11 7.10560357457E+29 1.00967655403E+00 2.13065491393E+35
 3.61614805935E+11 7.15851796267E+29 1.00969300420E+00 2.14296995985E+35
 3.63709536618E+11 7.21182639646E+29 1.00970948164E+00 2.15535618592E+35
 3.65816409118E+11 7.26553181035E+29 1.00972598639E+00 2.16781400357E+35
 3.67935493869E+11 7.31963716057E+29 1.00974251849E+00 2.18034382660E+35
 3.70066861716E+11 7.37414542541E+29 1.00975907799E+00 2.19294607117E+35
 3.72210583914E+11 7.42905960530E+29 1.00977566493E+00 2.20562115590E+35
 3.74366732133E+11 7.48438272304E+29 1.00979227937E+00 2.21836950179E+35
 3.76535378459E+11 7.54011782392E+29 1.00980892134E+00 2.23119153228E+35
 3.78716595395E+11 7.59626797594E+29 1.00982559089E+00 2.24408767327E+35
 3.80910455866E+11 7.65283626990E+29 1.00984228807E+00 2.25705835310E+35
 3.83117025820E+11 7.68371320187E+29 1.00985135216E+00 2.27010400262E+35
 3.85336367440E+11 7.71131719215E+29 1.00985940663E+00 2.28322505514E+35
 3.87568554494E+11 7.73902035068E+29 1.00986744358E+00 2.29642194649E+35
 3.89813661291E+11 7.76682303370E+29 1.00987546305E+00 2.30969511500E+35
 3.92071762570E+11 7.79472559877E+29 1.00988346508E+00 2.32304500155E+35
 3.94342933503E+11 7.82272840471E+29 1.00989144971E+00 2.33647204958E+35
 3.96627249696E+11 7.85083181165E+29 1.00989941697E+00 2.34997670507E+35
 3.98924787193E+11 7.87903618099E+29 1.00990736690E+00 2.36355941658E+35
 4.01235622478E+11 7.90734187545E+29 1.00991529954E+00 2.37722063527E+35
 4.03559832475E+11 7.93574925904E+29 1.00992321494E+00 2.39096081491E+35
 4.05897494556E+11 7.96425869708E+29 1.00993111311E+00 2.40478041190E+35
 4.08248686538E+11 7.99287055621E+29 1.00993899411E+00 2.41867988524E+35
 4.10613486689E+11 8.02158520438E+29 1.00994685797E+00 2.43265969664E+35
 4.12991973729E+11 8.05040301085E+29 1.00995470473E+00 2.44672031043E+35
 4.15384226836E+11 8.07932434624E+29 1.00996253442E+00 2.46086219364E+35
 4.17790325641E+11 8.10834958246E+29 1.00997034709E+00 2.47508581602E+35
 4.20210350239E+11 8.13747909280E+29 1.00997814276E+00 2.48939165000E+35
 4.22644381189E+11 8.16671325185E+29 1.00998592148E+00 2.50378017076E+35
 4.25092499512E+11 8.19605243557E+29 1.00999368328E+00 2.51825185624E+35
 4.27554786701E+11 8.22549702126E+29 1.01000142820E+00 2.53280718710E+35
 4.30031324718E+11 8.25504738759E+29 1.01000915627E+00 2.54744664683E+35
 4.32522196001E+11 8.28470391457E+29 1.01001686754E+00 2.56217072168E+35
 4.35027483464E+11 8.31446698360E+29 1.01002456204E+00 2.57697990071E+35
 4.37547270499E+11 8.34433697742E+29 1.01003223981E+00 2.59187467583E+35
 4.40081640982E+11 8.37431428016E+29 1.01003990087E+00 2.60685554178E+35
 4.42630679274E+11 8.40439927735E+29 1.01004754528E+00 2.62192299615E+35
 4.45194470223E+11 8.43459235587E+29 1.01005517306E+00 2.63707753941E+35
 4.47773099167E+11 8.46489390401E+29 1.01006278425E+00 2.65231967495E+35
 4.50366651941E+11 8.49530431144E+29 1.01007037888E+00 2.66764990903E+35
 4.52975214871E+11 8.52582396926E+29 1.01007795700E+00 2.68306875087E+35
 4.55598874787E+11 8.55645326995E+29 1.01008551864E+00 2.69857671260E+35
 4.58237719019E+11 8.58719260739E+29 1.01009306384E+00 2.71417430933E+35
 4.60891835402E+11 8.61804237691E+29 1.01010059262E+00 2.72986205915E+35
 4.63561312279E+11 8.64900297523E+29 1.01010810503E+00 2.74564048313E+35
 4.66246238504E+11 8.68007480051E+29 1.01011560110E+00 2.76151010538E+35
 4.68946703445E+11 8.71125825234E+29 1.01012308087E+00 2.77747145300E+35
 4.71662796987E+11 8.74255373174E+29 1.01013054438E+00 2.79352505617E+35
 4.74394609534E+11 8.77396164116E+29 1.01013799165E+00 2.80967144811E+35
 4.77142232014E+11 8.80548238452E+29 1.01014542272E+00 2.82591116514E+35
 4.79905755879E+11 8.83711636719E+29 1.01015283763E+00 2.84224474667E+35
 4.82685273111E+11 8.86886399596E+29 1.01016023642E+00 2.85867273524E+35
 4.85480876225E+11 8.90072567913E+29 1.01016761911E+00 2.87519567650E+35
 4.88292658269E+11 8.93270182644E+29 1.01017498575E+00 2.89181411928E+35
 4.91120712831E+11 8.96479284910E+29 1.01018233637E+00 2.90852861557E+35
 4.93965134037E+11 8.99699915980E+29 1.01018967100E+00 2.92533972056E+35
 4.96826016560E+11 9.02932117272E+29 1.01019698968E+00 2.94224799263E+35
 4.99703455621E+11 9.06175930353E+29 1.01020429245E+00 2.95925399341E+35
 5.02597546990E+11 9.09431396938E+29 1.01021157933E+00 2.97635828776E+35
 5.05508386992E+11 9.12698558894E+29 1.01021885036E+00 2.99356144381E+35
 5.08436072507E+11 9.15977458235E+29 1.01022610558E+00 3.01086403297E+35
 5.11380700977E+11 9.19268137129E+29 1.01023334502E+00 3.02826662997E+35
 5.14342370407E+11 9.22570637894E+29 1.01024056872E+00 3.04576981284E+35
 5.17321179369E+11 9.25885003001E+29 1.01024777670E+00 3.06337416297E+35
 5.20317227005E+11 9.29211275072E+29 1.01025496901E+00 3.08108026508E+35
 5.23330613030E+11 9.32549496885E+29 1.01026214568E+00 3.09888870730E+35
 5.26361437736E+11 9.35899711368E+29 1.01026930674E+00 3.11680008116E+35
 5.29409801994E+11 9.39261961606E+29 1.01027645223E+00 3.13481498158E+35
 5.32475807260E+11 9.42636290838E+29 1.01028358217E+00 3.15293400695E+35
 5.35559555575E+11 9.46022742457E+29 1.01029069661E+00 3.17115775910E+35
 5.38661149570E+11 9.49421360014E+29 1.01029779558E+00 3.18948684334E+35
 5.41780692472E+11 9.52832187216E+29 1.01030487910E+00 3.20792186849E+35
 5.44918288102E+11 9.56255267926E+29 1.01031194723E+00 3.22646344688E+35
 5.48074040883E+11 9.59690646165E+29 1.01031899998E+00 3.24511219437E+35
 5.51248055841E+11 9.63138366112E+29 1.01032603739E+00 3.26386873041E+35
 5.54440438609E+11 9.66598472106E+29 1.01033305949E+00 3.28273367800E+35
 5.57651295434E+11 9.70071008643E+29 1.01034006633E+00 3.30170766375E+35
 5.60880733172E+11 9.73556020381E+29 1.01034705792E+00 3.32079131789E+35
 5.64128859302E+11 9.77053552137E+29 1.01035403431E+00 3.33998527431E+35
 5.67395781921E+11 9.80563648891E+29 1.01036099553E+00 3.35929017054E+35
 5.70681609753E+11 9.84086355781E+29 1.01036794161E+00 3.37870664780E+35
 5.73986452150E+11 9.87621718111E+29 1.01037487258E+00 3.39823535103E+35
 5.77310419097E+11 9.91169781345E+29 1.01038178848E+00 3.41787692889E+35
 5.80653621214E+11 9.94730591112E+29 1.01038868933E+00 3.43763203378E+35
 5.84016169761E+11 9.98304193204E+29 1.01039557518E+00 3.45750132189E+35
 5.87398176642E+11 1.00189063358E+30 1.01040244606E+00 3.47748545318E+35
 5.90799754406E+11 1.00548995836E+30 1.01040930199E+00 3.49758509144E+35
 5.94221016257E+11 1.00910221383E+30 1.01041614301E+00 3.51780090429E+35
 5.97662076049E+11 1.01272744644E+30 1.01042296915E+00 3.53813356322E+35
 6.01123048298E+11 1.01636570282E+30 1.01042978044E+00 3.55858374358E+35
 6.04604048179E+11 1.02001702976E+30 1.01043657693E+00 3.57915212465E+35
 6.08105191536E+11 1.02368147421E+30 1.01044335863E+00 3.59983938962E+35
 6.11626594881E+11 1.02735908329E+30 1.01045012558E+00 3.62064622562E+35
 6.15168375399E+11 1.03104990431E+30 1.01045687781E+00 3.64157332377E+35
 6.18730650956E+11 1.03475398472E+30 1.01046361536E+00 3.66262137918E+35
 6.22313540096E+11 1.03847137216E+30 1.01047033826E+00 3.68379109098E+35
 6.25917162050E+11 1.04220211443E+30 1.01047704654E+00 3.70508316232E+35
 6.29541636739E+11 1.04594625952E+30 1.01048374022E+00 3.72649830044E+35
 6.33187084776E+11 1.04970385557E+30 1.01049041935E+00 3.74803721665E+35
 6.36853627473E+11 1.05347495091E+30 1.01049708396E+00 3.76970062639E+35
 6.40541386842E+11 1.05725959403E+30 1.01050373406E+00 3.79148924922E+35
 6.44250485601E+11 1.06105783361E+30 1.01051036971E+00 3.81340380887E+35
 6.47981047179E+11 1.06486971848E+30 1.01051699092E+00 3.83544503323E+35
 6.51733195717E+11 1.06869529767E+30 1.01052359774E+00 3.85761365443E+35
 6.55507056075E+11 1.07253462039E+30 1.01053019018E+00 3.87991040881E+35
 6.59302753834E+11 1.07638773599E+30 1.01053676829E+00 3.90233603697E+35
 6.63120415301E+11 1.08025469404E+30 1.01054333209E+00 3.92489128379E+35
 6.66960167514E+11 1.08413554426E+30 1.01054988162E+00 3.94757689846E+35
 6.70822138247E+11 1.08803033657E+30 1.01055641690E+00 3.97039363450E+35
 6.74706456011E+11 1.09193912104E+30 1.01056293797E+00 3.99334224977E+35
 6.78613250059E+11 1.09586194794E+30 1.01056944486E+00 4.01642350655E+35
 6.82542650394E+11 1.09979886773E+30 1.01057593760E+00 4.03963817147E+35
 6.86494787770E+11 1.10374993104E+30 1.01058241621E+00 4.06298701564E+35
 6.90469793696E+11 1.10771518866E+30 1.01058888074E+00 4.08647081460E+35
 6.94467800443E+11 1.11169469161E+30 1.01059533120E+00 4.11009034838E+35
 6.98488941045E+11 1.11568849105E+30 1.01060176764E+00 4.13384640152E+35
 7.02533349307E+11 1.11969663834E+30 1.01060819008E+00 4.15773976310E+35
 7.06601159807E+11 1.12371918503E+30 1.01061459855E+00 4.18177122673E+35
 7.10692507901E+11 1.12775618285E+30 1.01062099308E+00 4.20594159066E+35
 7.14807529727E+11 1.13180768372E+30 1.01062737371E+00 4.23025165770E+35
 7.18946362213E+11 1.13587373974E+30 1.01063374046E+00 4.25470223534E+35
 7.23109143075E+11 1.13995440320E+30 1.01064009337E+00 4.27929413572E+35
 7.27296010828E+11 1.14404972657E+30 1.01064643245E+00 4.30402817568E+35
 7.31507104787E+11 1.14815976253E+30 1.01065275775E+00 4.32890517676E+35
 7.35742565073E+11 1.15228456392E+30 1.01065906930E+00 4.35392596528E+35
 7.40002532616E+11 1.15642418380E+30 1.01066536712E+00 4.37909137233E+35
 7.44287149162E+11 1.16057867540E+30 1.01067165124E+00 4.40440223377E+35
 7.48596557277E+11 1.16474809214E+30 1.01067792169E+00 4.42985939034E+35
 7.52930900351E+11 1.16893248765E+30 1.01068417851E+00 4.45546368761E+35
 7.57290322602E+11 1.17313191574E+30 1.01069042172E+00 4.48121597604E+35
 7.61674969084E+11 1.17734643041E+30 1.01069665135E+00 4.50711711101E+35
 7.66084985688E+11 1.18157608586E+30 1.01070286743E+00 4.53316795285E+35
 7.70520519148E+11 1.18582093649E+30 1.01070907000E+00 4.55936936685E+35
 7.74981717050E+11 1.19008103688E+30 1.01071525907E+00 4.58572222330E+35
 7.79468727829E+11 1.19435644182E+30 1.01072143469E+00 4.61222739754E+35
 7.83981700782E+11 1.19864720629E+30 1.01072759687E+00 4.63888576995E+35
 7.88520786066E+11 1.20295338548E+30 1.01073374565E+00 4.66569822601E+35
 7.93086134710E+11 1.20727503475E+30 1.01073988106E+00 4.69266565631E+35
 7.97677898612E+11 1.21161220969E+30 1.01074600313E+00 4.71978895659E+35
 8.02296230551E+11 1.21596496607E+30 1.01075211188E+00 4.74706902777E+35
 8.06941284189E+11 1.22033335987E+30 1.01075820734E+00 4.77450677597E+35
 8.11613214077E+11 1.22471744726E+30 1.01076428955E+00 4.80210311257E+35
 8.16312175659E+11 1.22911728464E+30 1.01077035853E+00 4.82985895418E+35
 8.21038325278E+11 1.23353292857E+30 1.01077641432E+00 4.85777522274E+35
 8.25791820180E+11 1.23796443585E+30 1.01078245693E+00 4.88585284550E+35
 8.30572818522E+11 1.24241186346E+30 1.01078848640E+00 4.91409275509E+35
 8.35381479374E+11 1.24687526860E+30 1.01079450276E+00 4.94249588951E+35
 8.40217962726E+11 1.25135470867E+30 1.01080050603E+00 4.97106319218E+35
 8.45082429495E+11 1.25585024128E+30 1.01080649625E+00 4.99979561199E+35
 8.49975041527E+11 1.26036192423E+30 1.01081247343E+00 5.02869410331E+35
 8.54895961602E+11 1.26488981555E+30 1.01081843762E+00 5.05775962601E+35
 8.59845353445E+11 1.26943397347E+30 1.01082438884E+00 5.08699314554E+35
 8.64823381724E+11 1.27399445642E+30 1.01083032712E+00 5.11639563289E+35
 8.69830212063E+11 1.27857132306E+30 1.01083625248E+00 5.14596806470E+35
 8.74866011040E+11 1.28316463224E+30 1.01084216495E+00 5.17571142322E+35
 8.79930946198E+11 1.28777444303E+30 1.01084806457E+00 5.20562669641E+35
 8.85025186048E+11 1.29240081472E+30 1.01085395135E+00 5.23571487792E+35
 8.90148900077E+11 1.29704380680E+30 1.01085982534E+00 5.26597696715E+35
 8.95302258751E+11 1.30170347898E+30 1.01086568654E+00 5.29641396927E+35
 9.00485433521E+11 1.30637989118E+30 1.01087153500E+00 5.32702689528E+35
 9.05698596830E+11 1.31107310355E+30 1.01087737074E+00 5.35781676199E+35
 9.10941922118E+11 1.31578317644E+30 1.01088319379E+00 5.38878459212E+35
 9.16215583827E+11 1.32051017041E+30 1.01088900418E+00 5.41993141427E+35
 9.21519757410E+11 1.32525414627E+30 1.01089480193E+00 5.45125826302E+35
 9.26854619333E+11 1.33001516501E+30 1.01090058706E+00 5.48276617891E+35
 9.32220347082E+11 1.33479328787E+30 1.01090635962E+00 5.51445620848E+35
 9.37617119169E+11 1.33958857629E+30 1.01091211962E+00 5.54632940436E+35
 9.43045115139E+11 1.34440109195E+30 1.01091786710E+00 5.57838682521E+35
 9.48504515576E+11 1.34923089672E+30 1.01092360208E+00 5.61062953587E+35
 9.53995502107E+11 1.35407805272E+30 1.01092932458E+00 5.64305860727E+35
 9.59518257408E+11 1.35894262229E+30 1.01093503464E+00 5.67567511659E+35
 9.65072965214E+11 1.36382466798E+30 1.01094073228E+00 5.70848014720E+35
 9.70659810320E+11 1.36872425258E+30 1.01094641753E+00 5.74147478873E+35
 9.76278978591E+11 1.37364143910E+30 1.01095209041E+00 5.77466013714E+35
 9.81930656966E+11 1.37857629077E+30 1.01095775096E+00 5.80803729468E+35
 9.87615033465E+11 1.38352887106E+30 1.01096339919E+00 5.84160737001E+35
 9.93332297196E+11 1.38849924366E+30 1.01096903514E+00 5.87537147818E+35
 9.99082638359E+11 1.39348747248E+30 1.01097465884E+00 5.90933074068E+35
 1.00486624825E+12 1.39849362167E+30 1.01098027030E+00 5.94348628550E+35
 1.01068331929E+12 1.40351775562E+30 1.01098586956E+00 5.97783924713E+35
 1.01653404498E+12 1.40855993893E+30 1.01099145664E+00 6.01239076663E+35
 1.02241861997E+12 1.41362023645E+30 1.01099703157E+00 6.04714199165E+35
 1.02833724002E+12 1.41869871326E+30 1.01100259438E+00 6.08209407648E+35
 1.03429010202E+12 1.42379543466E+30 1.01100814509E+00 6.11724818206E+35
 1.04027740401E+12 1.42891046620E+30 1.01101368373E+00 6.15260547608E+35
 1.04629934517E+12 1.43404387365E+30 1.01101921032E+00 6.18816713294E+35
 1.05235612583E+12 1.43919572304E+30 1.01102472489E+00 6.22393433385E+35
 1.05844794747E+12 1.44436608061E+30 1.01103022747E+00 6.25990826684E+35
 1.06457501276E+12 1.44955501287E+30 1.01103571808E+00 6.29609012681E+35
 1.07073752551E+12 1.45476258653E+30 1.01104119675E+00 6.33248111556E+35
 1.07693569073E+12 1.45998886857E+30 1.01104666350E+00 6.36908244184E+35
 1.08316971461E+12 1.46523392620E+30 1.01105211837E+00 6.40589532139E+35
 1.08943980454E+12 1.47049782687E+30 1.01105756137E+00 6.44292097698E+35
 1.09574616908E+12 1.47578063827E+30 1.01106299254E+00 6.48016063843E+35
 1.10208901804E+12 1.48108242835E+30 1.01106841189E+00 6.51761554268E+35
 1.10846856240E+12 1.48640326528E+30 1.01107381946E+00 6.55528693383E+35
 1.11488501439E+12 1.49174321749E+30 1.01107921526E+00 6.59317606316E+35
 1.12133858746E+12 1.49710235365E+30 1.01108459933E+00 6.63128418917E+35
 1.12782949629E+12 1.50248074269E+30 1.01108997169E+00 6.66961257765E+35
 1.13435795679E+12 1.50787845376E+30 1.01109533237E+00 6.70816250172E+35
 1.14092418614E+12 1.51329555628E+30 1.01110068139E+00 6.74693524182E+35
 1.14752840277E+12 1.51873211993E+30 1.01110601878E+00 6.78593208581E+35
 1.15417082637E+12 1.52418821460E+30 1.01111134455E+00 6.82515432902E+35
 1.16085167788E+12 1.52966391048E+30 1.01111665875E+00 6.86460327422E+35
 1.16757117956E+12 1.53515927797E+30 1.01112196139E+00 6.90428023174E+35
 1.17432955493E+12 1.54067438774E+30 1.01112725249E+00 6.94418651948E+35
 1.18112702879E+12 1.54620931073E+30 1.01113253209E+00 6.98432346295E+35
 1.18796382727E+12 1.55176411811E+30 1.01113780021E+00 7.02469239533E+35
 1.19484017778E+12 1.55733888131E+30 1.01114305687E+00 7.06529465749E+35
 1.20175630906E+12 1.56293367204E+30 1.01114830209E+00 7.10613159807E+35
 1.20871245118E+12 1.56854856223E+30 1.01115353591E+00 7.14720457349E+35
 1.21570883551E+12 1.57418362410E+30 1.01115875835E+00 7.18851494802E+35
 1.22274569479E+12 1.57983893011E+30 1.01116396943E+00 7.23006409381E+35
 1.22982326310E+12 1.58551455300E+30 1.01116916917E+00 7.27185339095E+35
 1.23694177585E+12 1.59121056574E+30 1.01117435761E+00 7.31388422748E+35
 1.24410146983E+12 1.59692704160E+30 1.01117953476E+00 7.35615799950E+35
 1.25130258321E+12 1.60266405408E+30 1.01118470065E+00 7.39867611116E+35
 1.25854535551E+12 1.60842167697E+30 1.01118985531E+00 7.44143997471E+35
 1.26583002765E+12 1.61419998430E+30 1.01119499876E+00 7.48445101060E+35
 1.27315684195E+12 1.61999905039E+30 1.01120013102E+00 7.52771064746E+35
 1.28052604212E+12 1.62581894982E+30 1.01120525212E+00 7.57122032219E+35
 1.28793787328E+12 1.63165975742E+30 1.01121036208E+00 7.61498147999E+35
 1.29539258197E+12 1.63752154832E+30 1.01121546093E+00 7.65899557442E+35
 1.30289041615E+12 1.64340439789E+30 1.01122054869E+00 7.70326406743E+35
 1.31043162522E+12 1.64930838179E+30 1.01122562538E+00 7.74778842943E+35
 1.31801646002E+12 1.65523357594E+30 1.01123069104E+00 7.79257013933E+35
 1.32564517284E+12 1.66118005655E+30 1.01123574568E+00 7.83761068458E+35
 1.33331801744E+12 1.66714790009E+30 1.01124078932E+00 7.88291156124E+35
 1.34103524902E+12 1.67313718329E+30 1.01124582199E+00 7.92847427399E+35
 1.34879712429E+12 1.67914798319E+30 1.01125084372E+00 7.97430033625E+35
 1.35660390141E+12 1.68518037709E+30 1.01125585453E+00 8.02039127014E+35
 1.36445584005E+12 1.69123444256E+30 1.01126085444E+00 8.06674860661E+35
 1.37235320139E+12 1.69731025745E+30 1.01126584348E+00 8.11337388546E+35
 1.38029624811E+12 1.70340789991E+30 1.01127082166E+00 8.16026865536E+35
 1.38828524440E+12 1.70952744835E+30 1.01127578902E+00 8.20743447396E+35
 1.39632045599E+12 1.71566898146E+30 1.01128074558E+00 8.25487290791E+35
 1.40440215014E+12 1.72183257824E+30 1.01128569136E+00 8.30258553290E+35
 1.41253059567E+12 1.72801831793E+30 1.01129062638E+00 8.35057393373E+35
 1.42070606293E+12 1.73422628010E+30 1.01129555066E+00 8.39883970439E+35
 1.42892882386E+12 1.74045654458E+30 1.01130046424E+00 8.44738444803E+35
 1.43719915194E+12 1.74670919148E+30 1.01130536713E+00 8.49620977712E+35
 1.44551732226E+12 1.75298430122E+30 1.01131025936E+00 8.54531731342E+35
 1.45388361149E+12 1.75928195450E+30 1.01131514095E+00 8.59470868805E+35
 1.46229829789E+12 1.76560223230E+30 1.01132001192E+00 8.64438554160E+35
 1.47076166135E+12 1.77194521590E+30 1.01132487230E+00 8.69434952412E+35
 1.47927398337E+12 1.77831098688E+30 1.01132972211E+00 8.74460229517E+35
 1.48783554706E+12 1.78469962710E+30 1.01133456137E+00 8.79514552396E+35
 1.49644663718E+12 1.79111121872E+30 1.01133939011E+00 8.84598088930E+35
 1.50510754015E+12 1.79754584420E+30 1.01134420834E+00 8.89711007972E+35
 1.51381854403E+12 1.80400358627E+30 1.01134901610E+00 8.94853479352E+35
 1.52257993854E+12 1.81048452799E+30 1.01135381340E+00 9.00025673880E+35
 1.53139201510E+12 1.81698875271E+30 1.01135860027E+00 9.05227763353E+35
 1.54025506678E+12 1.82351634406E+30 1.01136337672E+00 9.10459920563E+35
 1.54916938838E+12 1.83006738601E+30 1.01136814279E+00 9.15722319299E+35
 1.55813527638E+12 1.83664196278E+30 1.01137289849E+00 9.21015134355E+35
 1.56715302898E+12 1.84324015893E+30 1.01137764385E+00 9.26338541536E+35
 1.57622294611E+12 1.84986205932E+30 1.01138237889E+00 9.31692717662E+35
 1.58534532943E+12 1.85650774911E+30 1.01138710363E+00 9.37077840575E+35
 1.59452048234E+12 1.86317731375E+30 1.01139181810E+00 9.42494089147E+35
 1.60374871001E+12 1.86987083901E+30 1.01139652231E+00 9.47941643280E+35
 1.61303031935E+12 1.87658841099E+30 1.01140121629E+00 9.53420683919E+35
 1.62236561906E+12 1.88333011606E+30 1.01140590006E+00 9.58931393055E+35
 1.63175491963E+12 1.89009604093E+30 1.01141057365E+00 9.64473953729E+35
 1.64119853334E+12 1.89688627260E+30 1.01141523707E+00 9.70048550041E+35
 1.65069677425E+12 1.90370089841E+30 1.01141989035E+00 9.75655367154E+35
 1.66024995828E+12 1.91054000597E+30 1.01142453351E+00 9.81294591303E+35
 1.66985840316E+12 1.91740368326E+30 1.01142916658E+00 9.86966409799E+35
 1.67952242843E+12 1.92429201853E+30 1.01143378956E+00 9.92671011034E+35
 1.68924235552E+12 1.93120510037E+30 1.01143840249E+00 9.98408584491E+35
 1.69901850768E+12 1.93814301768E+30 1.01144300539E+00 1.00417932075E+36
 1.70885121006E+12 1.94510585968E+30 1.01144759828E+00 1.00998341148E+36
 1.71874078968E+12 1.95209371592E+30 1.01145218118E+00 1.01582104948E+36
 1.72868757544E+12 1.95910667627E+30 1.01145675411E+00 1.02169242864E+36
 1.73869189816E+12 1.96614483090E+30 1.01146131710E+00 1.02759774399E+36
 1.74875409054E+12 1.97320827033E+30 1.01146587017E+00 1.03353719168E+36
 1.75887448725E+12 1.98029708540E+30 1.01147041333E+00 1.03951096899E+36
 1.76905342486E+12 1.98741136727E+30 1.01147494661E+00 1.04551927433E+36
 1.77929124189E+12 1.99455120743E+30 1.01147947003E+00 1.05156230729E+36
 1.78958827884E+12 2.00171669769E+30 1.01148398362E+00 1.05764026859E+36
 1.79994487815E+12 2.00890793021E+30 1.01148848738E+00 1.06375336010E+36
 1.81036138426E+12 2.01612499748E+30 1.01149298136E+00 1.06990178488E+36
 1.82083814358E+12 2.02336799229E+30 1.01149746556E+00 1.07608574715E+36
 1.83137550456E+12 2.03063700779E+30 1.01150194000E+00 1.08230545232E+36
 1.84197381762E+12 2.03793213747E+30 1.01150640472E+00 1.08856110698E+36
 1.85263343523E+12 2.04525347515E+30 1.01151085973E+00 1.09485291892E+36
 1.86335471191E+12 2.05260111496E+30 1.01151530504E+00 1.10118109711E+36
 1.87413800420E+12 2.05997515141E+30 1.01151974069E+00 1.10754585176E+36
 1.88498367072E+12 2.06737567933E+30 1.01152416669E+00 1.11394739428E+36
 1.89589207216E+12 2.07480279389E+30 1.01152858307E+00 1.12038593729E+36
 1.90686357130E+12 2.08225659060E+30 1.01153298984E+00 1.12686169466E+36
 1.91789853301E+12 2.08973716531E+30 1.01153738703E+00 1.13337488148E+36
 1.92899732427E+12 2.09724461424E+30 1.01154177466E+00 1.13992571410E+36
 1.94016031418E+12 2.10477903392E+30 1.01154615274E+00 1.14651441010E+36
 1.95138787398E+12 2.11234052125E+30 1.01155052130E+00 1.15314118833E+36
 1.96268037706E+12 2.11992917346E+30 1.01155488036E+00 1.15980626891E+36
 1.97403819896E+12 2.12754508816E+30 1.01155922994E+00 1.16650987322E+36
 1.98546171739E+12 2.13518836328E+30 1.01156357006E+00 1.17325222392E+36
 1.99695131226E+12 2.14285909712E+30 1.01156790074E+00 1.18003354496E+36
 2.00850736565E+12 2.15055738832E+30 1.01157222200E+00 1.18685406160E+36
 2.02013026186E+12 2.15828333587E+30 1.01157653387E+00 1.19371400037E+36
 2.03182038744E+12 2.16603703915E+30 1.01158083635E+00 1.20061358915E+36
 2.04357813112E+12 2.17381859786E+30 1.01158512948E+00 1.20755305709E+36
 2.05540388393E+12 2.18162811208E+30 1.01158941327E+00 1.21453263471E+36
 2.06729803913E+12 2.18946568222E+30 1.01159368775E+00 1.22155255383E+36
 2.07926099226E+12 2.19733140910E+30 1.01159795293E+00 1.22861304762E+36
 2.09129314115E+12 2.20522539385E+30 1.01160220884E+00 1.23571435060E+36
 2.10339488594E+12 2.21314773800E+30 1.01160645548E+00 1.24285669865E+36
 2.11556662905E+12 2.22109854344E+30 1.01161069290E+00 1.25004032900E+36
 2.12780877527E+12 2.22907791240E+30 1.01161492109E+00 1.25726548026E+36
 2.14012173170E+12 2.23708594750E+30 1.01161914009E+00 1.26453239243E+36
 2.15250590781E+12 2.24512275173E+30 1.01162334992E+00 1.27184130688E+36
 2.16496171541E+12 2.25318842844E+30 1.01162755059E+00 1.27919246637E+36
 2.17748956874E+12 2.26128308136E+30 1.01163174212E+00 1.28658611508E+36
 2.19008988439E+12 2.26940681458E+30 1.01163592454E+00 1.29402249859E+36
 2.20276308137E+12 2.27755973258E+30 1.01164009786E+00 1.30150186392E+36
 2.21550958113E+12 2.28574194021E+30 1.01164426211E+00 1.30902445949E+36
 2.22832980754E+12 2.29395354268E+30 1.01164841730E+00 1.31659053517E+36
 2.24122418692E+12 2.30219464560E+30 1.01165256345E+00 1.32420034227E+36
 2.25419314807E+12 2.31046535495E+30 1.01165670059E+00 1.33185413356E+36
 2.26723712224E+12 2.31876577709E+30 1.01166082872E+00 1.33955216326E+36
 2.28035654321E+12 2.32709601878E+30 1.01166494788E+00 1.34729468706E+36
 2.29355184724E+12 2.33545618712E+30 1.01166905809E+00 1.35508196215E+36
 2.30682347313E+12 2.34384638965E+30 1.01167315935E+00 1.36291424718E+36
 2.32017186220E+12 2.35226673425E+30 1.01167725169E+00 1.37079180230E+36
 2.33359745833E+12 2.36071732921E+30 1.01168133513E+00 1.37871488918E+36
 2.34710070797E+12 2.36919828321E+30 1.01168540969E+00 1.38668377098E+36
 2.36068206015E+12 2.37770970532E+30 1.01168947540E+00 1.39469871239E+36
 2.37434196649E+12 2.38625170499E+30 1.01169353225E+00 1.40275997964E+36
 2.38808088123E+12 2.39482439206E+30 1.01169758029E+00 1.41086784049E+36
 2.40189926123E+12 2.40342787680E+30 1.01170161952E+00 1.41902256425E+36
 2.41579756599E+12 2.41206226984E+30 1.01170564997E+00 1.42722442177E+36
 2.42977625767E+12 2.42072768221E+30 1.01170967165E+00 1.43547368549E+36
 2.44383580109E+12 2.42942422537E+30 1.01171368458E+00 1.44377062942E+36
 2.45797666379E+12 2.43815201113E+30 1.01171768879E+00 1.45211552914E+36
 2.47219931598E+12 2.44691115175E+30 1.01172168429E+00 1.46050866183E+36
 2.48650423059E+12 2.45570175987E+30 1.01172567110E+00 1.46895030628E+36
 2.50089188332E+12 2.46452394854E+30 1.01172964924E+00 1.47744074288E+36
 2.51536275256E+12 2.47337783121E+30 1.01173361872E+00 1.48598025366E+36
 2.52991731953E+12 2.48226352174E+30 1.01173757958E+00 1.49456912224E+36
 2.54455606819E+12 2.49118113440E+30 1.01174153182E+00 1.50320763392E+36
 2.55927948531E+12 2.50013078388E+30 1.01174547546E+00 1.51189607564E+36
 2.57408806048E+12 2.50911258526E+30 1.01174941053E+00 1.52063473597E+36
 2.58898228610E+12 2.51812665406E+30 1.01175333704E+00 1.52942390520E+36
 2.60396265745E+12 2.52717310619E+30 1.01175725501E+00 1.53826387524E+36
 2.61902967265E+12 2.53625205800E+30 1.01176116446E+00 1.54715493974E+36
 2.63418383270E+12 2.54536362624E+30 1.01176506540E+00 1.55609739400E+36
 2.64942564151E+12 2.55450792809E+30 1.01176895786E+00 1.56509153507E+36
 2.66475561738E+12 2.56992750182E+30 1.01177548057E+00 1.57413766168E+36
 2.68017432245E+12 2.59010397347E+30 1.01178397066E+00 1.58323607431E+36
 2.69568227688E+12 2.61043885036E+30 1.01179247823E+00 1.59238707517E+36
 2.71127999757E+12 2.63093337615E+30 1.01180100332E+00 1.60159096821E+36
 2.72696800437E+12 2.65158880422E+30 1.01180954596E+00 1.61084805916E+36
 2.74274682018E+12 2.67240639783E+30 1.01181810620E+00 1.62015865549E+36
 2.75861697092E+12 2.69338743012E+30 1.01182668406E+00 1.62952306645E+36
 2.77457898555E+12 2.71453318426E+30 1.01183527959E+00 1.63894160309E+36
 2.79063339610E+12 2.73584495348E+30 1.01184389281E+00 1.64841457826E+36
 2.80678073769E+12 2.75732404116E+30 1.01185252378E+00 1.65794230661E+36
 2.82302154853E+12 2.77897176091E+30 1.01186117251E+00 1.66752510460E+36
 2.83935636995E+12 2.80078943666E+30 1.01186983905E+00 1.67716329054E+36
 2.85578574643E+12 2.82277840274E+30 1.01187852344E+00 1.68685718456E+36
 2.87231022560E+12 2.84494000394E+30 1.01188722571E+00 1.69660710865E+36
 2.88893035826E+12 2.86727559562E+30 1.01189594590E+00 1.70641338667E+36
 2.90564669840E+12 2.88978654377E+30 1.01190468405E+00 1.71627634433E+36
 2.92245980323E+12 2.91247422513E+30 1.01191344019E+00 1.72619630924E+36
 2.93937023318E+12 2.93534002721E+30 1.01192221436E+00 1.73617361090E+36
 2.95637855193E+12 2.95838534845E+30 1.01193100659E+00 1.74620858071E+36
 2.97348532644E+12 2.98161159824E+30 1.01193981694E+00 1.75630155199E+36
 2.99069112694E+12 3.00502019705E+30 1.01194864542E+00 1.76645285998E+36
 3.00799652697E+12 3.02861257651E+30 1.01195749208E+00 1.77666284187E+36
 3.02540210340E+12 3.05239017947E+30 1.01196635696E+00 1.78693183678E+36
 3.04290843644E+12 3.07635446013E+30 1.01197524010E+00 1.79726018581E+36
 3.06051610965E+12 3.10050688407E+30 1.01198414152E+00 1.80764823203E+36
 3.07822570999E+12 3.12484892843E+30 1.01199306128E+00 1.81809632047E+36
 3.09603782783E+12 3.14938208190E+30 1.01200199940E+00 1.82860479818E+36
 3.11395305693E+12 3.17410784487E+30 1.01201095592E+00 1.83917401420E+36
 3.13197199451E+12 3.19902772954E+30 1.01201993089E+00 1.84980431959E+36
 3.15009524127E+12 3.22414325993E+30 1.01202892434E+00 1.86049606746E+36
 3.16832340136E+12 3.24945597207E+30 1.01203793631E+00 1.87124961293E+36
 3.18665708244E+12 3.27496741402E+30 1.01204696684E+00 1.88206531319E+36
 3.20509689571E+12 3.30067914602E+30 1.01205601596E+00 1.89294352749E+36
 3.22364345589E+12 3.32659274053E+30 1.01206508372E+00 1.90388461715E+36
 3.24229738128E+12 3.35270978238E+30 1.01207417014E+00 1.91488894560E+36
 3.26105929375E+12 3.37903186882E+30 1.01208327528E+00 1.92595687834E+36
 3.27992981879E+12 3.40556060967E+30 1.01209239917E+00 1.93708878301E+36
 3.29890958551E+12 3.43229762736E+30 1.01210154184E+00 1.94828502936E+36
 3.31799922666E+12 3.45924455708E+30 1.01211070334E+00 1.95954598929E+36
 3.33719937866E+12 3.48640304683E+30 1.01211988371E+00 1.97087203682E+36
 3.35651068162E+12 3.51377475758E+30 1.01212908297E+00 1.98226354816E+36
 3.37593377937E+12 3.54136136332E+30 1.01213830119E+00 1.99372090170E+36
 3.39546931945E+12 3.56916455118E+30 1.01214753838E+00 2.00524447799E+36
 3.41511795318E+12 3.59718602156E+30 1.01215679459E+00 2.01683465980E+36
 3.43488033564E+12 3.62542748819E+30 1.01216606987E+00 2.02849183209E+36
 3.45475712572E+12 3.65389067825E+30 1.01217536424E+00 2.04021638209E+36
 3.47474898610E+12 3.68257733249E+30 1.01218467775E+00 2.05200869921E+36
 3.49485658333E+12 3.71148920533E+30 1.01219401044E+00 2.06386917515E+36
 3.51508058783E+12 3.74062806495E+30 1.01220336235E+00 2.07579820387E+36
 3.53542167387E+12 3.76999569343E+30 1.01221273351E+00 2.08779618159E+36
 3.55588051966E+12 3.79959388683E+30 1.01222212397E+00 2.09986350684E+36
 3.57645780733E+12 3.82942445530E+30 1.01223153377E+00 2.11200058044E+36
 3.59715422297E+12 3.85948922324E+30 1.01224096294E+00 2.12420780553E+36
 3.61797045665E+12 3.88979002932E+30 1.01225041153E+00 2.13648558758E+36
 3.63890720242E+12 3.92032872669E+30 1.01225987957E+00 2.14883433441E+36
 3.65996515837E+12 3.95110718303E+30 1.01226936712E+00 2.16125445618E+36
 3.68114502665E+12 3.98212728067E+30 1.01227887419E+00 2.17374636545E+36
 3.70244751345E+12 4.01339091675E+30 1.01228840085E+00 2.18631047713E+36
 3.72387332908E+12 4.04490000329E+30 1.01229794712E+00 2.19894720856E+36
 3.74542318794E+12 4.07665646730E+30 1.01230751305E+00 2.21165697947E+36
 3.76709780861E+12 4.10866225095E+30 1.01231709867E+00 2.22444021202E+36
 3.78889791380E+12 4.14091931165E+30 1.01232670404E+00 2.23729733082E+36
 3.81082423044E+12 4.17342962216E+30 1.01233632918E+00 2.25022876292E+36
 3.83287748964E+12 4.20619517076E+30 1.01234597414E+00 2.26323493786E+36
 3.85505842677E+12 4.23921796130E+30 1.01235563897E+00 2.27631628763E+36
 3.87736778148E+12 4.27250001340E+30 1.01236532369E+00 2.28947324675E+36
 3.89980629767E+12 4.30604336251E+30 1.01237502836E+00 2.30270625223E+36
 3.92237472358E+12 4.33985006007E+30 1.01238475301E+00 2.31601574362E+36
 3.94507381178E+12 4.37392217363E+30 1.01239449768E+00 2.32940216300E+36
 3.96790431920E+12 4.40826178697E+30 1.01240426242E+00 2.34286595500E+36
 3.99086700716E+12 4.44287100022E+30 1.01241404727E+00 2.35640756684E+36
 4.01396264140E+12 4.47775193002E+30 1.01242385227E+00 2.37002744831E+36
 4.03719199209E+12 4.51290670959E+30 1.01243367745E+00 2.38372605181E+36
 4.06055583388E+12 4.54833748895E+30 1.01244352287E+00 2.39750383233E+36
 4.08405494589E+12 4.58404643495E+30 1.01245338856E+00 2.41136124753E+36
 4.10769011178E+12 4.62003573148E+30 1.01246327457E+00 2.42529875767E+36
 4.13146211973E+12 4.65630757956E+30 1.01247318093E+00 2.43931682572E+36
 4.15537176252E+12 4.69286419752E+30 1.01248310769E+00 2.45341591727E+36
 4.17941983749E+12 4.72970782107E+30 1.01249305489E+00 2.46759650066E+36
 4.20360714663E+12 4.76684070349E+30 1.01250302258E+00 2.48185904689E+36
 4.22793449657E+12 4.80426511574E+30 1.01251301079E+00 2.49620402970E+36
 4.25240269862E+12 4.84198334664E+30 1.01252301957E+00 2.51063192557E+36
 4.27701256880E+12 4.87999770293E+30 1.01253304895E+00 2.52514321374E+36
 4.30176492785E+12 4.91831050951E+30 1.01254309899E+00 2.53973837620E+36
 4.32666060126E+12 4.95692410949E+30 1.01255316972E+00 2.55441789775E+36
 4.35170041934E+12 4.99584086441E+30 1.01256326119E+00 2.56918226597E+36
 4.37688521718E+12 5.03506315433E+30 1.01257337344E+00 2.58403197127E+36
 4.40221583474E+12 5.07459337801E+30 1.01258350652E+00 2.59896750690E+36
 4.42769311682E+12 5.11443395302E+30 1.01259366046E+00 2.61398936894E+36
 4.45331791314E+12 5.15458731593E+30 1.01260383530E+00 2.62909805637E+36
 4.47909107835E+12 5.19505592244E+30 1.01261403110E+00 2.64429407101E+36
 4.50501347204E+12 5.23584224752E+30 1.01262424790E+00 2.65957791763E+36
 4.53108595879E+12 5.27694878558E+30 1.01263448573E+00 2.67495010388E+36
 4.55730940821E+12 5.31837805060E+30 1.01264474464E+00 2.69041114036E+36
 4.58368469492E+12 5.36013257630E+30 1.01265502468E+00 2.70596154062E+36
 4.61021269864E+12 5.40221491632E+30 1.01266532588E+00 2.72160182117E+36
 4.63689430417E+12 5.44462764431E+30 1.01267564830E+00 2.73733250153E+36
 4.66373040147E+12 5.48737335415E+30 1.01268599197E+00 2.75315410418E+36
 4.69072188563E+12 5.53045466007E+30 1.01269635694E+00 2.76906715466E+36
 4.71786965694E+12 5.57387419683E+30 1.01270674326E+00 2.78507218154E+36
 4.74517462093E+12 5.61763461988E+30 1.01271715096E+00 2.80116971642E+36
 4.77263768834E+12 5.66173860552E+30 1.01272758009E+00 2.81736029399E+36
 4.80025977523E+12 5.70618885105E+30 1.01273803070E+00 2.83364445205E+36
 4.82804180295E+12 5.75098807495E+30 1.01274850283E+00 2.85002273147E+36
 4.85598469821E+12 5.79613901705E+30 1.01275899652E+00 2.86649567628E+36
 4.88408939308E+12 5.84164443868E+30 1.01276951182E+00 2.88306383363E+36
 4.91235682505E+12 5.88750712286E+30 1.01278004877E+00 2.89972775384E+36
 4.94078793701E+12 5.93372987446E+30 1.01279060742E+00 2.91648799043E+36
 4.96938367737E+12 5.98031552035E+30 1.01280118781E+00 2.93334510008E+36
 4.99814500000E+12 6.02726690962E+30 1.01281178999E+00 2.95029964272E+36
 5.02707286433E+12 6.07458691372E+30 1.01282241400E+00 2.96735218151E+36
 5.05616823532E+12 6.12227842663E+30 1.01283305988E+00 2.98450328285E+36
 5.08543208356E+12 6.17034436506E+30 1.01284372769E+00 3.00175351644E+36
 5.11486538526E+12 6.21878766863E+30 1.01285441746E+00 3.01910345525E+36
 5.14446912227E+12 6.26761130003E+30 1.01286512925E+00 3.03655367558E+36
 5.17424428216E+12 6.31681824521E+30 1.01287586309E+00 3.05410475703E+36
 5.20419185822E+12 6.36641151355E+30 1.01288661904E+00 3.07175728258E+36
 5.23431284949E+12 6.41639413808E+30 1.01289739713E+00 3.08951183858E+36
 5.26460826082E+12 6.46676917563E+30 1.01290819742E+00 3.10736901474E+36
 5.29507910287E+12 6.51753970703E+30 1.01291901994E+00 3.12532940422E+36
 5.32572639219E+12 6.56870883729E+30 1.01292986475E+00 3.14339360357E+36
 5.35655115119E+12 6.62027969582E+30 1.01294073190E+00 3.16156221281E+36
 5.38755440823E+12 6.67225543656E+30 1.01295162142E+00 3.17983583543E+36
 5.41873719764E+12 6.72463923826E+30 1.01296253336E+00 3.19821507838E+36
 5.45010055973E+12 6.77743430459E+30 1.01297346777E+00 3.21670055216E+36
 5.48164554085E+12 6.83064386439E+30 1.01298442470E+00 3.23529287076E+36
 5.51337319344E+12 6.88427117184E+30 1.01299540419E+00 3.25399265175E+36
 5.54528457601E+12 6.93831950667E+30 1.01300640629E+00 3.27280051625E+36
 5.57738075323E+12 6.99279217436E+30 1.01301743104E+00 3.29171708898E+36
 5.60966279594E+12 7.04769250635E+30 1.01302847850E+00 3.31074299825E+36
 5.64213178120E+12 7.10302386022E+30 1.01303954870E+00 3.32987887604E+36
 5.67478879229E+12 7.15878961993E+30 1.01305064170E+00 3.34912535795E+36
 5.70763491881E+12 7.21499319598E+30 1.01306175754E+00 3.36848308326E+36
 5.74067125665E+12 7.27163802566E+30 1.01307289627E+00 3.38795269496E+36
 5.77389890808E+12 7.32872757327E+30 1.01308405794E+00 3.40753483974E+36
 5.80731898174E+12 7.38626533026E+30 1.01309524259E+00 3.42723016803E+36
 5.84093259271E+12 7.44425481553E+30 1.01310645027E+00 3.44703933403E+36
 5.87474086255E+12 7.50269957559E+30 1.01311768103E+00 3.46696299572E+36
 5.90874491931E+12 7.56160318480E+30 1.01312893491E+00 3.48700181486E+36
 5.94294589758E+12 7.62096924557E+30 1.01314021197E+00 3.50715645707E+36
 5.97734493856E+12 7.68080138862E+30 1.01315151225E+00 3.52742759179E+36
 6.01194319002E+12 7.74110327314E+30 1.01316283580E+00 3.54781589234E+36
 6.04674180644E+12 7.80187858707E+30 1.01317418267E+00 3.56832203594E+36
 6.08174194896E+12 7.86313104730E+30 1.01318555290E+00 3.58894670370E+36
 6.11694478548E+12 7.92486439990E+30 1.01319694654E+00 3.60969058069E+36
 6.15235149065E+12 7.98708242035E+30 1.01320836365E+00 3.63055435593E+36
 6.18796324595E+12 8.04978891378E+30 1.01321980426E+00 3.65153872243E+36
 6.22378123971E+12 8.11298771517E+30 1.01323126843E+00 3.67264437719E+36
 6.25980666716E+12 8.17668268964E+30 1.01324275621E+00 3.69387202125E+36
 6.29604073045E+12 8.24087773262E+30 1.01325426765E+00 3.71522235971E+36
 6.33248463872E+12 8.30557677016E+30 1.01326580279E+00 3.73669610173E+36
 6.36913960810E+12 8.37078375911E+30 1.01327736168E+00 3.75829396057E+36
 6.40600686179E+12 8.43650268739E+30 1.01328894437E+00 3.78001665361E+36
 6.44308763009E+12 8.50273757423E+30 1.01330055091E+00 3.80186490241E+36
 6.48038315044E+12 8.56949247042E+30 1.01331218135E+00 3.82383943265E+36
 6.51789466743E+12 8.63677145853E+30 1.01332383574E+00 3.84594097423E+36
 6.55562343291E+12 8.70457865322E+30 1.01333551413E+00 3.86817026129E+36
 6.59357070596E+12 8.77291820143E+30 1.01334721657E+00 3.89052803216E+36
 6.63173775298E+12 8.84179428265E+30 1.01335894310E+00 3.91301502949E+36
 6.67012584771E+12 8.91121110920E+30 1.01337069378E+00 3.93563200018E+36
 6.70873627129E+12 8.98117292647E+30 1.01338246866E+00 3.95837969549E+36
 6.74757031228E+12 9.05168401318E+30 1.01339426778E+00 3.98125887099E+36
 6.78662926672E+12 9.12274868162E+30 1.01340609120E+00 4.00427028662E+36
 6.82591443817E+12 9.19437127798E+30 1.01341793897E+00 4.02741470674E+36
 6.86542713775E+12 9.26655618252E+30 1.01342981113E+00 4.05069290008E+36
 6.90516868419E+12 9.33930780993E+30 1.01344170774E+00 4.07410563986E+36
 6.94514040386E+12 9.41263060954E+30 1.01345362885E+00 4.09765370374E+36
 6.98534363085E+12 9.48652906561E+30 1.01346557450E+00 4.12133787388E+36
 7.02577970697E+12 9.56100769763E+30 1.01347754475E+00 4.14515893699E+36
 7.06644998181E+12 9.63607106054E+30 1.01348953965E+00 4.16911768427E+36
 7.10735581280E+12 9.71172374506E+30 1.01350155925E+00 4.19321491155E+36
 7.14849856525E+12 9.78797037795E+30 1.01351360360E+00 4.21745141922E+36
 7.18987961238E+12 9.86481562229E+30 1.01352567275E+00 4.24182801232E+36
 7.23150033538E+12 9.94226417777E+30 1.01353776675E+00 4.26634550054E+36
 7.27336212347E+12 1.00203207810E+31 1.01354988566E+00 4.29100469823E+36
 7.31546637390E+12 1.00989902057E+31 1.01356202952E+00 4.31580642446E+36
 7.35781449205E+12 1.01782772632E+31 1.01357419838E+00 4.34075150306E+36
 7.40040789144E+12 1.02581868024E+31 1.01358639231E+00 4.36584076257E+36
 7.44324799381E+12 1.03387237106E+31 1.01359861134E+00 4.39107503636E+36
 7.48633622914E+12 1.04198929131E+31 1.01361085553E+00 4.41645516260E+36
 7.52967403568E+12 1.05016993741E+31 1.01362312494E+00 4.44198198431E+36
 7.57326286008E+12 1.05841480967E+31 1.01363541961E+00 4.46765634938E+36
 7.61710415733E+12 1.06672441232E+31 1.01364773960E+00 4.49347911059E+36
 7.66119939090E+12 1.07509925358E+31 1.01366008496E+00 4.51945112568E+36
 7.70555003274E+12 1.08353984561E+31 1.01367245573E+00 4.54557325731E+36
 7.75015756332E+12 1.09204670464E+31 1.01368485198E+00 4.57184637316E+36
 7.79502347173E+12 1.10062035093E+31 1.01369727376E+00 4.59827134589E+36
 7.84014925569E+12 1.10926130881E+31 1.01370972112E+00 4.62484905324E+36
 7.88553642161E+12 1.11797010675E+31 1.01372219410E+00 4.65158037799E+36
 7.93118648463E+12 1.12674727737E+31 1.01373469277E+00 4.67846620805E+36
 7.97710096871E+12 1.13559335746E+31 1.01374721718E+00 4.70550743645E+36
 8.02328140662E+12 1.14450888802E+31 1.01375976737E+00 4.73270496138E+36
 8.06972934005E+12 1.15349441431E+31 1.01377234341E+00 4.76005968622E+36
 8.11644631961E+12 1.16255048586E+31 1.01378494535E+00 4.78757251958E+36
 8.16343390494E+12 1.17167765653E+31 1.01379757323E+00 4.81524437532E+36
 8.21069366471E+12 1.18087648451E+31 1.01381022712E+00 4.84307617257E+36
 8.25822717670E+12 1.19014753239E+31 1.01382290706E+00 4.87106883579E+36
 8.30603602783E+12 1.19949136715E+31 1.01383561311E+00 4.89922329477E+36
 8.35412181425E+12 1.20890856026E+31 1.01384834533E+00 4.92754048468E+36
 8.40248614137E+12 1.21839968765E+31 1.01386110377E+00 4.95602134609E+36
 8.45113062390E+12 1.22796532977E+31 1.01387388847E+00 4.98466682501E+36
 8.50005688593E+12 1.23760607163E+31 1.01388669950E+00 5.01347787293E+36
 8.54926656099E+12 1.24732250285E+31 1.01389953691E+00 5.04245544682E+36
 8.59876129206E+12 1.25711521767E+31 1.01391240076E+00 5.07160050919E+36
 8.64854273167E+12 1.26698481497E+31 1.01392529109E+00 5.10091402812E+36
 8.69861254195E+12 1.27693189837E+31 1.01393820797E+00 5.13039697726E+36
 8.74897239467E+12 1.28695707621E+31 1.01395115145E+00 5.16005033592E+36
 8.79962397128E+12 1.29706096161E+31 1.01396412158E+00 5.18987508905E+36
 8.85056896302E+12 1.30724417250E+31 1.01397711841E+00 5.21987222730E+36
 8.90180907093E+12 1.31750733166E+31 1.01399014201E+00 5.25004274705E+36
 8.95334600593E+12 1.32785106676E+31 1.01400319242E+00 5.28038765042E+36
 9.00518148885E+12 1.33827601042E+31 1.01401626971E+00 5.31090794535E+36
 9.05731725052E+12 1.34878280018E+31 1.01402937393E+00 5.34160464559E+36
 9.10975503183E+12 1.35937207864E+31 1.01404250513E+00 5.37247877074E+36
 9.16249658375E+12 1.37004449340E+31 1.01405566337E+00 5.40353134632E+36
 9.21554366742E+12 1.38080069717E+31 1.01406884870E+00 5.43476340375E+36
 9.26889805421E+12 1.39164134777E+31 1.01408206118E+00 5.46617598043E+36
 9.32256152576E+12 1.40256710819E+31 1.01409530088E+00 5.49777011974E+36
 9.37653587405E+12 1.41357864664E+31 1.01410856783E+00 5.52954687111E+36
 9.43082290147E+12 1.42467663655E+31 1.01412186210E+00 5.56150729003E+36
 9.48542442088E+12 1.43586175665E+31 1.01413518375E+00 5.59365243807E+36
 9.54034225562E+12 1.44713469100E+31 1.01414853283E+00 5.62598338297E+36
 9.59557823966E+12 1.45849612904E+31 1.01416190939E+00 5.65850119860E+36
 9.65113421760E+12 1.46994676559E+31 1.01417531350E+00 5.69120696509E+36
 9.70701204472E+12 1.48148730096E+31 1.01418874521E+00 5.72410176876E+36
 9.76321358712E+12 1.49311844095E+31 1.01420220458E+00 5.75718670225E+36
 9.81974072168E+12 1.50484089688E+31 1.01421569167E+00 5.79046286448E+36
 9.87659533622E+12 1.51665538568E+31 1.01422920653E+00 5.82393136076E+36
 9.93377932947E+12 1.52856262990E+31 1.01424274921E+00 5.85759330275E+36
 9.99129461122E+12 1.54056335776E+31 1.01425631978E+00 5.89144980856E+36
 1.00491431023E+13 1.55265830319E+31 1.01426991830E+00 5.92550200276E+36
 1.01073267348E+13 1.56484820591E+31 1.01428354482E+00 5.95975101642E+36
 1.01658474519E+13 1.57713381141E+31 1.01429719939E+00 5.99419798713E+36
 1.02247072080E+13 1.58951587106E+31 1.01431088209E+00 6.02884405907E+36
 1.02839079692E+13 1.60199514212E+31 1.01432459295E+00 6.06369038305E+36
 1.03434517125E+13 1.61457238780E+31 1.01433833205E+00 6.09873811649E+36
 1.04033404268E+13 1.62724837729E+31 1.01435209945E+00 6.13398842354E+36
 1.04635761123E+13 1.64002388583E+31 1.01436589519E+00 6.16944247506E+36
 1.05241607810E+13 1.65289969474E+31 1.01437971934E+00 6.20510144867E+36
 1.05850964564E+13 1.66587659149E+31 1.01439357195E+00 6.24096652882E+36
 1.06463851738E+13 1.67895536970E+31 1.01440745309E+00 6.27703890678E+36
 1.07080289804E+13 1.69213682925E+31 1.01442136281E+00 6.31331978072E+36
 1.07700299351E+13 1.70542177629E+31 1.01443530118E+00 6.34981035574E+36
 1.08323901091E+13 1.71881102329E+31 1.01444926824E+00 6.38651184390E+36
 1.08951115852E+13 1.73230538913E+31 1.01446326407E+00 6.42342546425E+36
 1.09581964585E+13 1.74590569908E+31 1.01447728871E+00 6.46055244292E+36
 1.10216468364E+13 1.75961278490E+31 1.01449134224E+00 6.49789401308E+36
 1.10854648383E+13 1.77342748490E+31 1.01450542470E+00 6.53545141509E+36
 1.11496525959E+13 1.78735064396E+31 1.01451953616E+00 6.57322589641E+36
 1.12142122535E+13 1.80138311358E+31 1.01453367668E+00 6.61121871176E+36
 1.12791459676E+13 1.81552575196E+31 1.01454784632E+00 6.64943112310E+36
 1.13444559075E+13 1.82977942403E+31 1.01456204513E+00 6.68786439968E+36
 1.14101442547E+13 1.84414500152E+31 1.01457627318E+00 6.72651981808E+36
 1.14762132038E+13 1.85862336299E+31 1.01459053053E+00 6.76539866226E+36
 1.15426649619E+13 1.87321539392E+31 1.01460481724E+00 6.80450222362E+36
 1.16095017488E+13 1.88792198671E+31 1.01461913336E+00 6.84383180101E+36
 1.16767257975E+13 1.90274404080E+31 1.01463347897E+00 6.88338870078E+36
 1.17443393538E+13 1.91768246267E+31 1.01464785411E+00 6.92317423683E+36
 1.18123446764E+13 1.93273816592E+31 1.01466225885E+00 6.96318973069E+36
 1.18807440374E+13 1.94791207132E+31 1.01467669326E+00 7.00343651147E+36
 1.19495397219E+13 1.96320510688E+31 1.01469115739E+00 7.04391591602E+36
 1.20187340283E+13 1.97861820789E+31 1.01470565130E+00 7.08462928887E+36
 1.20883292683E+13 1.99415231698E+31 1.01472017506E+00 7.12557798235E+36
 1.21583277672E+13 2.00980838419E+31 1.01473472873E+00 7.16676335660E+36
 1.22287318636E+13 2.02558736700E+31 1.01474931236E+00 7.20818677962E+36
 1.22995439099E+13 2.04149023043E+31 1.01476392602E+00 7.24984962731E+36
 1.23707662718E+13 2.05751794706E+31 1.01477856978E+00 7.29175328353E+36
 1.24424013291E+13 2.07367149710E+31 1.01479324368E+00 7.33389914015E+36
 1.25144514753E+13 2.08995186849E+31 1.01480794781E+00 7.37628859705E+36
 1.25869191177E+13 2.10636005689E+31 1.01482268221E+00 7.41892306224E+36
 1.26598066777E+13 2.12289706579E+31 1.01483744695E+00 7.46180395185E+36
 1.27331165906E+13 2.13956390655E+31 1.01485224210E+00 7.50493269019E+36
 1.28068513062E+13 2.15636159850E+31 1.01486706771E+00 7.54831070982E+36
 1.28810132880E+13 2.17329116893E+31 1.01488192385E+00 7.59193945156E+36
 1.29556050143E+13 2.19035365323E+31 1.01489681058E+00 7.63582036457E+36
 1.30306289774E+13 2.20755009490E+31 1.01491172796E+00 7.67995490638E+36
 1.31060876844E+13 2.22488154564E+31 1.01492667606E+00 7.72434454296E+36
 1.31819836567E+13 2.24234906540E+31 1.01494165494E+00 7.76899074873E+36
 1.32583194305E+13 2.25995372246E+31 1.01495666467E+00 7.81389500665E+36
 1.33350975567E+13 2.27769659349E+31 1.01497170530E+00 7.85905880824E+36
 1.34123206010E+13 2.29557876359E+31 1.01498677691E+00 7.90448365365E+36
 1.34899911439E+13 2.31360132640E+31 1.01500187954E+00 7.95017105168E+36
 1.35681117810E+13 2.33176538416E+31 1.01501701328E+00 7.99612251989E+36
 1.36466851231E+13 2.35007204772E+31 1.01503217818E+00 8.04233958458E+36
 1.37257137958E+13 2.36852243669E+31 1.01504737431E+00 8.08882378087E+36
 1.38052004403E+13 2.38711767946E+31 1.01506260173E+00 8.13557665278E+36
 1.38851477129E+13 2.40585891327E+31 1.01507786050E+00 8.18259975322E+36
 1.39655582855E+13 2.42474728429E+31 1.01509315069E+00 8.22989464411E+36
 1.40464348454E+13 2.44378394769E+31 1.01510847237E+00 8.27746289637E+36
 1.41277800956E+13 2.46297006773E+31 1.01512382560E+00 8.32530609001E+36
 1.42095967548E+13 2.48230681777E+31 1.01513921044E+00 8.37342581418E+36
 1.42918875572E+13 2.50179538042E+31 1.01515462696E+00 8.42182366721E+36
 1.43746552534E+13 2.52143694756E+31 1.01517007523E+00 8.47050125665E+36
 1.44579026095E+13 2.54123272042E+31 1.01518555531E+00 8.51946019938E+36
 1.45416324080E+13 2.56118390966E+31 1.01520106726E+00 8.56870212159E+36
 1.46258474473E+13 2.58129173546E+31 1.01521661116E+00 8.61822865889E+36
 1.47105505422E+13 2.60155742758E+31 1.01523218706E+00 8.66804145633E+36
 1.47957445239E+13 2.62198222541E+31 1.01524779503E+00 8.71814216848E+36
 1.48814322399E+13 2.64256737810E+31 1.01526343515E+00 8.76853245947E+36
 1.49676165543E+13 2.66331414460E+31 1.01527910747E+00 8.81921400304E+36
 1.50543003479E+13 2.68422379371E+31 1.01529481206E+00 8.87018848261E+36
 1.51414865180E+13 2.70529760425E+31 1.01531054899E+00 8.92145759134E+36
 1.52291779791E+13 2.72653686504E+31 1.01532631832E+00 8.97302303216E+36
 1.53173776624E+13 2.74794287502E+31 1.01534212013E+00 9.02488651785E+36
 1.54060885161E+13 2.76951694334E+31 1.01535795447E+00 9.07704977110E+36
 1.54953135056E+13 2.79126038942E+31 1.01537382142E+00 9.12951452453E+36
 1.55850556135E+13 2.81317454306E+31 1.01538972105E+00 9.18228252080E+36
 1.56753178397E+13 2.83526074446E+31 1.01540565341E+00 9.23535551264E+36
 1.57661032016E+13 2.85752034439E+31 1.01542161858E+00 9.28873526290E+36
 1.58574147341E+13 2.87995470418E+31 1.01543761662E+00 9.34242354461E+36
 1.59492554897E+13 2.90256519587E+31 1.01545364761E+00 9.39642214108E+36
 1.60416285387E+13 2.92535320228E+31 1.01546971160E+00 9.45073284591E+36
 1.61345369690E+13 2.94832011706E+31 1.01548580868E+00 9.50535746305E+36
 1.62279838869E+13 2.97146734484E+31 1.01550193890E+00 9.56029780690E+36
 1.63219724162E+13 2.99479630124E+31 1.01551810233E+00 9.61555570234E+36
 1.64165056992E+13 3.01830841300E+31 1.01553429905E+00 9.67113298481E+36
 1.65115868964E+13 3.04200511809E+31 1.01555052912E+00 9.72703150032E+36
 1.66072191866E+13 3.06588786575E+31 1.01556679261E+00 9.78325310560E+36
 1.67034057671E+13 3.08995811658E+31 1.01558308959E+00 9.83979966807E+36
 1.68001498538E+13 3.11421734268E+31 1.01559942013E+00 9.89667306597E+36
 1.68974546813E+13 3.13866702769E+31 1.01561578429E+00 9.95387518839E+36
 1.69953235027E+13 3.16330866690E+31 1.01563218215E+00 1.00114079353E+37
 1.70937595905E+13 3.18814376734E+31 1.01564861378E+00 1.00692732178E+37
 1.71927662358E+13 3.21317384787E+31 1.01566507924E+00 1.01274729578E+37
 1.72923467491E+13 3.23840043928E+31 1.01568157861E+00 1.01860090885E+37
 1.73925044599E+13 3.26382508437E+31 1.01569811195E+00 1.02448835542E+37
 1.74932427172E+13 3.28944933806E+31 1.01571467933E+00 1.03040983104E+37
 1.75945648893E+13 3.31527476748E+31 1.01573128083E+00 1.03636553241E+37
 1.76964743644E+13 3.34130295205E+31 1.01574791652E+00 1.04235565734E+37
 1.77989745500E+13 3.36753548360E+31 1.01576458646E+00 1.04838040480E+37
 1.79020688735E+13 3.39397396646E+31 1.01578129073E+00 1.05443997490E+37
 1.80057607825E+13 3.42062001754E+31 1.01579802939E+00 1.06053456893E+37
 1.81100537442E+13 3.44747526647E+31 1.01581480252E+00 1.06666438930E+37
 1.82149512463E+13 3.47454135566E+31 1.01583161019E+00 1.07282963964E+37
 1.83204567965E+13 3.50181994041E+31 1.01584845247E+00 1.07903052473E+37
 1.84265739230E+13 3.52931268901E+31 1.01586532943E+00 1.08526725052E+37
 1.85333061746E+13 3.55702128287E+31 1.01588224114E+00 1.09154002418E+37
 1.86406571205E+13 3.58494741659E+31 1.01589918768E+00 1.09784905406E+37
 1.87486303509E+13 3.61309279807E+31 1.01591616911E+00 1.10419454972E+37
 1.88572294765E+13 3.64145914861E+31 1.01593318550E+00 1.11057672193E+37
 1.89664581295E+13 3.67004820306E+31 1.01595023694E+00 1.11699578267E+37
 1.90763199626E+13 3.69886170984E+31 1.01596732349E+00 1.12345194517E+37
 1.91868186503E+13 3.72790143114E+31 1.01598444523E+00 1.12994542387E+37
 1.92979578879E+13 3.75716914296E+31 1.01600160221E+00 1.13647643444E+37
 1.94097413927E+13 3.78666663526E+31 1.01601879453E+00 1.14304519383E+37
 1.95221729033E+13 3.81639571203E+31 1.01603602225E+00 1.14965192022E+37
 1.96352561800E+13 3.84635819145E+31 1.01605328545E+00 1.15629683306E+37
 1.97489950051E+13 3.87655590595E+31 1.01607058419E+00 1.16298015305E+37
 1.98633931828E+13 3.90699070237E+31 1.01608791855E+00 1.16970210220E+37
 1.99784545394E+13 3.93766444203E+31 1.01610528861E+00 1.17646290378E+37
 2.00941829234E+13 3.96857900087E+31 1.01612269443E+00 1.18326278234E+37
 2.02105822059E+13 3.99973626956E+31 1.01614013610E+00 1.19010196376E+37
 2.03276562802E+13 4.03113815361E+31 1.01615761368E+00 1.19698067520E+37
 2.04454090624E+13 4.06278657350E+31 1.01617512725E+00 1.20389914514E+37
 2.05638444912E+13 4.09468346477E+31 1.01619267688E+00 1.21085760338E+37
 2.06829665284E+13 4.12683077818E+31 1.01621026265E+00 1.21785628106E+37
 2.08027791587E+13 4.15923047977E+31 1.01622788463E+00 1.22489541063E+37
 2.09232863899E+13 4.19188455106E+31 1.01624554290E+00 1.23197522592E+37
 2.10444922533E+13 4.22479498909E+31 1.01626323753E+00 1.23909596207E+37
 2.11664008034E+13 4.25796380660E+31 1.01628096860E+00 1.24625785561E+37
 2.12890161184E+13 4.29139303211E+31 1.01629873617E+00 1.25346114443E+37
 2.14123423001E+13 4.32508471010E+31 1.01631654034E+00 1.26070606778E+37
 2.15363834743E+13 4.35904090106E+31 1.01633438116E+00 1.26799286632E+37
 2.16611437907E+13 4.39326368170E+31 1.01635225872E+00 1.27532178208E+37
 2.17866274230E+13 4.42775514500E+31 1.01637017309E+00 1.28269305849E+37
 2.19128385694E+13 4.46251740039E+31 1.01638812436E+00 1.29010694039E+37
 2.20397814523E+13 4.49755257385E+31 1.01640611258E+00 1.29756367405E+37
 2.21674603189E+13 4.53332935419E+31 1.01642437534E+00 1.30506350714E+37
 2.22958801966E+13 4.59159789175E+31 1.01645394942E+00 1.31260668877E+37
 2.24250461041E+13 4.65061537611E+31 1.01648373149E+00 1.32019346950E+37
 2.25549624018E+13 4.71039143374E+31 1.01651372300E+00 1.32782410132E+37
 2.26856334761E+13 4.77093581487E+31 1.01654392545E+00 1.33549883770E+37
 2.28170637392E+13 4.83225839504E+31 1.01657434029E+00 1.34321793355E+37
 2.29492576295E+13 4.89436917673E+31 1.01660496904E+00 1.35098164527E+37
 2.30822196119E+13 4.95727829097E+31 1.01663581320E+00 1.35879023074E+37
 2.32159541774E+13 5.02099599903E+31 1.01666687427E+00 1.36664394932E+37
 2.33504658440E+13 5.08553269406E+31 1.01669815379E+00 1.37454306187E+37
 2.34857591561E+13 5.15089890279E+31 1.01672965330E+00 1.38248783078E+37
 2.36218386854E+13 5.21710528728E+31 1.01676137433E+00 1.39047851994E+37
 2.37587090305E+13 5.28416264660E+31 1.01679331845E+00 1.39851539475E+37
 2.38963748174E+13 5.35208191864E+31 1.01682548722E+00 1.40659872218E+37
 2.40348406993E+13 5.42087418189E+31 1.01685788223E+00 1.41472877071E+37
 2.41741113575E+13 5.49055065722E+31 1.01689050507E+00 1.42290581039E+37
 2.43141915005E+13 5.56112270974E+31 1.01692335734E+00 1.43113011282E+37
 2.44550858652E+13 5.63260185061E+31 1.01695644065E+00 1.43940195118E+37
 2.45967992165E+13 5.70499973898E+31 1.01698975662E+00 1.44772160022E+37
 2.47393363473E+13 5.77832818384E+31 1.01702330691E+00 1.45608933629E+37
 2.48827020795E+13 5.85259914599E+31 1.01705709314E+00 1.46450543733E+37
 2.50269012632E+13 5.92782473993E+31 1.01709111698E+00 1.47297018288E+37
 2.51719387776E+13 6.00401723590E+31 1.01712538011E+00 1.48148385411E+37
 2.53178195306E+13 6.08118906184E+31 1.01715988420E+00 1.49004673380E+37
 2.54645484596E+13 6.15935280544E+31 1.01719463095E+00 1.49865910637E+37
 2.56121305311E+13 6.23852121618E+31 1.01722962207E+00 1.50732125790E+37
 2.57605707414E+13 6.31870720741E+31 1.01726485928E+00 1.51603347609E+37
 2.59098741162E+13 6.39992385847E+31 1.01730034429E+00 1.52479605033E+37
 2.60600457112E+13 6.48218441680E+31 1.01733607887E+00 1.53360927168E+37
 2.62110906123E+13 6.56550230012E+31 1.01737206476E+00 1.54247343287E+37
 2.63630139357E+13 6.64989109863E+31 1.01740830373E+00 1.55138882833E+37
 2.65158208277E+13 6.73536457717E+31 1.01744479756E+00 1.56035575419E+37
 2.66695164656E+13 6.82193667755E+31 1.01748154805E+00 1.56937450830E+37
 2.68241060574E+13 6.90962152074E+31 1.01751855699E+00 1.57844539022E+37
 2.69795948421E+13 6.99843340925E+31 1.01755582621E+00 1.58756870124E+37
 2.71359880899E+13 7.08838682938E+31 1.01759335754E+00 1.59674474440E+37
 2.72932911025E+13 7.17949645368E+31 1.01763115281E+00 1.60597382449E+37
 2.74515092130E+13 7.27177714324E+31 1.01766921389E+00 1.61525624805E+37
 2.76106477865E+13 7.36524395020E+31 1.01770754265E+00 1.62459232342E+37
 2.77707122199E+13 7.45991212017E+31 1.01774614096E+00 1.63398236069E+37
 2.79317079425E+13 7.55579709469E+31 1.01778501073E+00 1.64342667177E+37
 2.80936404156E+13 7.65291451380E+31 1.01782415386E+00 1.65292557034E+37
 2.82565151336E+13 7.75128021856E+31 1.01786357228E+00 1.66247937193E+37
 2.84203376232E+13 7.85091025364E+31 1.01790326791E+00 1.67208839386E+37
 2.85851134444E+13 7.95182086995E+31 1.01794324272E+00 1.68175295531E+37
 2.87508481902E+13 8.05402852725E+31 1.01798349866E+00 1.69147337729E+37
 2.89175474871E+13 8.15754989690E+31 1.01802403771E+00 1.70124998268E+37
 2.90852169953E+13 8.26240186451E+31 1.01806486187E+00 1.71108309620E+37
 2.92538624085E+13 8.36860153275E+31 1.01810597313E+00 1.72097304448E+37
 2.94234894546E+13 8.47616622410E+31 1.01814737352E+00 1.73092015601E+37
 2.95941038958E+13 8.58511348371E+31 1.01818906507E+00 1.74092476120E+37
 2.97657115287E+13 8.69546108223E+31 1.01823104982E+00 1.75098719234E+37
 2.99383181844E+13 8.80722701873E+31 1.01827332985E+00 1.76110778368E+37
 3.01119297290E+13 8.92042952363E+31 1.01831590722E+00 1.77128687138E+37
 3.02865520637E+13 9.03508706165E+31 1.01835878403E+00 1.78152479353E+37
 3.04621911251E+13 9.15121833488E+31 1.01840196238E+00 1.79182189021E+37
 3.06388528850E+13 9.26884228577E+31 1.01844544440E+00 1.80217850343E+37
 3.08165433512E+13 9.38797810025E+31 1.01848923221E+00 1.81259497720E+37
 3.09952685675E+13 9.50864521086E+31 1.01853332798E+00 1.82307165750E+37
 3.11750346136E+13 9.63086329991E+31 1.01857773386E+00 1.83360889233E+37
 3.13558476061E+13 9.75465230268E+31 1.01862245204E+00 1.84420703169E+37
 3.15377136977E+13 9.88003241070E+31 1.01866748471E+00 1.85486642760E+37
 3.17206390783E+13 1.00070240750E+32 1.01871283409E+00 1.86558743412E+37
 3.19046299748E+13 1.01356480096E+32 1.01875850240E+00 1.87637040735E+37
 3.20896926516E+13 1.02659251946E+32 1.01880449188E+00 1.88721570547E+37
 3.22758334103E+13 1.03978768798E+32 1.01885080480E+00 1.89812368870E+37
 3.24630585907E+13 1.05315245882E+32 1.01889744343E+00 1.90909471935E+37
 3.26513745704E+13 1.06668901194E+32 1.01894441005E+00 1.92012916185E+37
 3.28407877654E+13 1.08039955532E+32 1.01899170699E+00 1.93122738270E+37
 3.30313046300E+13 1.09428632532E+32 1.01903933655E+00 1.94238975054E+37
 3.32229316574E+13 1.10835158704E+32 1.01908730108E+00 1.95361663614E+37
 3.34156753799E+13 1.12259763471E+32 1.01913560293E+00 1.96490841240E+37
 3.36095423690E+13 1.13702679204E+32 1.01918424448E+00 1.97626545439E+37
 3.38045392354E+13 1.15164141259E+32 1.01923322812E+00 1.98768813933E+37
 3.40006726299E+13 1.16644388019E+32 1.01928255624E+00 1.99917684665E+37
 3.41979492431E+13 1.18143660932E+32 1.01933223128E+00 2.01073195795E+37
 3.43963758058E+13 1.19662204547E+32 1.01938225568E+00 2.02235385703E+37
 3.45959590895E+13 1.21200266558E+32 1.01943263188E+00 2.03404292992E+37
 3.47967059063E+13 1.22758097841E+32 1.01948336237E+00 2.04579956490E+37
 3.49986231091E+13 1.24335952498E+32 1.01953444964E+00 2.05762415245E+37
 3.52017175924E+13 1.25934087898E+32 1.01958589619E+00 2.06951708535E+37
 3.54059962921E+13 1.27552764715E+32 1.01963770455E+00 2.08147875861E+37
 3.56114661858E+13 1.29192246977E+32 1.01968987728E+00 2.09350956957E+37
 3.58181342931E+13 1.30852802103E+32 1.01974241692E+00 2.10560991783E+37
 3.60260076761E+13 1.32534700950E+32 1.01979532606E+00 2.11778020531E+37
 3.62350934393E+13 1.34238217858E+32 1.01984860730E+00 2.13002083625E+37
 3.64453987301E+13 1.35963630690E+32 1.01990226325E+00 2.14233221724E+37
 3.66569307390E+13 1.37711220883E+32 1.01995629655E+00 2.15471475720E+37
 3.68696966999E+13 1.39481273491E+32 1.02001070986E+00 2.16716886744E+37
 3.70837038904E+13 1.41274077232E+32 1.02006550585E+00 2.17969496161E+37
 3.72989596319E+13 1.43089924534E+32 1.02012068720E+00 2.19229345579E+37
 3.75154712901E+13 1.44929111584E+32 1.02017625664E+00 2.20496476845E+37
 3.77332462751E+13 1.46791938377E+32 1.02023221688E+00 2.21770932046E+37
 3.79522920420E+13 1.48678708763E+32 1.02028857067E+00 2.23052753514E+37
 3.81726160908E+13 1.50589730498E+32 1.02034532079E+00 2.24341983827E+37
 3.83942259667E+13 1.52525315293E+32 1.02040247002E+00 2.25638665807E+37
 3.86171292607E+13 1.54485778866E+32 1.02046002117E+00 2.26942842523E+37
 3.88413336099E+13 1.56471440994E+32 1.02051797707E+00 2.28254557296E+37
 3.90668466972E+13 1.58482625561E+32 1.02057634055E+00 2.29573853694E+37
 3.92936762522E+13 1.60519660619E+32 1.02063511450E+00 2.30900775539E+37
 3.95218300514E+13 1.62582878432E+32 1.02069430178E+00 2.32235366905E+37
 3.97513159183E+13 1.64672615536E+32 1.02075390532E+00 2.33577672122E+37
 3.99821417238E+13 1.66789212795E+32 1.02081392804E+00 2.34927735776E+37
 4.02143153865E+13 1.68933015452E+32 1.02087437288E+00 2.36285602708E+37
 4.04478448729E+13 1.71104373186E+32 1.02093524282E+00 2.37651318023E+37
 4.06827381981E+13 1.73303640175E+32 1.02099654085E+00 2.39024927083E+37
 4.09190034255E+13 1.75531175145E+32 1.02105826997E+00 2.40406475514E+37
 4.11566486676E+13 1.77787341436E+32 1.02112043322E+00 2.41796009203E+37
 4.13956820861E+13 1.80072507055E+32 1.02118303364E+00 2.43193574307E+37
 4.16361118923E+13 1.82387044743E+32 1.02124607433E+00 2.44599217245E+37
 4.18779463473E+13 1.84731332029E+32 1.02130955836E+00 2.46012984708E+37
 4.21211937624E+13 1.87105751296E+32 1.02137348887E+00 2.47434923654E+37
 4.23658624994E+13 1.89510689840E+32 1.02143786898E+00 2.48865081314E+37
 4.26119609711E+13 1.91946539938E+32 1.02150270186E+00 2.50303505192E+37
 4.28594976413E+13 1.94413698906E+32 1.02156799070E+00 2.51750243065E+37
 4.31084810253E+13 1.96912569170E+32 1.02163373870E+00 2.53205342989E+37
 4.33589196903E+13 1.99443558326E+32 1.02169994910E+00 2.54668853295E+37
 4.36108222555E+13 2.02007079209E+32 1.02176662513E+00 2.56140822594E+37
 4.38641973928E+13 2.04603549962E+32 1.02183377009E+00 2.57621299780E+37
 4.41190538269E+13 2.07233394102E+32 1.02190138726E+00 2.59110334028E+37
 4.43754003354E+13 2.09897040590E+32 1.02196947997E+00 2.60607974795E+37
 4.46332457497E+13 2.12594923898E+32 1.02203805155E+00 2.62114271828E+37
 4.48925989550E+13 2.15327484085E+32 1.02210710539E+00 2.63629275160E+37
 4.51534688907E+13 2.18095166866E+32 1.02217664487E+00 2.65153035111E+37
 4.54158645507E+13 2.20898423685E+32 1.02224667340E+00 2.66685602295E+37
 4.56797949837E+13 2.23737711787E+32 1.02231719443E+00 2.68227027618E+37
 4.59452692940E+13 2.26613494296E+32 1.02238821142E+00 2.69777362277E+37
 4.62122966412E+13 2.29526240288E+32 1.02245972786E+00 2.71336657770E+37
 4.64808862409E+13 2.32476424868E+32 1.02253174725E+00 2.72904965888E+37
 4.67510473653E+13 2.35464529247E+32 1.02260427314E+00 2.74482338725E+37
 4.70227893431E+13 2.38491040823E+32 1.02267730909E+00 2.76068828673E+37
 4.72961215600E+13 2.41556453257E+32 1.02275085869E+00 2.77664488430E+37
 4.75710534593E+13 2.44661266557E+32 1.02282492554E+00 2.79269370995E+37
 4.78475945422E+13 2.47805987156E+32 1.02289951329E+00 2.80883529677E+37
 4.81257543678E+13 2.50991127997E+32 1.02297462560E+00 2.82507018090E+37
 4.84055425540E+13 2.54217208616E+32 1.02305026616E+00 2.84139890160E+37
 4.86869687776E+13 2.57484755228E+32 1.02312643868E+00 2.85782200123E+37
 4.89700427747E+13 2.60794300809E+32 1.02320314691E+00 2.87434002531E+37
 4.92547743412E+13 2.64146385188E+32 1.02328039461E+00 2.89095352248E+37
 4.95411733330E+13 2.67541555132E+32 1.02335818557E+00 2.90766304458E+37
 4.98292496667E+13 2.70980364435E+32 1.02343652362E+00 2.92446914662E+37
 5.01190133195E+13 2.74463374009E+32 1.02351541261E+00 2.94137238683E+37
 5.04104743301E+13 2.77991151977E+32 1.02359485640E+00 2.95837332667E+37
 5.07036427989E+13 2.81564273764E+32 1.02367485891E+00 2.97547253082E+37
 5.09985288885E+13 2.85183322190E+32 1.02375542406E+00 2.99267056725E+37
 5.12951428237E+13 2.88848887567E+32 1.02383655580E+00 3.00996800721E+37
 5.15934948924E+13 2.92561567794E+32 1.02391825812E+00 3.02736542524E+37
 5.18935954460E+13 2.96321968456E+32 1.02400053504E+00 3.04486339921E+37
 5.21954548994E+13 3.00130702920E+32 1.02408339060E+00 3.06246251032E+37
 5.24990837317E+13 3.03988392440E+32 1.02416682886E+00 3.08016334314E+37
 5.28044924867E+13 3.07895666252E+32 1.02425085392E+00 3.09796648561E+37
 5.31116917732E+13 3.11853161680E+32 1.02433546992E+00 3.11587252909E+37
 5.34206922653E+13 3.15861524243E+32 1.02442068099E+00 3.13388206832E+37
 5.37315047032E+13 3.19921407753E+32 1.02450649134E+00 3.15199570151E+37
 5.40441398932E+13 3.24033474428E+32 1.02459290518E+00 3.17021403031E+37
 5.43586087084E+13 3.28198394998E+32 1.02467992674E+00 3.18853765987E+37
 5.46749220891E+13 3.32416848813E+32 1.02476756031E+00 3.20696719880E+37
 5.49930910434E+13 3.36689523955E+32 1.02485581019E+00 3.22550325926E+37
 5.53131266472E+13 3.41017117351E+32 1.02494468071E+00 3.24414645693E+37
 5.56350400451E+13 3.45400334885E+32 1.02503417623E+00 3.26289741107E+37
 5.59588424506E+13 3.49839891515E+32 1.02512430116E+00 3.28175674450E+37
 5.62845451468E+13 3.54336511387E+32 1.02521505992E+00 3.30072508363E+37
 5.66121594864E+13 3.58890927956E+32 1.02530645696E+00 3.31980305853E+37
 5.69416968928E+13 3.63503884105E+32 1.02539849678E+00 3.33899130287E+37
 5.72731688600E+13 3.68176132263E+32 1.02549118389E+00 3.35829045401E+37
 5.76065869535E+13 3.72908434533E+32 1.02558452286E+00 3.37770115298E+37
 5.79419628103E+13 3.77701562813E+32 1.02567851825E+00 3.39722404451E+37
 5.82793081399E+13 3.82556298920E+32 1.02577317470E+00 3.41685977709E+37
 5.86186347245E+13 3.87473434723E+32 1.02586849684E+00 3.43660900291E+37
 5.89599544194E+13 3.92453772268E+32 1.02596448936E+00 3.45647237796E+37
 5.93032791539E+13 3.97498123910E+32 1.02606115698E+00 3.47645056202E+37
 5.96486209311E+13 4.02607312446E+32 1.02615850444E+00 3.49654421868E+37
 5.99959918290E+13 4.07782171248E+32 1.02625653652E+00 3.51675401536E+37
 6.03454040011E+13 4.13023544400E+32 1.02635525804E+00 3.53708062334E+37
 6.06968696760E+13 4.18332286834E+32 1.02645467385E+00 3.55752471778E+37
 6.10504011590E+13 4.23709264474E+32 1.02655478883E+00 3.57808697775E+37
 6.14060108320E+13 4.29155354371E+32 1.02665560789E+00 3.59876808623E+37
 6.17637111541E+13 4.34671444849E+32 1.02675713599E+00 3.61956873017E+37
 6.21235146621E+13 4.40258435653E+32 1.02685937812E+00 3.64048960047E+37
 6.24854339712E+13 4.45917238090E+32 1.02696233930E+00 3.66153139203E+37
 6.28494817754E+13 4.51648775181E+32 1.02706602457E+00 3.68269480377E+37
 6.32156708480E+13 4.57453981812E+32 1.02717043905E+00 3.70398053864E+37
 6.35840140422E+13 4.63333804882E+32 1.02727558785E+00 3.72538930367E+37
 6.39545242916E+13 4.69289203466E+32 1.02738147613E+00 3.74692180995E+37
 6.43272146108E+13 4.75321148962E+32 1.02748810911E+00 3.76857877272E+37
 6.47020980958E+13 4.81430625257E+32 1.02759549201E+00 3.79036091131E+37
 6.50791879250E+13 4.87618628881E+32 1.02770363011E+00 3.81226894923E+37
 6.54584973589E+13 4.93886169176E+32 1.02781252872E+00 3.83430361418E+37
 6.58400397416E+13 5.00234268454E+32 1.02792219320E+00 3.85646563805E+37
 6.62238285008E+13 5.06663962171E+32 1.02803262892E+00 3.87875575697E+37
 6.66098771484E+13 5.13176299088E+32 1.02814384131E+00 3.90117471132E+37
 6.69981992814E+13 5.19772341450E+32 1.02825583583E+00 3.92372324575E+37
 6.73888085821E+13 5.26453165154E+32 1.02836861799E+00 3.94640210924E+37
 6.77817188190E+13 5.33219859923E+32 1.02848219332E+00 3.96921205507E+37
 6.81769438470E+13 5.40073529492E+32 1.02859656740E+00 3.99215384090E+37
 6.85744976085E+13 5.47015291778E+32 1.02871174584E+00 4.01522822875E+37
 6.89743941334E+13 5.54046279070E+32 1.02882773432E+00 4.03843598505E+37
 6.93766475404E+13 5.61167638209E+32 1.02894453851E+00 4.06177788066E+37
 6.97812720370E+13 5.68380530777E+32 1.02906216416E+00 4.08525469090E+37
 7.01882819202E+13 5.75686133287E+32 1.02918061705E+00 4.10886719556E+37
 7.05976915776E+13 5.83085637374E+32 1.02929990299E+00 4.13261617896E+37
 7.10095154875E+13 5.90580249989E+32 1.02942002784E+00 4.15650242992E+37
 7.14237682195E+13 5.98171193597E+32 1.02954099751E+00 4.18052674186E+37
 7.18404644357E+13 6.05859706375E+32 1.02966281792E+00 4.20468991274E+37
 7.22596188908E+13 6.13647042415E+32 1.02978549508E+00 4.22899274517E+37
 7.26812464326E+13 6.21534471928E+32 1.02990903499E+00 4.25343604638E+37
 7.31053620035E+13 6.29523281454E+32 1.03003344374E+00 4.27802062827E+37
 7.35319806401E+13 6.37614774065E+32 1.03015872742E+00 4.30274730743E+37
 7.39611174747E+13 6.45810269586E+32 1.03028489220E+00 4.32761690518E+37
 7.43927877354E+13 6.54111104803E+32 1.03041194427E+00 4.35263024758E+37
 7.48270067469E+13 6.62518633686E+32 1.03053988986E+00 4.37778816546E+37
 7.52637899315E+13 6.71034227608E+32 1.03066873527E+00 4.40309149446E+37
 7.57031528094E+13 6.79659275569E+32 1.03079848682E+00 4.42854107504E+37
 7.61451109994E+13 6.88395184420E+32 1.03092915089E+00 4.45413775253E+37
 7.65896802197E+13 6.97243379098E+32 1.03106073389E+00 4.47988237714E+37
 7.70368762888E+13 7.06205302853E+32 1.03119324228E+00 4.50577580400E+37
 7.74867151256E+13 7.15282417486E+32 1.03132668257E+00 4.53181889317E+37
 7.79392127508E+13 7.24476203588E+32 1.03146106132E+00 4.55801250969E+37
 7.83943852870E+13 7.33788160781E+32 1.03159638513E+00 4.58435752360E+37
 7.88522489601E+13 7.43219807959E+32 1.03173266064E+00 4.61085480996E+37
 7.93128200991E+13 7.52772683543E+32 1.03186989454E+00 4.63750524890E+37
 7.97761151377E+13 7.62448345725E+32 1.03200809359E+00 4.66430972564E+37
 8.02421506147E+13 7.72248372726E+32 1.03214726455E+00 4.69126913050E+37
 8.07109431743E+13 7.82174363052E+32 1.03228741428E+00 4.71838435895E+37
 8.11825095677E+13 7.92227935757E+32 1.03242854964E+00 4.74565631165E+37
 8.16568666532E+13 8.02410730703E+32 1.03257067758E+00 4.77308589445E+37
 8.21340313972E+13 8.12724408831E+32 1.03271380508E+00 4.80067401844E+37
 8.26140208748E+13 8.23170652429E+32 1.03285793916E+00 4.82842159998E+37
 8.30968522709E+13 8.33751165412E+32 1.03300308691E+00 4.85632956073E+37
 8.35825428805E+13 8.44467673591E+32 1.03314925544E+00 4.88439882766E+37
 8.40711101099E+13 8.55321924963E+32 1.03329645195E+00 4.91263033312E+37
 8.45625714773E+13 8.66315689991E+32 1.03344468366E+00 4.94102501483E+37
 8.50569446136E+13 8.77450761896E+32 1.03359395785E+00 4.96958381595E+37
 8.55542472633E+13 8.88728956946E+32 1.03374428185E+00 4.99830768506E+37
 8.60544972849E+13 9.00152114755E+32 1.03389566305E+00 5.02719757626E+37
 8.65577126524E+13 9.11722098583E+32 1.03404810888E+00 5.05625444914E+37
 8.70639114556E+13 9.23440795638E+32 1.03420162683E+00 5.08547926884E+37
 8.75731119010E+13 9.35310117385E+32 1.03435622443E+00 5.11487300608E+37
 8.80853323129E+13 9.47331999859E+32 1.03451190929E+00 5.14443663720E+37
 8.86005911338E+13 9.59508403978E+32 1.03466868904E+00 5.17417114418E+37
 8.91189069256E+13 9.71841315866E+32 1.03482657139E+00 5.20407751465E+37
 8.96402983705E+13 9.84332747173E+32 1.03498556410E+00 5.23415674200E+37
 9.01647842714E+13 9.96984735409E+32 1.03514567496E+00 5.26440982530E+37
 9.06923835532E+13 1.00979934427E+33 1.03530691185E+00 5.29483776945E+37
 9.12231152637E+13 1.02277866398E+33 1.03546928269E+00 5.32544158512E+37
 9.17569985741E+13 1.03592481162E+33 1.03563279544E+00 5.35622228884E+37
 9.22940527802E+13 1.04923993150E+33 1.03579745814E+00 5.38718090302E+37
 9.28342973031E+13 1.06272619548E+33 1.03596327888E+00 5.41831845596E+37
 9.33777516905E+13 1.07638580333E+33 1.03613026580E+00 5.44963598192E+37
 9.39244356171E+13 1.09022098311E+33 1.03629842711E+00 5.48113452112E+37
 9.44743688856E+13 1.10423399151E+33 1.03646777105E+00 5.51281511982E+37
 9.50275714281E+13 1.11842711422E+33 1.03663830595E+00 5.54467883031E+37
 9.55840633064E+13 1.13280266632E+33 1.03681004019E+00 5.57672671096E+37
 9.61438647135E+13 1.14736299264E+33 1.03698298220E+00 5.60895982626E+37
 9.67069959742E+13 1.16211046815E+33 1.03715714047E+00 5.64137924685E+37
 9.72734775459E+13 1.17704749835E+33 1.03733252356E+00 5.67398604958E+37
 9.78433300202E+13 1.19217651965E+33 1.03750914007E+00 5.70678131749E+37
 9.84165741232E+13 1.20749999979E+33 1.03768699870E+00 5.73976613990E+37
 9.89932307170E+13 1.22302043822E+33 1.03786610816E+00 5.77294161242E+37
 9.95733208003E+13 1.23874036650E+33 1.03804647727E+00 5.80630883701E+37
 1.00156865510E+14 1.25466234877E+33 1.03822811487E+00 5.83986892197E+37
 1.00743886120E+14 1.27078898209E+33 1.03841102988E+00 5.87362298202E+37
 1.01334404047E+14 1.28712289691E+33 1.03859523130E+00 5.90757213833E+37
 1.01928440845E+14 1.30366675751E+33 1.03878072817E+00 5.94171751854E+37
 1.02526018214E+14 1.32042326239E+33 1.03896752959E+00 5.97606025681E+37
 1.03127157993E+14 1.33739514474E+33 1.03915564475E+00 6.01060149386E+37
 1.03731882167E+14 1.35458517289E+33 1.03934508288E+00 6.04534237700E+37
 1.04340212864E+14 1.37199615076E+33 1.03953585329E+00 6.08028406017E+37
 1.04952172362E+14 1.38963091828E+33 1.03972796535E+00 6.11542770399E+37
 1.05567783082E+14 1.40749235190E+33 1.03992142849E+00 6.15077447576E+37
 1.06187067595E+14 1.42558336506E+33 1.04011625221E+00 6.18632554956E+37
 1.06810048622E+14 1.44390690861E+33 1.04031244608E+00 6.22208210624E+37
 1.07436749033E+14 1.46246597136E+33 1.04051001975E+00 6.25804533347E+37
 1.08067191850E+14 1.48126358052E+33 1.04070898290E+00 6.29421642581E+37
 1.08701400248E+14 1.50030280221E+33 1.04090934532E+00 6.33059658469E+37
 1.09339397556E+14 1.51958674198E+33 1.04111111685E+00 6.36718701850E+37
 1.09981207256E+14 1.53911854526E+33 1.04131430739E+00 6.40398894263E+37
 1.10626852990E+14 1.55890139794E+33 1.04151892692E+00 6.44100357947E+37
 1.11276358553E+14 1.57893852685E+33 1.04172498550E+00 6.47823215849E+37
 1.11929747900E+14 1.59923320030E+33 1.04193249324E+00 6.51567591626E+37
 1.12587045148E+14 1.61978872859E+33 1.04214146034E+00 6.55333609650E+37
 1.13248274571E+14 1.64060846460E+33 1.04235189707E+00 6.59121395011E+37
 1.13913460608E+14 1.66169580427E+33 1.04256381374E+00 6.62931073524E+37
 1.14582627858E+14 1.68305418723E+33 1.04277722078E+00 6.66762771729E+37
 1.15255801088E+14 1.70468709727E+33 1.04299212867E+00 6.70616616899E+37
 1.15933005229E+14 1.72659806301E+33 1.04320854795E+00 6.74492737041E+37
 1.16614265379E+14 1.74879065840E+33 1.04342648927E+00 6.78391260904E+37
 1.17299606804E+14 1.77126850331E+33 1.04364596332E+00 6.82312317981E+37
 1.17989054940E+14 1.79403526418E+33 1.04386698088E+00 6.86256038510E+37
 1.18682635392E+14 1.81709465453E+33 1.04408955281E+00 6.90222553485E+37
 1.19380373941E+14 1.84045043565E+33 1.04431369004E+00 6.94211994658E+37
 1.20082296537E+14 1.86410641716E+33 1.04453940358E+00 6.98224494539E+37
 1.20788429306E+14 1.88806645763E+33 1.04476670451E+00 7.02260186407E+37
 1.21498798553E+14 1.91233446525E+33 1.04499560400E+00 7.06319204310E+37
 1.22213430756E+14 1.93691439843E+33 1.04522611329E+00 7.10401683071E+37
 1.22932352573E+14 1.96181026647E+33 1.04545824370E+00 7.14507758291E+37
 1.23655590844E+14 1.98702613020E+33 1.04569200663E+00 7.18637566358E+37
 1.24383172588E+14 2.01256610262E+33 1.04592741357E+00 7.22791244445E+37
 1.25115125007E+14 2.03843434964E+33 1.04616447607E+00 7.26968930519E+37
 1.25851475490E+14 2.06463509069E+33 1.04640320579E+00 7.31170763345E+37
 1.26592251607E+14 2.09117259943E+33 1.04664361443E+00 7.35396882490E+37
 1.27337481120E+14 2.11805120445E+33 1.04688571382E+00 7.39647428327E+37
 1.28087191975E+14 2.14527529000E+33 1.04712951584E+00 7.43922542040E+37
 1.28841412311E+14 2.17284929667E+33 1.04737503246E+00 7.48222365631E+37
 1.29600170457E+14 2.20077772211E+33 1.04762227575E+00 7.52547041921E+37
 1.30363494935E+14 2.22906512180E+33 1.04787125785E+00 7.56896714556E+37
 1.31131414462E+14 2.25771610977E+33 1.04812199099E+00 7.61271528015E+37
 1.31903957949E+14 2.28673535935E+33 1.04837448748E+00 7.65671627609E+37
 1.32681154507E+14 2.31612760394E+33 1.04862875972E+00 7.70097159491E+37
 1.33463033444E+14 2.34589763779E+33 1.04888482020E+00 7.74548270657E+37
 1.34249624269E+14 2.37605031675E+33 1.04914268149E+00 7.79025108954E+37
 1.35040956693E+14 2.40659055910E+33 1.04940235627E+00 7.83527823084E+37
 1.35837060631E+14 2.43752334634E+33 1.04966385729E+00 7.88056562606E+37
 1.36637966202E+14 2.46885372399E+33 1.04992719739E+00 7.92611477947E+37
 1.37443703733E+14 2.50058680242E+33 1.05019238950E+00 7.97192720400E+37
 1.38254303758E+14 2.53272775770E+33 1.05045944664E+00 8.01800442134E+37
 1.39069797022E+14 2.56528183241E+33 1.05072838194E+00 8.06434796198E+37
 1.39890214483E+14 2.59825433654E+33 1.05099920861E+00 8.11095936526E+37
 1.40715587308E+14 2.63165064830E+33 1.05127193994E+00 8.15784017939E+37
 1.41545946884E+14 2.66547621504E+33 1.05154658933E+00 8.20499196156E+37
 1.42381324811E+14 2.69973655415E+33 1.05182317027E+00 8.25241627795E+37
 1.43221752909E+14 2.73443725391E+33 1.05210169634E+00 8.30011470378E+37
 1.44067263218E+14 2.76958397444E+33 1.05238218123E+00 8.34808882338E+37
 1.44917888000E+14 2.80518244859E+33 1.05266463870E+00 8.39634023026E+37
 1.45773659739E+14 2.84123848294E+33 1.05294908264E+00 8.44487052711E+37
 1.46634611147E+14 2.87775795865E+33 1.05323552700E+00 8.49368132590E+37
 1.47500775160E+14 2.91474683253E+33 1.05352398587E+00 8.54277424791E+37
 1.48372184946E+14 2.95221113791E+33 1.05381447341E+00 8.59215092380E+37
 1.49248873901E+14 2.99015698569E+33 1.05410700388E+00 8.64181299364E+37
 1.50130875657E+14 3.02859056530E+33 1.05440159166E+00 8.69176210699E+37
 1.51018224076E+14 3.06751814575E+33 1.05469825121E+00 8.74199992295E+37
 1.51910953260E+14 3.10694607660E+33 1.05499699709E+00 8.79252811019E+37
 1.52809097547E+14 3.14688078905E+33 1.05529784400E+00 8.84334834705E+37
 1.53712691517E+14 3.18732879693E+33 1.05560080669E+00 8.89446232155E+37
 1.54621769991E+14 3.22829669784E+33 1.05590590006E+00 8.94587173148E+37
 1.55536368032E+14 3.26979117413E+33 1.05621313908E+00 8.99757828443E+37
 1.56456520954E+14 3.31181899408E+33 1.05652253884E+00 9.04958369788E+37
 1.57382264313E+14 3.35438701294E+33 1.05683411454E+00 9.10188969921E+37
 1.58313633919E+14 3.39750217410E+33 1.05714788149E+00 9.15449802580E+37
 1.59250665832E+14 3.44117151016E+33 1.05746385510E+00 9.20741042507E+37
 1.60193396367E+14 3.48540214415E+33 1.05778205087E+00 9.26062865455E+37
 1.61141862095E+14 3.53020129063E+33 1.05810248445E+00 9.31415448191E+37
 1.62096099844E+14 3.57557625690E+33 1.05842517157E+00 9.36798968505E+37
 1.63056146702E+14 3.62153444417E+33 1.05875012808E+00 9.42213605214E+37
 1.64022040021E+14 3.66808334881E+33 1.05907736993E+00 9.47659538168E+37
 1.64993817416E+14 3.71523056352E+33 1.05940691320E+00 9.53136948259E+37
 1.65971516769E+14 3.76298377860E+33 1.05973877408E+00 9.58646017421E+37
 1.66955176231E+14 3.81135078318E+33 1.06007296887E+00 9.64186928643E+37
 1.67944834224E+14 3.86033946654E+33 1.06040951397E+00 9.69759865968E+37
 1.68940529442E+14 3.90995781934E+33 1.06074842593E+00 9.75365014506E+37
 1.69942300855E+14 3.96021393494E+33 1.06108972137E+00 9.81002560436E+37
 1.70950187712E+14 4.01111601074E+33 1.06143341707E+00 9.86672691013E+37
 1.71964229539E+14 4.06267234952E+33 1.06177952991E+00 9.92375594573E+37
 1.72984466147E+14 4.11489136074E+33 1.06212807689E+00 9.98111460542E+37
 1.74010937630E+14 4.16778156198E+33 1.06247907512E+00 1.00388047944E+38
 1.75043684370E+14 4.22135158029E+33 1.06283254184E+00 1.00968284289E+38
 1.76082747037E+14 4.27561015361E+33 1.06318849442E+00 1.01551874362E+38
 1.77128166592E+14 4.33056613218E+33 1.06354695034E+00 1.02138837548E+38
 1.78179984293E+14 4.38622848001E+33 1.06390792719E+00 1.02729193342E+38
 1.79238241692E+14 4.44260627633E+33 1.06427144272E+00 1.03322961354E+38
 1.80302980641E+14 4.49970871705E+33 1.06463751478E+00 1.03920161307E+38
 1.81374243292E+14 4.55754511629E+33 1.06500616134E+00 1.04520813036E+38
 1.82452072102E+14 4.61612490789E+33 1.06537740050E+00 1.05124936493E+38
 1.83536509835E+14 4.67545764694E+33 1.06575125052E+00 1.05732551743E+38
 1.84627599564E+14 4.73555301135E+33 1.06612772974E+00 1.06343678970E+38
 1.85725384671E+14 4.79642080343E+33 1.06650685665E+00 1.06958338473E+38
 1.86829908857E+14 4.85807095146E+33 1.06688864988E+00 1.07576550667E+38
 1.87941216134E+14 4.92051351136E+33 1.06727312818E+00 1.08198336087E+38
 1.89059350839E+14 4.98375866828E+33 1.06766031044E+00 1.08823715386E+38
 1.90184357627E+14 5.04781673830E+33 1.06805021566E+00 1.09452709337E+38
 1.91316281481E+14 5.11269817008E+33 1.06844286300E+00 1.10085338832E+38
 1.92455167709E+14 5.17841354660E+33 1.06883827174E+00 1.10721624883E+38
 1.93601061951E+14 5.24497358685E+33 1.06923646130E+00 1.11361588626E+38
 1.94754010179E+14 5.31238914760E+33 1.06963745125E+00 1.12005251318E+38
 1.95914058703E+14 5.38067122517E+33 1.07004126127E+00 1.12652634338E+38
 1.97081254171E+14 5.44983095722E+33 1.07044791120E+00 1.13303759190E+38
 1.98255643570E+14 5.51987962456E+33 1.07085742100E+00 1.13958647500E+38
 1.99437274236E+14 5.59082865299E+33 1.07126981080E+00 1.14617321022E+38
 2.00626193849E+14 5.66268961520E+33 1.07168510085E+00 1.15279801634E+38
 2.01822450441E+14 5.73547423260E+33 1.07210331155E+00 1.15946111340E+38
 2.03026092398E+14 5.80919437726E+33 1.07252446342E+00 1.16616272273E+38
 2.04237168462E+14 5.88386207386E+33 1.07294857717E+00 1.17290306693E+38
 2.05455727735E+14 5.95948950163E+33 1.07337567361E+00 1.17968236987E+38
 2.06681819679E+14 6.03608899634E+33 1.07380577373E+00 1.18650085674E+38
 2.07915494125E+14 6.11367305233E+33 1.07423889866E+00 1.19335875401E+38
 2.09156801273E+14 6.19225432452E+33 1.07467506965E+00 1.20025628948E+38
 2.10405791691E+14 6.27184563050E+33 1.07511430814E+00 1.20719369226E+38
 2.11662516327E+14 6.35245995260E+33 1.07555663570E+00 1.21417119277E+38
 2.12927026505E+14 6.43411044001E+33 1.07600207405E+00 1.22118902278E+38
 2.14199373931E+14 6.51681041096E+33 1.07645064507E+00 1.22824741538E+38
 2.15479610697E+14 6.60057335483E+33 1.07690237080E+00 1.23534660503E+38
 2.16767789282E+14 6.68541293441E+33 1.07735727341E+00 1.24248682754E+38
 2.18063962557E+14 6.77134298808E+33 1.07781537525E+00 1.24966832006E+38
 2.19368183790E+14 6.85837753211E+33 1.07827669883E+00 1.25689132114E+38
 2.20680506645E+14 6.94653076291E+33 1.07874126679E+00 1.26415607069E+38
 2.22000985190E+14 7.03581705939E+33 1.07920910195E+00 1.27146281002E+38
 2.23329673897E+14 7.12625098523E+33 1.07968022730E+00 1.27881178182E+38
 2.24666627648E+14 7.21784729134E+33 1.08015466597E+00 1.28620323020E+38
 2.26011901739E+14 7.31062091823E+33 1.08063244127E+00 1.29363740067E+38
 2.27365551880E+14 7.40458699841E+33 1.08111357665E+00 1.30111454015E+38
 2.28727634202E+14 7.49976085894E+33 1.08159809576E+00 1.30863489702E+38
 2.30098205259E+14 7.59615802385E+33 1.08208602238E+00 1.31619872105E+38
 2.31477322033E+14 7.69379421672E+33 1.08257738048E+00 1.32380626349E+38
 2.32865041938E+14 7.79268536323E+33 1.08307219420E+00 1.33145777703E+38
 2.34261422820E+14 7.89284759376E+33 1.08357048783E+00 1.33915351581E+38
 2.35666522968E+14 7.99429724601E+33 1.08407228585E+00 1.34689373546E+38
 2.37080401109E+14 8.09705086769E+33 1.08457761291E+00 1.35467869308E+38
 2.38503116421E+14 8.20112521919E+33 1.08508649382E+00 1.36250864724E+38
 2.39934728528E+14 8.30653727633E+33 1.08559895359E+00 1.37038385802E+38
 2.41375297513E+14 8.41330423313E+33 1.08611501737E+00 1.37830458700E+38
 2.42824883915E+14 8.52144350462E+33 1.08663471051E+00 1.38627109728E+38
 2.44283548735E+14 8.63097272965E+33 1.08715805854E+00 1.39428365347E+38
 2.45751353442E+14 8.74190977380E+33 1.08768508717E+00 1.40234252171E+38
 2.47228359977E+14 8.85427273229E+33 1.08821582227E+00 1.41044796968E+38
 2.48714630753E+14 8.96807993292E+33 1.08875028992E+00 1.41860026661E+38
 2.50210228666E+14 9.08334993906E+33 1.08928851636E+00 1.42679968328E+38
 2.51715217092E+14 9.20010155267E+33 1.08983052803E+00 1.43504649204E+38
 2.53229659898E+14 9.31835381741E+33 1.09037635154E+00 1.44334096681E+38
 2.54753621443E+14 9.43812602169E+33 1.09092601372E+00 1.45168338311E+38
 2.56287166581E+14 9.55943770185E+33 1.09147954155E+00 1.46007401803E+38
 2.57830360668E+14 9.68230864532E+33 1.09203696222E+00 1.46851315027E+38
 2.59383269567E+14 9.80675889391E+33 1.09259830311E+00 1.47700106014E+38
 2.60945959651E+14 9.93280874698E+33 1.09316359179E+00 1.48553802957E+38
 2.62518497807E+14 1.00604787648E+34 1.09373285602E+00 1.49412434213E+38
 2.64100951443E+14 1.01897897721E+34 1.09430612376E+00 1.50276028301E+38
 2.65693388490E+14 1.03207628609E+34 1.09488342316E+00 1.51144613907E+38
 2.67295877408E+14 1.04534193946E+34 1.09546478259E+00 1.52018219880E+38
 2.68908487194E+14 1.05877810112E+34 1.09605023059E+00 1.52896875239E+38
 2.70531287380E+14 1.07238696268E+34 1.09663979592E+00 1.53780609168E+38
 2.72164348045E+14 1.08617074390E+34 1.09723350753E+00 1.54669451022E+38
 2.73807739813E+14 1.10013169309E+34 1.09783139459E+00 1.55563430323E+38
 2.75461533865E+14 1.11427208747E+34 1.09843348645E+00 1.56462576766E+38
 2.77125801940E+14 1.12859423349E+34 1.09903981270E+00 1.57366920216E+38
 2.78800616340E+14 1.14310046729E+34 1.09965040311E+00 1.58276490713E+38
 2.80486049937E+14 1.15779315500E+34 1.10026528766E+00 1.59191318467E+38
 2.82182176177E+14 1.17267469320E+34 1.10088449657E+00 1.60111433867E+38
 2.83889069086E+14 1.18774750924E+34 1.10150806023E+00 1.61036867472E+38
 2.85606803274E+14 1.20301406169E+34 1.10213600929E+00 1.61967650024E+38
 2.87335453941E+14 1.21847684072E+34 1.10276837457E+00 1.62903812437E+38
 2.89075096886E+14 1.23413836849E+34 1.10340518714E+00 1.63845385809E+38
 2.90825808506E+14 1.25000119959E+34 1.10404647827E+00 1.64792401412E+38
 2.92587665806E+14 1.26606792146E+34 1.10469227946E+00 1.65744890704E+38
 2.94360746404E+14 1.28234115477E+34 1.10534262243E+00 1.66702885321E+38
 2.96145128535E+14 1.29882355388E+34 1.10599753912E+00 1.67666417085E+38
 2.97940891060E+14 1.31551780730E+34 1.10665706170E+00 1.68635517999E+38
 2.99748113468E+14 1.33242663804E+34 1.10732122255E+00 1.69610220253E+38
 3.01566875885E+14 1.34955280417E+34 1.10799005431E+00 1.70590556223E+38
 3.03397259077E+14 1.36689909916E+34 1.10866358981E+00 1.71576558470E+38
 3.05239344459E+14 1.38446835241E+34 1.10934186214E+00 1.72568259745E+38
 3.07093214100E+14 1.40226342970E+34 1.11002490461E+00 1.73565692989E+38
 3.08958950727E+14 1.42028723360E+34 1.11071275077E+00 1.74568891331E+38
 3.10836637735E+14 1.43854270405E+34 1.11140543440E+00 1.75577888095E+38
 3.12726359190E+14 1.45703281871E+34 1.11210298952E+00 1.76592716794E+38
 3.14628199837E+14 1.47576059358E+34 1.11280545040E+00 1.77613411136E+38
 3.16542245107E+14 1.49472908337E+34 1.11351285153E+00 1.78640005024E+38
 3.18468581120E+14 1.51394138209E+34 1.11422522766E+00 1.79672532558E+38
 3.20407294697E+14 1.53340062350E+34 1.11494261377E+00 1.80711028034E+38
 3.22358473362E+14 1.55310998165E+34 1.11566504511E+00 1.81755525946E+38
 3.24322205349E+14 1.57307267137E+34 1.11639255714E+00 1.82806060987E+38
 3.26298579614E+14 1.59329194884E+34 1.11712518561E+00 1.83862668051E+38
 3.28287685835E+14 1.61377111206E+34 1.11786296649E+00 1.84925382236E+38
 3.30289614421E+14 1.63451350144E+34 1.11860593603E+00 1.85994238839E+38
 3.32304456522E+14 1.65552250033E+34 1.11935413071E+00 1.87069273363E+38
 3.34332304032E+14 1.67680153555E+34 1.12010758728E+00 1.88150521516E+38
 3.36373249601E+14 1.69835407798E+34 1.12086634274E+00 1.89238019213E+38
 3.38427386634E+14 1.72018364311E+34 1.12163043437E+00 1.90331802575E+38
 3.40494809309E+14 1.74229379161E+34 1.12239989968E+00 1.91431907934E+38
 3.42575612575E+14 1.76468812993E+34 1.12317477648E+00 1.92538371829E+38
 3.44669892165E+14 1.78737031085E+34 1.12395510282E+00 1.93651231013E+38
 3.46777744600E+14 1.81034403413E+34 1.12474091702E+00 1.94770522451E+38
 3.48899267201E+14 1.83361304706E+34 1.12553225768E+00 1.95896283320E+38
 3.51034558091E+14 1.85718114511E+34 1.12632916367E+00 1.97028551013E+38
 3.53183716208E+14 1.88105217253E+34 1.12713167412E+00 1.98167363139E+38
 3.55346841311E+14 1.90523002298E+34 1.12793982845E+00 1.99312757524E+38
 3.57524033985E+14 1.92971864018E+34 1.12875366636E+00 2.00464772214E+38
 3.59715395654E+14 1.95452201851E+34 1.12957322781E+00 2.01623445474E+38
 3.61921028586E+14 1.97964420372E+34 1.13039855305E+00 2.02788815789E+38
 3.64141035902E+14 2.00508929355E+34 1.13122968263E+00 2.03960921869E+38
 3.66375521583E+14 2.03086143841E+34 1.13206665737E+00 2.05139802644E+38
 3.68624590483E+14 2.05696484207E+34 1.13290951836E+00 2.06325497274E+38
 3.70888348331E+14 2.08340376230E+34 1.13375830701E+00 2.07518045141E+38
 3.73166901743E+14 2.11018251162E+34 1.13461306500E+00 2.08717485856E+38
 3.75460358231E+14 2.13730545799E+34 1.13547383432E+00 2.09923859260E+38
 3.77768826212E+14 2.16477702550E+34 1.13634065725E+00 2.11137205424E+38
 3.80092415014E+14 2.19260169509E+34 1.13721357635E+00 2.12357564649E+38
 3.82431234889E+14 2.22078400532E+34 1.13809263450E+00 2.13584977470E+38
 3.84785397018E+14 2.24932855307E+34 1.13897787487E+00 2.14819484657E+38
 3.87155013524E+14 2.27823999432E+34 1.13986934095E+00 2.16061127215E+38
 3.89540197478E+14 2.30752304489E+34 1.14076707651E+00 2.17309946386E+38
 3.91941062911E+14 2.33718248119E+34 1.14167112565E+00 2.18565983649E+38
 3.94357724821E+14 2.36722314106E+34 1.14258153277E+00 2.19829280726E+38
 3.96790299184E+14 2.39764992450E+34 1.14349834258E+00 2.21099879577E+38
 3.99238902964E+14 2.42846779450E+34 1.14442160012E+00 2.22377822406E+38
 4.01703654122E+14 2.45968177783E+34 1.14535135073E+00 2.23663151661E+38
 4.04184671627E+14 2.49129696590E+34 1.14628764007E+00 2.24955910036E+38
 4.06682075464E+14 2.52331851551E+34 1.14723051413E+00 2.26256140468E+38
 4.09195986645E+14 2.55575164980E+34 1.14818001921E+00 2.27563886148E+38
 4.11726527221E+14 2.58860165901E+34 1.14913620196E+00 2.28879190512E+38
 4.14273820290E+14 2.62187390138E+34 1.15009910933E+00 2.30202097249E+38
 4.16837990007E+14 2.65557380403E+34 1.15106878862E+00 2.31532650301E+38
 4.19419161599E+14 2.68970686383E+34 1.15204528745E+00 2.32870893862E+38
 4.22017461369E+14 2.72427864832E+34 1.15302865379E+00 2.34216872383E+38
 4.24633016713E+14 2.75929479657E+34 1.15401893592E+00 2.35570630572E+38
 4.27265956128E+14 2.79476102017E+34 1.15501618249E+00 2.36932213395E+38
 4.29916409221E+14 2.83068310409E+34 1.15602044249E+00 2.38301666077E+38
 4.32584506726E+14 2.86706690767E+34 1.15703176522E+00 2.39679034106E+38
 4.35270380510E+14 2.90391836556E+34 1.15805020036E+00 2.41064363232E+38
 4.37974163585E+14 2.94124348870E+34 1.15907579794E+00 2.42457699470E+38
 4.40695990124E+14 2.97904836528E+34 1.16010860832E+00 2.43859089100E+38
 4.43435995467E+14 3.01733916174E+34 1.16114868223E+00 2.45268578671E+38
 4.46194316137E+14 3.05612212379E+34 1.16219607075E+00 2.46686214998E+38
 4.48971089849E+14 3.09540357741E+34 1.16325082532E+00 2.48112045171E+38
 4.51766455523E+14 3.13518992990E+34 1.16431299776E+00 2.49546116549E+38
 4.54580553299E+14 3.17548767090E+34 1.16538264022E+00 2.50988476766E+38
 4.57413524546E+14 3.21630337349E+34 1.16645980525E+00 2.52439173731E+38
 4.60265511874E+14 3.25764369520E+34 1.16754454574E+00 2.53898255628E+38
 4.63136659150E+14 3.29951537917E+34 1.16863691497E+00 2.55365770924E+38
 4.66027111508E+14 3.34192525518E+34 1.16973696660E+00 2.56841768362E+38
 4.68937015363E+14 3.38488024081E+34 1.17084475465E+00 2.58326296969E+38
 4.71866518425E+14 3.42838734256E+34 1.17196033353E+00 2.59819406053E+38
 4.74815769710E+14 3.47245365697E+34 1.17308375803E+00 2.61321145211E+38
 4.77784919555E+14 3.51708637182E+34 1.17421508334E+00 2.62831564322E+38
 4.80774119632E+14 3.56229276724E+34 1.17535436500E+00 2.64350713557E+38
 4.83783522959E+14 3.60808021698E+34 1.17650165899E+00 2.65878643376E+38
 4.86813283916E+14 3.65445618952E+34 1.17765702165E+00 2.67415404528E+38
 4.89863558262E+14 3.70142824938E+34 1.17882050971E+00 2.68961048059E+38
 4.92934503141E+14 3.74900405827E+34 1.17999218034E+00 2.70515625309E+38
 4.96026277104E+14 3.79719137640E+34 1.18117209107E+00 2.72079187914E+38
 4.99139040121E+14 3.84599806374E+34 1.18236029985E+00 2.73651787808E+38
 5.02272953594E+14 3.89543208124E+34 1.18355686505E+00 2.75233477226E+38
 5.05428180373E+14 3.94550149223E+34 1.18476184542E+00 2.76824308706E+38
 5.08604884773E+14 3.99621446364E+34 1.18597530017E+00 2.78424335088E+38
 5.11803232584E+14 4.04757926738E+34 1.18719728887E+00 2.80033609517E+38
 5.15023391094E+14 4.09960428171E+34 1.18842787155E+00 2.81652185447E+38
 5.18265529096E+14 4.15229799254E+34 1.18966710866E+00 2.83280116640E+38
 5.21529816911E+14 4.20566899488E+34 1.19091506104E+00 2.84917457169E+38
 5.24816426400E+14 4.25972599420E+34 1.19217179001E+00 2.86564261419E+38
 5.28125530978E+14 4.31447780787E+34 1.19343735727E+00 2.88220584089E+38
 5.31457305637E+14 4.36993336660E+34 1.19471182499E+00 2.89886480197E+38
 5.34811926956E+14 4.42610171587E+34 1.19599525577E+00 2.91562005074E+38
 5.38189573121E+14 4.48299201745E+34 1.19728771263E+00 2.93247214376E+38
 5.41590423940E+14 4.54061355085E+34 1.19858925906E+00 2.94942164077E+38
 5.45014660863E+14 4.59897571485E+34 1.19989995898E+00 2.96646910477E+38
 5.48462466994E+14 4.65808802906E+34 1.20121987677E+00 2.98361510199E+38
 5.51933903629E+14 4.71019328701E+34 1.20237689773E+00 3.00086020195E+38
 5.55428394768E+14 4.75492416861E+34 1.20336424775E+00 3.01820497746E+38
 5.58945974125E+14 4.80007984208E+34 1.20435524633E+00 3.03565000464E+38
 5.62486802596E+14 4.84566434149E+34 1.20534990697E+00 3.05319586293E+38
 5.66051042268E+14 4.89168173924E+34 1.20634824320E+00 3.07084313514E+38
 5.69638856427E+14 4.93813614640E+34 1.20735026861E+00 3.08859240742E+38
 5.73250409570E+14 4.98503171307E+34 1.20835599681E+00 3.10644426933E+38
 5.76885867413E+14 5.03237262877E+34 1.20936544151E+00 3.12439931384E+38
 5.80545396899E+14 5.08016312282E+34 1.21037861642E+00 3.14245813733E+38
 5.84229166211E+14 5.12840746469E+34 1.21139553534E+00 3.16062133964E+38
 5.87937344778E+14 5.17710996438E+34 1.21241621210E+00 3.17888952407E+38
 5.91670103288E+14 5.22627497286E+34 1.21344066059E+00 3.19726329741E+38
 5.95427613697E+14 5.27590688238E+34 1.21446889474E+00 3.21574326995E+38
 5.99210049237E+14 5.32601012693E+34 1.21550092854E+00 3.23433005553E+38
 6.03017584431E+14 5.37658918259E+34 1.21653677604E+00 3.25302427151E+38
 6.06850395096E+14 5.42764856795E+34 1.21757645133E+00 3.27182653883E+38
 6.10708658359E+14 5.47919284452E+34 1.21861996854E+00 3.29073748203E+38
 6.14592552667E+14 5.53122661713E+34 1.21966734189E+00 3.30975772924E+38
 6.18502257794E+14 5.58375453432E+34 1.22071858562E+00 3.32888791224E+38
 6.22437954854E+14 5.63678128880E+34 1.22177371403E+00 3.34812866644E+38
 6.26399826311E+14 5.69031161784E+34 1.22283274148E+00 3.36748063094E+38
 6.30388055990E+14 5.74435030368E+34 1.22389568237E+00 3.38694444853E+38
 6.34402829087E+14 5.79890217399E+34 1.22496255116E+00 3.40652076571E+38
 6.38444332180E+14 5.85397210229E+34 1.22603336238E+00 3.42621023273E+38
 6.42512753242E+14 5.90956500837E+34 1.22710813059E+00 3.44601350357E+38
 6.46608281650E+14 5.96568585876E+34 1.22818687041E+00 3.46593123602E+38
 6.50731108194E+14 6.02233966712E+34 1.22926959651E+00 3.48596409166E+38
 6.54881425093E+14 6.07953149477E+34 1.23035632364E+00 3.50611273590E+38
 6.59059426005E+14 6.13726645105E+34 1.23144706657E+00 3.52637783798E+38
 6.63265306035E+14 6.19554969386E+34 1.23254184014E+00 3.54676007102E+38
 6.67499261749E+14 6.25438643005E+34 1.23364065926E+00 3.56726011204E+38
 6.71761491188E+14 6.31378191594E+34 1.23474353886E+00 3.58787864195E+38
 6.76052193876E+14 6.37374145776E+34 1.23585049395E+00 3.60861634561E+38
 6.80371570833E+14 6.43427041213E+34 1.23696153959E+00 3.62947391185E+38
 6.84719824586E+14 6.49537418654E+34 1.23807669091E+00 3.65045203345E+38
 6.89097159184E+14 6.55705823983E+34 1.23919596306E+00 3.67155140722E+38
 6.93503780206E+14 6.61932808268E+34 1.24031937128E+00 3.69277273399E+38
 6.97939894778E+14 6.68218927813E+34 1.24144693086E+00 3.71411671864E+38
 7.02405711580E+14 6.74564744200E+34 1.24257865713E+00 3.73558407012E+38
 7.06901440862E+14 6.80970824348E+34 1.24371456548E+00 3.75717550149E+38
 7.11427294456E+14 6.87437740558E+34 1.24485467139E+00 3.77889172992E+38
 7.15983485788E+14 6.93966070567E+34 1.24599899034E+00 3.80073347672E+38
 7.20570229890E+14 7.00556397598E+34 1.24714753793E+00 3.82270146740E+38
 7.25187743415E+14 7.07209310413E+34 1.24830032976E+00 3.84479643162E+38
 7.29836244648E+14 7.13925403364E+34 1.24945738152E+00 3.86701910329E+38
 7.34515953520E+14 7.20705276450E+34 1.25061870897E+00 3.88937022055E+38
 7.39227091620E+14 7.27549535364E+34 1.25178432788E+00 3.91185052580E+38
 7.43969882210E+14 7.34458791555E+34 1.25295425414E+00 3.93446076574E+38
 7.48744550238E+14 7.41433662277E+34 1.25412850364E+00 3.95720169139E+38
 7.53551322349E+14 7.48474770645E+34 1.25530709237E+00 3.98007405810E+38
 7.58390426904E+14 7.55582745692E+34 1.25649003636E+00 4.00307862559E+38
 7.63262093986E+14 7.62758222425E+34 1.25767735171E+00 4.02621615798E+38
 7.68166555423E+14 7.70001841882E+34 1.25886905457E+00 4.04948742379E+38
 7.73104044792E+14 7.77314251189E+34 1.26006516115E+00 4.07289319600E+38
 7.78074797443E+14 7.84696103614E+34 1.26126568773E+00 4.09643425203E+38
 7.83079050505E+14 7.92148058634E+34 1.26247065064E+00 4.12011137383E+38
 7.88117042906E+14 7.99670781984E+34 1.26368006627E+00 4.14392534784E+38
 7.93189015384E+14 8.07264945725E+34 1.26489395107E+00 4.16787696506E+38
 7.98295210502E+14 8.14931228298E+34 1.26611232157E+00 4.19196702106E+38
 8.03435872665E+14 8.22670314588E+34 1.26733519434E+00 4.21619631601E+38
 8.08611248132E+14 8.30482895984E+34 1.26856258601E+00 4.24056565469E+38
 8.13821585033E+14 8.38369670439E+34 1.26979451329E+00 4.26507584656E+38
 8.19067133382E+14 8.46331342537E+34 1.27103099293E+00 4.28972770574E+38
 8.24348145094E+14 8.54368623552E+34 1.27227204176E+00 4.31452205104E+38
 8.29664874000E+14 8.62482231513E+34 1.27351767666E+00 4.33945970604E+38
 8.35017575862E+14 8.70672891266E+34 1.27476791458E+00 4.36454149905E+38
 8.40406508389E+14 8.78941334543E+34 1.27602277253E+00 4.38976826318E+38
 8.45831931250E+14 8.87288300024E+34 1.27728226758E+00 4.41514083636E+38
 8.51294106094E+14 8.95714533403E+34 1.27854641686E+00 4.44066006135E+38
 8.56793296566E+14 9.04220787458E+34 1.27981523759E+00 4.46632678579E+38
 8.62329768318E+14 9.12807822114E+34 1.28108874701E+00 4.49214186222E+38
 8.67903789029E+14 9.21476404512E+34 1.28236696245E+00 4.51810614809E+38
 8.73515628423E+14 9.30227309080E+34 1.28364990131E+00 4.54422050584E+38
 8.79165558281E+14 9.39061317601E+34 1.28493758104E+00 4.57048580287E+38
 8.84853852462E+14 9.47979219279E+34 1.28623001915E+00 4.59690291160E+38
 8.90580786916E+14 9.56981810816E+34 1.28752723324E+00 4.62347270949E+38
 8.96346639704E+14 9.66069896478E+34 1.28882924095E+00 4.65019607906E+38
 9.02151691014E+14 9.75244288171E+34 1.29013605999E+00 4.67707390797E+38
 9.07996223176E+14 9.84505805508E+34 1.29144770815E+00 4.70410708896E+38
 9.13880520685E+14 9.93855275890E+34 1.29276420326E+00 4.73129651997E+38
 9.19804870212E+14 1.00329353457E+35 1.29408556325E+00 4.75864310412E+38
 9.25769560625E+14 1.01282142474E+35 1.29541180608E+00 4.78614774973E+38
 9.31774883009E+14 1.02243979759E+35 1.29674294980E+00 4.81381137039E+38
 9.37821130677E+14 1.03214951240E+35 1.29807901253E+00 4.84163488496E+38
 9.43908599197E+14 1.04195143662E+35 1.29942001243E+00 4.86961921763E+38
 9.50037586403E+14 1.05184644591E+35 1.30076596776E+00 4.89776529791E+38
 9.56208392418E+14 1.06183542428E+35 1.30211689682E+00 4.92607406070E+38
 9.62421319670E+14 1.07191926410E+35 1.30347281800E+00 4.95454644627E+38
 9.68676672912E+14 1.08209886625E+35 1.30483374974E+00 4.98318340038E+38
 9.74974759239E+14 1.09237514014E+35 1.30619971055E+00 5.01198587420E+38
 9.81315888111E+14 1.10274900382E+35 1.30757071903E+00 5.04095482443E+38
 9.87700371368E+14 1.11322138406E+35 1.30894679382E+00 5.07009121330E+38
 9.94128523253E+14 1.12379321645E+35 1.31032795365E+00 5.09939600859E+38
 1.00060066043E+15 1.13446544543E+35 1.31171421730E+00 5.12887018368E+38
 1.00711710200E+15 1.14523902444E+35 1.31310560365E+00 5.15851471758E+38
 1.01367816952E+15 1.15611491596E+35 1.31450213160E+00 5.18833059493E+38
 1.02028418705E+15 1.16709409160E+35 1.31590382018E+00 5.21831880611E+38
 1.02693548113E+15 1.17817753223E+35 1.31731068844E+00 5.24848034718E+38
 1.03363238082E+15 1.18936622800E+35 1.31872275553E+00 5.27881621999E+38
 1.04037521773E+15 1.20066117848E+35 1.32014004066E+00 5.30932743215E+38
 1.04716432603E+15 1.21206339273E+35 1.32156256312E+00 5.34001499713E+38
 1.05400004248E+15 1.22357388940E+35 1.32299034224E+00 5.37087993422E+38
 1.06088270644E+15 1.23519369679E+35 1.32442339747E+00 5.40192326862E+38
 1.06781265988E+15 1.24692385299E+35 1.32586174829E+00 5.43314603147E+38
 1.07479024745E+15 1.25876540595E+35 1.32730541428E+00 5.46454925984E+38
 1.08181581644E+15 1.27071941355E+35 1.32875441508E+00 5.49613399682E+38
 1.08888971684E+15 1.28278694373E+35 1.33020877039E+00 5.52790129151E+38
 1.09601230137E+15 1.29496907457E+35 1.33166850002E+00 5.55985219908E+38
 1.10318392545E+15 1.30726689439E+35 1.33313362381E+00 5.59198778081E+38
 1.11040494730E+15 1.31968150184E+35 1.33460416170E+00 5.62430910409E+38
 1.11767572788E+15 1.33221400601E+35 1.33608013370E+00 5.65681724251E+38
 1.12499663098E+15 1.34486552652E+35 1.33756155989E+00 5.68951327584E+38
 1.13236802320E+15 1.35763719362E+35 1.33904846042E+00 5.72239829010E+38
 1.13979027400E+15 1.37053014830E+35 1.34054085553E+00 5.75547337759E+38
 1.14726375572E+15 1.38354554238E+35 1.34203876551E+00 5.78873963692E+38
 1.15478884357E+15 1.39668453861E+35 1.34354221074E+00 5.82219817305E+38
 1.16236591571E+15 1.40994831080E+35 1.34505121169E+00 5.85585009733E+38
 1.16999535322E+15 1.42333804390E+35 1.34656578888E+00 5.88969652753E+38
 1.17767754015E+15 1.43685493411E+35 1.34808596291E+00 5.92373858788E+38
 1.18541286357E+15 1.45050018899E+35 1.34961175448E+00 5.95797740911E+38
 1.19320251335E+15 1.46818671877E+35 1.35157761690E+00 5.99241412849E+38
 1.20104980108E+15 1.48833538920E+35 1.35380478575E+00 6.02704988985E+38
 1.20895549194E+15 1.50876057005E+35 1.35604954461E+00 6.06188584364E+38
 1.21692010255E+15 1.52946605600E+35 1.35831203241E+00 6.09692314696E+38
 1.22494415495E+15 1.55045569383E+35 1.36059238915E+00 6.13216296361E+38
 1.23302817669E+15 1.57173338310E+35 1.36289075598E+00 6.16760646409E+38
 1.24117270093E+15 1.59330307688E+35 1.36520727513E+00 6.20325482568E+38
 1.24937826642E+15 1.61516878250E+35 1.36754208997E+00 6.23910923246E+38
 1.25764541766E+15 1.63733456228E+35 1.36989534500E+00 6.27517087537E+38
 1.26597470489E+15 1.65980453430E+35 1.37226718585E+00 6.31144095222E+38
 1.27436668424E+15 1.68258287312E+35 1.37465775932E+00 6.34792066773E+38
 1.28282191772E+15 1.70567381063E+35 1.37706721336E+00 6.38461123361E+38
 1.29134097334E+15 1.72908163679E+35 1.37949569708E+00 6.42151386857E+38
 1.29992442519E+15 1.75281070040E+35 1.38194336077E+00 6.45862979833E+38
 1.30857285347E+15 1.77686540998E+35 1.38441035592E+00 6.49596025574E+38
 1.31728684460E+15 1.80125023453E+35 1.38689683521E+00 6.53350648075E+38
 1.32606699127E+15 1.82596970438E+35 1.38940295252E+00 6.57126972048E+38
 1.33491389254E+15 1.85102841205E+35 1.39192886296E+00 6.60925122927E+38
 1.34382815392E+15 1.87643101306E+35 1.39447472284E+00 6.64745226869E+38
 1.35281038740E+15 1.90218222685E+35 1.39704068972E+00 6.68587410761E+38
 1.36186121159E+15 1.92828683759E+35 1.39962692241E+00 6.72451802225E+38
 1.37098125176E+15 1.95474969513E+35 1.40223358097E+00 6.76338529619E+38
 1.38017113996E+15 1.98157571588E+35 1.40486082671E+00 6.80247722043E+38
 1.38943151503E+15 2.00876988370E+35 1.40750882224E+00 6.84179509343E+38
 1.39876302277E+15 2.03633725087E+35 1.41017773144E+00 6.88134022116E+38
 1.40816631596E+15 2.06428293900E+35 1.41286771947E+00 6.92111391714E+38
 1.41764205450E+15 2.09261213997E+35 1.41557895282E+00 6.96111750248E+38
 1.42719090542E+15 2.12133011691E+35 1.41831159928E+00 7.00135230592E+38
 1.43681354306E+15 2.15044220521E+35 1.42106582797E+00 7.04181966389E+38
 1.44651064907E+15 2.17995381346E+35 1.42384180935E+00 7.08252092054E+38
 1.45628291258E+15 2.20987042445E+35 1.42663971522E+00 7.12345742780E+38
 1.46613103022E+15 2.24019759627E+35 1.42945971873E+00 7.16463054538E+38
 1.47605570628E+15 2.27094096323E+35 1.43230199441E+00 7.20604164089E+38
 1.48605765274E+15 2.30210623700E+35 1.43516671816E+00 7.24769208982E+38
 1.49613758940E+15 2.33369920761E+35 1.43805406728E+00 7.28958327561E+38
 1.50629624398E+15 2.36572574457E+35 1.44096422046E+00 7.33171658972E+38
 1.51653435219E+15 2.39819179794E+35 1.44389735781E+00 7.37409343163E+38
 1.52685265787E+15 2.43110339940E+35 1.44685366085E+00 7.41671520891E+38
 1.53725191304E+15 2.46446666345E+35 1.44983331254E+00 7.45958333727E+38
 1.54773287804E+15 2.49828778848E+35 1.45283649729E+00 7.50269924060E+38
 1.55829632161E+15 2.53257305796E+35 1.45586340096E+00 7.54606435104E+38
 1.56894302101E+15 2.56732884156E+35 1.45891421089E+00 7.58968010897E+38
 1.57967376211E+15 2.60256159639E+35 1.46198911587E+00 7.63354796313E+38
 1.59048933950E+15 2.63827786817E+35 1.46508830622E+00 7.67766937061E+38
 1.60139055662E+15 2.67448429246E+35 1.46821197373E+00 7.72204579694E+38
 1.61237822583E+15 2.71118759585E+35 1.47136031173E+00 7.76667871611E+38
 1.62345316854E+15 2.74839459728E+35 1.47453351506E+00 7.81156961063E+38
 1.63461621535E+15 2.78611220925E+35 1.47773178010E+00 7.85671997159E+38
 1.64586820610E+15 2.82434743911E+35 1.48095530479E+00 7.90213129867E+38
 1.65720999005E+15 2.86310739042E+35 1.48420428864E+00 7.94780510025E+38
 1.66864242595E+15 2.90239926418E+35 1.48747893270E+00 7.99374289341E+38
 1.68016638218E+15 2.94223036024E+35 1.49077943965E+00 8.03994620401E+38
 1.69178273689E+15 2.98260807862E+35 1.49410601376E+00 8.08641656672E+38
 1.70349237806E+15 3.02353992089E+35 1.49745886088E+00 8.13315552509E+38
 1.71529620368E+15 3.06503349158E+35 1.50083818854E+00 8.18016463157E+38
 1.72719512185E+15 3.10709649957E+35 1.50424420586E+00 8.22744544762E+38
 1.73919005092E+15 3.14973675953E+35 1.50767712365E+00 8.27499954368E+38
 1.75128191958E+15 3.19296219339E+35 1.51113715435E+00 8.32282849931E+38
 1.76347166705E+15 3.23678083179E+35 1.51462451211E+00 8.37093390316E+38
 1.77576024317E+15 3.28120081557E+35 1.51813941275E+00 8.41931735311E+38
 1.78814860852E+15 3.32623039729E+35 1.52168207381E+00 8.46798045622E+38
 1.80063773461E+15 3.37187794279E+35 1.52525271453E+00 8.51692482889E+38
 1.81322860395E+15 3.41815193270E+35 1.52885155590E+00 8.56615209683E+38
 1.82592221023E+15 3.46506096401E+35 1.53247882063E+00 8.61566389515E+38
 1.83871955847E+15 3.51261375174E+35 1.53613473323E+00 8.66546186843E+38
 1.85162166512E+15 3.56081913047E+35 1.53981951993E+00 8.71554767073E+38
 1.86462955823E+15 3.60968605605E+35 1.54353340880E+00 8.76592296569E+38
 1.87774427758E+15 3.65922360721E+35 1.54727662968E+00 8.81658942655E+38
 1.89096687488E+15 3.70944098730E+35 1.55104941423E+00 8.86754873624E+38
 1.90429841382E+15 3.76034752594E+35 1.55485199594E+00 8.91880258741E+38
 1.91773997032E+15 3.81195268081E+35 1.55868461014E+00 8.97035268248E+38
 1.93129263263E+15 3.86426603937E+35 1.56254749404E+00 9.02220073373E+38
 1.94495750150E+15 3.91729732067E+35 1.56644088669E+00 9.07434846332E+38
 1.95873569033E+15 3.97105637712E+35 1.57036502906E+00 9.12679760337E+38
 1.97262832535E+15 4.02555319634E+35 1.57432016400E+00 9.17954989601E+38
 1.98663654573E+15 4.08079790303E+35 1.57830653629E+00 9.23260709346E+38
 2.00076150383E+15 4.13680076084E+35 1.58232439265E+00 9.28597095803E+38
 2.01500436528E+15 4.19357217424E+35 1.58637398172E+00 9.33964326225E+38
 2.02936630920E+15 4.25112269052E+35 1.59045555413E+00 9.39362578887E+38
 2.04384852834E+15 4.30946300170E+35 1.59456936249E+00 9.44792033096E+38
 2.05845222929E+15 4.36860394654E+35 1.59871566139E+00 9.50252869195E+38
 2.07317863262E+15 4.42855651254E+35 1.60289470744E+00 9.55745268569E+38
 2.08802897306E+15 4.48933183799E+35 1.60710675927E+00 9.61269413652E+38
 2.10300449970E+15 4.55094121403E+35 1.61135207756E+00 9.66825487932E+38
 2.11810647617E+15 4.61339608676E+35 1.61563092505E+00 9.72413675957E+38
 2.13333618078E+15 4.67670805936E+35 1.61994356654E+00 9.78034163343E+38
 2.14869490678E+15 4.74088889425E+35 1.62429026895E+00 9.83687136779E+38
 2.16418396250E+15 4.80595051526E+35 1.62867130127E+00 9.89372784031E+38
 2.17980467154E+15 4.87190500987E+35 1.63308693465E+00 9.95091293951E+38
 2.19555837299E+15 4.93876463144E+35 1.63753744236E+00 1.00084285649E+39
 2.21144642161E+15 5.00654180148E+35 1.64202309984E+00 1.00662766267E+39
 2.22747018804E+15 5.07524911198E+35 1.64654418469E+00 1.01244590466E+39
 2.24363105897E+15 5.14489932771E+35 1.65110097672E+00 1.01829777571E+39
 2.25993043741E+15 5.21550538866E+35 1.65569375795E+00 1.02418347019E+39
 2.27636974282E+15 5.28708041236E+35 1.66032281260E+00 1.03010318360E+39
 2.29295041138E+15 5.35963769640E+35 1.66498842717E+00 1.03605711256E+39
 2.30967389618E+15 5.43319072081E+35 1.66969089041E+00 1.04204545485E+39
 2.32654166744E+15 5.50775315065E+35 1.67443049334E+00 1.04806840936E+39
 2.34355521270E+15 5.58333883851E+35 1.67920752928E+00 1.05412617615E+39
 2.36071603711E+15 5.65996182706E+35 1.68402229389E+00 1.06021895644E+39
 2.37802566357E+15 5.73763635173E+35 1.68887508513E+00 1.06634695259E+39
 2.39548563302E+15 5.81637684326E+35 1.69376620335E+00 1.07251036817E+39
 2.41309750467E+15 5.89619793046E+35 1.69869595124E+00 1.07870940789E+39
 2.43086285617E+15 5.97711444290E+35 1.70366463390E+00 1.08494427764E+39
 2.44878328392E+15 6.05914141364E+35 1.70867255883E+00 1.09121518454E+39
 2.46686040329E+15 6.14229408208E+35 1.71372003596E+00 1.09752233687E+39
 2.48509584882E+15 6.22658789673E+35 1.71880737768E+00 1.10386594412E+39
 2.50349127454E+15 6.31203851812E+35 1.72393489883E+00 1.11024621702E+39
 2.52204835414E+15 6.39866182169E+35 1.72910291675E+00 1.11666336747E+39
 2.54076878130E+15 6.48647390076E+35 1.73431175127E+00 1.12311760863E+39
 2.55965426989E+15 6.57549106949E+35 1.73956172477E+00 1.12960915488E+39
 2.57870655426E+15 6.66572986594E+35 1.74485316215E+00 1.13613822184E+39
 2.59792738947E+15 6.75720705513E+35 1.75018639090E+00 1.14270502638E+39
 2.61731855160E+15 6.84993963215E+35 1.75556174108E+00 1.14930978663E+39
 2.63688183801E+15 6.94394482533E+35 1.76097954535E+00 1.15595272195E+39
 2.65661906757E+15 7.03924009941E+35 1.76644013903E+00 1.16263405301E+39
 2.67653208101E+15 7.13584315883E+35 1.77194386005E+00 1.16935400172E+39
 2.69662274113E+15 7.23377195100E+35 1.77749104904E+00 1.17611279130E+39
 2.71689293314E+15 7.33304466961E+35 1.78308204930E+00 1.18291064623E+39
 2.73734456492E+15 7.43367975805E+35 1.78871720684E+00 1.18974779233E+39
 2.75797956731E+15 7.53569591282E+35 1.79439687043E+00 1.19662445668E+39
 2.77879989443E+15 7.63911208697E+35 1.80012139156E+00 1.20354086770E+39
 2.79980752397E+15 7.74394749370E+35 1.80589112451E+00 1.21049725512E+39
 2.82100445747E+15 7.85022160985E+35 1.81170642637E+00 1.21749385001E+39
 2.84239272066E+15 7.95795417955E+35 1.81756765704E+00 1.22453088476E+39
 2.86397436378E+15 8.06716521791E+35 1.82347517925E+00 1.23160859311E+39
 2.88575146187E+15 8.17787501469E+35 1.82942935862E+00 1.23872721015E+39
 2.90772611508E+15 8.29010413812E+35 1.83543056364E+00 1.24588697233E+39
 2.92990044904E+15 8.40387343870E+35 1.84147916571E+00 1.25308811746E+39
 2.95227661516E+15 8.51920405304E+35 1.84757553917E+00 1.26033088474E+39
 2.97485679098E+15 8.63611740786E+35 1.85372006132E+00 1.26761551475E+39
 2.99764318049E+15 8.75463522389E+35 1.85991311243E+00 1.27494224944E+39
 3.02063801448E+15 8.87477951998E+35 1.86615507578E+00 1.28231133217E+39
 3.04384355089E+15 8.99657261714E+35 1.87244633768E+00 1.28972300772E+39
 3.06726207519E+15 9.12003714270E+35 1.87878728748E+00 1.29717752228E+39
 3.09089590067E+15 9.24519603451E+35 1.88517831760E+00 1.30467512343E+39
 3.11474736888E+15 9.37207254522E+35 1.89161982359E+00 1.31221606023E+39
 3.13881884993E+15 9.50069024660E+35 1.89811220410E+00 1.31980058315E+39
 3.16311274292E+15 9.63107303387E+35 1.90465586093E+00 1.32742894412E+39
 3.18763147627E+15 9.76324513021E+35 1.91125119906E+00 1.33510139652E+39
 3.21237750812E+15 9.89723109122E+35 1.91789862665E+00 1.34281819518E+39
 3.23735332672E+15 1.00330558095E+36 1.92459855512E+00 1.35057959644E+39
 3.26256145084E+15 1.01707445192E+36 1.93135139910E+00 1.35838585809E+39
 3.28800443012E+15 1.03103228008E+36 1.93815757652E+00 1.36623723942E+39
 3.31368484551E+15 1.04518165860E+36 1.94501750861E+00 1.37413400122E+39
 3.33960530967E+15 1.05952521620E+36 1.95193161991E+00 1.38207640579E+39
 3.36576846738E+15 1.07406561772E+36 1.95890033833E+00 1.39006471694E+39
 3.39217699597E+15 1.08880556454E+36 1.96592409515E+00 1.39809920000E+39
 3.41883360573E+15 1.10374779511E+36 1.97300332506E+00 1.40618012184E+39
 3.44574104034E+15 1.11889508549E+36 1.98013846618E+00 1.41430775089E+39
 3.47290207732E+15 1.13425024982E+36 1.98732996009E+00 1.42248235710E+39
 3.50031952846E+15 1.14981614084E+36 1.99457825187E+00 1.43070421200E+39
 3.52799624029E+15 1.16559565048E+36 2.00188379009E+00 1.43897358868E+39
 3.55593509451E+15 1.18159171032E+36 2.00924702690E+00 1.44729076182E+39
 3.58413900844E+15 1.19780729220E+36 2.01666841798E+00 1.45565600767E+39
 3.61261093553E+15 1.21424540873E+36 2.02414842263E+00 1.46406960410E+39
 3.64135386579E+15 1.23090911386E+36 2.03168750378E+00 1.47253183057E+39
 3.67037082630E+15 1.24780150346E+36 2.03928612801E+00 1.48104296814E+39
 3.69966488167E+15 1.26492571589E+36 2.04694476559E+00 1.48960329954E+39
 3.72923913455E+15 1.28228493256E+36 2.05466389050E+00 1.49821310909E+39
 3.75909672613E+15 1.29988237857E+36 2.06244398046E+00 1.50687268278E+39
 3.78924083663E+15 1.31772132324E+36 2.07028551697E+00 1.51558230824E+39
 3.81967468582E+15 1.33580508079E+36 2.07818898533E+00 1.52434227476E+39
 3.85040153353E+15 1.35413701091E+36 2.08615487468E+00 1.53315287331E+39
 3.88142468022E+15 1.37272051939E+36 2.09418367800E+00 1.54201439655E+39
 3.91274746743E+15 1.39155905879E+36 2.10227589219E+00 1.55092713881E+39
 3.94437327842E+15 1.41065612900E+36 2.11043201806E+00 1.55989139614E+39
 3.97630553863E+15 1.43001527799E+36 2.11865256039E+00 1.56890746629E+39
 4.00854771628E+15 1.44964010239E+36 2.12693802793E+00 1.57797564873E+39
 4.04110332294E+15 1.46953424821E+36 2.13528893344E+00 1.58709624468E+39
 4.07397591407E+15 1.48970141147E+36 2.14370579377E+00 1.59626955707E+39
 4.10716908961E+15 1.51014533893E+36 2.15218912981E+00 1.60549589061E+39
 4.14068649457E+15 1.53086982877E+36 2.16073946658E+00 1.61477555175E+39
 4.17453181964E+15 1.55187873128E+36 2.16935733325E+00 1.62410884873E+39
 4.20870880175E+15 1.57317594962E+36 2.17804326317E+00 1.63349609155E+39
 4.24322122470E+15 1.59476544047E+36 2.18679779389E+00 1.64293759202E+39
 4.27807291981E+15 1.61665121485E+36 2.19562146722E+00 1.65243366374E+39
 4.31326776648E+15 1.63883733880E+36 2.20451482924E+00 1.66198462214E+39
 4.34880969288E+15 1.66132793417E+36 2.21347843034E+00 1.67159078445E+39
 4.38470267656E+15 1.68412717939E+36 2.22251282528E+00 1.68125246975E+39
 4.42095074515E+15 1.70723931020E+36 2.23161857317E+00 1.69096999896E+39
 4.45755797693E+15 1.73066862050E+36 2.24079623755E+00 1.70074369485E+39
 4.49452850161E+15 1.75441946309E+36 2.25004638642E+00 1.71057388206E+39
 4.53186650093E+15 1.77849625053E+36 2.25936959225E+00 1.72046088712E+39
 4.56957620936E+15 1.80290345594E+36 2.26876643204E+00 1.73040503841E+39
 4.60766191482E+15 1.82764561379E+36 2.27823748734E+00 1.74040666625E+39
 4.64612795938E+15 1.85272732081E+36 2.28778334431E+00 1.75046610284E+39
 4.68497873998E+15 1.87815323681E+36 2.29740459372E+00 1.76058368232E+39
 4.72421870911E+15 1.90392808554E+36 2.30710183102E+00 1.77075974074E+39
 4.76385237561E+15 1.93005665558E+36 2.31687565634E+00 1.78099461612E+39
 4.80388430539E+15 1.95654380123E+36 2.32672667459E+00 1.79128864840E+39
 4.84431912217E+15 1.98339444341E+36 2.33665549541E+00 1.80164217952E+39
 4.88516150826E+15 2.01061357055E+36 2.34666273330E+00 1.81205555337E+39
 4.92641620533E+15 2.03820623958E+36 2.35674900758E+00 1.82252911584E+39
 4.96808801521E+15 2.06617757678E+36 2.36691494247E+00 1.83306321482E+39
 5.01018180068E+15 2.09453277882E+36 2.37716116713E+00 1.84365820019E+39
 5.05270248626E+15 2.12327711367E+36 2.38748831569E+00 1.85431442389E+39
 5.09565505905E+15 2.15241592159E+36 2.39789702726E+00 1.86503223987E+39
 5.13904456956E+15 2.18195461614E+36 2.40838794604E+00 1.87581200412E+39
 5.18287613253E+15 2.21189868517E+36 2.41896172128E+00 1.88665407470E+39
 5.22715492781E+15 2.24225369184E+36 2.42961900739E+00 1.89755881174E+39
 5.27188620122E+15 2.27302527564E+36 2.44036046391E+00 1.90852657744E+39
 5.31707526539E+15 2.30421915348E+36 2.45118675563E+00 1.91955773611E+39
 5.36272750068E+15 2.33584112072E+36 2.46209855257E+00 1.93065265416E+39
 5.40884835610E+15 2.36789705224E+36 2.47309653004E+00 1.94181170011E+39
 5.45544335017E+15 2.40039290356E+36 2.48418136868E+00 1.95303524461E+39
 5.50251807186E+15 2.43333471191E+36 2.49535375452E+00 1.96432366047E+39
 5.55007818157E+15 2.46672859739E+36 2.50661437901E+00 1.97567732263E+39
 5.59812941201E+15 2.50058076409E+36 2.51796393904E+00 1.98709660821E+39
 5.64667756921E+15 2.53489750123E+36 2.52940313701E+00 1.99858189652E+39
 5.69572853349E+15 2.56968518435E+36 2.54093268089E+00 2.01013356904E+39
 5.74528826043E+15 2.60495027647E+36 2.55255328422E+00 2.02175200947E+39
 5.79536278187E+15 2.64069932932E+36 2.56426566617E+00 2.03343760373E+39
 5.84595820697E+15 2.67693898454E+36 2.57607055161E+00 2.04519073996E+39
 5.89708072316E+15 2.71367597492E+36 2.58796867113E+00 2.05701180854E+39
 5.94873659728E+15 2.75091712563E+36 2.59996076108E+00 2.06890120213E+39
 6.00093217653E+15 2.78866935553E+36 2.61204756362E+00 2.08085931563E+39
 6.05367388964E+15 2.82693967842E+36 2.62422982680E+00 2.09288654625E+39
 6.10696824789E+15 2.86573520434E+36 2.63650830456E+00 2.10498329347E+39
 6.16082184624E+15 2.90506314092E+36 2.64888375678E+00 2.11714995910E+39
 6.21524136444E+15 2.94493079471E+36 2.66135694937E+00 2.12938694727E+39
 6.27023356815E+15 2.98534557252E+36 2.67392865427E+00 2.14169466442E+39
 6.32580531009E+15 3.02631498281E+36 2.68659964953E+00 2.15407351937E+39
 6.38196353124E+15 3.06784663708E+36 2.69937071932E+00 2.16652392329E+39
 6.43871526193E+15 3.10994825128E+36 2.71224265405E+00 2.17904628973E+39
 6.49606762313E+15 3.15262764728E+36 2.72521625031E+00 2.19164103463E+39
 6.55402782760E+15 3.19589275426E+36 2.73829231104E+00 2.20430857633E+39
 6.61260318112E+15 3.23975161023E+36 2.75147164549E+00 2.21704933559E+39
 6.67180108377E+15 3.28421236350E+36 2.76475506931E+00 2.22986373561E+39
 6.73162903113E+15 3.32928327423E+36 2.77814340458E+00 2.24275220202E+39
 6.79209461562E+15 3.37497271591E+36 2.79163747989E+00 2.25571516292E+39
 6.85320552773E+15 3.42128917695E+36 2.80523813036E+00 2.26875304889E+39
 6.91496955740E+15 3.46824126226E+36 2.81894619772E+00 2.28186629299E+39
 6.97739459528E+15 3.51583769483E+36 2.83276253034E+00 2.29505533077E+39
 7.04048863412E+15 3.56408731737E+36 2.84668798329E+00 2.30832060034E+39
 7.10425977013E+15 3.61299909393E+36 2.86072341838E+00 2.32166254229E+39
 7.16871620436E+15 3.66258211159E+36 2.87486970427E+00 2.33508159979E+39
 7.23386624410E+15 3.71284558214E+36 2.88912771642E+00 2.34857821857E+39
 7.29971830428E+15 3.76379884376E+36 2.90349833726E+00 2.36215284692E+39
 7.36628090896E+15 3.81545136281E+36 2.91798245615E+00 2.37580593573E+39
 7.43356269275E+15 3.86781273556E+36 2.93258096949E+00 2.38953793850E+39
 7.50157240232E+15 3.92089268997E+36 2.94729478076E+00 2.40334931135E+39
 7.57031889785E+15 3.97470108749E+36 2.96212480058E+00 2.41724051303E+39
 7.63981115462E+15 4.02924792492E+36 2.97707194675E+00 2.43121200495E+39
 7.71005826450E+15 4.08454333625E+36 2.99213714433E+00 2.44526425117E+39
 7.78106943753E+15 4.14059759453E+36 3.00732132567E+00 2.45939771846E+39
 7.85285400349E+15 4.19742111380E+36 3.02262543051E+00 2.47361287627E+39
 7.92542141355E+15 4.25502445103E+36 3.03805040598E+00 2.48791019675E+39
 7.99878124183E+15 4.31341830805E+36 3.05359720672E+00 2.50229015481E+39
 8.07294318709E+15 4.37261353356E+36 3.06926679489E+00 2.51675322809E+39
 8.14791707441E+15 4.43262112516E+36 3.08506014026E+00 2.53129989699E+39
 8.22371285685E+15 4.49345223134E+36 3.10097822026E+00 2.54593064468E+39
 8.30034061720E+15 4.55511815363E+36 3.11702202002E+00 2.56064595713E+39
 8.37781056968E+15 4.61763034862E+36 3.13319253247E+00 2.57544632313E+39
 8.45613306176E+15 4.68100043014E+36 3.14949075838E+00 2.59033223427E+39
 8.53531857591E+15 4.74524017141E+36 3.16591770642E+00 2.60530418500E+39
 8.61537773140E+15 4.81036150721E+36 3.18247439322E+00 2.62036267263E+39
 8.69632128617E+15 4.87637653610E+36 3.19916184346E+00 2.63550819733E+39
 8.77816013869E+15 4.94329752268E+36 3.21598108990E+00 2.65074126217E+39
 8.86090532982E+15 5.01113689989E+36 3.23293317344E+00 2.66606237313E+39
 8.94456804475E+15 5.07990727125E+36 3.25001914324E+00 2.68147203911E+39
 9.02915961492E+15 5.14962141326E+36 3.26724005670E+00 2.69697077195E+39
 9.11469152000E+15 5.22029227779E+36 3.28459697961E+00 2.71255908645E+39
 9.20117538986E+15 5.29193299440E+36 3.30209098615E+00 2.72823750039E+39
 9.28862300662E+15 5.36455687287E+36 3.31972315901E+00 2.74400653453E+39
 9.37704630668E+15 5.43817740563E+36 3.33749458941E+00 2.75986671266E+39
 9.46645738279E+15 5.51280827028E+36 3.35540637719E+00 2.77581856158E+39
 9.55686848616E+15 5.58846333210E+36 3.37345963089E+00 2.79186261114E+39
 9.64829202859E+15 5.66515664668E+36 3.39165546779E+00 2.80799939426E+39
 9.74074058463E+15 5.74290246249E+36 3.40999501401E+00 2.82422944693E+39
 9.83422689377E+15 5.82171522353E+36 3.42847940455E+00 2.84055330824E+39
 9.92876386266E+15 5.90160957203E+36 3.44710978338E+00 2.85697152040E+39
 1.00243645673E+16 5.98260035116E+36 3.46588730350E+00 2.87348462875E+39
 1.01210422556E+16 6.06470260781E+36 3.48481312703E+00 2.89009318179E+39
 1.02188103491E+16 6.14793159533E+36 3.50388842525E+00 2.90679773118E+39
 1.03176824460E+16 6.23230277643E+36 3.52311437870E+00 2.92359883176E+39
 1.04176723231E+16 6.31783182601E+36 3.54249217725E+00 2.94049704161E+39
 1.05187939383E+16 6.40453463408E+36 3.56202302015E+00 2.95749292201E+39
 1.06210614331E+16 6.49242730873E+36 3.58170811615E+00 2.97458703748E+39
 1.07244891351E+16 6.58152617910E+36 3.60154868351E+00 2.99177995582E+39
 1.08290915602E+16 6.67184779842E+36 3.62154595014E+00 3.00907224810E+39
 1.09348834157E+16 6.76340894710E+36 3.64170115364E+00 3.02646448871E+39
 1.10418796025E+16 6.85622663583E+36 3.66201554138E+00 3.04395725532E+39
 1.11500952175E+16 6.95031810874E+36 3.68249037059E+00 3.06155112898E+39
 1.12595455568E+16 7.04570084662E+36 3.70312690842E+00 3.07924669407E+39
 1.13702461180E+16 7.14239257015E+36 3.72392643203E+00 3.09704453838E+39
 1.14822126030E+16 7.24041124321E+36 3.74489022867E+00 3.11494525305E+39
 1.15954609208E+16 7.33977507619E+36 3.76601959576E+00 3.13294943269E+39
 1.17100071903E+16 7.44050252941E+36 3.78731584096E+00 3.15105767531E+39
 1.18258677430E+16 7.54261231653E+36 3.80878028226E+00 3.16927058238E+39
 1.19430591260E+16 7.64612340800E+36 3.83041424806E+00 3.18758875887E+39
 1.20615981051E+16 7.75105503464E+36 3.85221907726E+00 3.20601281321E+39
 1.21815016671E+16 7.85742669117E+36 3.87419611931E+00 3.22454335739E+39
 1.23027870235E+16 7.96525813985E+36 3.89634673434E+00 3.24318100689E+39
 1.24254716132E+16 8.07456941416E+36 3.91867229322E+00 3.26192638079E+39
 1.25495731056E+16 8.18538082248E+36 3.94117417763E+00 3.28078010173E+39
 1.26751094037E+16 8.29771295192E+36 3.96385378020E+00 3.29974279593E+39
 1.28020986473E+16 8.41158667210E+36 3.98671250451E+00 3.31881509327E+39
 1.29305592162E+16 8.52702313906E+36 4.00975176527E+00 3.33799762724E+39
 1.30605097333E+16 8.64404379915E+36 4.03297298833E+00 3.35729103499E+39
 1.31919690683E+16 8.76267039307E+36 4.05637761081E+00 3.37669595739E+39
 1.33249563403E+16 8.88292495986E+36 4.07996708120E+00 3.39621303896E+39
 1.34594909221E+16 9.00482984102E+36 4.10374285940E+00 3.41584292799E+39
 1.35955924426E+16 9.12840768464E+36 4.12770641686E+00 3.43558627649E+39
 1.37332807913E+16 9.25368144964E+36 4.15185923665E+00 3.45544374025E+39
 1.38725761211E+16 9.38067441001E+36 4.17620281355E+00 3.47541597885E+39
 1.40134988519E+16 9.50941015913E+36 4.20073865413E+00 3.49550365568E+39
 1.41560696748E+16 9.63991261419E+36 4.22546827690E+00 3.51570743797E+39
 1.43003095550E+16 9.77220602057E+36 4.25039321231E+00 3.53602799680E+39
 1.44462397361E+16 9.90631495642E+36 4.27551500294E+00 3.55646600713E+39
 1.45938817435E+16 1.00422643372E+37 4.30083520353E+00 3.57702214783E+39
 1.47432573883E+16 1.01800794201E+37 4.32635538111E+00 3.59769710166E+39
 1.48943887714E+16 1.03197858094E+37 4.35207711508E+00 3.61849155538E+39
 1.50472982870E+16 1.04614094602E+37 4.37800199732E+00 3.63940619968E+39
 1.52020086271E+16 1.06049766841E+37 4.40413163228E+00 3.66044172926E+39
 1.53585427849E+16 1.07505141538E+37 4.43046763709E+00 3.68159884281E+39
 1.55169240593E+16 1.08980489080E+37 4.45701164162E+00 3.70287824310E+39
 1.56771760592E+16 1.10476083564E+37 4.48376528865E+00 3.72428063693E+39
 1.58393227070E+16 1.11992202849E+37 4.51073023392E+00 3.74580673520E+39
 1.60033882436E+16 1.13529128607E+37 4.53790814625E+00 3.76745725290E+39
 1.61693972324E+16 1.15087146376E+37 4.56530070763E+00 3.78923290918E+39
 1.63373745634E+16 1.16666545613E+37 4.59290961334E+00 3.81113442733E+39
 1.65073454582E+16 1.18267619746E+37 4.62073657206E+00 3.83316253482E+39
 1.66793354739E+16 1.19890666230E+37 4.64878330595E+00 3.85531796332E+39
 1.68533705082E+16 1.21535986605E+37 4.67705155078E+00 3.87760144876E+39
 1.70294768034E+16 1.23203886544E+37 4.70554305603E+00 3.90001373128E+39
 1.72076809518E+16 1.24894675920E+37 4.73425958499E+00 3.92255555532E+39
 1.73880098996E+16 1.26608668855E+37 4.76320291487E+00 3.94522766964E+39
 1.75704909526E+16 1.28346183784E+37 4.79237483694E+00 3.96803082729E+39
 1.77551517802E+16 1.30107543511E+37 4.82177715660E+00 3.99096578570E+39
 1.79420204210E+16 1.31893075270E+37 4.85141169350E+00 4.01403330666E+39
 1.81311252876E+16 1.33703110786E+37 4.88128028170E+00 4.03723415639E+39
 1.83224951713E+16 1.35537986337E+37 4.91138476969E+00 4.06056910551E+39
 1.85161592479E+16 1.37398042815E+37 4.94172702061E+00 4.08403892911E+39
 1.87121470823E+16 1.39283625791E+37 4.97230891228E+00 4.10764440675E+39
 1.89104886343E+16 1.41195085578E+37 5.00313233738E+00 4.13138632251E+39
 1.91112142633E+16 1.43132777296E+37 5.03419920350E+00 4.15526546498E+39
